{"type":"FeatureCollection", "features": [
{"type":"Feature","geometry":{"type":"Polygon","coordinates":[[[78.4,32.526],[78.427,32.531],[78.444,32.57],[78.472,32.584],[78.496,32.581],[78.536,32.609],[78.588,32.616],[78.619,32.596],[78.639,32.61],[78.662,32.654],[78.723,32.661],[78.75,32.682],[78.763,32.655],[78.793,32.618],[78.794,32.589],[78.776,32.573],[78.807,32.482],[78.827,32.439],[78.859,32.441],[78.875,32.417],[78.903,32.393],[78.96,32.367],[78.979,32.339],[78.994,32.345],[79.015,32.377],[79.061,32.391],[79.115,32.384],[79.126,32.414],[79.147,32.437],[79.132,32.471],[79.148,32.481],[79.195,32.483],[79.242,32.51],[79.251,32.534],[79.277,32.534],[79.311,32.572],[79.318,32.59],[79.34,32.592],[79.395,32.572],[79.399,32.537],[79.424,32.527],[79.448,32.533],[79.47,32.576],[79.516,32.608],[79.567,32.673],[79.578,32.679],[79.627,32.738],[79.603,32.777],[79.573,32.782],[79.506,32.867],[79.482,32.891],[79.464,32.92],[79.422,32.962],[79.383,32.972],[79.336,33.016],[79.382,33.028],[79.394,33.054],[79.377,33.085],[79.393,33.124],[79.438,33.19],[79.451,33.217],[79.455,33.259],[79.366,33.283],[79.328,33.273],[79.278,33.284],[79.241,33.298],[79.209,33.292],[79.134,33.29],[79.097,33.295],[79.026,33.329],[78.993,33.331],[78.97,33.374],[78.954,33.381],[78.95,33.408],[78.933,33.433],[78.931,33.465],[78.942,33.5],[78.941,33.527],[78.915,33.576],[78.919,33.634],[78.99,33.611],[79.03,33.626],[79.065,33.627],[79.105,33.614],[79.09,33.657],[79.092,33.68],[79.054,33.678],[79.021,33.706],[79.043,33.75],[79.069,33.758],[79.054,33.778],[79.02,33.776],[79.005,33.799],[78.954,33.889],[78.949,33.917],[78.937,33.927],[78.906,33.976],[78.941,34.024],[79.015,34.05],[79.084,34.022],[79.113,34.02],[79.144,34.035],[79.152,34.068],[79.179,34.072],[79.198,34.051],[79.26,34.048],[79.274,34.039],[79.306,34.043],[79.376,34.033],[79.42,34.014],[79.438,34.029],[79.414,34.056],[79.434,34.093],[79.461,34.102],[79.495,34.136],[79.495,34.18],[79.511,34.21],[79.537,34.206],[79.565,34.218],[79.584,34.238],[79.592,34.282],[79.56,34.332],[79.562,34.358],[79.554,34.388],[79.56,34.411],[79.528,34.418],[79.527,34.446],[79.509,34.474],[79.58,34.49],[79.652,34.488],[79.661,34.48],[79.733,34.478],[79.794,34.485],[79.812,34.497],[79.81,34.531],[79.758,34.555],[79.771,34.582],[79.793,34.593],[79.772,34.622],[79.804,34.643],[79.861,34.689],[79.9,34.691],[79.945,34.681],[80.044,34.704],[80.069,34.715],[80.073,34.746],[80.067,34.791],[80.073,34.828],[80.084,34.849],[80.107,34.868],[80.124,34.893],[80.171,34.989],[80.186,35.063],[80.178,35.137],[80.184,35.167],[80.215,35.204],[80.229,35.228],[80.236,35.277],[80.271,35.344],[80.284,35.388],[80.281,35.441],[80.298,35.461],[80.329,35.473],[80.311,35.554],[80.295,35.602],[80.276,35.622],[80.237,35.642],[80.115,35.677],[80.106,35.683],[80.088,35.725],[80.058,35.75],[80.038,35.8],[79.999,35.838],[79.954,35.837],[79.919,35.822],[79.869,35.783],[79.796,35.797],[79.746,35.8],[79.716,35.817],[79.666,35.835],[79.56,35.862],[79.518,35.884],[79.426,35.895],[79.403,35.919],[79.387,35.99],[79.242,35.987],[79.215,35.979],[79.19,35.947],[79.198,35.899],[79.18,35.87],[79.139,35.839],[79.118,35.837],[79.009,35.854],[78.958,35.892],[78.94,35.88],[78.863,35.862],[78.804,35.856],[78.769,35.87],[78.719,35.868],[78.691,35.856],[78.658,35.854],[78.635,35.828],[78.611,35.814],[78.581,35.808],[78.521,35.764],[78.506,35.773],[78.465,35.774],[78.423,35.785],[78.391,35.738],[78.339,35.721],[78.273,35.722],[78.267,35.711],[78.272,35.669],[78.236,35.649],[78.2,35.654],[78.186,35.624],[78.166,35.613],[78.152,35.578],[78.157,35.552],[78.137,35.539],[78.093,35.556],[78.078,35.549],[78.046,35.585],[78.024,35.588],[77.967,35.575],[77.938,35.532],[77.934,35.512],[77.965,35.496],[77.972,35.458],[77.921,35.494],[77.906,35.469],[77.869,35.48],[77.826,35.51],[77.808,35.511],[77.778,35.495],[77.758,35.502],[77.737,35.523],[77.724,35.515],[77.725,35.477],[77.666,35.473],[77.651,35.487],[77.624,35.472],[77.582,35.475],[77.517,35.489],[77.451,35.463],[77.378,35.478],[77.322,35.537],[77.378,35.55],[77.407,35.53],[77.44,35.518],[77.472,35.521],[77.484,35.536],[77.461,35.548],[77.466,35.573],[77.457,35.594],[77.427,35.611],[77.438,35.641],[77.427,35.659],[77.404,35.661],[77.383,35.693],[77.358,35.718],[77.328,35.719],[77.317,35.7],[77.285,35.711],[77.225,35.715],[77.222,35.727],[77.175,35.732],[77.166,35.759],[77.142,35.771],[77.12,35.796],[77.082,35.798],[77.033,35.776],[77.004,35.775],[76.935,35.784],[76.895,35.8],[76.865,35.826],[76.804,35.85],[76.786,35.89],[76.723,35.953],[76.754,35.983],[76.768,36.008],[76.805,36.017],[76.801,36.049],[76.726,36.078],[76.717,36.087],[76.697,36.136],[76.665,36.158],[76.637,36.185],[76.601,36.166],[76.563,36.173],[76.545,36.193],[76.482,36.211],[76.456,36.241],[76.432,36.252],[76.45,36.269],[76.432,36.308],[76.401,36.322],[76.352,36.36],[76.324,36.362],[76.297,36.35],[76.255,36.348],[76.199,36.387],[76.173,36.39],[76.125,36.437],[76.069,36.478],[76.026,36.486],[75.997,36.484],[75.923,36.502],[75.849,36.544],[75.806,36.554],[75.748,36.588],[75.675,36.696],[75.616,36.762],[75.528,36.788],[75.479,36.807],[75.463,36.825],[75.448,36.88],[75.422,36.887],[75.409,36.917],[75.428,36.952],[75.414,36.968],[75.374,36.961],[75.355,36.978],[75.345,37.003],[75.345,37.051],[75.333,37.055],[75.279,37.047],[75.265,37.052],[75.226,37.037],[75.202,37.021],[75.173,36.986],[75.136,36.957],[75.087,36.943],[75.063,36.96],[75.019,36.976],[74.941,36.935],[74.928,36.909],[74.914,36.909],[74.888,36.946],[74.846,36.99],[74.834,37.025],[74.779,37.03],[74.753,37.012],[74.728,37.026],[74.709,37.078],[74.685,37.075],[74.659,37.058],[74.582,37.043],[74.589,37.029],[74.579,36.949],[74.554,36.954],[74.534,36.986],[74.477,36.992],[74.429,36.99],[74.419,36.975],[74.365,36.957],[74.313,36.916],[74.261,36.887],[74.225,36.897],[74.174,36.904],[74.159,36.892],[74.146,36.847],[74.128,36.833],[74.093,36.839],[74.052,36.807],[74.026,36.826],[74,36.824],[73.971,36.84],[73.938,36.874],[73.913,36.871],[73.879,36.894],[73.81,36.896],[73.76,36.904],[73.749,36.897],[73.711,36.913],[73.69,36.912],[73.681,36.886],[73.719,36.857],[73.727,36.833],[73.744,36.833],[73.771,36.818],[73.809,36.813],[73.834,36.788],[73.864,36.788],[73.9,36.75],[73.901,36.707],[73.866,36.7],[73.809,36.717],[73.791,36.705],[73.725,36.71],[73.701,36.685],[73.655,36.696],[73.639,36.69],[73.607,36.699],[73.606,36.716],[73.53,36.721],[73.511,36.715],[73.483,36.734],[73.463,36.732],[73.436,36.745],[73.415,36.735],[73.369,36.733],[73.361,36.715],[73.33,36.715],[73.315,36.706],[73.253,36.709],[73.21,36.702],[73.194,36.721],[73.145,36.7],[73.131,36.688],[73.085,36.682],[73.094,36.667],[73.091,36.643],[73.112,36.61],[73.074,36.562],[73.062,36.538],[73.022,36.525],[72.993,36.497],[72.992,36.458],[72.959,36.467],[72.922,36.463],[72.877,36.438],[72.89,36.425],[72.89,36.398],[72.865,36.373],[72.837,36.366],[72.816,36.338],[72.779,36.31],[72.75,36.305],[72.724,36.284],[72.664,36.264],[72.635,36.277],[72.597,36.264],[72.585,36.231],[72.564,36.217],[72.552,36.181],[72.574,36.151],[72.537,36.115],[72.532,36.072],[72.55,36.057],[72.586,36.05],[72.596,36.027],[72.573,35.996],[72.556,35.997],[72.549,35.963],[72.531,35.953],[72.534,35.917],[72.57,35.906],[72.595,35.876],[72.646,35.866],[72.66,35.849],[72.691,35.833],[72.723,35.854],[72.75,35.856],[72.777,35.844],[72.799,35.867],[72.825,35.875],[72.902,35.882],[72.904,35.855],[72.929,35.846],[72.958,35.848],[72.988,35.861],[73.038,35.855],[73.079,35.886],[73.1,35.878],[73.13,35.852],[73.202,35.913],[73.588,35.928],[73.955,35.846],[74.344,35.783],[74.664,35.689],[75.093,35.492],[75.638,35.249],[76.041,35.039],[76.289,34.892],[76.516,34.658],[76.688,34.336],[76.727,34.174],[76.812,34.003],[76.952,33.919],[77.395,33.649],[77.534,33.584],[77.609,33.268],[77.683,32.984],[77.731,32.969],[77.778,32.925],[77.808,32.903],[77.791,32.888],[77.779,32.862],[77.817,32.843],[77.843,32.837],[77.879,32.813],[77.885,32.787],[77.917,32.772],[77.936,32.754],[77.921,32.69],[77.938,32.676],[77.994,32.589],[78.035,32.584],[78.053,32.589],[78.062,32.626],[78.085,32.622],[78.091,32.641],[78.111,32.659],[78.134,32.639],[78.154,32.667],[78.188,32.674],[78.202,32.661],[78.243,32.672],[78.254,32.691],[78.314,32.709],[78.306,32.734],[78.363,32.76],[78.391,32.757],[78.396,32.716],[78.381,32.668],[78.389,32.635],[78.407,32.62],[78.349,32.581],[78.314,32.574],[78.317,32.526],[78.296,32.504],[78.328,32.472],[78.4,32.526]]]},"properties":{"physio_reg":"WESTERN HIMALAYAS  COLD ARID ECO-REGION","ae_regcode":1}},
{"type":"Feature","geometry":{"type":"MultiPolygon","coordinates":[[[[76.093,27.861],[76.13,27.85],[76.135,27.829],[76.181,27.803],[76.214,27.843],[76.198,27.877],[76.207,27.894],[76.178,27.905],[76.187,27.968],[76.162,27.988],[76.182,28.017],[76.212,28.026],[76.185,28.044],[76.185,28.055],[76.242,28.052],[76.259,28.066],[76.28,28.062],[76.298,28.044],[76.298,28.025],[76.325,28.016],[76.345,28.025],[76.362,28.061],[76.346,28.068],[76.34,28.102],[76.364,28.124],[76.331,28.145],[76.287,28.164],[76.317,28.183],[76.336,28.289],[76.31,28.355],[76.304,28.443],[76.33,28.501],[76.376,28.56],[76.419,28.634],[76.413,28.697],[76.387,28.785],[76.34,28.865],[76.297,28.892],[76.247,28.948],[76.256,29.021],[76.284,29.125],[76.271,29.191],[76.236,29.309],[76.21,29.369],[76.164,29.404],[76.084,29.432],[76.006,29.473],[75.956,29.517],[75.936,29.607],[75.937,29.677],[75.952,29.731],[75.925,29.735],[75.908,29.752],[75.874,29.749],[75.854,29.773],[75.831,29.812],[75.807,29.804],[75.782,29.822],[75.759,29.809],[75.748,29.926],[75.709,29.965],[75.635,30.057],[75.595,30.118],[75.5,30.199],[75.33,30.281],[75.279,30.385],[75.225,30.493],[75.139,30.537],[74.975,30.561],[74.875,30.75],[74.754,30.812],[74.582,30.817],[74.545,30.805],[74.492,30.756],[74.453,30.7],[74.394,30.695],[74.272,30.731],[74.233,30.723],[74.221,30.692],[74.199,30.669],[74.141,30.629],[74.129,30.634],[74.103,30.6],[74.102,30.574],[74.078,30.556],[74.091,30.542],[74.068,30.521],[74.016,30.533],[73.971,30.489],[73.967,30.463],[73.94,30.456],[73.935,30.438],[73.969,30.443],[73.967,30.424],[73.885,30.363],[73.907,30.351],[73.944,30.305],[73.968,30.263],[73.976,30.196],[73.847,30.11],[73.803,30.071],[73.763,30.058],[73.62,30.025],[73.549,29.998],[73.484,29.977],[73.408,29.946],[73.394,29.929],[73.348,29.772],[73.32,29.689],[73.305,29.636],[73.282,29.569],[73.271,29.546],[73.198,29.431],[73.144,29.332],[73.085,29.236],[72.999,29.143],[72.992,29.121],[72.949,29.033],[72.934,29.023],[72.747,28.952],[72.656,28.907],[72.524,28.833],[72.451,28.798],[72.407,28.783],[72.389,28.769],[72.348,28.721],[72.312,28.686],[72.294,28.655],[72.287,28.625],[72.236,28.484],[72.205,28.39],[72.129,28.309],[72.021,28.232],[71.999,28.214],[71.932,28.128],[71.914,28.054],[71.913,28.032],[71.899,27.963],[71.86,27.947],[71.767,27.916],[71.659,27.876],[71.587,27.877],[71.531,27.872],[71.41,27.873],[71.273,27.85],[71.208,27.833],[71.033,27.766],[70.905,27.71],[70.883,27.708],[70.817,27.714],[70.768,27.725],[70.738,27.752],[70.721,27.783],[70.687,27.828],[70.68,27.87],[70.677,27.924],[70.619,27.977],[70.592,28.01],[70.548,28.029],[70.497,28.037],[70.442,28.022],[70.374,28.012],[70.31,27.949],[70.225,27.898],[70.197,27.867],[70.135,27.807],[70.075,27.664],[70.04,27.586],[70.025,27.561],[69.965,27.523],[69.941,27.502],[69.913,27.46],[69.872,27.409],[69.79,27.35],[69.764,27.325],[69.705,27.285],[69.654,27.233],[69.59,27.183],[69.552,27.103],[69.515,27.014],[69.499,26.872],[69.484,26.808],[69.506,26.753],[69.515,26.742],[69.553,26.728],[69.67,26.677],[69.711,26.662],[69.737,26.646],[69.801,26.599],[69.879,26.581],[69.974,26.588],[70.048,26.601],[70.099,26.595],[70.164,26.56],[70.173,26.551],[70.183,26.484],[70.178,26.426],[70.184,26.361],[70.166,26.301],[70.174,26.257],[70.172,26.231],[70.147,26.17],[70.086,26.088],[70.086,26.062],[70.099,25.935],[70.156,25.855],[70.169,25.83],[70.194,25.816],[70.235,25.777],[70.252,25.753],[70.263,25.719],[70.276,25.709],[70.366,25.678],[70.391,25.674],[70.482,25.685],[70.524,25.685],[70.594,25.712],[70.639,25.715],[70.658,25.706],[70.673,25.669],[70.668,25.532],[70.679,25.527],[70.665,25.398],[70.714,25.353],[70.735,25.329],[70.75,25.283],[70.801,25.231],[70.886,25.151],[70.917,25.002],[70.936,24.941],[70.995,24.859],[71.026,24.805],[71.063,24.718],[71.091,24.689],[71.076,24.667],[71.036,24.645],[71.011,24.637],[70.991,24.605],[70.993,24.573],[70.988,24.548],[71.005,24.529],[70.997,24.473],[71,24.446],[71.028,24.436],[71.109,24.437],[71.124,24.419],[71.112,24.397],[71.078,24.387],[71.058,24.363],[71.037,24.353],[71.002,24.353],[70.988,24.367],[70.949,24.353],[70.914,24.324],[70.874,24.297],[70.878,24.275],[70.9,24.265],[70.879,24.246],[70.86,24.246],[70.834,24.229],[70.783,24.221],[70.722,24.217],[70.645,24.225],[70.574,24.255],[70.582,24.272],[70.577,24.304],[70.56,24.352],[70.58,24.366],[70.6,24.409],[70.574,24.422],[70.542,24.41],[70.463,24.387],[70.43,24.382],[70.372,24.354],[70.304,24.348],[70.246,24.325],[70.22,24.322],[70.183,24.309],[70.108,24.294],[70.064,24.197],[70.016,24.17],[69.73,24.172],[69.604,24.281],[69.588,24.291],[69.563,24.283],[69.484,24.268],[69.437,24.28],[69.375,24.27],[69.309,24.281],[69.193,24.238],[69.098,24.272],[69.04,24.245],[69.005,24.223],[68.982,24.233],[68.969,24.272],[68.943,24.302],[68.914,24.284],[68.895,24.261],[68.878,24.215],[68.851,24.221],[68.842,24.257],[68.842,24.281],[68.828,24.317],[68.806,24.313],[68.763,24.294],[68.77,24.273],[68.753,23.97],[68.748,23.968],[68.551,23.968],[68.538,23.945],[68.544,23.935],[68.558,23.933],[68.56,23.93],[68.56,23.924],[68.58,23.924],[68.588,23.922],[68.606,23.937],[68.62,23.916],[68.613,23.903],[68.572,23.88],[68.551,23.841],[68.523,23.817],[68.525,23.8],[68.516,23.783],[68.527,23.771],[68.525,23.759],[68.535,23.757],[68.565,23.798],[68.575,23.821],[68.597,23.84],[68.645,23.838],[68.672,23.862],[68.729,23.855],[68.727,23.829],[68.684,23.82],[68.652,23.794],[68.631,23.759],[68.604,23.748],[68.595,23.732],[68.558,23.719],[68.546,23.697],[68.527,23.687],[68.517,23.662],[68.501,23.657],[68.489,23.635],[68.501,23.475],[68.51,23.456],[68.531,23.448],[68.534,23.423],[68.559,23.42],[68.557,23.39],[68.572,23.376],[68.606,23.38],[68.625,23.34],[68.645,23.323],[68.649,23.306],[68.63,23.291],[68.643,23.246],[68.585,23.233],[68.585,23.222],[68.627,23.186],[68.641,23.179],[68.652,23.155],[68.7,23.128],[68.762,23.079],[68.812,23.061],[68.885,23.015],[68.988,22.956],[69.045,22.93],[69.109,22.89],[69.127,22.875],[69.197,22.838],[69.267,22.824],[69.319,22.832],[69.347,22.82],[69.389,22.814],[69.425,22.795],[69.446,22.778],[69.474,22.773],[69.533,22.786],[69.58,22.762],[69.616,22.757],[69.641,22.767],[69.673,22.757],[69.695,22.742],[69.715,22.752],[69.747,22.794],[69.753,22.82],[69.802,22.851],[69.812,22.85],[69.866,22.873],[69.902,22.865],[69.951,22.893],[69.99,22.9],[70.106,22.909],[70.132,22.925],[70.139,22.941],[70.176,22.951],[70.209,22.952],[70.235,22.98],[70.287,22.945],[70.305,22.951],[70.345,22.93],[70.384,22.945],[70.393,22.963],[70.397,23.026],[70.443,23.065],[70.477,23.07],[70.491,23.063],[70.472,23.012],[70.432,22.96],[70.423,22.933],[70.377,22.9],[70.341,22.848],[70.339,22.83],[70.302,22.772],[70.301,22.758],[70.272,22.733],[70.256,22.73],[70.255,22.707],[70.239,22.696],[70.241,22.663],[70.22,22.63],[70.199,22.617],[70.193,22.587],[70.171,22.557],[70.138,22.548],[70.065,22.547],[70.043,22.557],[70.028,22.55],[69.976,22.543],[69.946,22.528],[69.943,22.512],[69.935,22.513],[69.913,22.488],[69.911,22.472],[69.86,22.447],[69.841,22.456],[69.807,22.405],[69.793,22.403],[69.762,22.433],[69.746,22.429],[69.741,22.457],[69.72,22.462],[69.691,22.451],[69.699,22.396],[69.66,22.388],[69.655,22.359],[69.6,22.349],[69.576,22.368],[69.56,22.367],[69.551,22.404],[69.523,22.427],[69.516,22.395],[69.52,22.379],[69.49,22.356],[69.489,22.338],[69.443,22.331],[69.423,22.317],[69.367,22.322],[69.34,22.33],[69.334,22.304],[69.291,22.276],[69.223,22.258],[69.203,22.266],[69.17,22.294],[69.158,22.313],[69.184,22.382],[69.2,22.391],[69.191,22.422],[69.124,22.4],[69.11,22.41],[69.083,22.392],[69.069,22.396],[69.044,22.431],[69.075,22.454],[69.08,22.479],[69.006,22.438],[68.985,22.415],[68.957,22.367],[68.955,22.335],[68.936,22.312],[68.957,22.261],[68.953,22.248],[68.981,22.212],[69.022,22.169],[69.058,22.126],[69.084,22.103],[69.108,22.073],[69.236,21.938],[69.27,21.907],[69.352,21.839],[69.366,21.833],[69.443,21.872],[69.601,21.944],[69.652,21.874],[69.716,21.805],[69.877,21.755],[70.001,21.763],[70.177,21.848],[70.199,21.905],[70.25,22.018],[70.411,22.04],[70.584,22.008],[70.686,22.045],[70.898,22.199],[71.054,22.28],[71.081,22.295],[71.363,22.397],[71.57,22.652],[71.734,22.96],[71.868,23.242],[71.87,23.315],[71.835,23.37],[71.903,23.388],[71.944,23.419],[71.974,23.458],[71.977,23.542],[72.008,23.613],[72.067,23.62],[72.183,23.615],[72.273,23.63],[72.308,23.713],[72.301,23.822],[72.376,23.903],[72.454,23.929],[72.615,23.977],[72.644,24.015],[72.694,24.054],[72.765,24.075],[72.841,24.057],[72.909,24.049],[72.946,24.102],[72.975,24.162],[73.01,24.251],[73.004,24.288],[72.961,24.351],[72.987,24.364],[72.96,24.392],[72.987,24.421],[72.977,24.451],[72.996,24.471],[73.083,24.639],[73.17,24.75],[73.243,24.832],[73.307,24.934],[73.351,25.029],[73.407,25.075],[73.506,25.128],[73.573,25.182],[73.636,25.268],[73.667,25.335],[73.697,25.38],[73.801,25.511],[73.86,25.628],[73.894,25.702],[73.931,25.769],[73.971,25.829],[74,25.852],[74.049,25.84],[74.118,25.859],[74.16,25.946],[74.163,26],[74.198,26.055],[74.341,26.182],[74.373,26.239],[74.38,26.278],[74.355,26.285],[74.321,26.266],[74.285,26.27],[74.281,26.297],[74.29,26.355],[74.294,26.429],[74.341,26.469],[74.456,26.5],[74.53,26.544],[74.586,26.566],[74.668,26.617],[74.692,26.698],[74.702,26.762],[74.772,26.859],[74.813,26.9],[74.85,26.925],[74.909,26.959],[74.991,26.952],[75.021,26.948],[75.123,26.961],[75.208,27.024],[75.268,27.092],[75.332,27.2],[75.431,27.301],[75.539,27.348],[75.617,27.362],[75.671,27.366],[75.82,27.411],[75.889,27.449],[75.91,27.484],[75.943,27.563],[75.96,27.624],[76.003,27.717],[76.043,27.772],[76.092,27.852],[76.093,27.861]]],[[[68.358,23.805],[68.335,23.759],[68.338,23.73],[68.281,23.67],[68.269,23.65],[68.196,23.638],[68.186,23.624],[68.195,23.604],[68.231,23.589],[68.264,23.602],[68.295,23.579],[68.347,23.598],[68.359,23.628],[68.391,23.655],[68.418,23.724],[68.415,23.748],[68.426,23.796],[68.398,23.785],[68.358,23.805]]],[[[68.358,23.975],[68.348,23.963],[68.342,23.925],[68.326,23.914],[68.297,23.921],[68.279,23.916],[68.258,23.88],[68.254,23.859],[68.235,23.836],[68.216,23.836],[68.209,23.811],[68.226,23.763],[68.203,23.75],[68.193,23.731],[68.207,23.708],[68.238,23.681],[68.256,23.68],[68.267,23.696],[68.254,23.719],[68.266,23.746],[68.262,23.76],[68.274,23.797],[68.296,23.804],[68.296,23.81],[68.289,23.815],[68.289,23.817],[68.294,23.821],[68.306,23.825],[68.315,23.824],[68.338,23.819],[68.347,23.858],[68.342,23.89],[68.35,23.908],[68.403,23.921],[68.419,23.934],[68.434,23.967],[68.375,23.967],[68.358,23.975]]],[[[68.444,23.968],[68.428,23.937],[68.448,23.94],[68.461,23.933],[68.456,23.929],[68.454,23.882],[68.431,23.853],[68.444,23.848],[68.472,23.862],[68.485,23.899],[68.518,23.924],[68.503,23.946],[68.498,23.967],[68.444,23.968]]],[[[68.396,23.878],[68.343,23.837],[68.349,23.809],[68.4,23.79],[68.425,23.81],[68.439,23.838],[68.429,23.848],[68.417,23.871],[68.396,23.878]]],[[[68.497,23.831],[68.455,23.815],[68.448,23.806],[68.456,23.774],[68.437,23.743],[68.488,23.737],[68.517,23.755],[68.522,23.775],[68.516,23.779],[68.512,23.789],[68.523,23.804],[68.497,23.831]]],[[[68.449,23.938],[68.427,23.933],[68.42,23.921],[68.386,23.906],[68.356,23.903],[68.356,23.86],[68.396,23.88],[68.417,23.872],[68.427,23.865],[68.452,23.882],[68.448,23.893],[68.456,23.934],[68.449,23.938]]],[[[68.308,23.824],[68.29,23.817],[68.297,23.812],[68.298,23.804],[68.278,23.797],[68.264,23.76],[68.269,23.752],[68.265,23.727],[68.257,23.716],[68.268,23.705],[68.295,23.726],[68.324,23.734],[68.315,23.765],[68.322,23.803],[68.313,23.822],[68.308,23.824]]],[[[68.535,23.946],[68.534,23.924],[68.513,23.903],[68.487,23.891],[68.49,23.867],[68.521,23.857],[68.545,23.872],[68.582,23.915],[68.58,23.923],[68.562,23.923],[68.558,23.923],[68.559,23.928],[68.557,23.932],[68.542,23.934],[68.535,23.946]]],[[[68.473,23.48],[68.444,23.467],[68.462,23.453],[68.467,23.406],[68.485,23.405],[68.495,23.457],[68.473,23.48]]],[[[68.558,23.314],[68.565,23.283],[68.54,23.267],[68.559,23.253],[68.615,23.272],[68.605,23.299],[68.565,23.302],[68.558,23.314]]],[[[70.004,22.593],[69.967,22.578],[69.957,22.561],[69.964,22.545],[70.008,22.554],[70.027,22.568],[70.025,22.586],[70.004,22.593]]],[[[69.628,22.459],[69.593,22.445],[69.592,22.428],[69.637,22.407],[69.657,22.425],[69.643,22.451],[69.628,22.459]]],[[[69.919,22.553],[69.9,22.545],[69.895,22.512],[69.916,22.512],[69.942,22.518],[69.932,22.545],[69.919,22.553]]],[[[68.485,23.593],[68.442,23.563],[68.443,23.536],[68.468,23.553],[68.485,23.575],[68.485,23.593]]],[[[68.572,23.374],[68.594,23.339],[68.617,23.347],[68.586,23.373],[68.572,23.374]]],[[[68.248,23.88],[68.216,23.867],[68.216,23.848],[68.233,23.842],[68.252,23.862],[68.248,23.88]]],[[[70.448,23.052],[70.42,23.027],[70.438,23.021],[70.448,23.052]]],[[[69.324,22.528],[69.35,22.504],[69.356,22.523],[69.324,22.528]]],[[[69.302,22.474],[69.293,22.46],[69.32,22.451],[69.328,22.463],[69.302,22.474]]]]},"properties":{"physio_reg":"WESTERN PLAIN  KACHCHH AND PART OF KATHIAWAR PENINSULA HOT ARID ECO-REGION","ae_regcode":2}},
{"type":"Feature","geometry":{"type":"Polygon","coordinates":[[[76.974,15.5],[76.618,15.669],[76.357,15.866],[76.189,16.297],[75.954,16.618],[75.648,16.954],[75.635,16.968],[75.609,16.971],[75.608,17.005],[75.568,17.008],[75.569,16.965],[75.528,16.968],[75.515,16.954],[75.491,16.947],[75.488,16.967],[75.466,16.987],[75.442,16.981],[75.429,16.965],[75.392,16.978],[75.343,16.954],[75.282,16.955],[75.28,16.876],[75.254,16.864],[75.266,16.687],[75.07,16.568],[75.07,16.402],[75.215,16.208],[75.324,16.113],[75.5,15.925],[75.701,15.826],[75.813,15.529],[75.862,15.267],[75.846,15.086],[75.836,14.798],[76.333,14.407],[76.889,14.137],[76.918,14.128],[76.928,14.135],[76.948,14.118],[76.957,14.092],[76.974,14.086],[76.977,14.059],[76.943,14.054],[76.937,14.029],[76.954,14.013],[77,13.988],[76.995,13.963],[77.042,13.932],[77.047,13.904],[77.023,13.9],[77.012,13.857],[76.975,13.817],[76.987,13.792],[76.999,13.749],[77.018,13.739],[77.026,13.777],[77.041,13.776],[77.066,13.746],[77.102,13.768],[77.13,13.758],[77.173,13.762],[77.178,13.779],[77.161,13.807],[77.168,13.822],[77.152,13.842],[77.146,13.866],[77.171,13.873],[77.162,13.907],[77.189,13.908],[77.182,13.868],[77.199,13.863],[77.232,13.902],[77.247,13.901],[77.257,13.847],[77.292,13.853],[77.314,13.864],[77.327,13.833],[77.359,13.852],[77.38,13.839],[77.432,13.834],[77.416,13.807],[77.458,13.793],[77.47,13.751],[77.464,13.72],[77.452,13.703],[77.457,13.683],[77.484,13.685],[77.487,13.711],[77.536,13.715],[77.527,13.751],[77.547,13.751],[77.556,13.728],[77.589,13.738],[77.622,13.768],[77.657,13.784],[77.678,13.785],[77.677,13.76],[77.704,13.769],[77.719,13.746],[77.721,13.798],[77.737,13.81],[77.777,13.817],[77.782,13.84],[77.811,13.849],[77.836,13.869],[77.829,13.897],[77.814,13.926],[77.822,13.939],[77.871,13.935],[77.895,13.939],[77.898,13.919],[77.92,13.905],[77.959,13.936],[77.97,13.958],[77.987,13.956],[77.982,13.932],[77.987,13.902],[77.958,13.893],[77.95,13.879],[77.957,13.833],[77.974,13.829],[77.994,13.87],[78.047,13.861],[78.05,13.895],[78.08,13.88],[78.084,13.863],[78.115,13.862],[78.126,13.83],[78.117,13.812],[78.127,13.786],[78.094,13.742],[78.104,13.735],[78.241,13.783],[78.265,13.859],[78.388,13.941],[78.42,14],[78.446,14.049],[78.414,14.236],[78.365,14.287],[78.193,14.356],[78.062,14.447],[78.029,14.658],[78.1,14.86],[77.994,15.069],[77.876,15.134],[77.543,15.209],[77.373,15.22],[77.163,15.257],[77.153,15.291],[77.12,15.295],[77.114,15.332],[77.073,15.325],[77.067,15.343],[77.042,15.364],[77.048,15.389],[77.033,15.406],[77.032,15.44],[77.01,15.453],[77,15.472],[76.974,15.5]]]},"properties":{"physio_reg":"KARNATAKA PLATEAU (RAYALSEEMA AS INCLUSION)","ae_regcode":3}},
{"type":"Feature","geometry":{"type":"Polygon","coordinates":[[[71.054,22.28],[71.076,22.254],[71.213,22.149],[71.315,22.155],[71.505,22.199],[71.672,22.288],[71.84,22.36],[71.917,22.4],[72.127,22.496],[72.116,22.481],[72.246,22.487],[72.367,22.497],[72.454,22.564],[72.528,22.648],[72.677,22.743],[72.904,22.772],[73.015,22.828],[73.046,22.918],[73.184,22.997],[73.462,23.049],[73.519,23.088],[73.593,23.19],[73.663,23.223],[73.697,23.348],[73.731,23.424],[73.761,23.457],[73.78,23.433],[73.824,23.445],[73.864,23.394],[73.891,23.335],[73.936,23.34],[73.944,23.372],[73.964,23.386],[74.008,23.471],[74.039,23.558],[74.095,23.607],[74.127,23.647],[74.144,23.738],[74.163,23.79],[74.355,23.897],[74.362,23.982],[74.376,24.083],[74.374,24.178],[74.387,24.32],[74.365,24.39],[74.331,24.442],[74.313,24.493],[74.205,24.632],[74.179,24.683],[74.148,24.769],[74.183,24.939],[74.237,25.05],[74.297,25.138],[74.38,25.197],[74.522,25.207],[74.594,25.207],[74.729,25.185],[74.847,25.182],[74.943,25.207],[75.289,25.433],[75.327,25.467],[75.409,25.565],[75.473,25.647],[75.531,25.7],[75.615,25.736],[75.712,25.756],[75.902,25.842],[76.026,25.859],[76.131,25.847],[76.25,25.824],[76.285,25.832],[76.373,25.844],[76.5,25.844],[76.576,25.84],[76.541,25.804],[76.528,25.761],[76.532,25.726],[76.488,25.713],[76.483,25.69],[76.516,25.668],[76.505,25.643],[76.52,25.629],[76.515,25.575],[76.527,25.545],[76.525,25.525],[76.565,25.468],[76.569,25.438],[76.594,25.427],[76.607,25.384],[76.641,25.375],[76.686,25.341],[76.72,25.338],[76.746,25.343],[76.772,25.331],[76.778,25.311],[76.848,25.326],[76.898,25.317],[76.934,25.292],[76.934,25.274],[76.958,25.274],[76.964,25.292],[77.03,25.296],[77.045,25.32],[77.069,25.319],[77.081,25.335],[77.121,25.33],[77.159,25.308],[77.196,25.307],[77.204,25.325],[77.224,25.326],[77.226,25.368],[77.266,25.394],[77.289,25.418],[77.311,25.431],[77.367,25.408],[77.35,25.383],[77.362,25.363],[77.35,25.332],[77.37,25.328],[77.381,25.301],[77.373,25.28],[77.355,25.267],[77.369,25.245],[77.412,25.221],[77.424,25.188],[77.396,25.183],[77.392,25.117],[77.354,25.093],[77.311,25.08],[77.322,25.035],[77.326,25.02],[77.354,24.944],[77.426,24.887],[77.519,24.865],[77.582,24.902],[77.625,24.915],[77.642,24.894],[77.729,24.886],[77.759,24.923],[77.908,24.983],[77.962,24.953],[77.98,24.868],[78.03,24.848],[78.172,24.843],[78.193,24.838],[78.215,24.808],[78.232,24.772],[78.226,24.753],[78.233,24.731],[78.257,24.701],[78.274,24.665],[78.263,24.644],[78.276,24.611],[78.261,24.548],[78.23,24.537],[78.226,24.518],[78.244,24.507],[78.246,24.485],[78.269,24.478],[78.273,24.443],[78.324,24.406],[78.343,24.399],[78.369,24.374],[78.333,24.334],[78.347,24.303],[78.392,24.269],[78.441,24.293],[78.446,24.321],[78.474,24.335],[78.482,24.363],[78.506,24.39],[78.559,24.356],[78.585,24.353],[78.624,24.292],[78.661,24.269],[78.675,24.241],[78.705,24.23],[78.733,24.248],[78.761,24.243],[78.791,24.181],[78.812,24.18],[78.817,24.204],[78.865,24.209],[78.888,24.225],[78.886,24.25],[78.916,24.269],[78.92,24.282],[78.919,24.285],[78.914,24.297],[78.939,24.315],[78.975,24.353],[78.974,24.369],[78.995,24.424],[78.989,24.443],[78.947,24.442],[78.92,24.459],[78.908,24.484],[78.95,24.48],[78.952,24.549],[78.92,24.577],[78.889,24.635],[78.87,24.637],[78.838,24.604],[78.809,24.603],[78.784,24.589],[78.759,24.598],[78.747,24.655],[78.779,24.699],[78.77,24.762],[78.771,24.79],[78.787,24.81],[78.771,24.857],[78.703,24.89],[78.675,24.898],[78.661,24.939],[78.632,24.957],[78.649,25.057],[78.627,25.087],[78.604,25.093],[78.601,25.152],[78.577,25.197],[78.569,25.222],[78.576,25.254],[78.543,25.267],[78.528,25.283],[78.496,25.287],[78.461,25.265],[78.436,25.276],[78.437,25.292],[78.476,25.298],[78.495,25.315],[78.512,25.297],[78.532,25.301],[78.541,25.326],[78.535,25.361],[78.563,25.343],[78.583,25.347],[78.585,25.372],[78.611,25.412],[78.641,25.404],[78.64,25.428],[78.665,25.439],[78.697,25.44],[78.708,25.421],[78.676,25.399],[78.665,25.383],[78.717,25.371],[78.711,25.354],[78.743,25.344],[78.772,25.353],[78.766,25.399],[78.753,25.41],[78.773,25.425],[78.732,25.458],[78.734,25.485],[78.764,25.471],[78.797,25.478],[78.861,25.447],[78.865,25.462],[78.841,25.511],[78.884,25.519],[78.876,25.539],[78.893,25.556],[78.933,25.555],[78.949,25.546],[78.949,25.526],[78.924,25.512],[78.943,25.489],[78.938,25.463],[78.911,25.442],[78.937,25.423],[78.968,25.434],[78.978,25.415],[78.982,25.368],[78.956,25.365],[78.946,25.348],[78.904,25.36],[78.903,25.376],[78.939,25.372],[78.951,25.398],[78.923,25.395],[78.909,25.384],[78.882,25.383],[78.845,25.347],[78.841,25.326],[78.822,25.306],[78.799,25.31],[78.801,25.288],[78.842,25.228],[78.853,25.229],[78.87,25.278],[78.879,25.287],[78.864,25.312],[78.893,25.342],[78.939,25.327],[78.963,25.343],[78.96,25.307],[78.978,25.286],[78.951,25.275],[78.948,25.258],[78.916,25.269],[78.904,25.245],[78.879,25.246],[78.874,25.228],[78.889,25.21],[78.875,25.185],[78.884,25.157],[78.908,25.176],[78.932,25.206],[78.96,25.216],[78.99,25.194],[79.008,25.211],[79.002,25.227],[78.98,25.238],[78.994,25.27],[79.02,25.269],[79.022,25.243],[79.034,25.23],[79.064,25.221],[79.032,25.182],[79.043,25.169],[79.029,25.138],[79.046,25.132],[79.065,25.146],[79.071,25.168],[79.098,25.171],[79.127,25.159],[79.115,25.139],[79.141,25.106],[79.187,25.113],[79.176,25.14],[79.192,25.146],[79.205,25.123],[79.246,25.112],[79.245,25.138],[79.258,25.156],[79.284,25.115],[79.308,25.126],[79.322,25.147],[79.308,25.175],[79.286,25.193],[79.289,25.222],[79.301,25.235],[79.318,25.215],[79.349,25.226],[79.348,25.268],[79.322,25.257],[79.294,25.276],[79.279,25.262],[79.264,25.275],[79.268,25.305],[79.302,25.335],[79.341,25.328],[79.357,25.284],[79.38,25.288],[79.41,25.274],[79.409,25.258],[79.461,25.252],[79.442,25.237],[79.45,25.216],[79.44,25.198],[79.417,25.204],[79.411,25.185],[79.391,25.166],[79.388,25.144],[79.397,25.116],[79.444,25.103],[79.478,25.126],[79.468,25.092],[79.497,25.078],[79.525,25.097],[79.521,25.121],[79.558,25.165],[79.641,25.128],[79.674,25.123],[79.684,25.132],[79.715,25.129],[79.747,25.138],[79.777,25.121],[79.835,25.096],[79.85,25.112],[79.868,25.152],[79.87,25.172],[79.86,25.199],[79.871,25.215],[79.853,25.232],[79.88,25.249],[79.902,25.242],[79.929,25.246],[79.957,25.261],[80.005,25.266],[80.002,25.284],[80.021,25.297],[80.018,25.32],[80.029,25.339],[80.078,25.339],[80.091,25.351],[80.135,25.336],[80.167,25.373],[80.196,25.379],[80.197,25.402],[80.253,25.4],[80.264,25.424],[80.282,25.421],[80.317,25.387],[80.321,25.368],[80.311,25.354],[80.32,25.33],[80.32,25.278],[80.349,25.274],[80.366,25.247],[80.386,25.233],[80.407,25.239],[80.41,25.217],[80.432,25.17],[80.395,25.159],[80.357,25.136],[80.374,25.117],[80.353,25.093],[80.345,25.067],[80.353,25.054],[80.308,25.044],[80.29,25.056],[80.275,25.026],[80.322,24.999],[80.334,24.999],[80.376,25.021],[80.387,25.052],[80.402,25.068],[80.431,25.067],[80.449,25.078],[80.468,25.066],[80.478,25.041],[80.454,25.041],[80.434,25.027],[80.485,24.989],[80.507,25.005],[80.55,25.003],[80.55,25.03],[80.514,25.04],[80.495,25.088],[80.518,25.097],[80.527,25.078],[80.552,25.064],[80.587,25.084],[80.596,25.105],[80.603,25.151],[80.63,25.118],[80.617,25.095],[80.65,25.089],[80.662,25.072],[80.687,25.078],[80.682,25.05],[80.735,25.068],[80.742,25.059],[80.784,25.058],[80.784,25.08],[80.754,25.095],[80.727,25.1],[80.726,25.125],[80.759,25.138],[80.79,25.133],[80.806,25.142],[80.827,25.127],[80.84,25.137],[80.85,25.164],[80.845,25.189],[80.878,25.185],[80.914,25.161],[80.873,25.12],[80.881,25.099],[80.879,25.067],[80.849,25.047],[80.837,25.026],[80.858,24.999],[80.827,24.97],[80.807,24.971],[80.81,24.941],[80.829,24.933],[80.865,24.932],[80.945,24.969],[80.961,24.936],[81.008,24.937],[81.035,24.951],[81.085,24.949],[81.098,24.921],[81.136,24.89],[81.161,24.913],[81.17,24.955],[81.214,24.936],[81.21,24.992],[81.228,25.004],[81.256,25.038],[81.27,25.065],[81.254,25.102],[81.266,25.113],[81.277,25.162],[81.338,25.169],[81.358,25.164],[81.375,25.138],[81.397,25.121],[81.436,25.13],[81.445,25.093],[81.492,25.072],[81.503,25.079],[81.502,25.107],[81.486,25.118],[81.5,25.145],[81.527,25.148],[81.541,25.182],[81.575,25.192],[81.596,25.18],[81.59,25.165],[81.628,25.152],[81.601,25.133],[81.599,25.12],[81.64,25.1],[81.603,25.074],[81.63,25.054],[81.655,25.072],[81.686,25.061],[81.69,25.041],[81.714,25.035],[81.725,25.05],[81.8,25.007],[81.838,25.016],[81.855,25.004],[81.882,24.999],[81.91,24.98],[81.919,24.918],[81.907,24.902],[81.911,24.881],[81.937,24.87],[81.935,24.858],[81.963,24.836],[82.013,24.848],[82.079,24.822],[82.085,24.821],[82.141,24.865],[82.211,24.908],[82.272,25.004],[82.3,25.072],[82.301,25.155],[82.296,25.189],[82.351,25.237],[82.496,25.254],[82.625,25.272],[82.721,25.27],[82.811,25.229],[82.874,25.184],[82.929,25.213],[83.026,25.269],[83.074,25.263],[83.157,25.335],[83.177,25.386],[83.157,25.469],[83.126,25.499],[83.086,25.517],[83.066,25.588],[83.067,25.636],[83.036,25.693],[82.863,25.769],[82.813,25.794],[82.747,25.839],[82.47,25.988],[82.301,26.039],[82.04,26.074],[81.943,26.083],[81.806,26.099],[81.707,26.132],[81.608,26.186],[81.56,26.267],[81.474,26.336],[81.38,26.386],[81.286,26.45],[81.182,26.604],[81.091,26.709],[81.019,26.766],[80.93,26.829],[80.773,26.911],[80.619,26.97],[80.494,27.05],[80.429,27.109],[80.332,27.272],[80.262,27.54],[80.202,27.615],[80.153,27.695],[80.09,27.783],[80.052,27.846],[79.975,27.921],[79.836,27.979],[79.674,28.042],[79.567,28.069],[79.375,28.148],[79.194,28.189],[79.12,28.225],[79.058,28.356],[78.967,28.425],[78.846,28.51],[78.561,28.663],[78.378,28.792],[78.275,28.854],[78.208,28.906],[78.102,28.995],[78.001,29.088],[77.883,29.186],[77.777,29.267],[77.642,29.389],[77.56,29.47],[77.448,29.553],[77.299,29.633],[77.155,29.701],[77.125,29.744],[77.129,29.766],[77.047,29.816],[76.963,29.857],[76.844,29.906],[76.812,29.912],[76.749,29.947],[76.713,29.988],[76.668,30.1],[76.622,30.139],[76.64,30.151],[76.635,30.166],[76.651,30.181],[76.651,30.202],[76.624,30.222],[76.603,30.25],[76.57,30.26],[76.393,30.392],[76.294,30.47],[76.154,30.521],[76.107,30.574],[76.088,30.617],[76.026,30.721],[75.921,30.863],[75.782,30.998],[75.622,31.12],[75.452,31.26],[75.325,31.395],[75.193,31.51],[74.994,31.53],[74.901,31.534],[74.811,31.549],[74.756,31.548],[74.613,31.564],[74.612,31.529],[74.586,31.521],[74.655,31.463],[74.631,31.43],[74.603,31.423],[74.588,31.384],[74.554,31.367],[74.55,31.333],[74.524,31.274],[74.535,31.249],[74.527,31.211],[74.513,31.181],[74.518,31.137],[74.557,31.118],[74.558,31.089],[74.578,31.085],[74.6,31.094],[74.612,31.112],[74.604,31.128],[74.639,31.136],[74.691,31.13],[74.707,31.096],[74.695,31.073],[74.668,31.055],[74.6,31.044],[74.597,31.055],[74.566,31.054],[74.55,31.033],[74.55,30.998],[74.516,30.979],[74.46,30.97],[74.428,30.945],[74.426,30.912],[74.408,30.912],[74.372,30.895],[74.364,30.879],[74.382,30.861],[74.327,30.849],[74.319,30.822],[74.298,30.797],[74.276,30.758],[74.272,30.731],[74.394,30.695],[74.453,30.7],[74.492,30.756],[74.545,30.805],[74.582,30.817],[74.754,30.812],[74.875,30.75],[74.975,30.561],[75.139,30.537],[75.225,30.493],[75.279,30.385],[75.33,30.281],[75.5,30.199],[75.595,30.118],[75.635,30.057],[75.709,29.965],[75.748,29.926],[75.759,29.809],[75.782,29.822],[75.807,29.804],[75.831,29.812],[75.854,29.773],[75.874,29.749],[75.908,29.752],[75.925,29.735],[75.952,29.731],[75.937,29.677],[75.936,29.607],[75.956,29.517],[76.006,29.473],[76.084,29.432],[76.164,29.404],[76.21,29.369],[76.236,29.309],[76.271,29.191],[76.284,29.125],[76.256,29.021],[76.247,28.948],[76.297,28.892],[76.34,28.865],[76.387,28.785],[76.413,28.697],[76.419,28.634],[76.376,28.56],[76.33,28.501],[76.304,28.443],[76.31,28.355],[76.336,28.289],[76.317,28.183],[76.287,28.164],[76.331,28.145],[76.364,28.124],[76.34,28.102],[76.346,28.068],[76.362,28.061],[76.345,28.025],[76.325,28.016],[76.298,28.025],[76.298,28.044],[76.28,28.062],[76.259,28.066],[76.242,28.052],[76.185,28.055],[76.185,28.044],[76.212,28.026],[76.182,28.017],[76.162,27.988],[76.187,27.968],[76.178,27.905],[76.207,27.894],[76.198,27.877],[76.214,27.843],[76.181,27.803],[76.135,27.829],[76.13,27.85],[76.093,27.861],[76.092,27.852],[76.043,27.772],[76.003,27.717],[75.96,27.624],[75.943,27.563],[75.91,27.484],[75.889,27.449],[75.82,27.411],[75.671,27.366],[75.617,27.362],[75.539,27.348],[75.431,27.301],[75.332,27.2],[75.268,27.092],[75.208,27.024],[75.123,26.961],[75.021,26.948],[74.991,26.952],[74.909,26.959],[74.85,26.925],[74.813,26.9],[74.772,26.859],[74.702,26.762],[74.692,26.698],[74.668,26.617],[74.586,26.566],[74.53,26.544],[74.456,26.5],[74.341,26.469],[74.294,26.429],[74.29,26.355],[74.281,26.297],[74.285,26.27],[74.321,26.266],[74.355,26.285],[74.38,26.278],[74.373,26.239],[74.341,26.182],[74.198,26.055],[74.163,26],[74.16,25.946],[74.118,25.859],[74.049,25.84],[74,25.852],[73.971,25.829],[73.931,25.769],[73.894,25.702],[73.86,25.628],[73.801,25.511],[73.697,25.38],[73.667,25.335],[73.636,25.268],[73.573,25.182],[73.506,25.128],[73.407,25.075],[73.351,25.029],[73.307,24.934],[73.243,24.832],[73.17,24.75],[73.083,24.639],[72.996,24.471],[72.977,24.451],[72.987,24.421],[72.96,24.392],[72.987,24.364],[72.961,24.351],[73.004,24.288],[73.01,24.251],[72.975,24.162],[72.946,24.102],[72.909,24.049],[72.841,24.057],[72.765,24.075],[72.694,24.054],[72.644,24.015],[72.615,23.977],[72.454,23.929],[72.376,23.903],[72.301,23.822],[72.308,23.713],[72.273,23.63],[72.183,23.615],[72.067,23.62],[72.008,23.613],[71.977,23.542],[71.974,23.458],[71.944,23.419],[71.903,23.388],[71.835,23.37],[71.87,23.315],[71.868,23.242],[71.734,22.96],[71.57,22.652],[71.363,22.397],[71.081,22.295],[71.054,22.28]]]},"properties":{"physio_reg":"NORTHERN PLAIN (AND CENTRAL HIGHLANDS) INCLUDING ARAVALLIS  HOT SEMI-ARID EGO-REGION","ae_regcode":4}},
{"type":"Feature","geometry":{"type":"MultiPolygon","coordinates":[[[[69.366,21.833],[69.434,21.766],[69.471,21.741],[69.56,21.655],[69.584,21.638],[69.602,21.637],[69.673,21.565],[69.712,21.529],[69.771,21.465],[70,21.206],[70.1,21.105],[70.138,21.077],[70.158,21.055],[70.282,20.955],[70.365,20.901],[70.393,20.894],[70.425,20.863],[70.542,20.802],[70.55,20.805],[70.585,20.782],[70.645,20.763],[70.672,20.761],[70.686,20.749],[70.744,20.72],[70.758,20.723],[70.794,20.711],[70.822,20.692],[70.845,20.707],[70.869,20.706],[70.874,20.727],[70.911,20.737],[70.924,20.744],[70.927,20.737],[70.932,20.737],[70.938,20.733],[70.987,20.746],[71.05,20.731],[71.081,20.739],[71.094,20.758],[71.149,20.757],[71.161,20.781],[71.202,20.788],[71.211,20.803],[71.232,20.804],[71.323,20.846],[71.372,20.853],[71.405,20.868],[71.44,20.869],[71.448,20.882],[71.477,20.89],[71.493,20.918],[71.508,20.916],[71.51,20.944],[71.565,20.95],[71.581,20.959],[71.636,20.973],[71.638,20.99],[71.675,20.997],[71.715,21.02],[71.761,21.02],[71.807,21.04],[71.797,21.058],[71.853,21.08],[71.888,21.102],[71.952,21.118],[71.99,21.142],[72.048,21.161],[72.056,21.172],[72.115,21.202],[72.111,21.219],[72.089,21.229],[72.082,21.246],[72.111,21.287],[72.109,21.301],[72.129,21.335],[72.167,21.377],[72.171,21.39],[72.199,21.412],[72.235,21.457],[72.254,21.503],[72.268,21.572],[72.306,21.627],[72.303,21.644],[72.26,21.723],[72.27,21.757],[72.26,21.784],[72.256,21.89],[72.231,21.927],[72.221,21.956],[72.232,22.003],[72.237,22.058],[72.277,22.079],[72.274,22.093],[72.302,22.107],[72.304,22.077],[72.287,22.074],[72.242,22.051],[72.261,22.019],[72.252,21.987],[72.28,21.967],[72.315,22.102],[72.311,22.112],[72.324,22.147],[72.342,22.135],[72.357,22.152],[72.359,22.176],[72.387,22.16],[72.39,22.183],[72.364,22.202],[72.382,22.218],[72.401,22.202],[72.417,22.227],[72.416,22.285],[72.435,22.301],[72.471,22.243],[72.494,22.242],[72.474,22.201],[72.488,22.197],[72.507,22.231],[72.533,22.252],[72.545,22.244],[72.573,22.255],[72.608,22.279],[72.637,22.284],[72.692,22.237],[72.759,22.232],[72.81,22.265],[72.844,22.282],[72.867,22.243],[72.87,22.223],[72.818,22.248],[72.8,22.239],[72.774,22.194],[72.758,22.174],[72.7,22.185],[72.658,22.213],[72.614,22.217],[72.569,22.188],[72.547,22.15],[72.527,22.078],[72.518,22.03],[72.507,21.994],[72.502,21.935],[72.508,21.898],[72.517,21.879],[72.547,21.878],[72.582,21.886],[72.586,21.919],[72.608,21.928],[72.629,21.909],[72.612,21.861],[72.571,21.824],[72.552,21.792],[72.54,21.736],[72.518,21.706],[72.524,21.68],[72.547,21.658],[72.597,21.681],[72.711,21.678],[72.736,21.69],[72.762,21.669],[72.822,21.66],[72.927,21.395],[73.022,21.32],[73.149,21.253],[73.314,21.2],[73.581,21.167],[73.6,21.178],[73.613,21.157],[73.63,21.152],[73.629,21.132],[73.674,21.151],[73.707,21.15],[73.733,21.139],[73.735,21.142],[73.737,21.146],[73.735,21.166],[73.773,21.164],[73.79,21.181],[73.816,21.171],[73.814,21.221],[73.83,21.241],[73.826,21.266],[73.852,21.269],[73.886,21.261],[73.943,21.296],[73.951,21.343],[73.95,21.373],[73.956,21.392],[74.004,21.412],[74.042,21.417],[74.052,21.454],[74.075,21.456],[74.116,21.448],[74.136,21.461],[74.156,21.452],[74.181,21.466],[74.218,21.457],[74.259,21.464],[74.268,21.474],[74.302,21.478],[74.323,21.494],[74.331,21.539],[74.313,21.54],[74.306,21.566],[74.432,21.636],[74.494,21.648],[74.601,21.661],[74.656,21.652],[74.711,21.624],[74.798,21.608],[74.822,21.608],[74.859,21.63],[74.899,21.628],[74.923,21.609],[74.981,21.593],[75.016,21.57],[75.056,21.563],[75.088,21.512],[75.105,21.467],[75.146,21.441],[75.156,21.436],[75.218,21.409],[75.252,21.404],[75.3,21.413],[75.302,21.393],[75.352,21.391],[75.383,21.383],[75.467,21.392],[75.524,21.385],[75.547,21.37],[75.58,21.378],[75.591,21.389],[75.619,21.391],[75.629,21.379],[75.673,21.378],[75.706,21.389],[75.744,21.391],[75.759,21.383],[75.801,21.388],[75.833,21.381],[75.863,21.385],[75.888,21.397],[75.917,21.388],[75.969,21.392],[75.985,21.375],[76.035,21.363],[76.053,21.35],[76.099,21.372],[76.13,21.295],[76.146,21.286],[76.16,21.257],[76.146,21.231],[76.165,21.222],[76.167,21.169],[76.128,21.176],[76.114,21.163],[76.14,21.138],[76.136,21.124],[76.184,21.088],[76.27,21.091],[76.283,21.073],[76.362,21.078],[76.377,21.075],[76.411,21.092],[76.413,21.105],[76.454,21.113],[76.459,21.136],[76.476,21.15],[76.484,21.186],[76.492,21.196],[76.531,21.187],[76.561,21.204],[76.625,21.191],[76.633,21.227],[76.644,21.246],[76.66,21.246],[76.663,21.28],[76.628,21.328],[76.63,21.338],[76.67,21.367],[76.734,21.407],[76.745,21.441],[76.786,21.464],[76.794,21.488],[76.765,21.52],[76.788,21.533],[76.782,21.56],[76.798,21.595],[76.836,21.591],[76.854,21.613],[76.894,21.598],[77,21.679],[77.062,21.707],[77.072,21.719],[77.124,21.723],[77.146,21.715],[77.146,21.717],[77.147,21.725],[77.235,21.926],[77.167,21.974],[76.969,22.028],[76.86,22.201],[76.784,22.317],[76.605,22.371],[76.426,22.386],[76.32,22.423],[76.18,22.566],[76.07,22.729],[76.011,22.922],[76.005,23.127],[76.085,23.285],[76.123,23.403],[76.111,23.471],[76.013,23.575],[75.957,23.662],[75.953,23.788],[76.02,24.014],[76.205,24.214],[76.438,24.249],[76.694,24.215],[76.882,24.366],[76.911,24.503],[76.917,24.698],[76.934,24.883],[76.994,25.04],[77.164,25.082],[77.322,25.035],[77.311,25.08],[77.354,25.093],[77.392,25.117],[77.396,25.183],[77.424,25.188],[77.412,25.221],[77.369,25.245],[77.355,25.267],[77.373,25.28],[77.381,25.301],[77.37,25.328],[77.35,25.332],[77.362,25.363],[77.35,25.383],[77.367,25.408],[77.311,25.431],[77.289,25.418],[77.266,25.394],[77.226,25.368],[77.224,25.326],[77.204,25.325],[77.196,25.307],[77.159,25.308],[77.121,25.33],[77.081,25.335],[77.069,25.319],[77.045,25.32],[77.03,25.296],[76.964,25.292],[76.958,25.274],[76.934,25.274],[76.934,25.292],[76.898,25.317],[76.848,25.326],[76.778,25.311],[76.772,25.331],[76.746,25.343],[76.72,25.338],[76.686,25.341],[76.641,25.375],[76.607,25.384],[76.594,25.427],[76.569,25.438],[76.565,25.468],[76.525,25.525],[76.527,25.545],[76.515,25.575],[76.52,25.629],[76.505,25.643],[76.516,25.668],[76.483,25.69],[76.488,25.713],[76.532,25.726],[76.528,25.761],[76.541,25.804],[76.576,25.84],[76.5,25.844],[76.373,25.844],[76.285,25.832],[76.25,25.824],[76.131,25.847],[76.026,25.859],[75.902,25.842],[75.712,25.756],[75.615,25.736],[75.531,25.7],[75.473,25.647],[75.409,25.565],[75.327,25.467],[75.289,25.433],[74.943,25.207],[74.847,25.182],[74.729,25.185],[74.594,25.207],[74.522,25.207],[74.38,25.197],[74.297,25.138],[74.237,25.05],[74.183,24.939],[74.148,24.769],[74.179,24.683],[74.205,24.632],[74.313,24.493],[74.331,24.442],[74.365,24.39],[74.387,24.32],[74.374,24.178],[74.376,24.083],[74.362,23.982],[74.355,23.897],[74.163,23.79],[74.144,23.738],[74.127,23.647],[74.095,23.607],[74.039,23.558],[74.008,23.471],[73.964,23.386],[73.944,23.372],[73.936,23.34],[73.891,23.335],[73.864,23.394],[73.824,23.445],[73.78,23.433],[73.761,23.457],[73.731,23.424],[73.697,23.348],[73.663,23.223],[73.593,23.19],[73.519,23.088],[73.462,23.049],[73.184,22.997],[73.046,22.918],[73.015,22.828],[72.904,22.772],[72.677,22.743],[72.528,22.648],[72.454,22.564],[72.367,22.497],[72.246,22.487],[72.116,22.481],[72.127,22.496],[71.917,22.4],[71.84,22.36],[71.672,22.288],[71.505,22.199],[71.315,22.155],[71.213,22.149],[71.076,22.254],[71.054,22.28],[70.898,22.199],[70.686,22.045],[70.584,22.008],[70.411,22.04],[70.25,22.018],[70.199,21.905],[70.177,21.848],[70.001,21.763],[69.877,21.755],[69.716,21.805],[69.652,21.874],[69.601,21.944],[69.443,21.872],[69.366,21.833]]],[[[70.924,20.739],[70.882,20.729],[70.873,20.718],[70.899,20.699],[70.918,20.71],[70.977,20.703],[70.998,20.714],[70.965,20.728],[70.96,20.736],[70.938,20.733],[70.932,20.736],[70.929,20.736],[70.924,20.739]]]]},"properties":{"physio_reg":"CENTRAL HIGHLANDS ( MALWA )  GUJARAT PLAIN AND KATHIAWAR PENINSULA  SEMI-ARID ECO-REGION","ae_regcode":5}},
{"type":"Feature","geometry":{"type":"Polygon","coordinates":[[[76.974,15.5],[77.031,15.505],[77.033,15.53],[77.028,15.581],[77.031,15.634],[77.073,15.646],[77.086,15.658],[77.12,15.63],[77.129,15.664],[77.08,15.696],[77.08,15.726],[77.051,15.73],[77.051,15.756],[77.066,15.783],[77.068,15.828],[77.032,15.83],[77.037,15.857],[77.07,15.904],[77.289,16.407],[77.268,16.434],[77.255,16.472],[77.296,16.478],[77.301,16.495],[77.328,16.485],[77.37,16.488],[77.385,16.516],[77.42,16.522],[77.425,16.569],[77.441,16.585],[77.461,16.585],[77.458,16.611],[77.476,16.647],[77.466,16.653],[77.437,16.642],[77.421,16.667],[77.469,16.682],[77.473,16.713],[77.428,16.718],[77.441,16.767],[77.439,16.781],[77.471,16.78],[77.476,16.8],[77.461,16.827],[77.465,16.848],[77.457,16.913],[77.472,16.921],[77.468,16.956],[77.483,16.972],[77.482,16.994],[77.503,17.011],[77.497,17.036],[77.482,17.064],[77.467,17.107],[77.408,17.126],[77.38,17.141],[77.364,17.165],[77.374,17.193],[77.395,17.196],[77.384,17.223],[77.458,17.279],[77.438,17.291],[77.453,17.318],[77.46,17.348],[77.455,17.373],[77.479,17.371],[77.486,17.357],[77.525,17.365],[77.525,17.389],[77.537,17.402],[77.515,17.416],[77.514,17.43],[77.537,17.444],[77.577,17.433],[77.577,17.457],[77.615,17.447],[77.615,17.473],[77.652,17.484],[77.688,17.476],[77.692,17.502],[77.661,17.524],[77.625,17.525],[77.596,17.536],[77.589,17.561],[77.552,17.552],[77.531,17.576],[77.505,17.544],[77.494,17.569],[77.444,17.584],[77.444,17.607],[77.454,17.635],[77.449,17.66],[77.461,17.701],[77.493,17.709],[77.498,17.719],[77.543,17.728],[77.566,17.75],[77.558,17.764],[77.527,17.782],[77.508,17.785],[77.53,17.829],[77.558,17.833],[77.571,17.869],[77.596,17.882],[77.589,17.911],[77.62,17.905],[77.624,17.947],[77.648,17.949],[77.657,17.972],[77.65,17.996],[77.633,17.995],[77.61,18.02],[77.557,18.037],[77.549,18.056],[77.571,18.078],[77.601,18.086],[77.597,18.13],[77.601,18.154],[77.583,18.164],[77.574,18.191],[77.589,18.219],[77.576,18.242],[77.607,18.28],[77.668,18.283],[77.806,18.204],[77.901,18.156],[77.954,18.115],[78.063,18.088],[78.177,18.115],[78.173,18.153],[78.441,18.166],[78.524,18.181],[78.569,18.23],[78.566,18.391],[78.594,18.547],[78.659,18.643],[78.603,18.815],[78.626,18.929],[78.742,19.011],[78.877,19.038],[78.956,19.071],[79.092,18.992],[79.206,18.873],[79.355,18.83],[79.463,18.839],[79.536,18.796],[79.726,18.695],[79.778,18.703],[79.843,18.785],[79.901,18.835],[79.932,18.841],[79.946,18.863],[79.948,18.941],[79.938,18.978],[79.941,19.025],[79.933,19.046],[79.898,19.049],[79.878,19.039],[79.868,19.063],[79.865,19.107],[79.878,19.126],[79.913,19.145],[79.949,19.179],[79.929,19.207],[79.927,19.23],[79.952,19.287],[79.969,19.301],[79.964,19.338],[79.971,19.354],[79.98,19.404],[79.952,19.444],[79.952,19.462],[79.918,19.495],[79.885,19.503],[79.835,19.54],[79.823,19.571],[79.8,19.583],[79.784,19.6],[79.747,19.605],[79.719,19.586],[79.646,19.577],[79.628,19.567],[79.614,19.542],[79.607,19.51],[79.572,19.513],[79.554,19.528],[79.549,19.551],[79.521,19.544],[79.52,19.52],[79.477,19.5],[79.447,19.536],[79.42,19.536],[79.377,19.564],[79.347,19.576],[79.32,19.567],[79.311,19.592],[79.261,19.613],[79.243,19.611],[79.256,19.579],[79.246,19.561],[79.243,19.529],[79.222,19.512],[79.215,19.487],[79.225,19.466],[79.195,19.461],[79.175,19.47],[79.146,19.503],[79.111,19.514],[79.109,19.53],[79.069,19.533],[79.057,19.547],[79.024,19.542],[78.998,19.564],[78.984,19.552],[78.96,19.564],[78.983,19.581],[78.968,19.619],[78.975,19.651],[78.949,19.666],[78.921,19.669],[78.896,19.657],[78.864,19.658],[78.869,19.698],[78.862,19.732],[78.85,19.76],[78.935,19.874],[78.863,20.092],[78.778,20.25],[78.772,20.255],[78.569,20.467],[78.42,20.538],[78.263,20.652],[78.125,20.863],[78.097,20.997],[78.094,21.167],[78.008,21.324],[77.909,21.402],[77.772,21.412],[77.616,21.404],[77.44,21.45],[77.275,21.568],[77.146,21.717],[77.146,21.715],[77.124,21.723],[77.072,21.719],[77.062,21.707],[77,21.679],[76.894,21.598],[76.854,21.613],[76.836,21.591],[76.798,21.595],[76.782,21.56],[76.788,21.533],[76.765,21.52],[76.794,21.488],[76.786,21.464],[76.745,21.441],[76.734,21.407],[76.67,21.367],[76.63,21.338],[76.628,21.328],[76.663,21.28],[76.66,21.246],[76.644,21.246],[76.633,21.227],[76.625,21.191],[76.561,21.204],[76.531,21.187],[76.492,21.196],[76.484,21.186],[76.476,21.15],[76.459,21.136],[76.454,21.113],[76.413,21.105],[76.411,21.092],[76.377,21.075],[76.362,21.078],[76.283,21.073],[76.27,21.091],[76.184,21.088],[76.136,21.124],[76.14,21.138],[76.114,21.163],[76.128,21.176],[76.167,21.169],[76.165,21.222],[76.146,21.231],[76.16,21.257],[76.146,21.286],[76.13,21.295],[76.099,21.372],[76.053,21.35],[76.035,21.363],[75.985,21.375],[75.969,21.392],[75.917,21.388],[75.888,21.397],[75.863,21.385],[75.833,21.381],[75.801,21.388],[75.759,21.383],[75.744,21.391],[75.706,21.389],[75.673,21.378],[75.629,21.379],[75.619,21.391],[75.591,21.389],[75.58,21.378],[75.547,21.37],[75.524,21.385],[75.467,21.392],[75.383,21.383],[75.352,21.391],[75.302,21.393],[75.3,21.413],[75.252,21.404],[75.218,21.409],[75.156,21.436],[75.146,21.441],[75.105,21.467],[75.088,21.512],[75.056,21.563],[75.016,21.57],[74.981,21.593],[74.923,21.609],[74.899,21.628],[74.859,21.63],[74.822,21.608],[74.798,21.608],[74.711,21.624],[74.656,21.652],[74.601,21.661],[74.494,21.648],[74.432,21.636],[74.306,21.566],[74.313,21.54],[74.331,21.539],[74.323,21.494],[74.302,21.478],[74.268,21.474],[74.259,21.464],[74.218,21.457],[74.181,21.466],[74.156,21.452],[74.136,21.461],[74.116,21.448],[74.075,21.456],[74.052,21.454],[74.042,21.417],[74.004,21.412],[73.956,21.392],[73.95,21.373],[73.951,21.343],[73.943,21.296],[73.886,21.261],[73.852,21.269],[73.826,21.266],[73.83,21.241],[73.814,21.221],[73.816,21.171],[73.79,21.181],[73.773,21.164],[73.735,21.166],[73.737,21.146],[73.735,21.142],[73.864,21.014],[73.894,20.942],[73.927,20.785],[73.882,20.637],[73.679,20.555],[73.552,20.501],[73.468,20.376],[73.436,20.235],[73.464,20.053],[73.512,19.873],[73.59,19.724],[73.67,19.515],[73.676,19.393],[73.645,19.234],[73.599,19.134],[73.57,18.927],[73.538,18.658],[73.536,18.285],[73.563,18.208],[73.59,18.156],[73.612,18.087],[73.621,17.997],[73.59,17.894],[73.594,17.816],[73.617,17.752],[73.707,17.627],[73.744,17.529],[73.746,17.432],[73.802,17.207],[73.858,17.02],[74.255,15.988],[74.311,15.884],[74.391,15.713],[74.666,15.188],[74.725,15],[74.859,14.742],[74.973,14.529],[75.098,14.414],[75.098,14.426],[75.168,14.488],[75.262,14.501],[75.307,14.483],[75.429,14.395],[75.49,14.325],[75.549,14.322],[75.603,14.357],[75.64,14.411],[75.726,14.51],[75.804,14.546],[75.782,14.637],[75.794,14.71],[75.836,14.798],[75.846,15.086],[75.862,15.267],[75.813,15.529],[75.701,15.826],[75.5,15.925],[75.324,16.113],[75.215,16.208],[75.07,16.402],[75.07,16.568],[75.266,16.687],[75.254,16.864],[75.28,16.876],[75.282,16.955],[75.343,16.954],[75.392,16.978],[75.429,16.965],[75.442,16.981],[75.466,16.987],[75.488,16.967],[75.491,16.947],[75.515,16.954],[75.528,16.968],[75.569,16.965],[75.568,17.008],[75.608,17.005],[75.609,16.971],[75.635,16.968],[75.648,16.954],[75.954,16.618],[76.189,16.297],[76.357,15.866],[76.618,15.669],[76.974,15.5]]]},"properties":{"physio_reg":"DECCAN PLATU  HOT SEMI-ARID ECO-REGION","ae_regcode":6}},
{"type":"Feature","geometry":{"type":"Polygon","coordinates":[[[96.9,27.615],[96.919,27.623],[96.942,27.659],[96.958,27.665],[96.991,27.662],[96.992,27.677],[97.016,27.732],[97.067,27.751],[97.096,27.741],[97.102,27.784],[97.124,27.79],[97.137,27.806],[97.16,27.814],[97.203,27.855],[97.256,27.9],[97.309,27.921],[97.343,27.885],[97.365,27.876],[97.389,27.887],[97.378,27.909],[97.378,27.977],[97.399,28.025],[97.377,28.03],[97.366,28.059],[97.312,28.061],[97.311,28.085],[97.339,28.111],[97.325,28.14],[97.331,28.154],[97.373,28.192],[97.375,28.217],[97.283,28.268],[97.242,28.267],[97.225,28.292],[97.194,28.287],[97.17,28.295],[97.16,28.319],[97.127,28.349],[97.094,28.362],[97.053,28.351],[97.024,28.319],[96.998,28.309],[96.954,28.333],[96.927,28.338],[96.921,28.357],[96.9,28.379],[96.828,28.361],[96.776,28.368],[96.759,28.409],[96.683,28.445],[96.666,28.46],[96.601,28.46],[96.562,28.447],[96.553,28.436],[96.512,28.413],[96.482,28.419],[96.46,28.414],[96.434,28.386],[96.425,28.345],[96.401,28.339],[96.382,28.359],[96.373,28.389],[96.322,28.381],[96.307,28.399],[96.268,28.412],[96.337,28.458],[96.369,28.474],[96.363,28.505],[96.327,28.525],[96.357,28.556],[96.403,28.557],[96.447,28.601],[96.475,28.617],[96.498,28.639],[96.473,28.68],[96.493,28.684],[96.535,28.707],[96.563,28.707],[96.589,28.717],[96.618,28.76],[96.611,28.793],[96.587,28.817],[96.541,28.88],[96.542,28.917],[96.525,28.961],[96.491,28.961],[96.481,28.99],[96.529,29.075],[96.481,29.056],[96.439,29.034],[96.35,29.029],[96.297,28.995],[96.232,28.926],[96.17,28.902],[96.149,28.934],[96.159,28.952],[96.184,28.965],[96.189,28.985],[96.154,29.05],[96.128,29.078],[96.174,29.084],[96.204,29.103],[96.222,29.135],[96.264,29.157],[96.35,29.168],[96.363,29.178],[96.376,29.215],[96.392,29.231],[96.397,29.253],[96.379,29.281],[96.35,29.264],[96.317,29.256],[96.297,29.233],[96.255,29.23],[96.239,29.241],[96.215,29.272],[96.208,29.291],[96.188,29.307],[96.19,29.342],[96.155,29.397],[96.118,29.425],[96.086,29.461],[96.061,29.456],[96.02,29.419],[95.962,29.381],[95.886,29.39],[95.845,29.352],[95.832,29.354],[95.796,29.336],[95.783,29.355],[95.75,29.327],[95.732,29.301],[95.707,29.299],[95.678,29.269],[95.636,29.247],[95.604,29.26],[95.591,29.216],[95.55,29.214],[95.551,29.127],[95.508,29.141],[95.497,29.122],[95.494,29.088],[95.459,29.035],[95.426,29.039],[95.415,29.032],[95.35,29.044],[95.307,29.061],[95.271,29.056],[95.255,29.067],[95.256,29.108],[95.183,29.107],[95.119,29.12],[95.104,29.142],[95.045,29.151],[95.01,29.169],[95,29.14],[94.973,29.159],[94.924,29.161],[94.877,29.183],[94.852,29.182],[94.803,29.164],[94.803,29.209],[94.772,29.252],[94.717,29.304],[94.683,29.327],[94.634,29.348],[94.617,29.301],[94.58,29.275],[94.578,29.25],[94.564,29.228],[94.539,29.218],[94.5,29.216],[94.437,29.226],[94.378,29.19],[94.37,29.157],[94.356,29.15],[94.294,29.148],[94.264,29.116],[94.22,29.084],[94.181,29.02],[94.179,28.991],[94.161,28.954],[94.084,28.905],[94.049,28.873],[94.035,28.853],[94,28.841],[94.005,28.819],[93.991,28.797],[94.007,28.775],[93.974,28.75],[93.971,28.722],[93.94,28.676],[93.909,28.676],[93.87,28.703],[93.849,28.706],[93.78,28.668],[93.737,28.688],[93.691,28.679],[93.644,28.661],[93.612,28.655],[93.53,28.661],[93.501,28.683],[93.485,28.674],[93.48,28.653],[93.451,28.675],[93.417,28.652],[93.338,28.633],[93.333,28.608],[93.305,28.599],[93.311,28.566],[93.294,28.543],[93.281,28.504],[93.234,28.477],[93.213,28.451],[93.188,28.439],[93.196,28.425],[93.237,28.4],[93.224,28.361],[93.228,28.34],[93.199,28.317],[93.16,28.318],[93.13,28.326],[93.1,28.306],[93.077,28.308],[93.027,28.299],[93.039,28.262],[93.005,28.23],[92.991,28.25],[92.97,28.261],[92.918,28.234],[92.9,28.204],[92.845,28.179],[92.823,28.184],[92.805,28.201],[92.788,28.183],[92.742,28.151],[92.685,28.117],[92.668,28.062],[92.7,28.048],[92.744,27.988],[92.706,27.933],[92.674,27.899],[92.61,27.877],[92.565,27.82],[92.548,27.817],[92.52,27.839],[92.497,27.836],[92.46,27.802],[92.448,27.8],[92.419,27.822],[92.388,27.815],[92.385,27.794],[92.312,27.778],[92.29,27.807],[92.272,27.853],[92.26,27.861],[92.205,27.856],[92.161,27.836],[92.06,27.758],[92.043,27.757],[91.989,27.769],[91.961,27.75],[91.95,27.728],[91.924,27.715],[91.913,27.726],[91.884,27.721],[91.866,27.736],[91.85,27.775],[91.839,27.779],[91.833,27.807],[91.776,27.801],[91.752,27.803],[91.7,27.822],[91.675,27.856],[91.613,27.854],[91.575,27.86],[91.551,27.847],[91.571,27.815],[91.604,27.82],[91.634,27.8],[91.637,27.771],[91.629,27.706],[91.597,27.683],[91.563,27.633],[91.582,27.599],[91.567,27.584],[91.599,27.539],[91.614,27.541],[91.625,27.513],[91.649,27.498],[91.658,27.482],[91.695,27.502],[91.715,27.491],[91.719,27.473],[91.761,27.473],[91.778,27.464],[91.814,27.472],[91.833,27.468],[91.854,27.482],[91.903,27.468],[91.927,27.471],[91.944,27.46],[92.023,27.479],[92.021,27.457],[92.043,27.436],[92.046,27.412],[92.059,27.399],[92.05,27.378],[92.064,27.344],[92.063,27.326],[92.082,27.309],[92.121,27.292],[92.106,27.268],[92.074,27.276],[92.044,27.261],[92.07,27.244],[92.074,27.223],[92.06,27.189],[92.029,27.171],[92.04,27.137],[92.026,27.114],[92.032,27.078],[92.049,27.051],[92.068,27.051],[92.083,27.019],[92.107,27.007],[92.106,26.982],[92.117,26.975],[92.12,26.931],[92.101,26.867],[92.059,26.847],[91.989,26.857],[91.958,26.887],[91.901,26.915],[91.857,26.911],[91.835,26.875],[91.806,26.851],[91.731,26.812],[91.683,26.804],[91.628,26.82],[91.595,26.804],[91.497,26.789],[91.482,26.791],[91.412,26.835],[91.384,26.801],[91.34,26.779],[91.299,26.784],[91.266,26.804],[91.185,26.811],[91.134,26.808],[91.093,26.818],[91.058,26.779],[91,26.788],[90.901,26.778],[90.807,26.774],[90.746,26.775],[90.705,26.768],[90.684,26.78],[90.654,26.774],[90.635,26.791],[90.565,26.801],[90.415,26.902],[90.36,26.896],[90.351,26.876],[90.317,26.851],[90.296,26.848],[90.231,26.858],[90.2,26.833],[90.188,26.804],[90.194,26.77],[90.133,26.749],[90.05,26.729],[90.007,26.734],[89.963,26.723],[89.895,26.724],[89.868,26.737],[89.86,26.703],[89.813,26.715],[89.782,26.699],[89.761,26.721],[89.732,26.722],[89.709,26.737],[89.675,26.739],[89.664,26.718],[89.62,26.726],[89.648,26.747],[89.659,26.772],[89.633,26.776],[89.617,26.789],[89.573,26.802],[89.534,26.819],[89.502,26.803],[89.465,26.806],[89.454,26.835],[89.396,26.842],[89.39,26.862],[89.366,26.863],[89.334,26.84],[89.326,26.853],[89.258,26.816],[89.242,26.821],[89.196,26.808],[89.179,26.822],[89.135,26.809],[89.108,26.836],[89.11,26.86],[89.094,26.875],[89.092,26.897],[89.056,26.902],[89.053,26.92],[89.034,26.938],[88.991,26.921],[88.969,26.924],[88.948,26.938],[88.962,26.954],[88.953,26.977],[88.918,26.994],[88.896,26.961],[88.879,26.957],[88.877,27.011],[88.885,27.038],[88.877,27.109],[88.833,27.117],[88.807,27.137],[88.758,27.143],[88.765,27.172],[88.792,27.182],[88.808,27.22],[88.808,27.247],[88.842,27.263],[88.879,27.259],[88.906,27.275],[88.929,27.326],[88.897,27.336],[88.886,27.364],[88.864,27.387],[88.846,27.379],[88.817,27.405],[88.802,27.447],[88.791,27.455],[88.796,27.528],[88.783,27.537],[88.775,27.565],[88.793,27.576],[88.813,27.603],[88.818,27.642],[88.83,27.643],[88.854,27.669],[88.853,27.7],[88.87,27.739],[88.86,27.778],[88.863,27.818],[88.889,27.839],[88.888,27.895],[88.867,27.925],[88.844,27.932],[88.849,27.991],[88.837,28.015],[88.808,28.03],[88.791,28.051],[88.76,28.073],[88.694,28.079],[88.675,28.074],[88.646,28.104],[88.625,28.103],[88.583,28.085],[88.563,28.085],[88.561,28.065],[88.542,28.036],[88.51,28.049],[88.49,28.045],[88.47,28.019],[88.435,28.008],[88.397,27.977],[88.372,27.988],[88.346,27.988],[88.313,27.97],[88.289,27.967],[88.253,27.948],[88.238,27.967],[88.212,27.966],[88.203,27.946],[88.182,27.944],[88.148,27.963],[88.123,27.912],[88.135,27.895],[88.134,27.873],[88.179,27.866],[88.202,27.85],[88.198,27.834],[88.177,27.821],[88.199,27.788],[88.181,27.749],[88.16,27.736],[88.152,27.704],[88.151,27.669],[88.132,27.653],[88.116,27.614],[88.086,27.59],[88.084,27.562],[88.047,27.493],[88.051,27.472],[88.069,27.451],[88.071,27.426],[88.049,27.407],[88.046,27.367],[88.061,27.353],[88.062,27.329],[88.049,27.312],[88.033,27.269],[88.033,27.248],[88.018,27.221],[88.015,27.162],[87.994,27.127],[87.993,27.108],[88.025,27.085],[88.028,27.055],[88.046,27.038],[88.086,27.034],[88.093,27.007],[88.135,26.981],[88.123,26.951],[88.144,26.928],[88.144,26.889],[88.172,26.868],[88.176,26.829],[88.185,26.797],[88.189,26.743],[88.36,26.73],[88.427,26.695],[88.865,26.623],[88.943,26.573],[89.037,26.546],[89.315,26.491],[89.423,26.485],[89.52,26.451],[89.627,26.421],[89.687,26.426],[89.729,26.447],[89.807,26.457],[89.875,26.448],[89.911,26.452],[90.013,26.448],[90.142,26.449],[90.357,26.429],[90.431,26.427],[90.5,26.441],[90.581,26.478],[90.647,26.495],[90.743,26.513],[90.865,26.55],[90.93,26.552],[90.99,26.544],[91.112,26.539],[91.158,26.597],[91.182,26.604],[91.212,26.602],[91.272,26.582],[91.297,26.559],[91.309,26.509],[91.343,26.507],[91.4,26.542],[91.491,26.566],[91.562,26.561],[91.605,26.549],[91.646,26.482],[91.733,26.472],[91.827,26.532],[91.91,26.553],[92.015,26.548],[92.058,26.572],[92.068,26.608],[92.112,26.639],[92.204,26.644],[92.327,26.619],[92.381,26.614],[92.438,26.64],[92.496,26.672],[92.567,26.703],[92.661,26.76],[92.753,26.801],[92.992,26.803],[93.143,26.815],[93.47,26.936],[93.528,26.946],[93.586,26.95],[93.626,26.961],[93.678,26.968],[93.7,26.992],[93.721,27.016],[93.77,27.04],[93.8,27.061],[93.839,27.075],[93.824,27.119],[93.808,27.135],[93.811,27.149],[93.87,27.196],[93.903,27.238],[93.941,27.27],[93.959,27.292],[94.002,27.332],[94.063,27.36],[94.089,27.401],[94.162,27.463],[94.159,27.475],[94.197,27.494],[94.262,27.52],[94.259,27.554],[94.229,27.572],[94.225,27.598],[94.238,27.629],[94.265,27.633],[94.257,27.611],[94.291,27.591],[94.37,27.573],[94.405,27.584],[94.423,27.598],[94.456,27.567],[94.502,27.574],[94.528,27.592],[94.576,27.603],[94.588,27.616],[94.642,27.627],[94.686,27.66],[94.723,27.666],[94.745,27.66],[94.802,27.693],[94.823,27.692],[94.851,27.707],[94.868,27.742],[94.886,27.738],[94.989,27.767],[95.041,27.774],[95.054,27.786],[95.238,27.844],[95.318,27.867],[95.386,27.837],[95.518,27.877],[95.546,27.909],[95.567,27.918],[95.573,27.937],[95.59,27.937],[95.609,27.953],[95.827,27.972],[95.979,27.963],[95.954,27.936],[95.957,27.921],[95.93,27.885],[95.875,27.834],[95.853,27.828],[95.824,27.804],[95.808,27.778],[95.782,27.752],[95.786,27.734],[95.759,27.725],[95.781,27.673],[95.78,27.655],[95.802,27.643],[95.788,27.626],[95.799,27.602],[95.825,27.597],[95.822,27.576],[95.863,27.546],[95.882,27.547],[96.005,27.556],[96.065,27.606],[96.129,27.619],[96.212,27.579],[96.28,27.559],[96.299,27.558],[96.338,27.594],[96.355,27.624],[96.398,27.648],[96.417,27.651],[96.515,27.642],[96.607,27.646],[96.662,27.633],[96.704,27.66],[96.75,27.632],[96.815,27.633],[96.865,27.631],[96.9,27.615]]]},"properties":{"physio_reg":"EASTERN HIMALAYAS  WARM PERHUMID ECO-REGION","ae_regcode":16}},
{"type":"Feature","geometry":{"type":"Polygon","coordinates":[[[95.882,27.547],[95.877,27.465],[95.86,27.456],[95.85,27.424],[95.883,27.437],[95.9,27.405],[95.912,27.433],[95.934,27.44],[95.974,27.43],[96.001,27.396],[96.015,27.368],[95.994,27.344],[95.97,27.33],[95.963,27.31],[95.907,27.285],[95.898,27.257],[95.872,27.26],[95.861,27.287],[95.81,27.274],[95.732,27.26],[95.726,27.253],[95.685,27.251],[95.637,27.23],[95.59,27.223],[95.575,27.245],[95.535,27.264],[95.488,27.24],[95.459,27.203],[95.469,27.184],[95.466,27.149],[95.458,27.129],[95.421,27.125],[95.407,27.112],[95.367,27.107],[95.31,27.075],[95.249,27.024],[95.238,27.037],[95.214,27.028],[95.196,27.037],[95.155,27],[95.117,26.978],[95.11,26.961],[95.087,26.947],[95.038,26.933],[95.022,26.92],[94.986,26.913],[94.958,26.938],[94.914,26.937],[94.887,26.927],[94.87,26.91],[94.852,26.876],[94.822,26.849],[94.803,26.801],[94.773,26.79],[94.757,26.767],[94.732,26.759],[94.687,26.727],[94.623,26.714],[94.61,26.735],[94.594,26.721],[94.593,26.698],[94.546,26.706],[94.521,26.697],[94.499,26.669],[94.468,26.665],[94.455,26.634],[94.41,26.612],[94.415,26.578],[94.397,26.525],[94.378,26.508],[94.324,26.475],[94.317,26.458],[94.294,26.476],[94.283,26.559],[94.24,26.507],[94.212,26.485],[94.187,26.456],[94.176,26.427],[94.179,26.384],[94.165,26.356],[94.165,26.335],[94.139,26.337],[94.108,26.322],[94.103,26.304],[94.071,26.256],[94.053,26.251],[94.036,26.199],[94.013,26.182],[94,26.154],[94.007,26.143],[93.986,26.079],[93.991,26.068],[93.966,26.038],[93.955,26.003],[93.956,25.97],[93.969,25.956],[93.983,25.922],[93.96,25.901],[93.916,25.883],[93.883,25.841],[93.852,25.859],[93.824,25.843],[93.819,25.822],[93.796,25.81],[93.78,25.842],[93.798,25.905],[93.785,25.954],[93.773,25.962],[93.808,26.059],[93.839,26.125],[93.851,26.207],[93.858,26.299],[93.85,26.376],[93.839,26.419],[93.759,26.558],[93.7,26.592],[93.658,26.606],[93.571,26.603],[93.45,26.589],[93.271,26.575],[93.214,26.568],[93.137,26.533],[93.107,26.513],[93.068,26.446],[92.962,26.42],[92.915,26.383],[92.878,26.317],[92.871,26.269],[92.873,26.213],[92.909,26.198],[93.017,26.113],[93.109,26.056],[93.172,25.965],[93.231,25.85],[93.234,25.779],[93.222,25.743],[93.174,25.721],[93.116,25.73],[93.07,25.761],[92.985,25.849],[92.949,25.872],[92.865,25.898],[92.832,25.916],[92.778,25.966],[92.749,26.035],[92.738,26.053],[92.688,26.04],[92.626,25.991],[92.584,25.973],[92.563,25.984],[92.587,26.033],[92.573,26.083],[92.556,26.107],[92.518,26.132],[92.47,26.136],[92.402,26.136],[92.343,26.107],[92.302,26.075],[92.276,26.064],[92.243,26.061],[92.214,26.069],[92.191,26.065],[92.18,26.078],[92.153,26.063],[92.135,26.044],[92.095,26.047],[92.055,26.031],[92.038,26.038],[91.993,26.04],[91.98,26.024],[91.936,26.013],[91.886,26.029],[91.872,26.056],[91.878,26.096],[91.822,26.118],[91.793,26.086],[91.781,26.09],[91.762,26.07],[91.734,26.058],[91.726,26.029],[91.723,25.953],[91.672,25.904],[91.65,25.913],[91.614,25.939],[91.633,25.944],[91.64,25.964],[91.627,25.985],[91.635,26.021],[91.599,26.02],[91.573,26.026],[91.568,26.001],[91.554,25.974],[91.521,25.957],[91.522,25.94],[91.504,25.92],[91.504,25.898],[91.486,25.89],[91.471,25.858],[91.444,25.841],[91.415,25.853],[91.351,25.84],[91.335,25.831],[91.278,25.746],[91.258,25.747],[91.227,25.723],[91.191,25.738],[91.183,25.776],[91.205,25.84],[91.156,25.849],[91.124,25.831],[91.07,25.825],[91.069,25.846],[91.052,25.848],[91.024,25.822],[91.005,25.825],[91.016,25.857],[91.017,25.884],[90.971,25.887],[90.961,25.933],[90.919,25.943],[90.922,25.913],[90.886,25.951],[90.873,25.942],[90.824,25.948],[90.801,25.941],[90.781,25.908],[90.744,25.915],[90.744,25.941],[90.717,25.952],[90.69,25.95],[90.679,25.936],[90.631,25.917],[90.633,25.937],[90.582,25.958],[90.575,25.939],[90.529,25.901],[90.538,25.958],[90.51,25.996],[90.481,26.015],[90.461,25.999],[90.432,25.989],[90.4,26.014],[90.369,26.01],[90.334,25.988],[90.328,25.974],[90.291,25.964],[90.217,25.954],[90.198,25.957],[90.118,25.957],[90.096,25.929],[90.067,25.916],[90.046,25.891],[90.025,25.893],[90.026,25.869],[90.012,25.847],[89.956,25.811],[89.959,25.775],[89.926,25.739],[89.9,25.744],[89.898,25.727],[89.941,25.687],[89.951,25.659],[90.008,25.624],[90.022,25.608],[90.006,25.584],[89.983,25.591],[89.977,25.575],[89.89,25.558],[89.871,25.54],[89.879,25.492],[89.856,25.477],[89.856,25.463],[89.837,25.434],[89.817,25.369],[89.832,25.33],[89.843,25.318],[89.838,25.295],[89.872,25.287],[89.911,25.307],[89.932,25.299],[89.975,25.3],[89.984,25.285],[90.063,25.255],[90.075,25.243],[90.115,25.224],[90.162,25.223],[90.217,25.203],[90.263,25.195],[90.278,25.197],[90.312,25.187],[90.335,25.191],[90.38,25.161],[90.447,25.143],[90.513,25.168],[90.6,25.173],[90.639,25.173],[90.654,25.185],[90.696,25.159],[90.763,25.165],[90.793,25.182],[90.822,25.163],[90.872,25.159],[90.911,25.161],[91.067,25.192],[91.084,25.201],[91.138,25.192],[91.216,25.2],[91.255,25.197],[91.268,25.206],[91.348,25.172],[91.379,25.167],[91.417,25.172],[91.435,25.155],[91.47,25.149],[91.496,25.134],[91.511,25.145],[91.557,25.151],[91.583,25.17],[91.606,25.173],[91.622,25.146],[91.645,25.124],[91.692,25.138],[91.714,25.158],[91.747,25.148],[91.75,25.171],[91.809,25.169],[91.844,25.178],[91.862,25.174],[91.916,25.182],[91.95,25.183],[91.986,25.171],[92.014,25.189],[92.05,25.182],[92.078,25.186],[92.125,25.165],[92.139,25.143],[92.179,25.123],[92.203,25.125],[92.232,25.097],[92.3,25.071],[92.344,25.077],[92.346,25.055],[92.405,25.033],[92.438,25.032],[92.464,25.035],[92.466,25.055],[92.485,25.106],[92.527,25.104],[92.525,25.138],[92.554,25.128],[92.582,25.13],[92.622,25.115],[92.667,25.109],[92.734,25.123],[92.758,25.121],[92.804,25.082],[92.842,25.06],[92.985,25.093],[93.023,25.096],[93.047,25.085],[93.049,25.042],[93.07,25.004],[93.091,24.992],[93.129,24.992],[93.214,24.986],[93.258,24.969],[93.259,24.948],[93.244,24.94],[93.253,24.915],[93.233,24.895],[93.228,24.874],[93.201,24.847],[93.192,24.803],[93.157,24.789],[93.131,24.803],[93.112,24.799],[93.097,24.728],[93.088,24.706],[93.098,24.663],[93.084,24.644],[93.086,24.608],[93.075,24.593],[93.096,24.579],[93.052,24.541],[93.052,24.516],[93.035,24.494],[93.048,24.472],[93.037,24.458],[93.031,24.426],[93.038,24.408],[93.015,24.399],[92.979,24.407],[92.96,24.393],[92.935,24.393],[92.911,24.41],[92.904,24.391],[92.884,24.4],[92.862,24.397],[92.832,24.374],[92.831,24.397],[92.803,24.419],[92.765,24.518],[92.73,24.45],[92.714,24.403],[92.691,24.354],[92.658,24.341],[92.645,24.325],[92.626,24.332],[92.611,24.251],[92.588,24.243],[92.55,24.244],[92.529,24.173],[92.488,24.16],[92.463,24.134],[92.436,24.15],[92.433,24.181],[92.419,24.192],[92.422,24.251],[92.303,24.251],[92.213,24.248],[91.931,24.218],[91.915,24.148],[91.89,24.141],[91.883,24.159],[91.856,24.191],[91.848,24.225],[91.831,24.213],[91.798,24.222],[91.75,24.245],[91.768,24.149],[91.75,24.142],[91.695,24.167],[91.667,24.231],[91.654,24.219],[91.663,24.186],[91.652,24.179],[91.641,24.145],[91.645,24.12],[91.63,24.097],[91.606,24.081],[91.553,24.076],[91.502,24.086],[91.428,24.109],[91.382,24.105],[91.386,24.069],[91.404,24.054],[91.396,24.023],[91.363,23.985],[91.307,23.99],[91.285,23.98],[91.265,23.947],[91.269,23.925],[91.247,23.913],[91.233,23.886],[91.254,23.838],[91.228,23.787],[91.228,23.745],[91.2,23.754],[91.164,23.746],[91.153,23.712],[91.158,23.689],[91.205,23.69],[91.207,23.65],[91.162,23.663],[91.163,23.601],[91.215,23.547],[91.208,23.514],[91.25,23.49],[91.259,23.448],[91.283,23.406],[91.286,23.377],[91.3,23.35],[91.295,23.32],[91.327,23.238],[91.328,23.164],[91.335,23.156],[91.356,23.096],[91.371,23.075],[91.393,23.062],[91.422,23.071],[91.409,23.094],[91.384,23.195],[91.401,23.245],[91.417,23.261],[91.457,23.258],[91.488,23.205],[91.497,23.18],[91.494,23.156],[91.518,23.144],[91.52,23.118],[91.539,23.057],[91.55,23.033],[91.546,22.998],[91.579,22.97],[91.595,22.977],[91.622,22.944],[91.639,22.969],[91.704,22.991],[91.716,22.988],[91.748,23.013],[91.774,23.041],[91.788,23.074],[91.811,23.069],[91.821,23.099],[91.811,23.135],[91.805,23.18],[91.793,23.201],[91.792,23.231],[91.779,23.251],[91.778,23.276],[91.789,23.307],[91.841,23.373],[91.84,23.393],[91.867,23.408],[91.893,23.434],[91.946,23.439],[91.947,23.471],[91.979,23.482],[91.955,23.586],[91.96,23.605],[91.948,23.627],[91.94,23.664],[91.945,23.691],[91.962,23.698],[91.956,23.728],[91.984,23.731],[92.012,23.663],[92.042,23.648],[92.081,23.649],[92.09,23.676],[92.107,23.676],[92.137,23.707],[92.146,23.728],[92.177,23.738],[92.181,23.708],[92.208,23.705],[92.217,23.691],[92.212,23.661],[92.238,23.67],[92.244,23.71],[92.268,23.724],[92.282,23.715],[92.296,23.687],[92.279,23.643],[92.299,23.626],[92.295,23.597],[92.31,23.59],[92.313,23.534],[92.335,23.464],[92.333,23.43],[92.348,23.435],[92.361,23.41],[92.36,23.386],[92.379,23.372],[92.385,23.341],[92.373,23.329],[92.392,23.307],[92.393,23.264],[92.406,23.238],[92.357,23.234],[92.368,23.149],[92.374,23.126],[92.367,23.105],[92.386,23.088],[92.397,23.051],[92.385,23.022],[92.391,23.005],[92.378,22.963],[92.375,22.934],[92.416,22.918],[92.437,22.888],[92.459,22.873],[92.456,22.817],[92.465,22.809],[92.481,22.751],[92.51,22.735],[92.521,22.701],[92.527,22.642],[92.535,22.63],[92.539,22.577],[92.53,22.563],[92.547,22.524],[92.55,22.469],[92.557,22.416],[92.583,22.313],[92.58,22.279],[92.593,22.255],[92.6,22.181],[92.614,22.169],[92.609,22.127],[92.584,22.144],[92.574,22.12],[92.595,22.079],[92.605,22.026],[92.6,22.011],[92.628,21.984],[92.661,22.014],[92.679,22.013],[92.688,22.039],[92.682,22.104],[92.695,22.098],[92.698,22.137],[92.706,22.152],[92.763,22.125],[92.767,22.114],[92.815,22.094],[92.847,22.06],[92.868,22.059],[92.872,22.028],[92.892,22.01],[92.913,21.963],[92.939,22.016],[92.964,22.025],[92.983,21.988],[93.007,21.982],[93.008,22.009],[92.998,22.053],[93.012,22.083],[93.013,22.103],[93.063,22.099],[93.057,22.125],[93.044,22.136],[93.052,22.163],[93.044,22.187],[93.051,22.201],[93.079,22.206],[93.117,22.196],[93.128,22.176],[93.16,22.179],[93.149,22.245],[93.188,22.247],[93.206,22.258],[93.199,22.278],[93.197,22.334],[93.19,22.368],[93.188,22.424],[93.173,22.448],[93.143,22.455],[93.132,22.472],[93.128,22.523],[93.109,22.529],[93.113,22.552],[93.143,22.583],[93.134,22.62],[93.112,22.636],[93.116,22.648],[93.101,22.671],[93.096,22.698],[93.11,22.741],[93.097,22.807],[93.114,22.813],[93.119,22.86],[93.136,22.89],[93.136,22.91],[93.16,22.91],[93.14,22.961],[93.145,22.977],[93.127,22.998],[93.134,23.01],[93.131,23.044],[93.14,23.057],[93.166,23.046],[93.204,23.053],[93.232,23.018],[93.251,23.003],[93.3,23.005],[93.33,23.032],[93.356,23.074],[93.363,23.113],[93.391,23.135],[93.372,23.146],[93.392,23.22],[93.376,23.252],[93.377,23.329],[93.364,23.351],[93.412,23.384],[93.396,23.407],[93.395,23.429],[93.405,23.471],[93.405,23.504],[93.423,23.527],[93.422,23.558],[93.431,23.578],[93.426,23.649],[93.443,23.678],[93.415,23.708],[93.416,23.728],[93.403,23.771],[93.409,23.804],[93.397,23.82],[93.394,23.883],[93.397,23.926],[93.363,23.942],[93.35,23.974],[93.336,23.979],[93.335,24.02],[93.34,24.064],[93.332,24.086],[93.352,24.094],[93.414,24.075],[93.431,24.058],[93.442,24.024],[93.465,23.995],[93.47,23.966],[93.513,23.943],[93.529,23.956],[93.607,23.969],[93.619,23.987],[93.614,24.006],[93.65,24.009],[93.738,23.994],[93.76,23.999],[93.771,23.977],[93.791,23.963],[93.806,23.928],[93.864,23.933],[93.894,23.95],[93.919,23.951],[93.951,23.945],[93.967,23.928],[94.015,23.928],[94.041,23.912],[94.049,23.895],[94.093,23.888],[94.12,23.837],[94.137,23.85],[94.159,23.847],[94.167,23.923],[94.193,23.932],[94.192,23.959],[94.243,24.038],[94.257,24.083],[94.255,24.137],[94.26,24.162],[94.281,24.174],[94.293,24.234],[94.311,24.248],[94.325,24.286],[94.324,24.333],[94.349,24.336],[94.384,24.378],[94.363,24.393],[94.397,24.407],[94.405,24.425],[94.409,24.463],[94.401,24.481],[94.427,24.487],[94.463,24.569],[94.483,24.576],[94.518,24.61],[94.548,24.668],[94.549,24.71],[94.589,24.704],[94.608,24.715],[94.631,24.758],[94.623,24.778],[94.639,24.842],[94.655,24.867],[94.69,24.893],[94.704,24.927],[94.717,24.935],[94.7,24.961],[94.711,24.987],[94.74,25.018],[94.749,25.056],[94.744,25.13],[94.646,25.168],[94.629,25.184],[94.6,25.189],[94.584,25.209],[94.598,25.26],[94.597,25.283],[94.634,25.353],[94.648,25.4],[94.669,25.406],[94.687,25.459],[94.745,25.472],[94.771,25.475],[94.811,25.489],[94.835,25.544],[94.851,25.556],[94.903,25.56],[94.886,25.581],[94.919,25.608],[94.934,25.658],[94.982,25.697],[95.008,25.731],[95.032,25.734],[95.051,25.755],[95.044,25.776],[95.048,25.803],[95.036,25.813],[95.032,25.839],[95.014,25.865],[95.027,25.913],[95.056,25.94],[95.078,25.944],[95.105,25.961],[95.116,25.981],[95.163,26.028],[95.164,26.046],[95.184,26.078],[95.165,26.092],[95.126,26.094],[95.127,26.13],[95.116,26.156],[95.127,26.196],[95.142,26.207],[95.12,26.232],[95.129,26.249],[95.12,26.268],[95.13,26.286],[95.128,26.348],[95.135,26.381],[95.104,26.395],[95.108,26.417],[95.068,26.46],[95.12,26.523],[95.114,26.542],[95.138,26.554],[95.154,26.574],[95.154,26.613],[95.182,26.637],[95.206,26.643],[95.24,26.685],[95.26,26.68],[95.272,26.656],[95.302,26.649],[95.346,26.671],[95.365,26.671],[95.406,26.69],[95.423,26.69],[95.465,26.744],[95.483,26.748],[95.514,26.806],[95.545,26.831],[95.574,26.819],[95.611,26.814],[95.632,26.842],[95.636,26.872],[95.651,26.877],[95.673,26.903],[95.703,26.88],[95.73,26.88],[95.755,26.901],[95.752,26.923],[95.763,26.938],[95.76,26.957],[95.779,26.983],[95.815,27.015],[95.838,27.008],[95.877,27.013],[95.957,27.061],[95.979,27.103],[96.017,27.147],[96.036,27.189],[96.086,27.209],[96.163,27.247],[96.182,27.246],[96.218,27.262],[96.234,27.277],[96.278,27.271],[96.311,27.294],[96.347,27.28],[96.364,27.292],[96.391,27.286],[96.433,27.302],[96.5,27.301],[96.53,27.289],[96.561,27.317],[96.6,27.336],[96.598,27.348],[96.62,27.364],[96.67,27.363],[96.693,27.357],[96.712,27.372],[96.74,27.355],[96.772,27.356],[96.802,27.345],[96.816,27.32],[96.849,27.297],[96.855,27.271],[96.884,27.258],[96.889,27.227],[96.862,27.209],[96.865,27.19],[96.917,27.165],[96.983,27.156],[97.029,27.131],[97.061,27.101],[97.107,27.111],[97.129,27.093],[97.145,27.092],[97.154,27.115],[97.17,27.126],[97.149,27.168],[97.126,27.175],[97.115,27.199],[97.094,27.211],[97.093,27.238],[97.043,27.28],[97.039,27.298],[97.002,27.32],[96.997,27.345],[96.968,27.377],[96.965,27.406],[96.941,27.417],[96.933,27.441],[96.911,27.453],[96.915,27.484],[96.937,27.521],[96.915,27.549],[96.914,27.579],[96.899,27.585],[96.9,27.615],[96.865,27.631],[96.815,27.633],[96.75,27.632],[96.704,27.66],[96.662,27.633],[96.607,27.646],[96.515,27.642],[96.417,27.651],[96.398,27.648],[96.355,27.624],[96.338,27.594],[96.299,27.558],[96.28,27.559],[96.212,27.579],[96.129,27.619],[96.065,27.606],[96.005,27.556],[95.882,27.547]]]},"properties":{"physio_reg":"NORTH EASTERN HILLS (PURVACHAL)  WARM PERHUMID ECO-REGION","ae_regcode":17}},
{"type":"Feature","geometry":{"type":"MultiPolygon","coordinates":[[[[77.1,8.291],[77.128,8.266],[77.168,8.241],[77.187,8.22],[77.234,8.189],[77.25,8.17],[77.277,8.164],[77.3,8.147],[77.318,8.121],[77.361,8.123],[77.39,8.107],[77.455,8.089],[77.505,8.08],[77.556,8.079],[77.563,8.122],[77.589,8.141],[77.655,8.159],[77.673,8.156],[77.733,8.169],[77.787,8.203],[77.787,8.226],[77.814,8.246],[77.87,8.261],[77.89,8.271],[77.91,8.291],[77.948,8.306],[77.974,8.334],[78.041,8.358],[78.06,8.381],[78.067,8.416],[78.105,8.463],[78.129,8.484],[78.133,8.499],[78.125,8.536],[78.135,8.553],[78.142,8.591],[78.126,8.635],[78.141,8.693],[78.16,8.716],[78.175,8.766],[78.165,8.793],[78.172,8.88],[78.183,8.896],[78.192,8.928],[78.213,8.962],[78.268,9.001],[78.282,9.022],[78.422,9.113],[78.527,9.136],[78.574,9.128],[78.6,9.148],[78.652,9.157],[78.646,9.175],[78.673,9.194],[78.721,9.187],[78.722,9.203],[78.815,9.237],[78.878,9.257],[78.905,9.248],[78.942,9.271],[78.988,9.275],[79.05,9.262],[79.094,9.26],[79.15,9.275],[79.184,9.278],[79.187,9.288],[79.121,9.293],[79.101,9.289],[79.052,9.3],[78.988,9.354],[78.93,9.416],[78.9,9.457],[78.898,9.489],[78.915,9.5],[78.919,9.565],[78.925,9.586],[78.955,9.626],[78.992,9.713],[79.029,9.752],[79.056,9.771],[79.081,9.811],[79.123,9.858],[79.125,9.889],[79.151,9.911],[79.167,9.943],[79.195,9.964],[79.222,10.007],[79.263,10.036],[79.245,10.071],[79.233,10.076],[79.226,10.104],[79.233,10.124],[79.229,10.145],[79.24,10.175],[79.278,10.214],[79.276,10.238],[79.299,10.264],[79.329,10.286],[79.353,10.29],[79.388,10.322],[79.439,10.325],[79.519,10.312],[79.617,10.302],[79.769,10.273],[79.748,10.3],[79.723,10.289],[79.681,10.307],[79.648,10.316],[79.613,10.318],[79.638,10.338],[79.706,10.312],[79.729,10.33],[79.786,10.29],[79.798,10.271],[79.879,10.29],[79.871,10.34],[79.858,10.569],[79.857,10.669],[79.851,10.716],[79.849,10.88],[79.852,10.916],[79.853,10.995],[79.857,11.013],[79.857,11.151],[79.846,11.247],[79.838,11.283],[79.834,11.328],[79.838,11.355],[79.825,11.367],[79.81,11.439],[79.791,11.476],[79.763,11.538],[79.759,11.613],[79.77,11.674],[79.793,11.756],[79.794,11.78],[79.823,11.899],[79.846,11.976],[79.86,12.013],[79.888,12.07],[79.99,12.227],[80.019,12.282],[80.068,12.349],[80.138,12.432],[80.131,12.447],[80.164,12.478],[80.164,12.517],[80.188,12.572],[80.201,12.622],[80.237,12.726],[80.254,12.767],[80.247,12.793],[80.252,12.878],[80.26,12.937],[80.279,13.013],[80.285,13.055],[80.301,13.084],[80.298,13.119],[80.333,13.245],[80.342,13.27],[80.346,13.312],[80.328,13.385],[80.289,13.403],[80.287,13.44],[80.311,13.432],[80.318,13.452],[80.302,13.476],[80.284,13.534],[80.244,13.619],[80.236,13.683],[80.248,13.759],[80.249,13.788],[80.239,13.826],[80.216,13.874],[80.169,13.992],[80.144,14.018],[80.154,14.024],[80.145,14.056],[80.129,14.149],[80.129,14.184],[80.151,14.299],[80.173,14.347],[80.173,14.374],[80.182,14.48],[80.195,14.564],[80.171,14.567],[80.143,14.556],[80.116,14.53],[80.093,14.534],[80.147,14.568],[80.18,14.583],[80.16,14.636],[80.145,14.691],[80.114,14.733],[80.091,14.801],[80.075,14.817],[80.093,14.827],[80.086,14.876],[80.074,14.925],[80.063,14.987],[80.053,15],[80.046,15.05],[80.051,15.113],[80.065,15.164],[80.084,15.195],[80.087,15.216],[80.08,15.257],[80.1,15.326],[80.13,15.38],[80.154,15.406],[80.197,15.463],[80.213,15.535],[80.223,15.547],[80.24,15.614],[80.277,15.682],[80.345,15.752],[80.393,15.784],[80.488,15.827],[80.521,15.846],[80.512,15.858],[80.605,15.868],[80.641,15.878],[80.731,15.886],[80.756,15.88],[80.782,15.863],[80.808,15.836],[80.816,15.809],[80.815,15.758],[80.804,15.745],[80.804,15.72],[80.839,15.707],[80.878,15.722],[80.938,15.729],[80.96,15.736],[81.012,15.776],[80.996,15.824],[81.045,15.897],[81.079,15.924],[81.14,15.961],[81.153,15.975],[81.148,16.019],[81.161,16.05],[81.185,16.084],[81.2,16.164],[81.223,16.227],[81.266,16.267],[81.266,16.294],[81.246,16.301],[81.258,16.319],[81.287,16.324],[81.315,16.338],[81.312,16.359],[81.347,16.366],[81.382,16.359],[81.409,16.381],[81.405,16.337],[81.433,16.342],[81.529,16.351],[81.554,16.36],[81.593,16.342],[81.65,16.338],[81.683,16.328],[81.726,16.307],[81.777,16.33],[81.855,16.371],[81.91,16.387],[81.968,16.396],[82.007,16.423],[82.069,16.45],[82.138,16.485],[82.143,16.517],[82.164,16.55],[82.18,16.561],[82.2,16.558],[82.169,16.521],[82.183,16.503],[82.23,16.534],[82.258,16.545],[82.27,16.564],[82.298,16.57],[82.324,16.651],[82.352,16.68],[82.34,16.689],[82.351,16.724],[82.349,16.751],[82.365,16.826],[82.352,16.849],[82.304,16.857],[82.267,16.872],[82.249,16.897],[82.253,16.932],[82.266,16.931],[82.284,16.996],[82.301,17.024],[82.371,17.094],[82.41,17.127],[82.446,17.164],[82.56,17.256],[82.63,17.299],[82.753,17.366],[82.84,17.4],[82.866,17.415],[82.945,17.453],[82.993,17.471],[83.007,17.495],[83.045,17.517],[83.106,17.539],[83.14,17.547],[83.217,17.59],[83.232,17.608],[83.197,17.627],[83.216,17.647],[83.241,17.625],[83.284,17.656],[83.3,17.69],[83.346,17.721],[83.358,17.755],[83.378,17.768],[83.416,17.807],[83.414,17.841],[83.453,17.88],[83.446,17.92],[83.475,17.911],[83.516,17.935],[83.554,17.963],[83.566,18.002],[83.587,18.015],[83.63,18.052],[83.668,18.073],[83.703,18.102],[83.777,18.139],[83.869,18.171],[83.898,18.197],[83.954,18.214],[83.977,18.23],[84.058,18.263],[84.075,18.279],[84.118,18.301],[84.135,18.35],[84.149,18.369],[84.222,18.442],[84.25,18.463],[84.283,18.495],[84.349,18.548],[84.304,18.532],[84.31,18.554],[84.334,18.574],[84.363,18.576],[84.412,18.636],[84.437,18.65],[84.437,18.664],[84.493,18.734],[84.555,18.786],[84.581,18.867],[84.598,18.875],[84.633,18.916],[84.692,18.969],[84.718,19.01],[84.732,19.022],[84.728,19.051],[84.755,19.055],[84.776,19.088],[84.809,19.153],[84.839,19.191],[84.891,19.244],[84.938,19.284],[84.967,19.304],[85.092,19.38],[85.1,19.403],[85.214,19.494],[85.351,19.584],[85.445,19.632],[85.563,19.682],[85.63,19.714],[85.696,19.751],[85.898,19.817],[85.974,19.833],[86.045,19.841],[86.068,19.852],[86.092,19.854],[86.167,19.878],[86.229,19.895],[86.221,19.909],[86.232,19.933],[86.256,19.912],[86.299,19.934],[86.367,19.948],[86.368,19.975],[86.382,20.001],[86.4,19.999],[86.429,20.053],[86.443,20.052],[86.48,20.092],[86.527,20.168],[86.555,20.192],[86.608,20.227],[86.674,20.258],[86.693,20.274],[86.757,20.308],[86.784,20.326],[86.781,20.381],[86.751,20.379],[86.715,20.392],[86.733,20.411],[86.739,20.46],[86.787,20.529],[86.823,20.556],[86.856,20.574],[86.932,20.632],[87.015,20.683],[87.015,20.694],[86.972,20.699],[87.01,20.72],[86.999,20.763],[86.985,20.772],[86.951,20.763],[86.898,20.763],[86.881,20.773],[86.857,20.773],[86.831,20.755],[86.823,20.769],[86.872,20.794],[86.974,20.793],[86.98,20.822],[86.979,20.86],[86.911,20.978],[86.898,21.009],[86.875,21.044],[86.855,21.094],[86.843,21.157],[86.853,21.195],[86.866,21.222],[86.893,21.255],[86.947,21.352],[86.987,21.389],[87.041,21.419],[87.065,21.441],[87.069,21.461],[87.088,21.459],[87.113,21.484],[87.15,21.508],[87.205,21.53],[87.238,21.537],[87.361,21.541],[87.388,21.532],[87.395,21.542],[87.359,21.568],[87.384,21.573],[87.403,21.548],[87.417,21.549],[87.427,21.572],[87.474,21.6],[87.534,21.608],[87.585,21.62],[87.667,21.632],[87.707,21.645],[87.744,21.668],[87.759,21.684],[87.785,21.687],[87.837,21.716],[87.897,21.774],[87.961,21.826],[88.004,21.904],[88.021,21.95],[88.053,22.013],[88.018,22.04],[88.011,22.07],[87.982,22.099],[87.961,22.101],[87.845,22.124],[87.732,22.123],[87.676,22.101],[87.608,22.095],[87.563,22.097],[87.489,22.069],[87.469,22.044],[87.456,21.995],[87.426,21.941],[87.371,21.936],[87.257,21.922],[87.239,21.9],[87.252,21.876],[87.252,21.854],[87.094,21.705],[87.007,21.646],[86.991,21.643],[86.989,21.621],[86.96,21.598],[86.906,21.571],[86.872,21.51],[86.833,21.46],[86.75,21.371],[86.691,21.284],[86.665,21.195],[86.639,21.04],[86.63,20.95],[86.623,20.818],[86.194,20.435],[85.364,19.958],[85.065,19.797],[84.806,19.541],[84.027,18.807],[83.861,18.765],[83.585,18.509],[83.445,18.385],[83.186,18.129],[82.372,17.515],[81.95,17.085],[81.738,16.914],[81.736,16.913],[81.523,16.742],[81.115,16.598],[80.197,16.242],[79.952,16.072],[79.772,15.824],[79.697,15.14],[79.713,14.842],[79.878,13.865],[80.082,13.55],[80.088,13.536],[80.087,13.491],[79.905,13.373],[79.819,13.277],[79.783,13.181],[79.728,12.995],[79.661,12.947],[79.631,12.839],[79.716,12.636],[79.717,12.51],[79.693,12.396],[79.65,12.301],[79.554,12.091],[79.452,11.828],[79.434,11.787],[79.423,11.363],[79.49,11.215],[79.49,11.155],[79.467,10.893],[79.402,10.792],[79.401,10.777],[79.36,10.715],[79.27,10.589],[79.211,10.476],[79.146,10.345],[79.058,10.102],[78.904,9.893],[78.768,9.655],[78.663,9.483],[78.641,9.44],[78.497,9.363],[78.214,9.153],[78.109,9.016],[78.022,8.873],[77.959,8.713],[77.897,8.529],[77.804,8.41],[77.739,8.403],[77.562,8.4],[77.497,8.423],[77.279,8.557],[77.284,8.546],[77.267,8.51],[77.242,8.497],[77.225,8.513],[77.21,8.496],[77.229,8.446],[77.208,8.443],[77.199,8.417],[77.173,8.385],[77.154,8.386],[77.176,8.353],[77.169,8.33],[77.141,8.331],[77.1,8.291]]],[[[79.327,9.297],[79.333,9.313],[79.317,9.325],[79.29,9.316],[79.271,9.293],[79.233,9.294],[79.211,9.289],[79.22,9.258],[79.262,9.261],[79.331,9.231],[79.401,9.183],[79.417,9.184],[79.355,9.231],[79.317,9.275],[79.327,9.297]]],[[[81.394,16.334],[81.369,16.334],[81.352,16.323],[81.268,16.311],[81.279,16.296],[81.275,16.278],[81.327,16.307],[81.394,16.334]]]]},"properties":{"physio_reg":"EASTERN COASTAL PLAIN  HOT SUBHUMID TO SEMI-ARID EGO-REGION","ae_regcode":18}},
{"type":"Feature","geometry":{"type":"MultiPolygon","coordinates":[[[[72.822,21.66],[72.787,21.645],[72.752,21.65],[72.723,21.639],[72.705,21.652],[72.673,21.628],[72.628,21.617],[72.608,21.583],[72.613,21.557],[72.631,21.539],[72.674,21.52],[72.658,21.471],[72.646,21.435],[72.665,21.427],[72.625,21.382],[72.622,21.345],[72.593,21.312],[72.589,21.279],[72.597,21.25],[72.619,21.223],[72.621,21.143],[72.626,21.09],[72.652,21.077],[72.659,21.088],[72.658,21.123],[72.665,21.153],[72.681,21.158],[72.716,21.141],[72.7,21.101],[72.7,21.061],[72.729,21.066],[72.723,21.034],[72.737,20.974],[72.756,20.931],[72.807,20.953],[72.802,20.936],[72.784,20.932],[72.783,20.9],[72.817,20.819],[72.826,20.78],[72.838,20.761],[72.85,20.71],[72.86,20.687],[72.883,20.61],[72.886,20.571],[72.871,20.536],[72.873,20.506],[72.826,20.451],[72.804,20.377],[72.776,20.358],[72.759,20.331],[72.761,20.317],[72.738,20.246],[72.746,20.202],[72.738,20.19],[72.735,20.157],[72.721,20.103],[72.704,20.081],[72.711,20.047],[72.725,20.036],[72.715,20.016],[72.72,19.979],[72.741,19.973],[72.76,19.981],[72.77,19.939],[72.75,19.912],[72.735,19.91],[72.72,19.943],[72.699,19.962],[72.669,19.943],[72.663,19.918],[72.673,19.873],[72.645,19.863],[72.644,19.839],[72.665,19.822],[72.686,19.793],[72.687,19.774],[72.671,19.762],[72.678,19.746],[72.676,19.714],[72.696,19.717],[72.714,19.687],[72.698,19.68],[72.695,19.657],[72.705,19.63],[72.72,19.619],[72.71,19.553],[72.728,19.52],[72.73,19.5],[72.749,19.486],[72.746,19.464],[72.753,19.432],[72.758,19.374],[72.8,19.33],[72.784,19.3],[72.779,19.216],[72.794,19.191],[72.787,19.148],[72.818,19.123],[72.822,19.075],[72.808,18.98],[72.81,18.951],[72.821,18.933],[72.806,18.909],[72.811,18.894],[72.865,18.804],[72.86,18.774],[72.866,18.757],[72.853,18.693],[72.862,18.678],[72.862,18.639],[72.868,18.62],[72.908,18.579],[72.921,18.548],[72.907,18.536],[72.91,18.501],[72.892,18.459],[72.905,18.432],[72.912,18.392],[72.927,18.375],[72.913,18.359],[72.954,18.332],[72.962,18.316],[72.947,18.285],[72.933,18.281],[72.94,18.232],[72.976,18.199],[72.986,18.158],[72.971,18.129],[73.002,18.074],[72.992,18.05],[73.012,18.046],[73.018,18.03],[73.008,18.014],[73.028,17.987],[73.034,17.936],[73.055,17.918],[73.056,17.893],[73.076,17.878],[73.092,17.839],[73.098,17.808],[73.109,17.79],[73.138,17.719],[73.117,17.693],[73.145,17.604],[73.16,17.591],[73.143,17.566],[73.145,17.549],[73.184,17.508],[73.195,17.464],[73.188,17.411],[73.171,17.399],[73.188,17.384],[73.206,17.387],[73.219,17.371],[73.222,17.345],[73.243,17.32],[73.232,17.298],[73.202,17.293],[73.22,17.275],[73.269,17.146],[73.271,17.114],[73.282,17.111],[73.293,17.08],[73.294,17.056],[73.28,17.04],[73.258,17.046],[73.259,17.024],[73.282,17.014],[73.283,16.991],[73.295,16.975],[73.285,16.948],[73.29,16.926],[73.282,16.893],[73.294,16.885],[73.293,16.834],[73.318,16.797],[73.304,16.763],[73.304,16.743],[73.327,16.675],[73.325,16.639],[73.353,16.621],[73.326,16.583],[73.344,16.575],[73.315,16.539],[73.334,16.479],[73.344,16.475],[73.37,16.394],[73.373,16.363],[73.387,16.358],[73.394,16.31],[73.406,16.295],[73.432,16.201],[73.442,16.196],[73.451,16.147],[73.471,16.13],[73.474,16.096],[73.459,16.057],[73.487,16.038],[73.495,16.005],[73.488,15.975],[73.512,15.939],[73.539,15.937],[73.59,15.91],[73.616,15.867],[73.629,15.856],[73.666,15.765],[73.66,15.745],[73.687,15.723],[73.702,15.691],[73.741,15.569],[73.748,15.562],[73.765,15.5],[73.806,15.494],[73.804,15.455],[73.84,15.448],[73.864,15.432],[73.908,15.417],[73.873,15.4],[73.843,15.411],[73.804,15.393],[73.81,15.38],[73.843,15.36],[73.87,15.37],[73.892,15.338],[73.94,15.177],[73.947,15.146],[73.94,15.12],[73.914,15.09],[73.963,15.069],[73.982,15.046],[73.984,15.026],[74.046,14.987],[74.042,14.915],[74.076,14.908],[74.097,14.893],[74.097,14.88],[74.113,14.846],[74.138,14.846],[74.173,14.869],[74.171,14.829],[74.125,14.833],[74.123,14.806],[74.108,14.786],[74.144,14.774],[74.159,14.751],[74.204,14.733],[74.237,14.747],[74.263,14.722],[74.256,14.706],[74.276,14.689],[74.285,14.64],[74.279,14.619],[74.314,14.551],[74.315,14.518],[74.331,14.514],[74.369,14.543],[74.408,14.487],[74.408,14.448],[74.381,14.463],[74.378,14.509],[74.357,14.511],[74.375,14.464],[74.387,14.421],[74.397,14.408],[74.414,14.312],[74.444,14.281],[74.479,14.284],[74.497,14.244],[74.47,14.256],[74.458,14.25],[74.435,14.267],[74.446,14.224],[74.465,14.198],[74.484,14.12],[74.483,14.1],[74.498,14.063],[74.516,13.989],[74.538,13.973],[74.538,13.96],[74.567,13.949],[74.587,13.92],[74.598,13.878],[74.626,13.859],[74.614,13.835],[74.628,13.779],[74.632,13.729],[74.65,13.663],[74.669,13.649],[74.672,13.68],[74.728,13.635],[74.709,13.615],[74.676,13.623],[74.672,13.6],[74.686,13.473],[74.724,13.459],[74.714,13.42],[74.732,13.403],[74.694,13.398],[74.695,13.358],[74.718,13.335],[74.714,13.288],[74.728,13.252],[74.739,13.204],[74.749,13.186],[74.766,13.091],[74.779,13.09],[74.783,13.031],[74.799,12.959],[74.807,12.895],[74.828,12.831],[74.864,12.755],[74.896,12.694],[74.95,12.568],[74.981,12.488],[74.991,12.492],[75.002,12.448],[75.041,12.39],[75.09,12.289],[75.13,12.187],[75.202,12.018],[75.23,12.022],[75.249,12.016],[75.288,11.958],[75.319,11.973],[75.323,11.941],[75.311,11.93],[75.332,11.894],[75.369,11.852],[75.384,11.86],[75.41,11.835],[75.428,11.807],[75.454,11.785],[75.464,11.764],[75.511,11.728],[75.547,11.676],[75.574,11.613],[75.586,11.574],[75.604,11.533],[75.621,11.476],[75.637,11.46],[75.654,11.462],[75.677,11.45],[75.7,11.423],[75.729,11.368],[75.74,11.357],[75.739,11.328],[75.748,11.317],[75.774,11.25],[75.798,11.179],[75.815,11.172],[75.81,11.154],[75.834,11.113],[75.852,11.054],[75.867,10.993],[75.868,10.973],[75.889,10.876],[75.904,10.796],[75.925,10.765],[75.935,10.729],[75.948,10.705],[75.991,10.608],[76.011,10.572],[76.026,10.532],[76.042,10.525],[76.062,10.465],[76.105,10.364],[76.121,10.315],[76.14,10.233],[76.155,10.199],[76.167,10.189],[76.202,10.049],[76.22,10.002],[76.243,9.969],[76.241,9.954],[76.258,9.902],[76.278,9.807],[76.285,9.753],[76.29,9.672],[76.306,9.597],[76.319,9.504],[76.337,9.422],[76.363,9.351],[76.384,9.315],[76.411,9.244],[76.465,9.119],[76.482,9.096],[76.507,9.041],[76.524,8.996],[76.536,8.944],[76.554,8.891],[76.592,8.877],[76.615,8.856],[76.672,8.781],[76.713,8.731],[76.77,8.655],[76.795,8.629],[76.892,8.5],[76.971,8.413],[76.983,8.38],[76.999,8.378],[77.056,8.324],[77.1,8.291],[77.141,8.331],[77.169,8.33],[77.176,8.353],[77.154,8.386],[77.173,8.385],[77.199,8.417],[77.208,8.443],[77.229,8.446],[77.21,8.496],[77.225,8.513],[77.242,8.497],[77.267,8.51],[77.284,8.546],[77.279,8.557],[77.27,8.579],[77.247,8.606],[77.247,8.621],[77.217,8.649],[77.197,8.708],[77.185,8.716],[77.173,8.746],[77.195,8.743],[77.233,8.784],[77.235,8.806],[77.265,8.84],[77.258,8.877],[77.224,8.902],[77.198,8.955],[77.176,8.987],[77.151,9.008],[77.149,9.02],[77.171,9.045],[77.197,9.053],[77.21,9.074],[77.213,9.097],[77.25,9.127],[77.269,9.152],[77.267,9.199],[77.284,9.218],[77.276,9.233],[77.284,9.271],[77.283,9.3],[77.303,9.317],[77.337,9.36],[77.338,9.415],[77.368,9.459],[77.389,9.455],[77.399,9.47],[77.403,9.516],[77.387,9.518],[77.367,9.536],[77.357,9.587],[77.337,9.577],[77.32,9.602],[77.302,9.596],[77.277,9.576],[77.239,9.582],[77.201,9.615],[77.171,9.61],[77.181,9.657],[77.195,9.669],[77.207,9.695],[77.205,9.724],[77.223,9.731],[77.225,9.789],[77.249,9.798],[77.234,9.822],[77.239,9.852],[77.214,9.875],[77.219,9.903],[77.237,9.932],[77.276,9.973],[77.265,9.982],[77.255,10.012],[77.264,10.025],[77.219,10.077],[77.202,10.105],[77.239,10.127],[77.268,10.121],[77.275,10.138],[77.279,10.189],[77.295,10.216],[77.289,10.23],[77.265,10.233],[77.265,10.263],[77.228,10.315],[77.236,10.349],[77.176,10.355],[77.128,10.319],[77.087,10.304],[77.059,10.283],[77.052,10.257],[76.995,10.228],[76.972,10.227],[76.941,10.238],[76.922,10.231],[76.905,10.241],[76.897,10.263],[76.863,10.291],[76.832,10.303],[76.84,10.346],[76.852,10.368],[76.828,10.395],[76.819,10.423],[76.83,10.447],[76.832,10.499],[76.844,10.537],[76.836,10.546],[76.842,10.593],[76.827,10.596],[76.817,10.634],[76.884,10.638],[76.882,10.672],[76.867,10.681],[76.887,10.715],[76.909,10.779],[76.9,10.808],[76.871,10.808],[76.848,10.824],[76.856,10.835],[76.829,10.87],[76.784,10.89],[76.743,10.889],[76.711,10.909],[76.695,10.91],[76.658,10.937],[76.671,10.968],[76.688,10.987],[76.701,11.025],[76.722,11.04],[76.767,11.032],[76.762,11.055],[76.745,11.072],[76.756,11.092],[76.751,11.118],[76.707,11.14],[76.696,11.165],[76.716,11.187],[76.731,11.192],[76.737,11.214],[76.707,11.239],[76.781,11.286],[76.888,11.348],[77.056,11.423],[77.067,11.425],[76.968,11.553],[76.883,11.599],[76.847,11.582],[76.765,11.622],[76.595,11.616],[76.502,11.669],[76.389,11.723],[76.303,11.771],[76.197,11.835],[76.134,11.948],[76.134,12.02],[76.143,12.125],[76.035,12.249],[76.005,12.296],[75.976,12.376],[75.959,12.445],[75.978,12.551],[75.973,12.654],[75.947,12.768],[75.91,13.03],[75.882,13.159],[75.841,13.314],[75.808,13.418],[75.747,13.585],[75.68,13.734],[75.561,13.87],[75.478,13.997],[75.425,14.101],[75.375,14.181],[75.296,14.275],[75.217,14.349],[75.106,14.406],[75.098,14.414],[74.973,14.529],[74.859,14.742],[74.725,15],[74.666,15.188],[74.391,15.713],[74.311,15.884],[74.255,15.988],[73.858,17.02],[73.802,17.207],[73.746,17.432],[73.744,17.529],[73.707,17.627],[73.617,17.752],[73.594,17.816],[73.59,17.894],[73.621,17.997],[73.612,18.087],[73.59,18.156],[73.563,18.208],[73.536,18.285],[73.538,18.658],[73.57,18.927],[73.599,19.134],[73.645,19.234],[73.676,19.393],[73.67,19.515],[73.59,19.724],[73.512,19.873],[73.464,20.053],[73.436,20.235],[73.468,20.376],[73.552,20.501],[73.679,20.555],[73.882,20.637],[73.927,20.785],[73.894,20.942],[73.864,21.014],[73.735,21.142],[73.733,21.139],[73.707,21.15],[73.674,21.151],[73.629,21.132],[73.63,21.152],[73.613,21.157],[73.6,21.178],[73.581,21.167],[73.314,21.2],[73.149,21.253],[73.022,21.32],[72.927,21.395],[72.822,21.66]]],[[[72.672,21.155],[72.665,21.148],[72.676,21.105],[72.697,21.119],[72.71,21.141],[72.672,21.155]]]]},"properties":{"physio_reg":"WESTERN GHATS AND COASTAL PLAIN  HOT HUMID-PERHUMID ECO-REGION","ae_regcode":19}},
{"type":"Feature","geometry":{"type":"MultiPolygon","coordinates":[[[[92.899,12.915],[92.896,12.899],[92.873,12.881],[92.844,12.875],[92.84,12.877],[92.843,12.885],[92.84,12.891],[92.831,12.885],[92.823,12.896],[92.804,12.897],[92.791,12.889],[92.793,12.864],[92.754,12.848],[92.724,12.827],[92.721,12.788],[92.739,12.738],[92.744,12.672],[92.736,12.64],[92.712,12.623],[92.701,12.6],[92.708,12.555],[92.695,12.519],[92.701,12.501],[92.706,12.45],[92.698,12.431],[92.696,12.391],[92.7,12.334],[92.72,12.304],[92.756,12.297],[92.771,12.317],[92.795,12.306],[92.811,12.315],[92.83,12.305],[92.87,12.317],[92.881,12.335],[92.873,12.353],[92.838,12.398],[92.829,12.426],[92.864,12.427],[92.899,12.417],[92.921,12.427],[92.923,12.443],[92.942,12.45],[92.959,12.487],[92.976,12.542],[92.957,12.593],[92.957,12.642],[92.963,12.661],[92.969,12.74],[92.962,12.753],[92.934,12.774],[92.954,12.808],[92.928,12.884],[92.899,12.915]]],[[[93.03,13.57],[93.014,13.548],[92.987,13.57],[92.967,13.542],[92.917,13.536],[92.925,13.496],[92.903,13.481],[92.872,13.472],[92.884,13.43],[92.865,13.401],[92.847,13.411],[92.827,13.329],[92.842,13.302],[92.823,13.277],[92.85,13.239],[92.828,13.237],[92.829,13.209],[92.814,13.153],[92.845,13.142],[92.842,13.127],[92.81,13.127],[92.808,13.1],[92.793,13.058],[92.788,13.017],[92.81,12.998],[92.795,12.987],[92.801,12.948],[92.794,12.915],[92.802,12.9],[92.81,12.9],[92.826,12.895],[92.83,12.886],[92.839,12.893],[92.844,12.89],[92.844,12.885],[92.841,12.877],[92.856,12.878],[92.872,12.883],[92.854,12.926],[92.877,12.947],[92.875,12.965],[92.892,12.991],[92.907,12.986],[92.91,12.962],[92.927,12.958],[92.939,12.972],[92.908,13],[92.903,13.02],[92.916,13.055],[92.951,13.029],[92.984,13.026],[93.006,13.032],[93.034,13.081],[93.032,13.125],[93.037,13.14],[93.032,13.178],[93.056,13.233],[93.058,13.252],[93.03,13.281],[93.013,13.276],[93.013,13.306],[92.953,13.333],[92.96,13.358],[92.976,13.35],[93.003,13.354],[93.04,13.351],[93.04,13.322],[93.061,13.317],[93.09,13.336],[93.071,13.347],[93.048,13.405],[93.033,13.426],[93.029,13.461],[93.043,13.505],[93.038,13.55],[93.03,13.57]]],[[[92.698,12.24],[92.685,12.222],[92.663,12.218],[92.644,12.177],[92.625,12.107],[92.619,12.065],[92.626,12.048],[92.612,12.009],[92.613,11.959],[92.606,11.924],[92.594,11.899],[92.563,11.947],[92.526,11.896],[92.514,11.85],[92.525,11.827],[92.549,11.817],[92.554,11.767],[92.552,11.723],[92.595,11.711],[92.598,11.679],[92.591,11.671],[92.608,11.637],[92.606,11.608],[92.618,11.586],[92.647,11.572],[92.642,11.561],[92.648,11.522],[92.672,11.504],[92.685,11.512],[92.712,11.489],[92.727,11.519],[92.753,11.609],[92.757,11.665],[92.72,11.685],[92.72,11.653],[92.699,11.65],[92.673,11.627],[92.665,11.645],[92.684,11.651],[92.702,11.673],[92.703,11.697],[92.732,11.699],[92.755,11.718],[92.766,11.752],[92.769,11.799],[92.786,11.867],[92.78,11.897],[92.785,11.936],[92.765,11.94],[92.747,11.933],[92.733,11.905],[92.717,11.946],[92.719,11.963],[92.736,11.985],[92.755,11.982],[92.763,11.999],[92.737,12.021],[92.777,12.024],[92.772,12.047],[92.755,12.058],[92.736,12.084],[92.736,12.104],[92.756,12.153],[92.758,12.177],[92.736,12.182],[92.718,12.177],[92.709,12.2],[92.706,12.229],[92.698,12.24]]],[[[93.849,7.241],[93.81,7.229],[93.802,7.203],[93.785,7.216],[93.76,7.214],[93.739,7.191],[93.691,7.191],[93.674,7.176],[93.675,7.139],[93.656,7.127],[93.658,7.094],[93.669,7.066],[93.665,7.043],[93.678,7.016],[93.703,7.008],[93.747,6.962],[93.752,6.931],[93.775,6.894],[93.774,6.866],[93.794,6.848],[93.787,6.838],[93.81,6.804],[93.807,6.764],[93.835,6.757],[93.854,6.816],[93.887,6.798],[93.91,6.833],[93.894,6.847],[93.902,6.88],[93.901,6.908],[93.927,6.955],[93.931,7.01],[93.917,7.026],[93.915,7.054],[93.903,7.077],[93.887,7.087],[93.888,7.156],[93.88,7.177],[93.883,7.204],[93.868,7.217],[93.847,7.218],[93.849,7.241]]],[[[92.518,10.897],[92.493,10.889],[92.479,10.871],[92.457,10.862],[92.46,10.844],[92.428,10.818],[92.419,10.796],[92.382,10.763],[92.383,10.668],[92.41,10.645],[92.421,10.616],[92.41,10.583],[92.382,10.539],[92.402,10.531],[92.419,10.548],[92.463,10.535],[92.499,10.511],[92.531,10.518],[92.544,10.549],[92.568,10.576],[92.545,10.592],[92.54,10.615],[92.568,10.651],[92.579,10.676],[92.597,10.681],[92.598,10.7],[92.583,10.741],[92.587,10.788],[92.563,10.804],[92.558,10.863],[92.518,10.897]]],[[[92.829,12.302],[92.81,12.314],[92.78,12.288],[92.765,12.264],[92.75,12.274],[92.742,12.246],[92.769,12.229],[92.769,12.201],[92.765,12.176],[92.739,12.099],[92.74,12.082],[92.763,12.065],[92.793,12.084],[92.825,12.168],[92.847,12.16],[92.854,12.172],[92.847,12.198],[92.874,12.206],[92.873,12.226],[92.859,12.247],[92.883,12.257],[92.887,12.286],[92.872,12.301],[92.829,12.302]]],[[[74.101,11.204],[74.123,11.235],[74.118,11.258],[74.09,11.298],[74.05,11.331],[74.012,11.349],[73.991,11.352],[73.967,11.337],[73.965,11.306],[73.978,11.28],[74.012,11.241],[74.052,11.213],[74.082,11.203],[74.101,11.204]]],[[[93.39,8.02],[93.379,8.025],[93.354,8.008],[93.326,8],[93.323,7.973],[93.311,7.962],[93.32,7.932],[93.347,7.927],[93.352,7.893],[93.378,7.884],[93.396,7.901],[93.426,7.907],[93.442,7.899],[93.462,7.873],[93.475,7.893],[93.463,7.934],[93.436,7.956],[93.396,7.969],[93.407,8.01],[93.39,8.02]]],[[[93.713,7.443],[93.708,7.394],[93.664,7.381],[93.65,7.368],[93.633,7.371],[93.636,7.32],[93.628,7.305],[93.629,7.269],[93.647,7.244],[93.67,7.26],[93.679,7.282],[93.7,7.303],[93.724,7.308],[93.739,7.342],[93.757,7.358],[93.756,7.374],[93.721,7.405],[93.713,7.443]]],[[[93.525,8.232],[93.492,8.22],[93.491,8.2],[93.455,8.175],[93.462,8.119],[93.483,8.081],[93.486,8.052],[93.514,8.084],[93.516,8.059],[93.5,8.039],[93.486,8.044],[93.492,8.002],[93.507,8.002],[93.508,8.034],[93.529,8.047],[93.547,8.047],[93.552,8.074],[93.535,8.096],[93.513,8.139],[93.511,8.169],[93.538,8.186],[93.545,8.22],[93.525,8.232]]],[[[71.845,11.835],[71.831,11.893],[71.808,11.94],[71.801,11.97],[71.786,12.002],[71.773,12.004],[71.734,11.961],[71.733,11.947],[71.75,11.931],[71.761,11.872],[71.782,11.835],[71.815,11.831],[71.84,11.821],[71.845,11.835]]],[[[92.789,9.243],[92.779,9.247],[92.765,9.215],[92.725,9.219],[92.721,9.212],[92.72,9.146],[92.733,9.123],[92.774,9.126],[92.803,9.12],[92.827,9.139],[92.832,9.164],[92.818,9.215],[92.789,9.243]]],[[[92.641,11.51],[92.621,11.498],[92.612,11.459],[92.624,11.442],[92.62,11.402],[92.588,11.401],[92.593,11.38],[92.582,11.367],[92.598,11.348],[92.638,11.347],[92.664,11.355],[92.691,11.371],[92.692,11.386],[92.662,11.397],[92.658,11.412],[92.686,11.436],[92.671,11.486],[92.641,11.51]]],[[[92.697,12.991],[92.684,12.988],[92.668,12.954],[92.679,12.947],[92.671,12.923],[92.665,12.882],[92.649,12.862],[92.666,12.812],[92.689,12.818],[92.688,12.834],[92.72,12.874],[92.72,12.979],[92.697,12.991]]],[[[92.984,12.042],[92.965,12.039],[92.951,12.014],[92.929,12],[92.935,11.985],[92.96,11.982],[92.974,11.949],[93.006,11.929],[93.033,11.884],[93.053,11.904],[93.035,11.949],[93.007,12.001],[93.01,12.017],[92.984,12.042]]],[[[93.127,8.356],[93.096,8.339],[93.086,8.307],[93.085,8.276],[93.102,8.246],[93.121,8.224],[93.189,8.194],[93.205,8.215],[93.194,8.225],[93.153,8.244],[93.126,8.277],[93.143,8.347],[93.127,8.356]]],[[[72.265,10.011],[72.301,10.03],[72.323,10.056],[72.342,10.099],[72.334,10.131],[72.313,10.121],[72.276,10.093],[72.269,10.077],[72.245,10.056],[72.235,10.017],[72.265,10.011]]],[[[72.179,11.491],[72.195,11.496],[72.19,11.552],[72.195,11.591],[72.166,11.602],[72.137,11.552],[72.139,11.524],[72.147,11.503],[72.179,11.491]]],[[[72.096,11.192],[72.025,11.188],[72.025,11.161],[72.043,11.128],[72.06,11.122],[72.083,11.142],[72.096,11.192]]],[[[93.074,12.21],[93.057,12.193],[93.037,12.133],[93.075,12.084],[93.093,12.113],[93.085,12.154],[93.09,12.177],[93.074,12.21]]],[[[93.548,8.026],[93.508,7.985],[93.573,7.931],[93.579,7.934],[93.582,7.992],[93.563,8.025],[93.548,8.026]]],[[[71.901,12.285],[71.92,12.316],[71.926,12.378],[71.897,12.403],[71.88,12.394],[71.883,12.336],[71.891,12.288],[71.901,12.285]]],[[[92.216,11.595],[92.208,11.55],[92.213,11.535],[92.232,11.527],[92.27,11.523],[92.27,11.585],[92.216,11.595]]],[[[73.063,8.329],[73.053,8.329],[73.01,8.303],[73.008,8.275],[73.016,8.266],[73.05,8.262],[73.07,8.283],[73.068,8.298],[73.081,8.329],[73.063,8.329]]],[[[93.029,12.166],[93.002,12.133],[93.009,12.102],[93.008,12.076],[93.053,12.06],[93.049,12.084],[93.034,12.1],[93.036,12.124],[93.026,12.141],[93.029,12.166]]],[[[73.646,10.053],[73.654,10.106],[73.666,10.138],[73.659,10.155],[73.62,10.103],[73.622,10.075],[73.646,10.053]]],[[[92.991,12.109],[92.96,12.106],[92.964,12.069],[92.992,12.044],[93.005,12.104],[92.991,12.109]]],[[[92.731,12.242],[92.722,12.233],[92.721,12.19],[92.763,12.182],[92.768,12.202],[92.763,12.229],[92.738,12.231],[92.731,12.242]]],[[[93.588,8.107],[93.571,8.093],[93.572,8.068],[93.592,8.039],[93.588,8.107]]],[[[93.614,8.575],[93.611,8.544],[93.623,8.526],[93.629,8.47],[93.642,8.468],[93.636,8.523],[93.622,8.533],[93.614,8.575]]],[[[93.017,13.675],[92.982,13.665],[92.986,13.643],[93.008,13.647],[93.032,13.634],[93.017,13.675]]],[[[92.964,12.151],[92.962,12.124],[92.983,12.112],[93.001,12.12],[92.992,12.144],[92.964,12.151]]],[[[92.956,12.43],[92.928,12.41],[92.919,12.365],[92.933,12.361],[92.943,12.402],[92.956,12.43]]],[[[93.103,12.261],[93.071,12.258],[93.067,12.228],[93.102,12.206],[93.103,12.261]]],[[[93.032,11.837],[93.046,11.814],[93.072,11.835],[93.063,11.845],[93.032,11.837]]],[[[92.934,12.308],[92.93,12.284],[92.914,12.273],[92.927,12.251],[92.942,12.276],[92.934,12.308]]],[[[92.71,12.829],[92.701,12.814],[92.7,12.786],[92.712,12.777],[92.71,12.829]]],[[[92.541,11.603],[92.533,11.571],[92.554,11.562],[92.563,11.593],[92.541,11.603]]],[[[92.89,12.4],[92.854,12.409],[92.844,12.396],[92.863,12.38],[92.89,12.4]]],[[[92.711,12.297],[92.7,12.276],[92.713,12.248],[92.724,12.296],[92.711,12.297]]],[[[93.235,8.264],[93.22,8.246],[93.237,8.224],[93.249,8.241],[93.235,8.264]]],[[[72.647,10.578],[72.633,10.578],[72.615,10.553],[72.651,10.561],[72.647,10.578]]],[[[93.868,12.294],[93.851,12.29],[93.846,12.272],[93.872,12.268],[93.868,12.294]]],[[[94.26,13.436],[94.271,13.443],[94.276,13.469],[94.253,13.462],[94.26,13.436]]],[[[92.927,13.024],[92.921,13.001],[92.944,12.998],[92.939,13.026],[92.927,13.024]]]]},"properties":{"physio_reg":"ISLANDS  OF ANDAMAN-NICOBAR  AND LAKSHADWEEP  HOT  HUMID  TO PERHUMID ISLAND ECO REGION","ae_regcode":20}},
{"type":"Feature","geometry":{"type":"Polygon","coordinates":[[[78.42,14],[78.457,13.986],[78.487,13.958],[78.541,13.98],[78.581,13.971],[78.621,13.897],[78.645,13.888],[78.707,13.852],[78.771,13.843],[78.82,13.872],[78.916,13.907],[78.972,13.907],[79.054,13.884],[79.106,13.85],[79.152,13.831],[79.313,13.736],[79.362,13.736],[79.421,13.751],[79.445,13.792],[79.447,13.835],[79.445,13.893],[79.459,13.945],[79.726,13.905],[79.878,13.865],[79.713,14.842],[79.697,15.14],[79.772,15.824],[79.952,16.072],[80.197,16.242],[81.115,16.598],[81.523,16.742],[81.736,16.913],[81.738,16.914],[81.739,17.035],[81.665,17.188],[81.655,17.302],[81.607,17.401],[81.504,17.491],[81.185,17.856],[81.168,17.86],[81.106,17.824],[81.082,17.794],[81.041,17.797],[81.013,17.845],[81.003,17.921],[80.993,17.93],[80.981,18],[80.97,18.038],[80.974,18.05],[80.957,18.098],[80.957,18.13],[80.981,18.15],[80.982,18.175],[80.909,18.141],[80.87,18.139],[80.864,18.149],[80.857,18.206],[80.876,18.213],[80.867,18.232],[80.832,18.24],[80.825,18.231],[80.827,18.198],[80.806,18.172],[80.77,18.169],[80.743,18.178],[80.741,18.225],[80.792,18.249],[80.774,18.284],[80.752,18.308],[80.752,18.323],[80.731,18.367],[80.721,18.411],[80.699,18.425],[80.703,18.44],[80.688,18.459],[80.658,18.478],[80.645,18.499],[80.64,18.524],[80.622,18.531],[80.609,18.55],[80.54,18.591],[80.518,18.621],[80.496,18.632],[80.458,18.631],[80.41,18.612],[80.389,18.598],[80.374,18.609],[80.349,18.591],[80.327,18.626],[80.304,18.69],[80.275,18.722],[80.254,18.706],[80.209,18.702],[80.196,18.68],[80.175,18.684],[80.165,18.7],[80.114,18.682],[80.089,18.707],[80.053,18.725],[80.04,18.751],[80.019,18.771],[79.939,18.788],[79.923,18.801],[79.901,18.835],[79.843,18.785],[79.778,18.703],[79.726,18.695],[79.536,18.796],[79.463,18.839],[79.355,18.83],[79.206,18.873],[79.092,18.992],[78.956,19.071],[78.877,19.038],[78.742,19.011],[78.626,18.929],[78.603,18.815],[78.659,18.643],[78.594,18.547],[78.566,18.391],[78.569,18.23],[78.524,18.181],[78.441,18.166],[78.173,18.153],[78.177,18.115],[78.063,18.088],[77.954,18.115],[77.901,18.156],[77.806,18.204],[77.668,18.283],[77.607,18.28],[77.576,18.242],[77.589,18.219],[77.574,18.191],[77.583,18.164],[77.601,18.154],[77.597,18.13],[77.601,18.086],[77.571,18.078],[77.549,18.056],[77.557,18.037],[77.61,18.02],[77.633,17.995],[77.65,17.996],[77.657,17.972],[77.648,17.949],[77.624,17.947],[77.62,17.905],[77.589,17.911],[77.596,17.882],[77.571,17.869],[77.558,17.833],[77.53,17.829],[77.508,17.785],[77.527,17.782],[77.558,17.764],[77.566,17.75],[77.543,17.728],[77.498,17.719],[77.493,17.709],[77.461,17.701],[77.449,17.66],[77.454,17.635],[77.444,17.607],[77.444,17.584],[77.494,17.569],[77.505,17.544],[77.531,17.576],[77.552,17.552],[77.589,17.561],[77.596,17.536],[77.625,17.525],[77.661,17.524],[77.692,17.502],[77.688,17.476],[77.652,17.484],[77.615,17.473],[77.615,17.447],[77.577,17.457],[77.577,17.433],[77.537,17.444],[77.514,17.43],[77.515,17.416],[77.537,17.402],[77.525,17.389],[77.525,17.365],[77.486,17.357],[77.479,17.371],[77.455,17.373],[77.46,17.348],[77.453,17.318],[77.438,17.291],[77.458,17.279],[77.384,17.223],[77.395,17.196],[77.374,17.193],[77.364,17.165],[77.38,17.141],[77.408,17.126],[77.467,17.107],[77.482,17.064],[77.497,17.036],[77.503,17.011],[77.482,16.994],[77.483,16.972],[77.468,16.956],[77.472,16.921],[77.457,16.913],[77.465,16.848],[77.461,16.827],[77.476,16.8],[77.471,16.78],[77.439,16.781],[77.441,16.767],[77.428,16.718],[77.473,16.713],[77.469,16.682],[77.421,16.667],[77.437,16.642],[77.466,16.653],[77.476,16.647],[77.458,16.611],[77.461,16.585],[77.441,16.585],[77.425,16.569],[77.42,16.522],[77.385,16.516],[77.37,16.488],[77.328,16.485],[77.301,16.495],[77.296,16.478],[77.255,16.472],[77.268,16.434],[77.289,16.407],[77.07,15.904],[77.037,15.857],[77.032,15.83],[77.068,15.828],[77.066,15.783],[77.051,15.756],[77.051,15.73],[77.08,15.726],[77.08,15.696],[77.129,15.664],[77.12,15.63],[77.086,15.658],[77.073,15.646],[77.031,15.634],[77.028,15.581],[77.033,15.53],[77.031,15.505],[76.974,15.5],[77,15.472],[77.01,15.453],[77.032,15.44],[77.033,15.406],[77.048,15.389],[77.042,15.364],[77.067,15.343],[77.073,15.325],[77.114,15.332],[77.12,15.295],[77.153,15.291],[77.163,15.257],[77.373,15.22],[77.543,15.209],[77.876,15.134],[77.994,15.069],[78.1,14.86],[78.029,14.658],[78.062,14.447],[78.193,14.356],[78.365,14.287],[78.414,14.236],[78.446,14.049],[78.42,14]]]},"properties":{"physio_reg":"DECCAN PLATEAU  (TELANGANA) AND EASTERN GHATS  HOT SEMI ARID ECO-REGION","ae_regcode":7}},
{"type":"Feature","geometry":{"type":"Polygon","coordinates":[[[78.42,14],[78.388,13.941],[78.265,13.859],[78.241,13.783],[78.104,13.735],[78.094,13.742],[78.127,13.786],[78.117,13.812],[78.126,13.83],[78.115,13.862],[78.084,13.863],[78.08,13.88],[78.05,13.895],[78.047,13.861],[77.994,13.87],[77.974,13.829],[77.957,13.833],[77.95,13.879],[77.958,13.893],[77.987,13.902],[77.982,13.932],[77.987,13.956],[77.97,13.958],[77.959,13.936],[77.92,13.905],[77.898,13.919],[77.895,13.939],[77.871,13.935],[77.822,13.939],[77.814,13.926],[77.829,13.897],[77.836,13.869],[77.811,13.849],[77.782,13.84],[77.777,13.817],[77.737,13.81],[77.721,13.798],[77.719,13.746],[77.704,13.769],[77.677,13.76],[77.678,13.785],[77.657,13.784],[77.622,13.768],[77.589,13.738],[77.556,13.728],[77.547,13.751],[77.527,13.751],[77.536,13.715],[77.487,13.711],[77.484,13.685],[77.457,13.683],[77.452,13.703],[77.464,13.72],[77.47,13.751],[77.458,13.793],[77.416,13.807],[77.432,13.834],[77.38,13.839],[77.359,13.852],[77.327,13.833],[77.314,13.864],[77.292,13.853],[77.257,13.847],[77.247,13.901],[77.232,13.902],[77.199,13.863],[77.182,13.868],[77.189,13.908],[77.162,13.907],[77.171,13.873],[77.146,13.866],[77.152,13.842],[77.168,13.822],[77.161,13.807],[77.178,13.779],[77.173,13.762],[77.13,13.758],[77.102,13.768],[77.066,13.746],[77.041,13.776],[77.026,13.777],[77.018,13.739],[76.999,13.749],[76.987,13.792],[76.975,13.817],[77.012,13.857],[77.023,13.9],[77.047,13.904],[77.042,13.932],[76.995,13.963],[77,13.988],[76.954,14.013],[76.937,14.029],[76.943,14.054],[76.977,14.059],[76.974,14.086],[76.957,14.092],[76.948,14.118],[76.928,14.135],[76.918,14.128],[76.889,14.137],[76.333,14.407],[75.836,14.798],[75.794,14.71],[75.782,14.637],[75.804,14.546],[75.726,14.51],[75.64,14.411],[75.603,14.357],[75.549,14.322],[75.49,14.325],[75.429,14.395],[75.307,14.483],[75.262,14.501],[75.168,14.488],[75.098,14.426],[75.098,14.414],[75.106,14.406],[75.217,14.349],[75.296,14.275],[75.375,14.181],[75.425,14.101],[75.478,13.997],[75.561,13.87],[75.68,13.734],[75.747,13.585],[75.808,13.418],[75.841,13.314],[75.882,13.159],[75.91,13.03],[75.947,12.768],[75.973,12.654],[75.978,12.551],[75.959,12.445],[75.976,12.376],[76.005,12.296],[76.035,12.249],[76.143,12.125],[76.134,12.02],[76.134,11.948],[76.197,11.835],[76.303,11.771],[76.389,11.723],[76.502,11.669],[76.595,11.616],[76.765,11.622],[76.847,11.582],[76.883,11.599],[76.968,11.553],[77.067,11.425],[77.056,11.423],[76.888,11.348],[76.781,11.286],[76.707,11.239],[76.737,11.214],[76.731,11.192],[76.716,11.187],[76.696,11.165],[76.707,11.14],[76.751,11.118],[76.756,11.092],[76.745,11.072],[76.762,11.055],[76.767,11.032],[76.722,11.04],[76.701,11.025],[76.688,10.987],[76.671,10.968],[76.658,10.937],[76.695,10.91],[76.711,10.909],[76.743,10.889],[76.784,10.89],[76.829,10.87],[76.856,10.835],[76.848,10.824],[76.871,10.808],[76.9,10.808],[76.909,10.779],[76.887,10.715],[76.867,10.681],[76.882,10.672],[76.884,10.638],[76.817,10.634],[76.827,10.596],[76.842,10.593],[76.836,10.546],[76.844,10.537],[76.832,10.499],[76.83,10.447],[76.819,10.423],[76.828,10.395],[76.852,10.368],[76.84,10.346],[76.832,10.303],[76.863,10.291],[76.897,10.263],[76.905,10.241],[76.922,10.231],[76.941,10.238],[76.972,10.227],[76.995,10.228],[77.052,10.257],[77.059,10.283],[77.087,10.304],[77.128,10.319],[77.176,10.355],[77.236,10.349],[77.228,10.315],[77.265,10.263],[77.265,10.233],[77.289,10.23],[77.295,10.216],[77.279,10.189],[77.275,10.138],[77.268,10.121],[77.239,10.127],[77.202,10.105],[77.219,10.077],[77.264,10.025],[77.255,10.012],[77.265,9.982],[77.276,9.973],[77.237,9.932],[77.219,9.903],[77.214,9.875],[77.239,9.852],[77.234,9.822],[77.249,9.798],[77.225,9.789],[77.223,9.731],[77.205,9.724],[77.207,9.695],[77.195,9.669],[77.181,9.657],[77.171,9.61],[77.201,9.615],[77.239,9.582],[77.277,9.576],[77.302,9.596],[77.32,9.602],[77.337,9.577],[77.357,9.587],[77.367,9.536],[77.387,9.518],[77.403,9.516],[77.399,9.47],[77.389,9.455],[77.368,9.459],[77.338,9.415],[77.337,9.36],[77.303,9.317],[77.283,9.3],[77.284,9.271],[77.276,9.233],[77.284,9.218],[77.267,9.199],[77.269,9.152],[77.25,9.127],[77.213,9.097],[77.21,9.074],[77.197,9.053],[77.171,9.045],[77.149,9.02],[77.151,9.008],[77.176,8.987],[77.198,8.955],[77.224,8.902],[77.258,8.877],[77.265,8.84],[77.235,8.806],[77.233,8.784],[77.195,8.743],[77.173,8.746],[77.185,8.716],[77.197,8.708],[77.217,8.649],[77.247,8.621],[77.247,8.606],[77.27,8.579],[77.279,8.557],[77.497,8.423],[77.562,8.4],[77.739,8.403],[77.804,8.41],[77.897,8.529],[77.959,8.713],[78.022,8.873],[78.109,9.016],[78.214,9.153],[78.497,9.363],[78.641,9.44],[78.663,9.483],[78.768,9.655],[78.904,9.893],[79.058,10.102],[79.146,10.345],[79.211,10.476],[79.27,10.589],[79.36,10.715],[79.401,10.777],[79.402,10.792],[79.467,10.893],[79.49,11.155],[79.49,11.215],[79.423,11.363],[79.434,11.787],[79.452,11.828],[79.554,12.091],[79.65,12.301],[79.693,12.396],[79.717,12.51],[79.716,12.636],[79.631,12.839],[79.661,12.947],[79.728,12.995],[79.783,13.181],[79.819,13.277],[79.905,13.373],[80.087,13.491],[80.088,13.536],[80.082,13.55],[79.878,13.865],[79.726,13.905],[79.459,13.945],[79.445,13.893],[79.447,13.835],[79.445,13.792],[79.421,13.751],[79.362,13.736],[79.313,13.736],[79.152,13.831],[79.106,13.85],[79.054,13.884],[78.972,13.907],[78.916,13.907],[78.82,13.872],[78.771,13.843],[78.707,13.852],[78.645,13.888],[78.621,13.897],[78.581,13.971],[78.541,13.98],[78.487,13.958],[78.457,13.986],[78.42,14]]]},"properties":{"physio_reg":"EASTERN GHATS AND TAMIL NADU UPLANDS AND DECCAN (K ARNATAKA) PLATEAU  HOT SEMI-ARID ECO-REGION","ae_regcode":8}},
{"type":"Feature","geometry":{"type":"Polygon","coordinates":[[[83.074,25.263],[83.121,25.185],[83.12,25.155],[83.089,24.966],[83.112,24.824],[83.147,24.721],[83.251,24.626],[83.408,24.505],[83.506,24.526],[83.55,24.525],[83.608,24.512],[83.69,24.515],[83.725,24.504],[83.756,24.51],[83.807,24.529],[83.865,24.537],[83.876,24.532],[83.936,24.547],[83.98,24.596],[84,24.637],[84.032,24.628],[84.054,24.611],[84.067,24.576],[84.08,24.569],[84.097,24.533],[84.097,24.503],[84.117,24.481],[84.161,24.517],[84.187,24.51],[84.18,24.541],[84.228,24.55],[84.266,24.537],[84.277,24.564],[84.301,24.565],[84.327,24.522],[84.329,24.489],[84.302,24.48],[84.301,24.45],[84.323,24.447],[84.338,24.431],[84.333,24.411],[84.343,24.395],[84.369,24.386],[84.39,24.389],[84.402,24.368],[84.43,24.359],[84.425,24.331],[84.462,24.338],[84.469,24.317],[84.501,24.287],[84.525,24.334],[84.529,24.376],[84.553,24.374],[84.58,24.412],[84.608,24.401],[84.666,24.394],[84.674,24.431],[84.686,24.456],[84.714,24.472],[84.732,24.473],[84.749,24.496],[84.787,24.505],[84.791,24.518],[84.827,24.525],[84.84,24.511],[84.835,24.47],[84.87,24.458],[84.887,24.463],[84.885,24.423],[84.905,24.394],[84.911,24.372],[84.933,24.378],[84.976,24.376],[84.998,24.412],[85.039,24.425],[85.082,24.409],[85.073,24.387],[85.1,24.382],[85.122,24.409],[85.176,24.43],[85.16,24.464],[85.21,24.473],[85.231,24.471],[85.262,24.498],[85.289,24.497],[85.286,24.519],[85.304,24.529],[85.326,24.525],[85.39,24.533],[85.41,24.545],[85.44,24.536],[85.501,24.551],[85.511,24.53],[85.541,24.533],[85.547,24.551],[85.575,24.565],[85.568,24.584],[85.584,24.603],[85.615,24.585],[85.651,24.579],[85.672,24.582],[85.679,24.62],[85.668,24.651],[85.667,24.675],[85.712,24.729],[85.712,24.769],[85.728,24.787],[85.744,24.823],[85.772,24.813],[85.784,24.799],[85.818,24.795],[85.834,24.81],[85.885,24.801],[85.909,24.77],[85.911,24.763],[85.911,24.762],[85.934,24.741],[85.977,24.734],[85.984,24.748],[86.007,24.752],[86.013,24.766],[86.057,24.78],[86.044,24.804],[85.987,24.84],[85.914,24.868],[85.865,24.908],[85.836,24.941],[85.825,24.991],[85.776,25.044],[85.767,25.088],[85.758,25.103],[85.707,25.111],[85.696,25.149],[85.723,25.207],[85.713,25.247],[85.697,25.282],[85.635,25.343],[85.615,25.389],[85.588,25.409],[85.495,25.439],[85.437,25.45],[85.311,25.515],[85.273,25.569],[85.244,25.601],[85.121,25.643],[85.088,25.7],[85.06,25.717],[85.02,25.725],[84.951,25.714],[84.905,25.713],[84.82,25.686],[84.752,25.691],[84.682,25.71],[84.639,25.727],[84.635,25.74],[84.609,25.759],[84.629,25.791],[84.596,25.818],[84.555,25.84],[84.535,25.833],[84.537,25.876],[84.515,25.871],[84.494,25.887],[84.44,25.891],[84.417,25.929],[84.36,25.957],[84.322,25.946],[84.3,25.946],[84.249,25.981],[84.21,25.998],[84.181,25.997],[84.176,26.023],[84.145,26.045],[84.125,26.073],[84.1,26.094],[83.949,26.105],[83.861,26.162],[83.791,26.241],[83.739,26.264],[83.71,26.265],[83.649,26.251],[83.548,26.254],[83.392,26.305],[83.228,26.407],[83.151,26.408],[83.074,26.424],[82.971,26.488],[82.806,26.565],[82.697,26.585],[82.442,26.651],[82.325,26.693],[82.225,26.76],[82.193,26.804],[82.153,26.816],[82.026,26.81],[81.965,26.793],[81.812,26.857],[81.485,27.082],[81.425,27.178],[81.402,27.349],[81.358,27.445],[81.318,27.543],[81.295,27.664],[81.259,27.723],[81.133,27.796],[81.071,27.826],[80.998,27.877],[80.912,27.958],[80.782,28.061],[80.438,28.277],[80.384,28.339],[80.331,28.43],[80.113,28.503],[79.952,28.602],[79.89,28.627],[79.745,28.714],[79.663,28.802],[79.625,28.862],[79.62,28.861],[79.588,28.844],[79.563,28.84],[79.566,28.872],[79.545,28.884],[79.519,28.857],[79.488,28.861],[79.471,28.853],[79.42,28.852],[79.418,28.856],[79.407,28.879],[79.413,28.926],[79.391,28.93],[79.372,28.964],[79.361,28.946],[79.291,28.959],[79.25,29.001],[79.216,29.023],[79.18,29.01],[79.166,29.021],[79.177,29.045],[79.156,29.054],[79.147,29.076],[79.154,29.114],[79.13,29.128],[79.113,29.126],[79.085,29.146],[79.058,29.149],[79.025,29.143],[79.029,29.112],[79.012,29.11],[78.979,29.159],[78.956,29.144],[78.917,29.157],[78.911,29.197],[78.876,29.243],[78.843,29.255],[78.826,29.246],[78.771,29.281],[78.74,29.307],[78.738,29.324],[78.77,29.344],[78.797,29.337],[78.826,29.364],[78.869,29.38],[78.909,29.418],[78.913,29.45],[78.878,29.454],[78.778,29.478],[78.751,29.499],[78.706,29.503],[78.652,29.542],[78.634,29.547],[78.589,29.575],[78.543,29.618],[78.524,29.645],[78.52,29.685],[78.5,29.736],[78.437,29.756],[78.425,29.767],[78.399,29.768],[78.364,29.781],[78.314,29.86],[78.194,29.945],[78.099,30.027],[78.036,30.112],[77.995,30.189],[77.945,30.242],[77.913,30.259],[77.879,30.265],[77.826,30.286],[77.764,30.32],[77.724,30.334],[77.687,30.38],[77.649,30.405],[77.576,30.4],[77.556,30.392],[77.523,30.444],[77.504,30.413],[77.474,30.401],[77.448,30.399],[77.466,30.436],[77.439,30.436],[77.409,30.416],[77.393,30.441],[77.37,30.437],[77.359,30.457],[77.324,30.449],[77.277,30.462],[77.265,30.48],[77.24,30.484],[77.216,30.476],[77.213,30.502],[77.198,30.521],[77.151,30.534],[77.125,30.563],[77.171,30.595],[77.176,30.634],[77.166,30.65],[77.167,30.684],[77.138,30.703],[77.116,30.727],[77.09,30.741],[77.06,30.745],[77.026,30.738],[77.018,30.762],[77.011,30.81],[76.967,30.807],[76.941,30.833],[76.94,30.851],[76.916,30.893],[76.866,30.867],[76.836,30.884],[76.823,30.903],[76.824,30.927],[76.783,30.903],[76.762,30.926],[76.74,30.936],[76.726,30.96],[76.708,30.969],[76.682,30.966],[76.624,31.001],[76.627,31.019],[76.613,31.05],[76.619,31.075],[76.64,31.107],[76.603,31.125],[76.613,31.148],[76.604,31.18],[76.649,31.21],[76.63,31.226],[76.601,31.213],[76.59,31.223],[76.616,31.248],[76.585,31.277],[76.56,31.253],[76.525,31.28],[76.503,31.271],[76.481,31.307],[76.462,31.303],[76.442,31.322],[76.405,31.376],[76.405,31.395],[76.373,31.413],[76.361,31.403],[76.33,31.4],[76.344,31.377],[76.344,31.343],[76.31,31.34],[76.316,31.324],[76.275,31.303],[76.27,31.312],[76.22,31.303],[76.187,31.304],[76.18,31.339],[76.153,31.351],[76.148,31.38],[76.171,31.402],[76.158,31.43],[76.142,31.442],[76.122,31.493],[76.098,31.535],[76.037,31.614],[76.017,31.645],[76.019,31.661],[75.992,31.703],[75.96,31.78],[75.936,31.816],[75.968,31.823],[75.964,31.847],[75.909,31.949],[75.851,31.981],[75.81,31.988],[75.789,32],[75.749,32.037],[75.725,32.035],[75.707,32.059],[75.664,32.077],[75.613,32.066],[75.606,32.084],[75.348,32.22],[75.333,32.219],[75.314,32.196],[75.322,32.175],[75.283,32.143],[75.283,32.119],[75.24,32.091],[75.208,32.115],[75.2,32.084],[75.135,32.084],[75.1,32.064],[75.062,32.053],[75.008,32.044],[74.94,32.067],[74.914,32.052],[74.877,32.047],[74.882,32.033],[74.858,32.01],[74.832,31.995],[74.834,31.978],[74.815,31.963],[74.748,31.938],[74.724,31.922],[74.69,31.923],[74.666,31.912],[74.636,31.883],[74.612,31.885],[74.61,31.867],[74.57,31.831],[74.574,31.817],[74.557,31.778],[74.565,31.759],[74.518,31.741],[74.486,31.722],[74.507,31.699],[74.536,31.681],[74.554,31.618],[74.578,31.607],[74.583,31.59],[74.613,31.564],[74.756,31.548],[74.811,31.549],[74.901,31.534],[74.994,31.53],[75.193,31.51],[75.325,31.395],[75.452,31.26],[75.622,31.12],[75.782,30.998],[75.921,30.863],[76.026,30.721],[76.088,30.617],[76.107,30.574],[76.154,30.521],[76.294,30.47],[76.393,30.392],[76.57,30.26],[76.603,30.25],[76.624,30.222],[76.651,30.202],[76.651,30.181],[76.635,30.166],[76.64,30.151],[76.622,30.139],[76.668,30.1],[76.713,29.988],[76.749,29.947],[76.812,29.912],[76.844,29.906],[76.963,29.857],[77.047,29.816],[77.129,29.766],[77.125,29.744],[77.155,29.701],[77.299,29.633],[77.448,29.553],[77.56,29.47],[77.642,29.389],[77.777,29.267],[77.883,29.186],[78.001,29.088],[78.102,28.995],[78.208,28.906],[78.275,28.854],[78.378,28.792],[78.561,28.663],[78.846,28.51],[78.967,28.425],[79.058,28.356],[79.12,28.225],[79.194,28.189],[79.375,28.148],[79.567,28.069],[79.674,28.042],[79.836,27.979],[79.975,27.921],[80.052,27.846],[80.09,27.783],[80.153,27.695],[80.202,27.615],[80.262,27.54],[80.332,27.272],[80.429,27.109],[80.494,27.05],[80.619,26.97],[80.773,26.911],[80.93,26.829],[81.019,26.766],[81.091,26.709],[81.182,26.604],[81.286,26.45],[81.38,26.386],[81.474,26.336],[81.56,26.267],[81.608,26.186],[81.707,26.132],[81.806,26.099],[81.943,26.083],[82.04,26.074],[82.301,26.039],[82.47,25.988],[82.747,25.839],[82.813,25.794],[82.863,25.769],[83.036,25.693],[83.067,25.636],[83.066,25.588],[83.086,25.517],[83.126,25.499],[83.157,25.469],[83.177,25.386],[83.157,25.335],[83.074,25.263]]]},"properties":{"physio_reg":"NORTHERN PLAIN  HOT SUBHUMID (DRY) ECO-REGION","ae_regcode":9}},
{"type":"Feature","geometry":{"type":"Polygon","coordinates":[[[77.322,25.035],[77.164,25.082],[76.994,25.04],[76.934,24.883],[76.917,24.698],[76.911,24.503],[76.882,24.366],[76.694,24.215],[76.438,24.249],[76.205,24.214],[76.02,24.014],[75.953,23.788],[75.957,23.662],[76.013,23.575],[76.111,23.471],[76.123,23.403],[76.085,23.285],[76.005,23.127],[76.011,22.922],[76.07,22.729],[76.18,22.566],[76.32,22.423],[76.426,22.386],[76.605,22.371],[76.784,22.317],[76.86,22.201],[76.969,22.028],[77.167,21.974],[77.235,21.926],[77.147,21.725],[77.146,21.717],[77.275,21.568],[77.44,21.45],[77.616,21.404],[77.772,21.412],[77.909,21.402],[78.008,21.324],[78.094,21.167],[78.097,20.997],[78.125,20.863],[78.263,20.652],[78.42,20.538],[78.569,20.467],[78.772,20.255],[78.86,20.366],[78.905,20.433],[79.001,20.476],[79.092,20.489],[79.13,20.526],[79.207,20.575],[79.22,20.575],[79.336,20.63],[79.536,20.686],[79.756,20.704],[79.969,20.674],[80.092,20.662],[80.273,20.68],[80.345,20.735],[80.403,20.783],[80.506,20.807],[80.553,20.804],[80.556,20.81],[80.563,20.821],[80.557,20.847],[80.557,20.89],[80.542,20.932],[80.466,20.929],[80.446,20.973],[80.445,20.993],[80.431,21.01],[80.452,21.032],[80.455,21.05],[80.442,21.1],[80.464,21.173],[80.482,21.172],[80.516,21.184],[80.528,21.204],[80.568,21.207],[80.579,21.218],[80.61,21.228],[80.646,21.256],[80.662,21.29],[80.68,21.312],[80.663,21.331],[80.691,21.373],[80.706,21.415],[80.704,21.428],[80.725,21.446],[80.737,21.473],[80.729,21.496],[80.738,21.539],[80.72,21.556],[80.726,21.572],[80.716,21.604],[80.729,21.617],[80.726,21.644],[80.714,21.672],[80.731,21.694],[80.733,21.731],[80.747,21.757],[80.769,21.758],[80.79,21.74],[80.818,21.748],[80.819,21.764],[80.839,21.805],[80.845,21.83],[80.839,21.846],[80.847,21.875],[80.832,21.887],[80.832,21.908],[80.843,21.928],[80.84,21.947],[80.876,22.011],[80.886,22.06],[80.898,22.066],[80.905,22.101],[80.924,22.121],[80.958,22.113],[80.973,22.082],[80.97,22.058],[80.986,22.048],[81.006,22.061],[81.011,22.094],[80.997,22.109],[80.994,22.131],[81.023,22.132],[81.026,22.165],[81.019,22.184],[81.033,22.197],[81.027,22.229],[81.056,22.244],[81.092,22.246],[81.104,22.277],[81.121,22.294],[81.116,22.329],[81.123,22.344],[81.108,22.383],[81.117,22.441],[81.155,22.455],[81.178,22.487],[81.2,22.482],[81.201,22.462],[81.231,22.451],[81.263,22.472],[81.268,22.493],[81.287,22.498],[81.311,22.481],[81.323,22.489],[81.33,22.524],[81.386,22.505],[81.396,22.445],[81.421,22.448],[81.425,22.473],[81.454,22.496],[81.487,22.493],[81.501,22.519],[81.523,22.536],[81.564,22.532],[81.57,22.551],[81.616,22.536],[81.657,22.576],[81.649,22.607],[81.686,22.649],[81.706,22.646],[81.744,22.669],[81.756,22.646],[81.773,22.676],[81.754,22.726],[81.792,22.766],[81.768,22.834],[81.777,22.873],[81.839,22.882],[81.869,22.893],[81.882,22.913],[81.921,22.948],[81.948,22.957],[81.945,23.009],[81.926,23.04],[81.946,23.077],[81.987,23.085],[82.01,23.078],[82.036,23.081],[82.069,23.115],[82.123,23.103],[82.14,23.131],[82.159,23.141],[82.145,23.164],[82.15,23.227],[82.174,23.261],[82.192,23.275],[82.196,23.298],[82.281,23.513],[82.326,23.63],[82.433,23.696],[82.49,23.796],[82.524,23.783],[82.552,23.793],[82.556,23.826],[82.594,23.822],[82.614,23.835],[82.637,23.838],[82.648,23.857],[82.668,23.869],[82.654,23.888],[82.662,23.905],[82.71,23.924],[82.756,23.921],[82.783,23.937],[82.808,23.966],[82.809,24],[82.754,24.012],[82.748,24.03],[82.764,24.042],[82.763,24.072],[82.716,24.079],[82.709,24.096],[82.671,24.123],[82.665,24.133],[82.679,24.157],[82.696,24.143],[82.728,24.138],[82.744,24.167],[82.735,24.222],[82.758,24.235],[82.759,24.267],[82.772,24.291],[82.768,24.318],[82.772,24.346],[82.769,24.371],[82.726,24.37],[82.715,24.384],[82.723,24.414],[82.734,24.425],[82.732,24.475],[82.745,24.498],[82.724,24.511],[82.724,24.555],[82.754,24.54],[82.809,24.551],[82.804,24.598],[82.776,24.596],[82.774,24.64],[82.7,24.647],[82.704,24.674],[82.674,24.698],[82.596,24.672],[82.582,24.661],[82.537,24.65],[82.527,24.676],[82.495,24.673],[82.428,24.703],[82.41,24.682],[82.42,24.656],[82.412,24.634],[82.417,24.596],[82.369,24.6],[82.338,24.621],[82.318,24.611],[82.307,24.626],[82.3,24.662],[82.278,24.679],[82.237,24.672],[82.251,24.699],[82.247,24.752],[82.236,24.763],[82.204,24.761],[82.217,24.795],[82.182,24.798],[82.168,24.79],[82.14,24.802],[82.12,24.79],[82.09,24.819],[82.085,24.821],[82.079,24.822],[82.013,24.848],[81.963,24.836],[81.935,24.858],[81.937,24.87],[81.911,24.881],[81.907,24.902],[81.919,24.918],[81.91,24.98],[81.882,24.999],[81.855,25.004],[81.838,25.016],[81.8,25.007],[81.725,25.05],[81.714,25.035],[81.69,25.041],[81.686,25.061],[81.655,25.072],[81.63,25.054],[81.603,25.074],[81.64,25.1],[81.599,25.12],[81.601,25.133],[81.628,25.152],[81.59,25.165],[81.596,25.18],[81.575,25.192],[81.541,25.182],[81.527,25.148],[81.5,25.145],[81.486,25.118],[81.502,25.107],[81.503,25.079],[81.492,25.072],[81.445,25.093],[81.436,25.13],[81.397,25.121],[81.375,25.138],[81.358,25.164],[81.338,25.169],[81.277,25.162],[81.266,25.113],[81.254,25.102],[81.27,25.065],[81.256,25.038],[81.228,25.004],[81.21,24.992],[81.214,24.936],[81.17,24.955],[81.161,24.913],[81.136,24.89],[81.098,24.921],[81.085,24.949],[81.035,24.951],[81.008,24.937],[80.961,24.936],[80.945,24.969],[80.865,24.932],[80.829,24.933],[80.81,24.941],[80.807,24.971],[80.827,24.97],[80.858,24.999],[80.837,25.026],[80.849,25.047],[80.879,25.067],[80.881,25.099],[80.873,25.12],[80.914,25.161],[80.878,25.185],[80.845,25.189],[80.85,25.164],[80.84,25.137],[80.827,25.127],[80.806,25.142],[80.79,25.133],[80.759,25.138],[80.726,25.125],[80.727,25.1],[80.754,25.095],[80.784,25.08],[80.784,25.058],[80.742,25.059],[80.735,25.068],[80.682,25.05],[80.687,25.078],[80.662,25.072],[80.65,25.089],[80.617,25.095],[80.63,25.118],[80.603,25.151],[80.596,25.105],[80.587,25.084],[80.552,25.064],[80.527,25.078],[80.518,25.097],[80.495,25.088],[80.514,25.04],[80.55,25.03],[80.55,25.003],[80.507,25.005],[80.485,24.989],[80.434,25.027],[80.454,25.041],[80.478,25.041],[80.468,25.066],[80.449,25.078],[80.431,25.067],[80.402,25.068],[80.387,25.052],[80.376,25.021],[80.334,24.999],[80.322,24.999],[80.275,25.026],[80.29,25.056],[80.308,25.044],[80.353,25.054],[80.345,25.067],[80.353,25.093],[80.374,25.117],[80.357,25.136],[80.395,25.159],[80.432,25.17],[80.41,25.217],[80.407,25.239],[80.386,25.233],[80.366,25.247],[80.349,25.274],[80.32,25.278],[80.32,25.33],[80.311,25.354],[80.321,25.368],[80.317,25.387],[80.282,25.421],[80.264,25.424],[80.253,25.4],[80.197,25.402],[80.196,25.379],[80.167,25.373],[80.135,25.336],[80.091,25.351],[80.078,25.339],[80.029,25.339],[80.018,25.32],[80.021,25.297],[80.002,25.284],[80.005,25.266],[79.957,25.261],[79.929,25.246],[79.902,25.242],[79.88,25.249],[79.853,25.232],[79.871,25.215],[79.86,25.199],[79.87,25.172],[79.868,25.152],[79.85,25.112],[79.835,25.096],[79.777,25.121],[79.747,25.138],[79.715,25.129],[79.684,25.132],[79.674,25.123],[79.641,25.128],[79.558,25.165],[79.521,25.121],[79.525,25.097],[79.497,25.078],[79.468,25.092],[79.478,25.126],[79.444,25.103],[79.397,25.116],[79.388,25.144],[79.391,25.166],[79.411,25.185],[79.417,25.204],[79.44,25.198],[79.45,25.216],[79.442,25.237],[79.461,25.252],[79.409,25.258],[79.41,25.274],[79.38,25.288],[79.357,25.284],[79.341,25.328],[79.302,25.335],[79.268,25.305],[79.264,25.275],[79.279,25.262],[79.294,25.276],[79.322,25.257],[79.348,25.268],[79.349,25.226],[79.318,25.215],[79.301,25.235],[79.289,25.222],[79.286,25.193],[79.308,25.175],[79.322,25.147],[79.308,25.126],[79.284,25.115],[79.258,25.156],[79.245,25.138],[79.246,25.112],[79.205,25.123],[79.192,25.146],[79.176,25.14],[79.187,25.113],[79.141,25.106],[79.115,25.139],[79.127,25.159],[79.098,25.171],[79.071,25.168],[79.065,25.146],[79.046,25.132],[79.029,25.138],[79.043,25.169],[79.032,25.182],[79.064,25.221],[79.034,25.23],[79.022,25.243],[79.02,25.269],[78.994,25.27],[78.98,25.238],[79.002,25.227],[79.008,25.211],[78.99,25.194],[78.96,25.216],[78.932,25.206],[78.908,25.176],[78.884,25.157],[78.875,25.185],[78.889,25.21],[78.874,25.228],[78.879,25.246],[78.904,25.245],[78.916,25.269],[78.948,25.258],[78.951,25.275],[78.978,25.286],[78.96,25.307],[78.963,25.343],[78.939,25.327],[78.893,25.342],[78.864,25.312],[78.879,25.287],[78.87,25.278],[78.853,25.229],[78.842,25.228],[78.801,25.288],[78.799,25.31],[78.822,25.306],[78.841,25.326],[78.845,25.347],[78.882,25.383],[78.909,25.384],[78.923,25.395],[78.951,25.398],[78.939,25.372],[78.903,25.376],[78.904,25.36],[78.946,25.348],[78.956,25.365],[78.982,25.368],[78.978,25.415],[78.968,25.434],[78.937,25.423],[78.911,25.442],[78.938,25.463],[78.943,25.489],[78.924,25.512],[78.949,25.526],[78.949,25.546],[78.933,25.555],[78.893,25.556],[78.876,25.539],[78.884,25.519],[78.841,25.511],[78.865,25.462],[78.861,25.447],[78.797,25.478],[78.764,25.471],[78.734,25.485],[78.732,25.458],[78.773,25.425],[78.753,25.41],[78.766,25.399],[78.772,25.353],[78.743,25.344],[78.711,25.354],[78.717,25.371],[78.665,25.383],[78.676,25.399],[78.708,25.421],[78.697,25.44],[78.665,25.439],[78.64,25.428],[78.641,25.404],[78.611,25.412],[78.585,25.372],[78.583,25.347],[78.563,25.343],[78.535,25.361],[78.541,25.326],[78.532,25.301],[78.512,25.297],[78.495,25.315],[78.476,25.298],[78.437,25.292],[78.436,25.276],[78.461,25.265],[78.496,25.287],[78.528,25.283],[78.543,25.267],[78.576,25.254],[78.569,25.222],[78.577,25.197],[78.601,25.152],[78.604,25.093],[78.627,25.087],[78.649,25.057],[78.632,24.957],[78.661,24.939],[78.675,24.898],[78.703,24.89],[78.771,24.857],[78.787,24.81],[78.771,24.79],[78.77,24.762],[78.779,24.699],[78.747,24.655],[78.759,24.598],[78.784,24.589],[78.809,24.603],[78.838,24.604],[78.87,24.637],[78.889,24.635],[78.92,24.577],[78.952,24.549],[78.95,24.48],[78.908,24.484],[78.92,24.459],[78.947,24.442],[78.989,24.443],[78.995,24.424],[78.974,24.369],[78.975,24.353],[78.939,24.315],[78.914,24.297],[78.919,24.285],[78.92,24.282],[78.916,24.269],[78.886,24.25],[78.888,24.225],[78.865,24.209],[78.817,24.204],[78.812,24.18],[78.791,24.181],[78.761,24.243],[78.733,24.248],[78.705,24.23],[78.675,24.241],[78.661,24.269],[78.624,24.292],[78.585,24.353],[78.559,24.356],[78.506,24.39],[78.482,24.363],[78.474,24.335],[78.446,24.321],[78.441,24.293],[78.392,24.269],[78.347,24.303],[78.333,24.334],[78.369,24.374],[78.343,24.399],[78.324,24.406],[78.273,24.443],[78.269,24.478],[78.246,24.485],[78.244,24.507],[78.226,24.518],[78.23,24.537],[78.261,24.548],[78.276,24.611],[78.263,24.644],[78.274,24.665],[78.257,24.701],[78.233,24.731],[78.226,24.753],[78.232,24.772],[78.215,24.808],[78.193,24.838],[78.172,24.843],[78.03,24.848],[77.98,24.868],[77.962,24.953],[77.908,24.983],[77.759,24.923],[77.729,24.886],[77.642,24.894],[77.625,24.915],[77.582,24.902],[77.519,24.865],[77.426,24.887],[77.354,24.944],[77.326,25.02],[77.322,25.035]]]},"properties":{"physio_reg":"CENTRAL HIGHLANDS (MALWA AND BUNDELKHAND)  HOT SUBHUMID (DRY) ECO-REGION","ae_regcode":10}},
{"type":"Feature","geometry":{"type":"Polygon","coordinates":[[[82.085,24.821],[82.09,24.819],[82.12,24.79],[82.14,24.802],[82.168,24.79],[82.182,24.798],[82.217,24.795],[82.204,24.761],[82.236,24.763],[82.247,24.752],[82.251,24.699],[82.237,24.672],[82.278,24.679],[82.3,24.662],[82.307,24.626],[82.318,24.611],[82.338,24.621],[82.369,24.6],[82.417,24.596],[82.412,24.634],[82.42,24.656],[82.41,24.682],[82.428,24.703],[82.495,24.673],[82.527,24.676],[82.537,24.65],[82.582,24.661],[82.596,24.672],[82.674,24.698],[82.704,24.674],[82.7,24.647],[82.774,24.64],[82.776,24.596],[82.804,24.598],[82.809,24.551],[82.754,24.54],[82.724,24.555],[82.724,24.511],[82.745,24.498],[82.732,24.475],[82.734,24.425],[82.723,24.414],[82.715,24.384],[82.726,24.37],[82.769,24.371],[82.772,24.346],[82.768,24.318],[82.772,24.291],[82.759,24.267],[82.758,24.235],[82.735,24.222],[82.744,24.167],[82.728,24.138],[82.696,24.143],[82.679,24.157],[82.665,24.133],[82.671,24.123],[82.709,24.096],[82.716,24.079],[82.763,24.072],[82.764,24.042],[82.748,24.03],[82.754,24.012],[82.809,24],[82.808,23.966],[82.783,23.937],[82.756,23.921],[82.71,23.924],[82.662,23.905],[82.654,23.888],[82.668,23.869],[82.648,23.857],[82.637,23.838],[82.614,23.835],[82.594,23.822],[82.556,23.826],[82.552,23.793],[82.524,23.783],[82.49,23.796],[82.433,23.696],[82.326,23.63],[82.281,23.513],[82.196,23.298],[82.192,23.275],[82.174,23.261],[82.15,23.227],[82.145,23.164],[82.159,23.141],[82.14,23.131],[82.123,23.103],[82.069,23.115],[82.036,23.081],[82.01,23.078],[81.987,23.085],[81.946,23.077],[81.926,23.04],[81.945,23.009],[81.948,22.957],[81.921,22.948],[81.882,22.913],[81.869,22.893],[81.839,22.882],[81.777,22.873],[81.768,22.834],[81.792,22.766],[81.754,22.726],[81.773,22.676],[81.756,22.646],[81.744,22.669],[81.706,22.646],[81.686,22.649],[81.649,22.607],[81.657,22.576],[81.616,22.536],[81.57,22.551],[81.564,22.532],[81.523,22.536],[81.501,22.519],[81.487,22.493],[81.454,22.496],[81.425,22.473],[81.421,22.448],[81.396,22.445],[81.386,22.505],[81.33,22.524],[81.323,22.489],[81.311,22.481],[81.287,22.498],[81.268,22.493],[81.263,22.472],[81.231,22.451],[81.201,22.462],[81.2,22.482],[81.178,22.487],[81.155,22.455],[81.117,22.441],[81.108,22.383],[81.123,22.344],[81.116,22.329],[81.121,22.294],[81.104,22.277],[81.092,22.246],[81.056,22.244],[81.027,22.229],[81.033,22.197],[81.019,22.184],[81.026,22.165],[81.023,22.132],[80.994,22.131],[80.997,22.109],[81.011,22.094],[81.006,22.061],[80.986,22.048],[80.97,22.058],[80.973,22.082],[80.958,22.113],[80.924,22.121],[80.905,22.101],[80.898,22.066],[80.886,22.06],[80.876,22.011],[80.84,21.947],[80.843,21.928],[80.832,21.908],[80.832,21.887],[80.847,21.875],[80.839,21.846],[80.845,21.83],[80.839,21.805],[80.819,21.764],[80.818,21.748],[80.79,21.74],[80.769,21.758],[80.747,21.757],[80.733,21.731],[80.731,21.694],[80.714,21.672],[80.726,21.644],[80.729,21.617],[80.716,21.604],[80.726,21.572],[80.72,21.556],[80.738,21.539],[80.729,21.496],[80.737,21.473],[80.725,21.446],[80.704,21.428],[80.706,21.415],[80.691,21.373],[80.663,21.331],[80.68,21.312],[80.662,21.29],[80.646,21.256],[80.61,21.228],[80.579,21.218],[80.568,21.207],[80.528,21.204],[80.516,21.184],[80.482,21.172],[80.464,21.173],[80.442,21.1],[80.455,21.05],[80.452,21.032],[80.431,21.01],[80.445,20.993],[80.446,20.973],[80.466,20.929],[80.542,20.932],[80.557,20.89],[80.557,20.847],[80.563,20.821],[80.556,20.81],[80.553,20.804],[80.553,20.803],[80.552,20.767],[80.567,20.713],[80.582,20.7],[80.585,20.68],[80.526,20.663],[80.497,20.641],[80.488,20.619],[80.507,20.588],[80.526,20.586],[80.586,20.616],[80.629,20.606],[80.62,20.592],[80.627,20.569],[80.617,20.558],[80.61,20.435],[80.593,20.394],[80.609,20.379],[80.624,20.328],[80.782,20.327],[80.854,20.375],[81.015,20.427],[81.144,20.441],[81.273,20.489],[81.362,20.532],[81.558,20.535],[81.671,20.514],[81.758,20.43],[81.788,20.352],[81.822,20.201],[81.952,20.106],[81.981,20.08],[82,20.052],[82.02,20.045],[82.022,20.024],[82.057,20.04],[82.065,20.054],[82.124,20.015],[82.139,20.017],[82.192,19.986],[82.212,19.985],[82.238,20.003],[82.269,19.976],[82.277,19.95],[82.303,19.904],[82.306,19.888],[82.347,19.835],[82.376,19.86],[82.396,19.887],[82.422,19.902],[82.45,19.908],[82.483,19.906],[82.506,19.89],[82.538,19.887],[82.552,19.874],[82.574,19.877],[82.605,19.866],[82.579,19.833],[82.586,19.781],[82.627,19.792],[82.653,19.831],[82.706,19.832],[82.719,19.854],[82.708,19.912],[82.717,19.952],[82.719,19.988],[82.708,19.998],[82.658,20.004],[82.631,20.003],[82.622,19.992],[82.59,19.995],[82.551,20.017],[82.51,20.018],[82.483,20.035],[82.449,20.04],[82.403,20.054],[82.398,20.124],[82.386,20.149],[82.391,20.165],[82.413,20.183],[82.421,20.207],[82.412,20.244],[82.413,20.268],[82.436,20.283],[82.43,20.314],[82.401,20.34],[82.418,20.381],[82.417,20.407],[82.437,20.43],[82.427,20.461],[82.396,20.456],[82.388,20.514],[82.356,20.527],[82.331,20.558],[82.35,20.579],[82.346,20.598],[82.363,20.607],[82.375,20.633],[82.373,20.665],[82.351,20.702],[82.353,20.732],[82.343,20.762],[82.346,20.793],[82.341,20.844],[82.354,20.887],[82.375,20.867],[82.409,20.866],[82.423,20.83],[82.467,20.839],[82.485,20.85],[82.491,20.903],[82.56,20.945],[82.589,20.99],[82.612,21.009],[82.63,21.04],[82.616,21.067],[82.652,21.105],[82.643,21.152],[82.692,21.161],[82.765,21.162],[82.789,21.144],[82.82,21.162],[82.847,21.167],[82.887,21.152],[82.91,21.166],[82.95,21.166],[82.987,21.161],[83.018,21.149],[83.048,21.122],[83.079,21.112],[83.127,21.105],[83.141,21.109],[83.169,21.135],[83.2,21.143],[83.215,21.205],[83.226,21.227],[83.221,21.254],[83.25,21.28],[83.275,21.272],[83.28,21.3],[83.266,21.305],[83.262,21.335],[83.273,21.349],[83.277,21.378],[83.317,21.368],[83.382,21.343],[83.401,21.365],[83.401,21.403],[83.377,21.439],[83.357,21.447],[83.349,21.488],[83.361,21.538],[83.373,21.553],[83.37,21.576],[83.388,21.616],[83.421,21.639],[83.448,21.652],[83.448,21.621],[83.47,21.609],[83.49,21.643],[83.448,21.658],[83.427,21.678],[83.439,21.697],[83.463,21.697],[83.491,21.744],[83.483,21.777],[83.498,21.811],[83.544,21.797],[83.538,21.835],[83.581,21.832],[83.591,21.856],[83.579,21.875],[83.608,21.913],[83.595,21.929],[83.56,21.935],[83.565,21.946],[83.542,21.966],[83.556,22.009],[83.541,22.025],[83.546,22.058],[83.591,22.057],[83.607,22.068],[83.564,22.102],[83.613,22.16],[83.626,22.199],[83.653,22.227],[83.665,22.227],[83.7,22.248],[83.753,22.243],[83.778,22.26],[83.805,22.292],[83.828,22.298],[83.83,22.318],[83.868,22.346],[83.904,22.342],[83.923,22.362],[83.974,22.36],[84.008,22.372],[84.021,22.406],[84.047,22.435],[84.049,22.466],[84.02,22.487],[83.983,22.504],[83.984,22.52],[84.001,22.531],[84.04,22.514],[84.065,22.512],[84.086,22.491],[84.113,22.476],[84.144,22.469],[84.143,22.423],[84.159,22.403],[84.201,22.374],[84.253,22.376],[84.273,22.35],[84.296,22.34],[84.331,22.341],[84.379,22.352],[84.401,22.346],[84.433,22.355],[84.455,22.382],[84.48,22.385],[84.481,22.404],[84.509,22.418],[84.55,22.42],[84.639,22.431],[84.668,22.417],[84.75,22.417],[84.759,22.445],[84.808,22.446],[84.842,22.43],[84.884,22.445],[84.887,22.42],[84.914,22.422],[84.924,22.437],[84.959,22.456],[84.967,22.447],[85.001,22.461],[85.069,22.481],[85.054,22.596],[85.045,22.703],[85.016,22.789],[84.984,22.9],[84.985,23.006],[84.996,23.052],[85.032,23.115],[85.068,23.193],[85.108,23.225],[85.185,23.237],[85.228,23.236],[85.382,23.374],[85.451,23.451],[85.506,23.5],[85.554,23.551],[85.589,23.598],[85.616,23.682],[85.633,23.761],[85.636,23.843],[85.653,23.91],[85.678,23.954],[85.697,24.012],[85.717,24.163],[85.744,24.184],[85.792,24.209],[85.832,24.22],[85.869,24.292],[85.861,24.42],[85.862,24.496],[85.799,24.578],[85.788,24.639],[85.803,24.681],[85.855,24.719],[85.89,24.751],[85.911,24.763],[85.909,24.77],[85.885,24.801],[85.834,24.81],[85.818,24.795],[85.784,24.799],[85.772,24.813],[85.744,24.823],[85.728,24.787],[85.712,24.769],[85.712,24.729],[85.667,24.675],[85.668,24.651],[85.679,24.62],[85.672,24.582],[85.651,24.579],[85.615,24.585],[85.584,24.603],[85.568,24.584],[85.575,24.565],[85.547,24.551],[85.541,24.533],[85.511,24.53],[85.501,24.551],[85.44,24.536],[85.41,24.545],[85.39,24.533],[85.326,24.525],[85.304,24.529],[85.286,24.519],[85.289,24.497],[85.262,24.498],[85.231,24.471],[85.21,24.473],[85.16,24.464],[85.176,24.43],[85.122,24.409],[85.1,24.382],[85.073,24.387],[85.082,24.409],[85.039,24.425],[84.998,24.412],[84.976,24.376],[84.933,24.378],[84.911,24.372],[84.905,24.394],[84.885,24.423],[84.887,24.463],[84.87,24.458],[84.835,24.47],[84.84,24.511],[84.827,24.525],[84.791,24.518],[84.787,24.505],[84.749,24.496],[84.732,24.473],[84.714,24.472],[84.686,24.456],[84.674,24.431],[84.666,24.394],[84.608,24.401],[84.58,24.412],[84.553,24.374],[84.529,24.376],[84.525,24.334],[84.501,24.287],[84.469,24.317],[84.462,24.338],[84.425,24.331],[84.43,24.359],[84.402,24.368],[84.39,24.389],[84.369,24.386],[84.343,24.395],[84.333,24.411],[84.338,24.431],[84.323,24.447],[84.301,24.45],[84.302,24.48],[84.329,24.489],[84.327,24.522],[84.301,24.565],[84.277,24.564],[84.266,24.537],[84.228,24.55],[84.18,24.541],[84.187,24.51],[84.161,24.517],[84.117,24.481],[84.097,24.503],[84.097,24.533],[84.08,24.569],[84.067,24.576],[84.054,24.611],[84.032,24.628],[84,24.637],[83.98,24.596],[83.936,24.547],[83.876,24.532],[83.865,24.537],[83.807,24.529],[83.756,24.51],[83.725,24.504],[83.69,24.515],[83.608,24.512],[83.55,24.525],[83.506,24.526],[83.408,24.505],[83.251,24.626],[83.147,24.721],[83.112,24.824],[83.089,24.966],[83.12,25.155],[83.121,25.185],[83.074,25.263],[83.026,25.269],[82.929,25.213],[82.874,25.184],[82.811,25.229],[82.721,25.27],[82.625,25.272],[82.496,25.254],[82.351,25.237],[82.296,25.189],[82.301,25.155],[82.3,25.072],[82.272,25.004],[82.211,24.908],[82.141,24.865],[82.085,24.821]]]},"properties":{"physio_reg":"EASTERN PLATEAU (CHHATTISGARH REGION)","ae_regcode":11}},
{"type":"Feature","geometry":{"type":"Polygon","coordinates":[[[79.901,18.835],[79.923,18.801],[79.939,18.788],[80.019,18.771],[80.04,18.751],[80.053,18.725],[80.089,18.707],[80.114,18.682],[80.165,18.7],[80.175,18.684],[80.196,18.68],[80.209,18.702],[80.254,18.706],[80.275,18.722],[80.304,18.69],[80.327,18.626],[80.349,18.591],[80.374,18.609],[80.389,18.598],[80.41,18.612],[80.458,18.631],[80.496,18.632],[80.518,18.621],[80.54,18.591],[80.609,18.55],[80.622,18.531],[80.64,18.524],[80.645,18.499],[80.658,18.478],[80.688,18.459],[80.703,18.44],[80.699,18.425],[80.721,18.411],[80.731,18.367],[80.752,18.323],[80.752,18.308],[80.774,18.284],[80.792,18.249],[80.741,18.225],[80.743,18.178],[80.77,18.169],[80.806,18.172],[80.827,18.198],[80.825,18.231],[80.832,18.24],[80.867,18.232],[80.876,18.213],[80.857,18.206],[80.864,18.149],[80.87,18.139],[80.909,18.141],[80.982,18.175],[80.981,18.15],[80.957,18.13],[80.957,18.098],[80.974,18.05],[80.97,18.038],[80.981,18],[80.993,17.93],[81.003,17.921],[81.013,17.845],[81.041,17.797],[81.082,17.794],[81.106,17.824],[81.168,17.86],[81.185,17.856],[81.504,17.491],[81.607,17.401],[81.655,17.302],[81.665,17.188],[81.739,17.035],[81.738,16.914],[81.95,17.085],[82.372,17.515],[83.186,18.129],[83.445,18.385],[83.585,18.509],[83.861,18.765],[84.027,18.807],[84.806,19.541],[85.065,19.797],[85.364,19.958],[86.194,20.435],[86.623,20.818],[86.63,20.95],[86.639,21.04],[86.665,21.195],[86.691,21.284],[86.75,21.371],[86.833,21.46],[86.872,21.51],[86.906,21.571],[86.96,21.598],[86.989,21.621],[86.991,21.643],[87.007,21.646],[87.094,21.705],[87.252,21.854],[87.252,21.876],[87.239,21.9],[87.257,21.922],[87.24,21.938],[87.239,21.959],[87.2,21.958],[87.175,21.977],[87.155,22.473],[87.144,22.554],[87.135,22.825],[87.148,23.073],[87.29,23.484],[87.523,23.809],[87.608,23.893],[87.695,24.151],[87.702,24.177],[87.676,24.207],[87.643,24.213],[87.652,24.25],[87.686,24.248],[87.711,24.269],[87.715,24.294],[87.741,24.29],[87.769,24.324],[87.766,24.335],[87.803,24.384],[87.793,24.433],[87.823,24.47],[87.804,24.493],[87.806,24.519],[87.801,24.564],[87.853,24.552],[87.892,24.564],[87.897,24.581],[87.915,24.595],[87.907,24.614],[87.917,24.663],[87.891,24.679],[87.902,24.692],[87.906,24.723],[87.845,24.739],[87.823,24.767],[87.855,24.762],[87.871,24.775],[87.903,24.844],[87.917,24.857],[87.972,24.882],[87.979,24.897],[87.967,24.937],[87.912,24.987],[87.909,24.999],[87.87,25.041],[87.805,25.072],[87.778,25.1],[87.777,25.153],[87.793,25.221],[87.789,25.247],[87.714,25.257],[87.697,25.282],[87.69,25.311],[87.658,25.308],[87.632,25.316],[87.613,25.312],[87.573,25.334],[87.553,25.331],[87.544,25.297],[87.488,25.296],[87.502,25.266],[87.479,25.241],[87.478,25.195],[87.461,25.198],[87.398,25.228],[87.374,25.207],[87.33,25.224],[87.314,25.151],[87.304,25.135],[87.297,25.09],[87.265,25.105],[87.24,25.086],[87.217,25.09],[87.183,25.065],[87.15,25.011],[87.16,24.992],[87.154,24.918],[87.164,24.886],[87.153,24.863],[87.112,24.848],[87.083,24.809],[87.102,24.798],[87.089,24.78],[87.092,24.759],[87.08,24.746],[87.088,24.725],[87.061,24.672],[87.05,24.625],[87.056,24.608],[87.016,24.607],[86.972,24.633],[86.942,24.631],[86.904,24.587],[86.913,24.544],[86.882,24.568],[86.861,24.551],[86.843,24.569],[86.815,24.565],[86.812,24.595],[86.798,24.616],[86.76,24.616],[86.752,24.59],[86.675,24.562],[86.652,24.568],[86.606,24.6],[86.589,24.574],[86.561,24.56],[86.553,24.536],[86.53,24.537],[86.512,24.519],[86.496,24.485],[86.495,24.426],[86.472,24.423],[86.468,24.378],[86.453,24.369],[86.422,24.38],[86.405,24.401],[86.38,24.417],[86.36,24.443],[86.326,24.441],[86.307,24.458],[86.3,24.477],[86.319,24.509],[86.308,24.533],[86.31,24.559],[86.326,24.575],[86.299,24.587],[86.255,24.586],[86.224,24.612],[86.222,24.592],[86.172,24.584],[86.159,24.6],[86.132,24.612],[86.125,24.642],[86.14,24.676],[86.131,24.706],[86.112,24.736],[86.07,24.752],[86.057,24.78],[86.013,24.766],[86.007,24.752],[85.984,24.748],[85.977,24.734],[85.934,24.741],[85.911,24.762],[85.911,24.763],[85.89,24.751],[85.855,24.719],[85.803,24.681],[85.788,24.639],[85.799,24.578],[85.862,24.496],[85.861,24.42],[85.869,24.292],[85.832,24.22],[85.792,24.209],[85.744,24.184],[85.717,24.163],[85.697,24.012],[85.678,23.954],[85.653,23.91],[85.636,23.843],[85.633,23.761],[85.616,23.682],[85.589,23.598],[85.554,23.551],[85.506,23.5],[85.451,23.451],[85.382,23.374],[85.228,23.236],[85.185,23.237],[85.108,23.225],[85.068,23.193],[85.032,23.115],[84.996,23.052],[84.985,23.006],[84.984,22.9],[85.016,22.789],[85.045,22.703],[85.054,22.596],[85.069,22.481],[85.001,22.461],[84.967,22.447],[84.959,22.456],[84.924,22.437],[84.914,22.422],[84.887,22.42],[84.884,22.445],[84.842,22.43],[84.808,22.446],[84.759,22.445],[84.75,22.417],[84.668,22.417],[84.639,22.431],[84.55,22.42],[84.509,22.418],[84.481,22.404],[84.48,22.385],[84.455,22.382],[84.433,22.355],[84.401,22.346],[84.379,22.352],[84.331,22.341],[84.296,22.34],[84.273,22.35],[84.253,22.376],[84.201,22.374],[84.159,22.403],[84.143,22.423],[84.144,22.469],[84.113,22.476],[84.086,22.491],[84.065,22.512],[84.04,22.514],[84.001,22.531],[83.984,22.52],[83.983,22.504],[84.02,22.487],[84.049,22.466],[84.047,22.435],[84.021,22.406],[84.008,22.372],[83.974,22.36],[83.923,22.362],[83.904,22.342],[83.868,22.346],[83.83,22.318],[83.828,22.298],[83.805,22.292],[83.778,22.26],[83.753,22.243],[83.7,22.248],[83.665,22.227],[83.653,22.227],[83.626,22.199],[83.613,22.16],[83.564,22.102],[83.607,22.068],[83.591,22.057],[83.546,22.058],[83.541,22.025],[83.556,22.009],[83.542,21.966],[83.565,21.946],[83.56,21.935],[83.595,21.929],[83.608,21.913],[83.579,21.875],[83.591,21.856],[83.581,21.832],[83.538,21.835],[83.544,21.797],[83.498,21.811],[83.483,21.777],[83.491,21.744],[83.463,21.697],[83.439,21.697],[83.427,21.678],[83.448,21.658],[83.49,21.643],[83.47,21.609],[83.448,21.621],[83.448,21.652],[83.421,21.639],[83.388,21.616],[83.37,21.576],[83.373,21.553],[83.361,21.538],[83.349,21.488],[83.357,21.447],[83.377,21.439],[83.401,21.403],[83.401,21.365],[83.382,21.343],[83.317,21.368],[83.277,21.378],[83.273,21.349],[83.262,21.335],[83.266,21.305],[83.28,21.3],[83.275,21.272],[83.25,21.28],[83.221,21.254],[83.226,21.227],[83.215,21.205],[83.2,21.143],[83.169,21.135],[83.141,21.109],[83.127,21.105],[83.079,21.112],[83.048,21.122],[83.018,21.149],[82.987,21.161],[82.95,21.166],[82.91,21.166],[82.887,21.152],[82.847,21.167],[82.82,21.162],[82.789,21.144],[82.765,21.162],[82.692,21.161],[82.643,21.152],[82.652,21.105],[82.616,21.067],[82.63,21.04],[82.612,21.009],[82.589,20.99],[82.56,20.945],[82.491,20.903],[82.485,20.85],[82.467,20.839],[82.423,20.83],[82.409,20.866],[82.375,20.867],[82.354,20.887],[82.341,20.844],[82.346,20.793],[82.343,20.762],[82.353,20.732],[82.351,20.702],[82.373,20.665],[82.375,20.633],[82.363,20.607],[82.346,20.598],[82.35,20.579],[82.331,20.558],[82.356,20.527],[82.388,20.514],[82.396,20.456],[82.427,20.461],[82.437,20.43],[82.417,20.407],[82.418,20.381],[82.401,20.34],[82.43,20.314],[82.436,20.283],[82.413,20.268],[82.412,20.244],[82.421,20.207],[82.413,20.183],[82.391,20.165],[82.386,20.149],[82.398,20.124],[82.403,20.054],[82.449,20.04],[82.483,20.035],[82.51,20.018],[82.551,20.017],[82.59,19.995],[82.622,19.992],[82.631,20.003],[82.658,20.004],[82.708,19.998],[82.719,19.988],[82.717,19.952],[82.708,19.912],[82.719,19.854],[82.706,19.832],[82.653,19.831],[82.627,19.792],[82.586,19.781],[82.579,19.833],[82.605,19.866],[82.574,19.877],[82.552,19.874],[82.538,19.887],[82.506,19.89],[82.483,19.906],[82.45,19.908],[82.422,19.902],[82.396,19.887],[82.376,19.86],[82.347,19.835],[82.306,19.888],[82.303,19.904],[82.277,19.95],[82.269,19.976],[82.238,20.003],[82.212,19.985],[82.192,19.986],[82.139,20.017],[82.124,20.015],[82.065,20.054],[82.057,20.04],[82.022,20.024],[82.02,20.045],[82,20.052],[81.981,20.08],[81.952,20.106],[81.822,20.201],[81.788,20.352],[81.758,20.43],[81.671,20.514],[81.558,20.535],[81.362,20.532],[81.273,20.489],[81.144,20.441],[81.015,20.427],[80.854,20.375],[80.782,20.327],[80.624,20.328],[80.609,20.379],[80.593,20.394],[80.61,20.435],[80.617,20.558],[80.627,20.569],[80.62,20.592],[80.629,20.606],[80.586,20.616],[80.526,20.586],[80.507,20.588],[80.488,20.619],[80.497,20.641],[80.526,20.663],[80.585,20.68],[80.582,20.7],[80.567,20.713],[80.552,20.767],[80.553,20.803],[80.553,20.804],[80.506,20.807],[80.403,20.783],[80.345,20.735],[80.273,20.68],[80.092,20.662],[79.969,20.674],[79.756,20.704],[79.536,20.686],[79.336,20.63],[79.22,20.575],[79.207,20.575],[79.13,20.526],[79.092,20.489],[79.001,20.476],[78.905,20.433],[78.86,20.366],[78.772,20.255],[78.778,20.25],[78.863,20.092],[78.935,19.874],[78.85,19.76],[78.862,19.732],[78.869,19.698],[78.864,19.658],[78.896,19.657],[78.921,19.669],[78.949,19.666],[78.975,19.651],[78.968,19.619],[78.983,19.581],[78.96,19.564],[78.984,19.552],[78.998,19.564],[79.024,19.542],[79.057,19.547],[79.069,19.533],[79.109,19.53],[79.111,19.514],[79.146,19.503],[79.175,19.47],[79.195,19.461],[79.225,19.466],[79.215,19.487],[79.222,19.512],[79.243,19.529],[79.246,19.561],[79.256,19.579],[79.243,19.611],[79.261,19.613],[79.311,19.592],[79.32,19.567],[79.347,19.576],[79.377,19.564],[79.42,19.536],[79.447,19.536],[79.477,19.5],[79.52,19.52],[79.521,19.544],[79.549,19.551],[79.554,19.528],[79.572,19.513],[79.607,19.51],[79.614,19.542],[79.628,19.567],[79.646,19.577],[79.719,19.586],[79.747,19.605],[79.784,19.6],[79.8,19.583],[79.823,19.571],[79.835,19.54],[79.885,19.503],[79.918,19.495],[79.952,19.462],[79.952,19.444],[79.98,19.404],[79.971,19.354],[79.964,19.338],[79.969,19.301],[79.952,19.287],[79.927,19.23],[79.929,19.207],[79.949,19.179],[79.913,19.145],[79.878,19.126],[79.865,19.107],[79.868,19.063],[79.878,19.039],[79.898,19.049],[79.933,19.046],[79.941,19.025],[79.938,18.978],[79.948,18.941],[79.946,18.863],[79.932,18.841],[79.901,18.835]]]},"properties":{"physio_reg":"EASTERN PLATEAU (CHHOTANAGPUR) AND EASTERN GHATS  HOT SUBHUMID ECO-REGION","ae_regcode":12}},
{"type":"Feature","geometry":{"type":"Polygon","coordinates":[[[86.057,24.78],[86.07,24.752],[86.112,24.736],[86.131,24.706],[86.14,24.676],[86.125,24.642],[86.132,24.612],[86.159,24.6],[86.172,24.584],[86.222,24.592],[86.224,24.612],[86.255,24.586],[86.299,24.587],[86.326,24.575],[86.31,24.559],[86.308,24.533],[86.319,24.509],[86.3,24.477],[86.307,24.458],[86.326,24.441],[86.36,24.443],[86.38,24.417],[86.405,24.401],[86.422,24.38],[86.453,24.369],[86.468,24.378],[86.472,24.423],[86.495,24.426],[86.496,24.485],[86.512,24.519],[86.53,24.537],[86.553,24.536],[86.561,24.56],[86.589,24.574],[86.606,24.6],[86.652,24.568],[86.675,24.562],[86.752,24.59],[86.76,24.616],[86.798,24.616],[86.812,24.595],[86.815,24.565],[86.843,24.569],[86.861,24.551],[86.882,24.568],[86.913,24.544],[86.904,24.587],[86.942,24.631],[86.972,24.633],[87.016,24.607],[87.056,24.608],[87.05,24.625],[87.061,24.672],[87.088,24.725],[87.08,24.746],[87.092,24.759],[87.089,24.78],[87.102,24.798],[87.083,24.809],[87.112,24.848],[87.153,24.863],[87.164,24.886],[87.154,24.918],[87.16,24.992],[87.15,25.011],[87.183,25.065],[87.217,25.09],[87.24,25.086],[87.265,25.105],[87.297,25.09],[87.304,25.135],[87.314,25.151],[87.33,25.224],[87.374,25.207],[87.398,25.228],[87.461,25.198],[87.478,25.195],[87.479,25.241],[87.502,25.266],[87.488,25.296],[87.544,25.297],[87.553,25.331],[87.573,25.334],[87.613,25.312],[87.632,25.316],[87.658,25.308],[87.69,25.311],[87.697,25.282],[87.714,25.257],[87.789,25.247],[87.793,25.221],[87.835,25.205],[87.828,25.235],[87.855,25.254],[87.862,25.278],[87.856,25.298],[87.835,25.304],[87.787,25.339],[87.795,25.373],[87.772,25.378],[87.769,25.396],[87.792,25.449],[87.815,25.435],[87.84,25.465],[87.869,25.466],[87.876,25.503],[87.906,25.508],[87.93,25.536],[87.961,25.538],[88.01,25.494],[88.037,25.486],[88.067,25.486],[88.075,25.513],[88.033,25.554],[88.028,25.583],[88.047,25.606],[88.042,25.641],[88.057,25.686],[87.986,25.719],[87.95,25.744],[87.944,25.759],[87.907,25.78],[87.904,25.799],[87.917,25.815],[87.894,25.833],[87.917,25.852],[87.891,25.865],[87.878,25.86],[87.829,25.872],[87.823,25.913],[87.813,25.93],[87.837,25.962],[87.833,25.984],[87.847,26.02],[87.849,26.044],[87.919,26.091],[87.966,26.084],[87.976,26.109],[87.976,26.154],[88.005,26.14],[88.044,26.178],[88.059,26.172],[88.081,26.181],[88.126,26.228],[88.145,26.231],[88.151,26.253],[88.183,26.262],[88.231,26.289],[88.233,26.304],[88.268,26.338],[88.296,26.351],[88.28,26.377],[88.244,26.375],[88.236,26.39],[88.262,26.416],[88.25,26.449],[88.228,26.467],[88.2,26.472],[88.186,26.494],[88.24,26.532],[88.192,26.544],[88.172,26.521],[88.139,26.512],[88.112,26.539],[88.1,26.509],[88.109,26.465],[88.098,26.434],[88.033,26.377],[88.031,26.355],[88.01,26.355],[87.992,26.373],[87.991,26.393],[87.967,26.398],[87.92,26.432],[87.924,26.447],[87.902,26.477],[87.86,26.463],[87.851,26.436],[87.796,26.468],[87.777,26.451],[87.78,26.434],[87.767,26.409],[87.715,26.427],[87.679,26.436],[87.679,26.416],[87.652,26.406],[87.653,26.393],[87.587,26.394],[87.555,26.405],[87.55,26.419],[87.479,26.44],[87.444,26.433],[87.429,26.421],[87.389,26.419],[87.365,26.403],[87.356,26.386],[87.358,26.361],[87.341,26.348],[87.291,26.374],[87.267,26.374],[87.266,26.408],[87.246,26.415],[87.188,26.414],[87.158,26.406],[87.092,26.452],[87.072,26.586],[87.046,26.573],[87.016,26.534],[86.933,26.512],[86.932,26.488],[86.896,26.487],[86.897,26.462],[86.866,26.455],[86.843,26.44],[86.823,26.44],[86.773,26.458],[86.735,26.424],[86.693,26.451],[86.635,26.467],[86.618,26.486],[86.573,26.498],[86.538,26.541],[86.501,26.542],[86.455,26.569],[86.398,26.586],[86.396,26.595],[86.359,26.604],[86.346,26.617],[86.311,26.62],[86.297,26.613],[86.256,26.613],[86.222,26.59],[86.201,26.594],[86.195,26.615],[86.162,26.614],[86.144,26.604],[86.127,26.628],[86.077,26.65],[86.072,26.659],[86.03,26.666],[86.015,26.656],[85.976,26.659],[85.957,26.65],[85.944,26.616],[85.912,26.609],[85.888,26.586],[85.858,26.57],[85.852,26.608],[85.818,26.603],[85.802,26.625],[85.769,26.632],[85.742,26.645],[85.724,26.681],[85.736,26.795],[85.726,26.817],[85.678,26.845],[85.644,26.853],[85.624,26.874],[85.609,26.857],[85.545,26.837],[85.523,26.813],[85.496,26.797],[85.455,26.781],[85.409,26.791],[85.372,26.758],[85.362,26.763],[85.337,26.741],[85.308,26.752],[85.258,26.756],[85.236,26.763],[85.209,26.76],[85.179,26.815],[85.192,26.83],[85.196,26.869],[85.105,26.871],[85.087,26.854],[85.067,26.85],[85.027,26.856],[85.033,26.874],[85.011,26.894],[85.002,26.916],[84.971,26.92],[84.979,26.945],[84.962,26.963],[84.901,26.973],[84.855,26.996],[84.858,27.008],[84.829,27.021],[84.805,27.001],[84.778,27.018],[84.763,27],[84.702,27.029],[84.646,27.047],[84.651,27.073],[84.671,27.091],[84.688,27.155],[84.691,27.223],[84.676,27.256],[84.626,27.337],[84.566,27.349],[84.527,27.352],[84.424,27.371],[84.393,27.369],[84.341,27.375],[84.277,27.397],[84.272,27.429],[84.255,27.45],[84.213,27.449],[84.211,27.467],[84.19,27.47],[84.155,27.487],[84.15,27.501],[84.117,27.521],[84.102,27.498],[84.07,27.481],[84.063,27.454],[84.026,27.435],[84.001,27.445],[83.984,27.438],[83.936,27.449],[83.915,27.44],[83.869,27.437],[83.845,27.442],[83.837,27.422],[83.886,27.376],[83.867,27.345],[83.823,27.375],[83.752,27.403],[83.651,27.453],[83.609,27.47],[83.524,27.471],[83.402,27.478],[83.407,27.454],[83.392,27.435],[83.406,27.399],[83.391,27.373],[83.358,27.34],[83.312,27.329],[83.279,27.347],[83.272,27.381],[83.247,27.402],[83.216,27.417],[83.184,27.453],[83.053,27.448],[82.975,27.464],[82.947,27.474],[82.926,27.5],[82.883,27.496],[82.841,27.501],[82.818,27.495],[82.746,27.5],[82.741,27.545],[82.755,27.583],[82.738,27.612],[82.744,27.632],[82.733,27.652],[82.716,27.662],[82.72,27.688],[82.709,27.711],[82.691,27.716],[82.633,27.711],[82.566,27.689],[82.517,27.689],[82.459,27.676],[82.43,27.688],[82.388,27.714],[82.38,27.731],[82.349,27.753],[82.3,27.775],[82.258,27.81],[82.23,27.824],[82.207,27.846],[82.16,27.865],[82.126,27.866],[82.104,27.884],[82.075,27.924],[82.053,27.922],[81.971,27.929],[81.94,27.884],[81.929,27.86],[81.891,27.858],[81.822,27.902],[81.807,27.903],[81.781,27.92],[81.7,27.989],[81.672,27.99],[81.633,28.003],[81.581,28.028],[81.564,28.041],[81.478,28.084],[81.484,28.114],[81.456,28.137],[81.45,28.156],[81.429,28.171],[81.381,28.173],[81.381,28.148],[81.331,28.138],[81.314,28.161],[81.327,28.171],[81.32,28.202],[81.293,28.223],[81.24,28.281],[81.236,28.33],[81.215,28.358],[81.167,28.369],[81.11,28.376],[81.086,28.385],[81.054,28.407],[81.016,28.447],[80.966,28.436],[80.958,28.446],[80.91,28.457],[80.9,28.469],[80.909,28.495],[80.892,28.505],[80.842,28.498],[80.824,28.516],[80.787,28.525],[80.788,28.541],[80.772,28.563],[80.747,28.573],[80.703,28.575],[80.684,28.603],[80.67,28.638],[80.632,28.637],[80.584,28.661],[80.591,28.679],[80.558,28.691],[80.509,28.666],[80.523,28.558],[80.488,28.585],[80.462,28.624],[80.433,28.639],[80.394,28.631],[80.372,28.633],[80.362,28.652],[80.333,28.666],[80.323,28.697],[80.282,28.709],[80.262,28.726],[80.271,28.744],[80.248,28.758],[80.224,28.756],[80.199,28.766],[80.133,28.822],[80.082,28.824],[80.07,28.829],[80.038,28.794],[80.052,28.777],[80.025,28.731],[80,28.711],[79.965,28.711],[79.941,28.72],[79.924,28.759],[79.901,28.78],[79.852,28.803],[79.861,28.839],[79.836,28.839],[79.828,28.806],[79.804,28.797],[79.82,28.85],[79.815,28.866],[79.786,28.886],[79.721,28.873],[79.678,28.842],[79.625,28.863],[79.625,28.862],[79.663,28.802],[79.745,28.714],[79.89,28.627],[79.952,28.602],[80.113,28.503],[80.331,28.43],[80.384,28.339],[80.438,28.277],[80.782,28.061],[80.912,27.958],[80.998,27.877],[81.071,27.826],[81.133,27.796],[81.259,27.723],[81.295,27.664],[81.318,27.543],[81.358,27.445],[81.402,27.349],[81.425,27.178],[81.485,27.082],[81.812,26.857],[81.965,26.793],[82.026,26.81],[82.153,26.816],[82.193,26.804],[82.225,26.76],[82.325,26.693],[82.442,26.651],[82.697,26.585],[82.806,26.565],[82.971,26.488],[83.074,26.424],[83.151,26.408],[83.228,26.407],[83.392,26.305],[83.548,26.254],[83.649,26.251],[83.71,26.265],[83.739,26.264],[83.791,26.241],[83.861,26.162],[83.949,26.105],[84.1,26.094],[84.125,26.073],[84.145,26.045],[84.176,26.023],[84.181,25.997],[84.21,25.998],[84.249,25.981],[84.3,25.946],[84.322,25.946],[84.36,25.957],[84.417,25.929],[84.44,25.891],[84.494,25.887],[84.515,25.871],[84.537,25.876],[84.535,25.833],[84.555,25.84],[84.596,25.818],[84.629,25.791],[84.609,25.759],[84.635,25.74],[84.639,25.727],[84.682,25.71],[84.752,25.691],[84.82,25.686],[84.905,25.713],[84.951,25.714],[85.02,25.725],[85.06,25.717],[85.088,25.7],[85.121,25.643],[85.244,25.601],[85.273,25.569],[85.311,25.515],[85.437,25.45],[85.495,25.439],[85.588,25.409],[85.615,25.389],[85.635,25.343],[85.697,25.282],[85.713,25.247],[85.723,25.207],[85.696,25.149],[85.707,25.111],[85.758,25.103],[85.767,25.088],[85.776,25.044],[85.825,24.991],[85.836,24.941],[85.865,24.908],[85.914,24.868],[85.987,24.84],[86.044,24.804],[86.057,24.78]]]},"properties":{"physio_reg":"EASTERN PLAIN  HOT SUBAUMID (MOIST) ECO-REGION","ae_regcode":13}},
{"type":"Feature","geometry":{"type":"Polygon","coordinates":[[[73.13,35.852],[73.154,35.838],[73.135,35.785],[73.133,35.738],[73.139,35.719],[73.186,35.687],[73.216,35.675],[73.273,35.63],[73.314,35.616],[73.37,35.604],[73.407,35.564],[73.482,35.577],[73.502,35.566],[73.532,35.571],[73.558,35.556],[73.607,35.561],[73.639,35.571],[73.673,35.551],[73.721,35.553],[73.735,35.537],[73.786,35.524],[73.796,35.462],[73.755,35.442],[73.739,35.428],[73.71,35.383],[73.7,35.358],[73.7,35.323],[73.727,35.278],[73.715,35.228],[73.732,35.217],[73.778,35.244],[73.812,35.242],[73.847,35.23],[73.865,35.211],[73.917,35.212],[73.964,35.174],[73.992,35.185],[74.009,35.166],[74.045,35.146],[74.074,35.154],[74.102,35.146],[74.134,35.113],[74.095,35.097],[74.066,35.049],[74.098,35.034],[74.104,35.015],[74.06,34.992],[74.074,34.941],[74.044,34.922],[74.03,34.878],[73.973,34.864],[73.966,34.845],[73.936,34.834],[73.918,34.814],[73.897,34.822],[73.867,34.811],[73.844,34.816],[73.821,34.796],[73.774,34.797],[73.731,34.771],[73.707,34.725],[73.67,34.69],[73.667,34.666],[73.694,34.658],[73.69,34.644],[73.66,34.61],[73.661,34.589],[73.639,34.566],[73.619,34.586],[73.554,34.593],[73.536,34.578],[73.501,34.581],[73.448,34.574],[73.441,34.538],[73.431,34.526],[73.437,34.504],[73.422,34.471],[73.425,34.442],[73.4,34.359],[73.426,34.349],[73.47,34.264],[73.478,34.235],[73.493,34.22],[73.489,34.145],[73.514,34.027],[73.515,34.007],[73.55,33.932],[73.586,33.899],[73.586,33.865],[73.573,33.846],[73.558,33.784],[73.591,33.754],[73.597,33.728],[73.592,33.7],[73.563,33.676],[73.573,33.618],[73.62,33.578],[73.618,33.546],[73.631,33.538],[73.606,33.515],[73.596,33.493],[73.625,33.458],[73.59,33.444],[73.582,33.415],[73.568,33.398],[73.559,33.368],[73.566,33.343],[73.583,33.329],[73.606,33.252],[73.625,33.223],[73.658,33.205],[73.656,33.169],[73.63,33.128],[73.632,33.087],[73.689,33.088],[73.735,33.067],[73.74,33.044],[73.79,32.994],[73.78,32.975],[73.806,32.971],[73.823,33.006],[73.893,33.003],[73.926,32.986],[73.958,32.987],[73.969,32.969],[73.997,32.96],[73.988,32.936],[74.014,32.93],[74.052,32.931],[74.055,32.912],[74.113,32.895],[74.178,32.883],[74.202,32.871],[74.217,32.845],[74.244,32.842],[74.265,32.83],[74.3,32.824],[74.312,32.791],[74.355,32.763],[74.384,32.758],[74.403,32.78],[74.455,32.784],[74.461,32.773],[74.501,32.76],[74.507,32.744],[74.544,32.743],[74.617,32.755],[74.65,32.787],[74.632,32.802],[74.649,32.825],[74.664,32.822],[74.701,32.835],[74.7,32.811],[74.682,32.782],[74.65,32.698],[74.662,32.673],[74.693,32.655],[74.651,32.628],[74.638,32.595],[74.65,32.591],[74.652,32.559],[74.663,32.536],[74.688,32.526],[74.681,32.486],[74.716,32.471],[74.784,32.47],[74.816,32.488],[74.86,32.484],[74.896,32.461],[74.936,32.463],[74.947,32.443],[74.992,32.447],[75.018,32.466],[75.033,32.493],[75.055,32.476],[75.09,32.464],[75.11,32.47],[75.127,32.431],[75.13,32.406],[75.19,32.42],[75.213,32.395],[75.259,32.365],[75.285,32.367],[75.289,32.352],[75.341,32.321],[75.328,32.296],[75.371,32.279],[75.379,32.239],[75.348,32.22],[75.606,32.084],[75.613,32.066],[75.664,32.077],[75.707,32.059],[75.725,32.035],[75.749,32.037],[75.789,32],[75.81,31.988],[75.851,31.981],[75.909,31.949],[75.964,31.847],[75.968,31.823],[75.936,31.816],[75.96,31.78],[75.992,31.703],[76.019,31.661],[76.017,31.645],[76.037,31.614],[76.098,31.535],[76.122,31.493],[76.142,31.442],[76.158,31.43],[76.171,31.402],[76.148,31.38],[76.153,31.351],[76.18,31.339],[76.187,31.304],[76.22,31.303],[76.27,31.312],[76.275,31.303],[76.316,31.324],[76.31,31.34],[76.344,31.343],[76.344,31.377],[76.33,31.4],[76.361,31.403],[76.373,31.413],[76.405,31.395],[76.405,31.376],[76.442,31.322],[76.462,31.303],[76.481,31.307],[76.503,31.271],[76.525,31.28],[76.56,31.253],[76.585,31.277],[76.616,31.248],[76.59,31.223],[76.601,31.213],[76.63,31.226],[76.649,31.21],[76.604,31.18],[76.613,31.148],[76.603,31.125],[76.64,31.107],[76.619,31.075],[76.613,31.05],[76.627,31.019],[76.624,31.001],[76.682,30.966],[76.708,30.969],[76.726,30.96],[76.74,30.936],[76.762,30.926],[76.783,30.903],[76.824,30.927],[76.823,30.903],[76.836,30.884],[76.866,30.867],[76.916,30.893],[76.94,30.851],[76.941,30.833],[76.967,30.807],[77.011,30.81],[77.018,30.762],[77.026,30.738],[77.06,30.745],[77.09,30.741],[77.116,30.727],[77.138,30.703],[77.167,30.684],[77.166,30.65],[77.176,30.634],[77.171,30.595],[77.125,30.563],[77.151,30.534],[77.198,30.521],[77.213,30.502],[77.216,30.476],[77.24,30.484],[77.265,30.48],[77.277,30.462],[77.324,30.449],[77.359,30.457],[77.37,30.437],[77.393,30.441],[77.409,30.416],[77.439,30.436],[77.466,30.436],[77.448,30.399],[77.474,30.401],[77.504,30.413],[77.523,30.444],[77.556,30.392],[77.576,30.4],[77.649,30.405],[77.687,30.38],[77.724,30.334],[77.764,30.32],[77.826,30.286],[77.879,30.265],[77.913,30.259],[77.945,30.242],[77.995,30.189],[78.036,30.112],[78.099,30.027],[78.194,29.945],[78.314,29.86],[78.364,29.781],[78.399,29.768],[78.425,29.767],[78.437,29.756],[78.5,29.736],[78.52,29.685],[78.524,29.645],[78.543,29.618],[78.589,29.575],[78.634,29.547],[78.652,29.542],[78.706,29.503],[78.751,29.499],[78.778,29.478],[78.878,29.454],[78.913,29.45],[78.909,29.418],[78.869,29.38],[78.826,29.364],[78.797,29.337],[78.77,29.344],[78.738,29.324],[78.74,29.307],[78.771,29.281],[78.826,29.246],[78.843,29.255],[78.876,29.243],[78.911,29.197],[78.917,29.157],[78.956,29.144],[78.979,29.159],[79.012,29.11],[79.029,29.112],[79.025,29.143],[79.058,29.149],[79.085,29.146],[79.113,29.126],[79.13,29.128],[79.154,29.114],[79.147,29.076],[79.156,29.054],[79.177,29.045],[79.166,29.021],[79.18,29.01],[79.216,29.023],[79.25,29.001],[79.291,28.959],[79.361,28.946],[79.372,28.964],[79.391,28.93],[79.413,28.926],[79.407,28.879],[79.418,28.856],[79.42,28.852],[79.471,28.853],[79.488,28.861],[79.519,28.857],[79.545,28.884],[79.566,28.872],[79.563,28.84],[79.588,28.844],[79.62,28.861],[79.625,28.862],[79.625,28.863],[79.678,28.842],[79.721,28.873],[79.786,28.886],[79.815,28.866],[79.82,28.85],[79.804,28.797],[79.828,28.806],[79.836,28.839],[79.861,28.839],[79.852,28.803],[79.901,28.78],[79.924,28.759],[79.941,28.72],[79.965,28.711],[80,28.711],[80.025,28.731],[80.052,28.777],[80.038,28.794],[80.07,28.829],[80.064,28.845],[80.067,28.919],[80.103,28.981],[80.121,28.985],[80.13,29.035],[80.144,29.059],[80.136,29.072],[80.152,29.105],[80.19,29.133],[80.219,29.119],[80.24,29.119],[80.272,29.143],[80.253,29.217],[80.303,29.203],[80.298,29.235],[80.308,29.283],[80.319,29.298],[80.317,29.323],[80.297,29.327],[80.285,29.344],[80.278,29.394],[80.249,29.408],[80.247,29.446],[80.288,29.448],[80.303,29.486],[80.352,29.515],[80.349,29.547],[80.388,29.571],[80.414,29.598],[80.425,29.636],[80.421,29.65],[80.395,29.669],[80.37,29.725],[80.375,29.749],[80.402,29.76],[80.41,29.79],[80.442,29.806],[80.49,29.794],[80.511,29.823],[80.555,29.854],[80.574,29.895],[80.573,29.923],[80.6,29.954],[80.629,29.964],[80.682,29.961],[80.725,30.001],[80.744,30.002],[80.763,30.048],[80.789,30.066],[80.811,30.094],[80.841,30.101],[80.875,30.131],[80.868,30.172],[80.903,30.216],[80.922,30.207],[80.921,30.186],[80.937,30.177],[80.98,30.191],[80.993,30.187],[81.043,30.199],[81.034,30.245],[81.008,30.265],[80.931,30.282],[80.86,30.302],[80.826,30.314],[80.787,30.342],[80.774,30.37],[80.746,30.397],[80.675,30.44],[80.664,30.44],[80.608,30.477],[80.581,30.483],[80.57,30.462],[80.545,30.455],[80.519,30.465],[80.5,30.485],[80.438,30.5],[80.415,30.526],[80.383,30.521],[80.33,30.548],[80.32,30.562],[80.293,30.569],[80.255,30.56],[80.226,30.577],[80.226,30.61],[80.214,30.622],[80.224,30.639],[80.195,30.664],[80.198,30.674],[80.235,30.692],[80.252,30.735],[80.238,30.76],[80.205,30.758],[80.2,30.781],[80.174,30.807],[80.118,30.774],[80.089,30.794],[80.085,30.814],[80.059,30.838],[80.04,30.838],[79.983,30.877],[79.93,30.887],[79.913,30.916],[79.893,30.921],[79.879,30.961],[79.867,30.975],[79.826,30.972],[79.776,30.988],[79.753,31.001],[79.74,30.985],[79.708,30.976],[79.678,30.981],[79.665,30.965],[79.631,30.956],[79.605,30.937],[79.548,30.968],[79.553,30.986],[79.521,31.018],[79.517,31.034],[79.481,31.036],[79.428,31.032],[79.422,31.072],[79.408,31.074],[79.397,31.113],[79.34,31.124],[79.315,31.144],[79.298,31.176],[79.304,31.19],[79.278,31.24],[79.249,31.249],[79.264,31.291],[79.237,31.315],[79.237,31.332],[79.193,31.367],[79.179,31.394],[79.145,31.434],[79.092,31.453],[79.073,31.467],[79.053,31.452],[79.05,31.423],[79.023,31.396],[79.009,31.362],[78.996,31.352],[78.946,31.333],[78.932,31.262],[78.895,31.266],[78.883,31.296],[78.864,31.317],[78.845,31.325],[78.856,31.349],[78.843,31.376],[78.792,31.397],[78.808,31.413],[78.811,31.448],[78.76,31.485],[78.732,31.482],[78.723,31.516],[78.737,31.536],[78.766,31.544],[78.784,31.561],[78.813,31.571],[78.839,31.596],[78.843,31.623],[78.8,31.656],[78.796,31.685],[78.764,31.68],[78.75,31.687],[78.728,31.74],[78.741,31.759],[78.72,31.766],[78.708,31.789],[78.709,31.81],[78.737,31.831],[78.741,31.88],[78.749,31.909],[78.762,31.921],[78.788,31.995],[78.754,32],[78.707,32.041],[78.703,32.053],[78.669,32.084],[78.665,32.103],[78.613,32.119],[78.591,32.154],[78.611,32.184],[78.61,32.215],[78.56,32.245],[78.5,32.239],[78.456,32.242],[78.481,32.274],[78.478,32.333],[78.485,32.354],[78.511,32.373],[78.513,32.387],[78.536,32.415],[78.496,32.422],[78.479,32.444],[78.456,32.453],[78.466,32.486],[78.449,32.507],[78.427,32.508],[78.4,32.526],[78.328,32.472],[78.296,32.504],[78.317,32.526],[78.314,32.574],[78.349,32.581],[78.407,32.62],[78.389,32.635],[78.381,32.668],[78.396,32.716],[78.391,32.757],[78.363,32.76],[78.306,32.734],[78.314,32.709],[78.254,32.691],[78.243,32.672],[78.202,32.661],[78.188,32.674],[78.154,32.667],[78.134,32.639],[78.111,32.659],[78.091,32.641],[78.085,32.622],[78.062,32.626],[78.053,32.589],[78.035,32.584],[77.994,32.589],[77.938,32.676],[77.921,32.69],[77.936,32.754],[77.917,32.772],[77.885,32.787],[77.879,32.813],[77.843,32.837],[77.817,32.843],[77.779,32.862],[77.791,32.888],[77.808,32.903],[77.778,32.925],[77.731,32.969],[77.683,32.984],[77.609,33.268],[77.534,33.584],[77.395,33.649],[76.952,33.919],[76.812,34.003],[76.727,34.174],[76.688,34.336],[76.516,34.658],[76.289,34.892],[76.041,35.039],[75.638,35.249],[75.093,35.492],[74.664,35.689],[74.344,35.783],[73.955,35.846],[73.588,35.928],[73.202,35.913],[73.13,35.852]]]},"properties":{"physio_reg":"WESTERN HIMALAYA  WARM SUBHUMID (TO HUMID WITH INCLUSION OF PERHUMID) ECO-REGION","ae_regcode":14}},
{"type":"Feature","geometry":{"type":"MultiPolygon","coordinates":[[[[88.189,26.743],[88.187,26.718],[88.167,26.681],[88.16,26.636],[88.14,26.621],[88.133,26.574],[88.107,26.555],[88.112,26.539],[88.139,26.512],[88.172,26.521],[88.192,26.544],[88.24,26.532],[88.186,26.494],[88.2,26.472],[88.228,26.467],[88.25,26.449],[88.262,26.416],[88.236,26.39],[88.244,26.375],[88.28,26.377],[88.296,26.351],[88.268,26.338],[88.233,26.304],[88.231,26.289],[88.183,26.262],[88.151,26.253],[88.145,26.231],[88.126,26.228],[88.081,26.181],[88.059,26.172],[88.044,26.178],[88.005,26.14],[87.976,26.154],[87.976,26.109],[87.966,26.084],[87.919,26.091],[87.849,26.044],[87.847,26.02],[87.833,25.984],[87.837,25.962],[87.813,25.93],[87.823,25.913],[87.829,25.872],[87.878,25.86],[87.891,25.865],[87.917,25.852],[87.894,25.833],[87.917,25.815],[87.904,25.799],[87.907,25.78],[87.944,25.759],[87.95,25.744],[87.986,25.719],[88.057,25.686],[88.042,25.641],[88.047,25.606],[88.028,25.583],[88.033,25.554],[88.075,25.513],[88.067,25.486],[88.037,25.486],[88.01,25.494],[87.961,25.538],[87.93,25.536],[87.906,25.508],[87.876,25.503],[87.869,25.466],[87.84,25.465],[87.815,25.435],[87.792,25.449],[87.769,25.396],[87.772,25.378],[87.795,25.373],[87.787,25.339],[87.835,25.304],[87.856,25.298],[87.862,25.278],[87.855,25.254],[87.828,25.235],[87.835,25.205],[87.793,25.221],[87.777,25.153],[87.778,25.1],[87.805,25.072],[87.87,25.041],[87.909,24.999],[87.912,24.987],[87.967,24.937],[87.979,24.897],[87.972,24.882],[87.917,24.857],[87.903,24.844],[87.871,24.775],[87.855,24.762],[87.823,24.767],[87.845,24.739],[87.906,24.723],[87.902,24.692],[87.891,24.679],[87.917,24.663],[87.907,24.614],[87.915,24.595],[87.897,24.581],[87.892,24.564],[87.853,24.552],[87.801,24.564],[87.806,24.519],[87.804,24.493],[87.823,24.47],[87.793,24.433],[87.803,24.384],[87.766,24.335],[87.769,24.324],[87.741,24.29],[87.715,24.294],[87.711,24.269],[87.686,24.248],[87.652,24.25],[87.643,24.213],[87.676,24.207],[87.702,24.177],[87.695,24.151],[87.608,23.893],[87.523,23.809],[87.29,23.484],[87.148,23.073],[87.135,22.825],[87.144,22.554],[87.155,22.473],[87.175,21.977],[87.2,21.958],[87.239,21.959],[87.24,21.938],[87.257,21.922],[87.371,21.936],[87.426,21.941],[87.456,21.995],[87.469,22.044],[87.489,22.069],[87.563,22.097],[87.608,22.095],[87.676,22.101],[87.732,22.123],[87.845,22.124],[87.961,22.101],[87.985,22.105],[88.028,22.068],[88.027,22.048],[88.062,22.013],[88.083,22.021],[88.167,22.074],[88.194,22.111],[88.136,22.185],[88.106,22.192],[88.066,22.19],[88.035,22.209],[88.018,22.2],[87.99,22.209],[87.972,22.237],[87.938,22.265],[87.933,22.314],[87.944,22.325],[87.943,22.364],[87.93,22.404],[87.949,22.399],[87.958,22.348],[87.96,22.28],[87.984,22.246],[88.026,22.222],[88.049,22.22],[88.075,22.253],[88.079,22.284],[88.089,22.302],[88.105,22.304],[88.073,22.21],[88.117,22.209],[88.164,22.198],[88.188,22.187],[88.211,22.149],[88.211,22.132],[88.224,22.09],[88.214,22.035],[88.179,21.982],[88.154,21.96],[88.174,21.934],[88.176,21.92],[88.164,21.879],[88.178,21.849],[88.201,21.819],[88.218,21.777],[88.217,21.764],[88.282,21.755],[88.258,21.801],[88.26,21.81],[88.269,21.818],[88.306,21.831],[88.311,21.855],[88.326,21.862],[88.339,21.861],[88.355,21.856],[88.356,21.82],[88.364,21.798],[88.392,21.803],[88.386,21.839],[88.397,21.886],[88.416,21.901],[88.424,21.908],[88.432,21.903],[88.442,21.911],[88.462,21.918],[88.458,21.898],[88.474,21.895],[88.483,21.91],[88.509,21.905],[88.499,21.874],[88.528,21.853],[88.548,21.882],[88.545,21.906],[88.578,21.89],[88.602,21.907],[88.615,21.938],[88.598,21.968],[88.614,22.02],[88.635,22.043],[88.627,22.057],[88.619,22.105],[88.638,22.155],[88.664,22.185],[88.673,22.205],[88.642,22.207],[88.631,22.223],[88.657,22.25],[88.665,22.273],[88.671,22.273],[88.658,22.239],[88.637,22.224],[88.639,22.213],[88.671,22.216],[88.681,22.21],[88.699,22.21],[88.734,22.196],[88.768,22.194],[88.789,22.178],[88.815,22.181],[88.832,22.167],[88.841,22.193],[88.86,22.205],[88.867,22.196],[88.872,22.171],[88.902,22.177],[88.917,22.225],[88.921,22.233],[88.926,22.229],[88.954,22.226],[88.951,22.243],[88.93,22.264],[88.937,22.297],[88.912,22.312],[88.892,22.343],[88.861,22.366],[88.853,22.383],[88.856,22.408],[88.848,22.431],[88.819,22.43],[88.803,22.443],[88.79,22.481],[88.78,22.493],[88.78,22.503],[88.77,22.511],[88.755,22.515],[88.745,22.515],[88.736,22.51],[88.718,22.519],[88.712,22.526],[88.691,22.522],[88.691,22.528],[88.708,22.529],[88.734,22.511],[88.742,22.515],[88.753,22.517],[88.772,22.513],[88.796,22.497],[88.811,22.482],[88.814,22.456],[88.839,22.437],[88.852,22.456],[88.856,22.512],[88.869,22.546],[88.896,22.563],[88.938,22.571],[88.936,22.591],[88.957,22.61],[88.932,22.641],[88.95,22.663],[88.962,22.694],[88.924,22.737],[88.924,22.768],[88.942,22.79],[88.961,22.797],[88.971,22.845],[88.949,22.88],[88.936,22.871],[88.912,22.88],[88.9,22.93],[88.9,22.952],[88.865,22.958],[88.872,22.972],[88.875,23.021],[88.882,23.032],[88.87,23.072],[88.873,23.099],[88.901,23.109],[88.934,23.141],[88.941,23.172],[88.965,23.192],[88.985,23.193],[88.983,23.225],[88.955,23.205],[88.917,23.232],[88.856,23.227],[88.834,23.247],[88.812,23.252],[88.817,23.219],[88.789,23.22],[88.771,23.242],[88.75,23.24],[88.724,23.255],[88.727,23.272],[88.7,23.295],[88.75,23.32],[88.74,23.331],[88.766,23.37],[88.757,23.39],[88.768,23.444],[88.793,23.443],[88.792,23.467],[88.804,23.483],[88.783,23.5],[88.746,23.483],[88.722,23.51],[88.699,23.52],[88.688,23.541],[88.665,23.552],[88.647,23.611],[88.591,23.602],[88.597,23.628],[88.565,23.648],[88.578,23.672],[88.568,23.717],[88.575,23.727],[88.585,23.791],[88.606,23.819],[88.58,23.862],[88.626,23.875],[88.637,23.863],[88.669,23.874],[88.671,23.886],[88.708,23.901],[88.708,23.916],[88.737,23.916],[88.746,23.936],[88.738,23.962],[88.745,23.986],[88.775,23.989],[88.763,24.01],[88.742,24.015],[88.74,24.057],[88.726,24.067],[88.729,24.097],[88.702,24.099],[88.702,24.12],[88.748,24.138],[88.735,24.168],[88.736,24.224],[88.742,24.262],[88.727,24.298],[88.704,24.311],[88.675,24.315],[88.641,24.306],[88.606,24.309],[88.573,24.323],[88.551,24.303],[88.543,24.325],[88.524,24.344],[88.508,24.345],[88.453,24.373],[88.427,24.38],[88.376,24.37],[88.343,24.378],[88.306,24.405],[88.27,24.442],[88.215,24.454],[88.195,24.465],[88.178,24.491],[88.147,24.507],[88.103,24.547],[88.052,24.631],[88.017,24.659],[88.014,24.67],[88.074,24.735],[88.071,24.769],[88.109,24.783],[88.118,24.819],[88.143,24.831],[88.162,24.85],[88.169,24.898],[88.148,24.919],[88.176,24.945],[88.221,24.958],[88.252,24.936],[88.276,24.891],[88.336,24.872],[88.347,24.886],[88.335,24.906],[88.347,24.94],[88.371,24.952],[88.398,24.944],[88.429,25.012],[88.443,25.011],[88.452,25.035],[88.439,25.053],[88.452,25.07],[88.448,25.123],[88.462,25.145],[88.443,25.201],[88.467,25.196],[88.487,25.214],[88.568,25.175],[88.593,25.193],[88.625,25.206],[88.67,25.203],[88.687,25.21],[88.727,25.201],[88.737,25.19],[88.809,25.174],[88.848,25.21],[88.92,25.166],[88.95,25.181],[88.94,25.204],[88.964,25.211],[88.956,25.246],[88.988,25.27],[89.013,25.267],[89.005,25.3],[88.984,25.306],[88.937,25.307],[88.889,25.327],[88.869,25.352],[88.847,25.366],[88.84,25.398],[88.824,25.403],[88.837,25.428],[88.836,25.481],[88.815,25.491],[88.802,25.522],[88.769,25.497],[88.749,25.489],[88.735,25.498],[88.711,25.496],[88.701,25.473],[88.648,25.483],[88.607,25.515],[88.594,25.507],[88.554,25.516],[88.535,25.538],[88.506,25.55],[88.498,25.58],[88.471,25.586],[88.45,25.602],[88.46,25.64],[88.456,25.663],[88.421,25.663],[88.408,25.68],[88.375,25.7],[88.376,25.714],[88.301,25.759],[88.278,25.789],[88.271,25.808],[88.237,25.803],[88.212,25.786],[88.185,25.794],[88.158,25.783],[88.116,25.796],[88.094,25.894],[88.1,25.926],[88.126,25.943],[88.125,25.968],[88.149,25.997],[88.146,26.014],[88.18,26.022],[88.174,26.052],[88.186,26.063],[88.163,26.079],[88.163,26.105],[88.176,26.118],[88.183,26.147],[88.253,26.193],[88.274,26.192],[88.311,26.207],[88.33,26.205],[88.359,26.235],[88.351,26.264],[88.364,26.293],[88.418,26.333],[88.442,26.338],[88.453,26.36],[88.513,26.361],[88.523,26.383],[88.495,26.425],[88.487,26.46],[88.436,26.473],[88.419,26.466],[88.378,26.484],[88.346,26.468],[88.34,26.487],[88.359,26.51],[88.377,26.578],[88.395,26.616],[88.424,26.622],[88.429,26.567],[88.436,26.549],[88.454,26.538],[88.484,26.542],[88.504,26.512],[88.514,26.514],[88.533,26.486],[88.553,26.483],[88.573,26.458],[88.601,26.454],[88.617,26.474],[88.633,26.455],[88.633,26.435],[88.657,26.416],[88.687,26.409],[88.706,26.337],[88.749,26.341],[88.726,26.312],[88.68,26.32],[88.695,26.297],[88.67,26.285],[88.676,26.265],[88.7,26.279],[88.744,26.29],[88.76,26.311],[88.78,26.299],[88.801,26.309],[88.823,26.296],[88.826,26.252],[88.852,26.233],[88.885,26.237],[88.867,26.256],[88.879,26.286],[88.925,26.286],[88.972,26.241],[89.003,26.247],[89.052,26.243],[89.064,26.255],[89.053,26.283],[89.004,26.295],[88.99,26.306],[89.003,26.33],[88.991,26.346],[88.961,26.346],[88.953,26.361],[88.921,26.363],[88.917,26.406],[88.933,26.413],[88.968,26.459],[88.988,26.444],[88.986,26.42],[89.073,26.394],[89.091,26.4],[89.102,26.341],[89.1,26.323],[89.137,26.317],[89.131,26.299],[89.107,26.289],[89.14,26.242],[89.151,26.207],[89.141,26.185],[89.154,26.17],[89.161,26.14],[89.177,26.131],[89.224,26.126],[89.26,26.095],[89.26,26.075],[89.282,26.053],[89.326,26.039],[89.358,26.011],[89.395,26.01],[89.41,26.041],[89.43,26.04],[89.432,26.015],[89.477,25.996],[89.504,26.005],[89.55,25.999],[89.548,25.971],[89.576,25.968],[89.591,25.98],[89.583,26.026],[89.593,26.044],[89.62,26.063],[89.648,26.063],[89.636,26.105],[89.615,26.095],[89.599,26.162],[89.619,26.18],[89.66,26.183],[89.641,26.216],[89.649,26.229],[89.688,26.216],[89.677,26.202],[89.716,26.157],[89.753,26.153],[89.77,26.132],[89.765,26.113],[89.787,26.106],[89.786,26.086],[89.801,26.073],[89.788,26.053],[89.821,26.024],[89.819,25.989],[89.843,26.005],[89.872,25.976],[89.831,25.947],[89.845,25.941],[89.879,25.944],[89.874,25.913],[89.84,25.878],[89.835,25.838],[89.819,25.817],[89.831,25.805],[89.843,25.761],[89.828,25.742],[89.848,25.69],[89.872,25.654],[89.883,25.615],[89.879,25.576],[89.863,25.523],[89.856,25.477],[89.879,25.492],[89.871,25.54],[89.89,25.558],[89.977,25.575],[89.983,25.591],[90.006,25.584],[90.022,25.608],[90.008,25.624],[89.951,25.659],[89.941,25.687],[89.898,25.727],[89.9,25.744],[89.926,25.739],[89.959,25.775],[89.956,25.811],[90.012,25.847],[90.026,25.869],[90.025,25.893],[90.046,25.891],[90.067,25.916],[90.096,25.929],[90.118,25.957],[90.198,25.957],[90.217,25.954],[90.291,25.964],[90.328,25.974],[90.334,25.988],[90.369,26.01],[90.4,26.014],[90.432,25.989],[90.461,25.999],[90.481,26.015],[90.51,25.996],[90.538,25.958],[90.529,25.901],[90.575,25.939],[90.582,25.958],[90.633,25.937],[90.631,25.917],[90.679,25.936],[90.69,25.95],[90.717,25.952],[90.744,25.941],[90.744,25.915],[90.781,25.908],[90.801,25.941],[90.824,25.948],[90.873,25.942],[90.886,25.951],[90.922,25.913],[90.919,25.943],[90.961,25.933],[90.971,25.887],[91.017,25.884],[91.016,25.857],[91.005,25.825],[91.024,25.822],[91.052,25.848],[91.069,25.846],[91.07,25.825],[91.124,25.831],[91.156,25.849],[91.205,25.84],[91.183,25.776],[91.191,25.738],[91.227,25.723],[91.258,25.747],[91.278,25.746],[91.335,25.831],[91.351,25.84],[91.415,25.853],[91.444,25.841],[91.471,25.858],[91.486,25.89],[91.504,25.898],[91.504,25.92],[91.522,25.94],[91.521,25.957],[91.554,25.974],[91.568,26.001],[91.573,26.026],[91.599,26.02],[91.635,26.021],[91.627,25.985],[91.64,25.964],[91.633,25.944],[91.614,25.939],[91.65,25.913],[91.672,25.904],[91.723,25.953],[91.726,26.029],[91.734,26.058],[91.762,26.07],[91.781,26.09],[91.793,26.086],[91.822,26.118],[91.878,26.096],[91.872,26.056],[91.886,26.029],[91.936,26.013],[91.98,26.024],[91.993,26.04],[92.038,26.038],[92.055,26.031],[92.095,26.047],[92.135,26.044],[92.153,26.063],[92.18,26.078],[92.191,26.065],[92.214,26.069],[92.243,26.061],[92.276,26.064],[92.302,26.075],[92.343,26.107],[92.402,26.136],[92.47,26.136],[92.518,26.132],[92.556,26.107],[92.573,26.083],[92.587,26.033],[92.563,25.984],[92.584,25.973],[92.626,25.991],[92.688,26.04],[92.738,26.053],[92.749,26.035],[92.778,25.966],[92.832,25.916],[92.865,25.898],[92.949,25.872],[92.985,25.849],[93.07,25.761],[93.116,25.73],[93.174,25.721],[93.222,25.743],[93.234,25.779],[93.231,25.85],[93.172,25.965],[93.109,26.056],[93.017,26.113],[92.909,26.198],[92.873,26.213],[92.871,26.269],[92.878,26.317],[92.915,26.383],[92.962,26.42],[93.068,26.446],[93.107,26.513],[93.137,26.533],[93.214,26.568],[93.271,26.575],[93.45,26.589],[93.571,26.603],[93.658,26.606],[93.7,26.592],[93.759,26.558],[93.839,26.419],[93.85,26.376],[93.858,26.299],[93.851,26.207],[93.839,26.125],[93.808,26.059],[93.773,25.962],[93.785,25.954],[93.798,25.905],[93.78,25.842],[93.796,25.81],[93.819,25.822],[93.824,25.843],[93.852,25.859],[93.883,25.841],[93.916,25.883],[93.96,25.901],[93.983,25.922],[93.969,25.956],[93.956,25.97],[93.955,26.003],[93.966,26.038],[93.991,26.068],[93.986,26.079],[94.007,26.143],[94,26.154],[94.013,26.182],[94.036,26.199],[94.053,26.251],[94.071,26.256],[94.103,26.304],[94.108,26.322],[94.139,26.337],[94.165,26.335],[94.165,26.356],[94.179,26.384],[94.176,26.427],[94.187,26.456],[94.212,26.485],[94.24,26.507],[94.283,26.559],[94.294,26.476],[94.317,26.458],[94.324,26.475],[94.378,26.508],[94.397,26.525],[94.415,26.578],[94.41,26.612],[94.455,26.634],[94.468,26.665],[94.499,26.669],[94.521,26.697],[94.546,26.706],[94.593,26.698],[94.594,26.721],[94.61,26.735],[94.623,26.714],[94.687,26.727],[94.732,26.759],[94.757,26.767],[94.773,26.79],[94.803,26.801],[94.822,26.849],[94.852,26.876],[94.87,26.91],[94.887,26.927],[94.914,26.937],[94.958,26.938],[94.986,26.913],[95.022,26.92],[95.038,26.933],[95.087,26.947],[95.11,26.961],[95.117,26.978],[95.155,27],[95.196,27.037],[95.214,27.028],[95.238,27.037],[95.249,27.024],[95.31,27.075],[95.367,27.107],[95.407,27.112],[95.421,27.125],[95.458,27.129],[95.466,27.149],[95.469,27.184],[95.459,27.203],[95.488,27.24],[95.535,27.264],[95.575,27.245],[95.59,27.223],[95.637,27.23],[95.685,27.251],[95.726,27.253],[95.732,27.26],[95.81,27.274],[95.861,27.287],[95.872,27.26],[95.898,27.257],[95.907,27.285],[95.963,27.31],[95.97,27.33],[95.994,27.344],[96.015,27.368],[96.001,27.396],[95.974,27.43],[95.934,27.44],[95.912,27.433],[95.9,27.405],[95.883,27.437],[95.85,27.424],[95.86,27.456],[95.877,27.465],[95.882,27.547],[95.863,27.546],[95.822,27.576],[95.825,27.597],[95.799,27.602],[95.788,27.626],[95.802,27.643],[95.78,27.655],[95.781,27.673],[95.759,27.725],[95.786,27.734],[95.782,27.752],[95.808,27.778],[95.824,27.804],[95.853,27.828],[95.875,27.834],[95.93,27.885],[95.957,27.921],[95.954,27.936],[95.979,27.963],[95.827,27.972],[95.609,27.953],[95.59,27.937],[95.573,27.937],[95.567,27.918],[95.546,27.909],[95.518,27.877],[95.386,27.837],[95.318,27.867],[95.238,27.844],[95.054,27.786],[95.041,27.774],[94.989,27.767],[94.886,27.738],[94.868,27.742],[94.851,27.707],[94.823,27.692],[94.802,27.693],[94.745,27.66],[94.723,27.666],[94.686,27.66],[94.642,27.627],[94.588,27.616],[94.576,27.603],[94.528,27.592],[94.502,27.574],[94.456,27.567],[94.423,27.598],[94.405,27.584],[94.37,27.573],[94.291,27.591],[94.257,27.611],[94.265,27.633],[94.238,27.629],[94.225,27.598],[94.229,27.572],[94.259,27.554],[94.262,27.52],[94.197,27.494],[94.159,27.475],[94.162,27.463],[94.089,27.401],[94.063,27.36],[94.002,27.332],[93.959,27.292],[93.941,27.27],[93.903,27.238],[93.87,27.196],[93.811,27.149],[93.808,27.135],[93.824,27.119],[93.839,27.075],[93.8,27.061],[93.77,27.04],[93.721,27.016],[93.7,26.992],[93.678,26.968],[93.626,26.961],[93.586,26.95],[93.528,26.946],[93.47,26.936],[93.143,26.815],[92.992,26.803],[92.753,26.801],[92.661,26.76],[92.567,26.703],[92.496,26.672],[92.438,26.64],[92.381,26.614],[92.327,26.619],[92.204,26.644],[92.112,26.639],[92.068,26.608],[92.058,26.572],[92.015,26.548],[91.91,26.553],[91.827,26.532],[91.733,26.472],[91.646,26.482],[91.605,26.549],[91.562,26.561],[91.491,26.566],[91.4,26.542],[91.343,26.507],[91.309,26.509],[91.297,26.559],[91.272,26.582],[91.212,26.602],[91.182,26.604],[91.158,26.597],[91.112,26.539],[90.99,26.544],[90.93,26.552],[90.865,26.55],[90.743,26.513],[90.647,26.495],[90.581,26.478],[90.5,26.441],[90.431,26.427],[90.357,26.429],[90.142,26.449],[90.013,26.448],[89.911,26.452],[89.875,26.448],[89.807,26.457],[89.729,26.447],[89.687,26.426],[89.627,26.421],[89.52,26.451],[89.423,26.485],[89.315,26.491],[89.037,26.546],[88.943,26.573],[88.865,26.623],[88.427,26.695],[88.36,26.73],[88.189,26.743]]],[[[92.438,25.032],[92.427,25.018],[92.423,24.974],[92.466,24.963],[92.455,24.942],[92.484,24.931],[92.496,24.906],[92.498,24.868],[92.451,24.874],[92.438,24.86],[92.403,24.855],[92.351,24.888],[92.315,24.901],[92.308,24.916],[92.286,24.908],[92.25,24.908],[92.253,24.881],[92.237,24.861],[92.247,24.833],[92.272,24.829],[92.275,24.801],[92.264,24.764],[92.271,24.748],[92.266,24.712],[92.234,24.697],[92.226,24.68],[92.24,24.648],[92.223,24.609],[92.233,24.581],[92.233,24.502],[92.221,24.501],[92.17,24.527],[92.154,24.503],[92.172,24.422],[92.139,24.422],[92.124,24.382],[92.095,24.374],[92.037,24.377],[92.01,24.385],[91.975,24.383],[91.992,24.351],[91.962,24.358],[91.928,24.339],[91.927,24.322],[91.945,24.275],[91.931,24.218],[92.213,24.248],[92.303,24.251],[92.422,24.251],[92.419,24.192],[92.433,24.181],[92.436,24.15],[92.463,24.134],[92.488,24.16],[92.529,24.173],[92.55,24.244],[92.588,24.243],[92.611,24.251],[92.626,24.332],[92.645,24.325],[92.658,24.341],[92.691,24.354],[92.714,24.403],[92.73,24.45],[92.765,24.518],[92.803,24.419],[92.831,24.397],[92.832,24.374],[92.862,24.397],[92.884,24.4],[92.904,24.391],[92.911,24.41],[92.935,24.393],[92.96,24.393],[92.979,24.407],[93.015,24.399],[93.038,24.408],[93.031,24.426],[93.037,24.458],[93.048,24.472],[93.035,24.494],[93.052,24.516],[93.052,24.541],[93.096,24.579],[93.075,24.593],[93.086,24.608],[93.084,24.644],[93.098,24.663],[93.088,24.706],[93.097,24.728],[93.112,24.799],[93.131,24.803],[93.157,24.789],[93.192,24.803],[93.201,24.847],[93.228,24.874],[93.233,24.895],[93.253,24.915],[93.244,24.94],[93.259,24.948],[93.258,24.969],[93.214,24.986],[93.129,24.992],[93.091,24.992],[93.07,25.004],[93.049,25.042],[93.047,25.085],[93.023,25.096],[92.985,25.093],[92.842,25.06],[92.804,25.082],[92.758,25.121],[92.734,25.123],[92.667,25.109],[92.622,25.115],[92.582,25.13],[92.554,25.128],[92.525,25.138],[92.527,25.104],[92.485,25.106],[92.466,25.055],[92.464,25.035],[92.438,25.032]]],[[[88.137,21.875],[88.122,21.866],[88.072,21.778],[88.061,21.734],[88.044,21.718],[88.037,21.674],[88.042,21.649],[88.062,21.638],[88.116,21.626],[88.135,21.629],[88.155,21.653],[88.154,21.693],[88.171,21.745],[88.164,21.8],[88.17,21.817],[88.157,21.83],[88.137,21.875]]],[[[88.961,22.189],[88.949,22.189],[88.92,22.161],[88.897,22.171],[88.909,22.134],[88.93,22.112],[88.931,22.098],[88.902,22.064],[88.916,22.011],[88.913,21.994],[88.931,21.942],[88.944,21.93],[88.992,21.907],[89.015,21.903],[89.021,21.922],[88.995,21.942],[88.994,21.97],[88.972,21.988],[88.965,22.017],[88.977,22.038],[88.958,22.06],[88.982,22.113],[88.985,22.148],[88.961,22.189]]],[[[88.934,22.556],[88.92,22.565],[88.896,22.561],[88.904,22.526],[88.914,22.515],[88.896,22.484],[88.899,22.477],[88.895,22.466],[88.903,22.455],[88.904,22.446],[88.919,22.43],[88.926,22.406],[88.916,22.392],[88.896,22.38],[88.907,22.336],[88.932,22.311],[88.943,22.311],[88.949,22.355],[88.964,22.374],[88.963,22.406],[88.997,22.429],[88.989,22.439],[88.995,22.468],[88.978,22.483],[88.965,22.534],[88.956,22.551],[88.934,22.556]]],[[[88.705,22.207],[88.685,22.208],[88.678,22.184],[88.653,22.163],[88.634,22.106],[88.652,22.081],[88.663,22.024],[88.702,22.007],[88.72,22.006],[88.74,22.02],[88.729,22.038],[88.688,22.06],[88.689,22.09],[88.723,22.113],[88.736,22.133],[88.766,22.146],[88.789,22.169],[88.765,22.192],[88.732,22.194],[88.705,22.207]]],[[[88.227,21.762],[88.217,21.762],[88.212,21.72],[88.221,21.702],[88.201,21.691],[88.209,21.674],[88.226,21.675],[88.233,21.669],[88.235,21.635],[88.217,21.62],[88.246,21.591],[88.248,21.564],[88.271,21.558],[88.292,21.563],[88.306,21.58],[88.289,21.596],[88.293,21.637],[88.312,21.672],[88.272,21.728],[88.272,21.752],[88.227,21.762]]],[[[88.813,22.019],[88.801,22.03],[88.777,22.015],[88.761,22.015],[88.75,21.982],[88.752,21.959],[88.776,21.943],[88.825,21.94],[88.857,21.919],[88.897,21.923],[88.907,21.93],[88.908,21.969],[88.9,22.013],[88.875,22.012],[88.813,22.019]]],[[[88.985,22.382],[88.968,22.388],[88.964,22.367],[88.955,22.361],[88.947,22.256],[88.962,22.242],[88.968,22.215],[88.986,22.206],[89.019,22.207],[89.027,22.187],[89.024,22.165],[89.051,22.147],[89.069,22.19],[89.04,22.222],[89.034,22.255],[88.996,22.283],[89.009,22.315],[88.987,22.322],[88.985,22.382]]],[[[88.921,21.926],[88.857,21.911],[88.849,21.896],[88.861,21.856],[88.878,21.854],[88.89,21.812],[88.903,21.822],[88.914,21.828],[88.923,21.836],[88.931,21.838],[88.948,21.841],[88.955,21.854],[88.977,21.868],[88.972,21.899],[88.921,21.926]]],[[[89.018,22.05],[89.002,22.059],[88.986,22.049],[88.968,22.016],[88.974,21.995],[89.018,21.976],[88.999,21.95],[89.03,21.926],[89.063,21.935],[89.078,21.986],[89.068,22.014],[89.04,22.049],[89.018,22.05]]],[[[88.337,21.86],[88.324,21.86],[88.312,21.854],[88.308,21.83],[88.266,21.814],[88.26,21.807],[88.264,21.794],[88.282,21.791],[88.304,21.761],[88.306,21.718],[88.332,21.711],[88.345,21.722],[88.34,21.751],[88.343,21.76],[88.357,21.767],[88.378,21.769],[88.38,21.787],[88.361,21.796],[88.352,21.82],[88.351,21.855],[88.337,21.86]]],[[[88.445,21.905],[88.436,21.902],[88.42,21.903],[88.417,21.887],[88.4,21.873],[88.393,21.833],[88.403,21.798],[88.418,21.812],[88.424,21.812],[88.427,21.81],[88.431,21.8],[88.443,21.802],[88.454,21.822],[88.491,21.85],[88.484,21.885],[88.461,21.894],[88.445,21.905]]],[[[88.845,22.189],[88.833,22.165],[88.813,22.179],[88.766,22.14],[88.747,22.133],[88.735,22.105],[88.703,22.078],[88.705,22.065],[88.739,22.057],[88.75,22.081],[88.772,22.106],[88.798,22.125],[88.85,22.143],[88.843,22.168],[88.868,22.175],[88.864,22.197],[88.845,22.189]]],[[[89.001,22.199],[88.973,22.193],[88.977,22.168],[88.997,22.14],[88.98,22.079],[88.963,22.061],[89.002,22.06],[89.019,22.051],[89.039,22.055],[89.031,22.094],[89.049,22.133],[89.022,22.148],[89.014,22.164],[89.013,22.196],[89.001,22.199]]],[[[88.898,22.549],[88.867,22.53],[88.861,22.499],[88.861,22.413],[88.882,22.403],[88.884,22.376],[88.921,22.399],[88.905,22.412],[88.908,22.434],[88.901,22.445],[88.898,22.459],[88.892,22.466],[88.896,22.472],[88.893,22.487],[88.906,22.521],[88.898,22.549]]],[[[88.718,21.907],[88.698,21.86],[88.696,21.842],[88.709,21.81],[88.719,21.807],[88.726,21.794],[88.737,21.799],[88.75,21.816],[88.751,21.801],[88.764,21.788],[88.777,21.822],[88.766,21.826],[88.765,21.838],[88.775,21.865],[88.757,21.879],[88.747,21.897],[88.727,21.899],[88.718,21.907]]],[[[88.832,21.766],[88.813,21.751],[88.803,21.747],[88.791,21.749],[88.782,21.733],[88.819,21.703],[88.823,21.671],[88.809,21.64],[88.84,21.62],[88.86,21.643],[88.841,21.689],[88.84,21.716],[88.861,21.762],[88.832,21.766]]],[[[88.716,21.807],[88.712,21.788],[88.695,21.744],[88.711,21.69],[88.748,21.658],[88.755,21.666],[88.731,21.682],[88.733,21.689],[88.745,21.684],[88.76,21.685],[88.763,21.693],[88.757,21.706],[88.776,21.724],[88.753,21.732],[88.759,21.759],[88.727,21.781],[88.716,21.807]]],[[[89.059,21.722],[89.037,21.721],[89.018,21.708],[89.026,21.688],[89.026,21.644],[89.049,21.62],[89.068,21.62],[89.093,21.637],[89.092,21.667],[89.073,21.69],[89.059,21.722]]],[[[88.98,21.893],[88.98,21.869],[88.951,21.842],[88.956,21.827],[88.972,21.827],[88.98,21.818],[88.976,21.804],[88.951,21.8],[88.943,21.785],[88.973,21.776],[88.992,21.812],[89.02,21.818],[89.028,21.829],[89.031,21.863],[88.98,21.893]]],[[[88.883,21.745],[88.872,21.721],[88.873,21.694],[88.886,21.661],[88.922,21.633],[88.942,21.69],[88.914,21.726],[88.883,21.745]]],[[[88.141,22.026],[88.094,22.011],[88.07,21.991],[88.056,21.96],[88.046,21.916],[88.057,21.913],[88.081,21.932],[88.122,21.988],[88.141,22.026]]],[[[88.863,22.167],[88.846,22.121],[88.854,22.101],[88.872,22.088],[88.917,22.091],[88.923,22.109],[88.886,22.165],[88.863,22.167]]],[[[88.856,21.865],[88.839,21.849],[88.841,21.815],[88.835,21.782],[88.862,21.778],[88.891,21.763],[88.897,21.782],[88.88,21.808],[88.877,21.852],[88.856,21.857],[88.856,21.865]]],[[[88.545,21.81],[88.529,21.802],[88.505,21.773],[88.504,21.751],[88.525,21.718],[88.533,21.731],[88.542,21.738],[88.573,21.736],[88.562,21.76],[88.569,21.794],[88.545,21.81]]],[[[88.679,22.017],[88.653,22.019],[88.635,21.996],[88.632,21.953],[88.657,21.954],[88.678,21.943],[88.716,22.001],[88.679,22.017]]],[[[88.414,21.729],[88.399,21.699],[88.38,21.681],[88.387,21.647],[88.387,21.613],[88.432,21.628],[88.411,21.66],[88.413,21.691],[88.429,21.703],[88.414,21.729]]],[[[88.55,21.736],[88.535,21.732],[88.526,21.717],[88.517,21.712],[88.541,21.64],[88.568,21.665],[88.566,21.693],[88.586,21.699],[88.571,21.733],[88.55,21.736]]],[[[88.537,21.639],[88.51,21.601],[88.537,21.588],[88.55,21.564],[88.576,21.574],[88.587,21.588],[88.584,21.611],[88.558,21.632],[88.537,21.639]]],[[[88.622,21.898],[88.595,21.856],[88.62,21.824],[88.622,21.793],[88.639,21.785],[88.653,21.869],[88.646,21.871],[88.632,21.872],[88.635,21.877],[88.627,21.887],[88.627,21.894],[88.622,21.898]]],[[[88.984,21.706],[88.972,21.698],[88.952,21.701],[88.954,21.679],[88.963,21.663],[88.965,21.644],[88.988,21.646],[88.993,21.643],[89,21.602],[89.029,21.605],[89.022,21.655],[88.994,21.649],[88.988,21.653],[88.987,21.665],[88.993,21.671],[88.989,21.702],[88.984,21.706]]],[[[88.724,21.932],[88.717,21.919],[88.729,21.9],[88.741,21.901],[88.751,21.896],[88.758,21.88],[88.772,21.878],[88.777,21.869],[88.786,21.879],[88.788,21.879],[88.793,21.878],[88.793,21.873],[88.787,21.867],[88.793,21.867],[88.797,21.877],[88.814,21.903],[88.799,21.92],[88.793,21.917],[88.775,21.924],[88.754,21.927],[88.732,21.92],[88.724,21.932]]],[[[88.306,21.708],[88.317,21.665],[88.306,21.629],[88.312,21.608],[88.337,21.621],[88.354,21.649],[88.351,21.678],[88.329,21.705],[88.306,21.708]]],[[[88.458,21.789],[88.443,21.794],[88.436,21.777],[88.423,21.766],[88.423,21.742],[88.433,21.704],[88.441,21.71],[88.455,21.711],[88.467,21.737],[88.475,21.791],[88.458,21.789]]],[[[88.455,21.709],[88.437,21.706],[88.42,21.69],[88.421,21.651],[88.451,21.621],[88.471,21.674],[88.455,21.709]]],[[[88.772,21.653],[88.736,21.645],[88.738,21.61],[88.753,21.605],[88.758,21.601],[88.757,21.596],[88.75,21.592],[88.749,21.579],[88.788,21.581],[88.798,21.592],[88.774,21.62],[88.772,21.653]]],[[[88.835,21.607],[88.828,21.577],[88.854,21.55],[88.9,21.552],[88.893,21.579],[88.876,21.592],[88.835,21.607]]],[[[88.789,21.879],[88.784,21.874],[88.777,21.865],[88.766,21.831],[88.786,21.826],[88.794,21.813],[88.821,21.825],[88.829,21.863],[88.804,21.867],[88.799,21.871],[88.789,21.863],[88.786,21.868],[88.792,21.873],[88.789,21.879]]],[[[88.205,21.72],[88.188,21.708],[88.181,21.689],[88.195,21.633],[88.205,21.61],[88.232,21.641],[88.225,21.671],[88.2,21.675],[88.198,21.694],[88.217,21.701],[88.205,21.72]]],[[[88.806,22.083],[88.796,22.109],[88.779,22.103],[88.748,22.059],[88.781,22.049],[88.806,22.066],[88.806,22.083]]],[[[88.799,26.207],[88.799,26.226],[88.781,26.238],[88.765,26.229],[88.78,26.201],[88.777,26.177],[88.764,26.174],[88.762,26.148],[88.771,26.131],[88.794,26.144],[88.788,26.174],[88.802,26.192],[88.799,26.207]]],[[[88.745,21.98],[88.725,21.978],[88.722,21.943],[88.733,21.925],[88.762,21.931],[88.789,21.92],[88.799,21.926],[88.749,21.959],[88.745,21.98]]],[[[88.925,21.762],[88.931,21.736],[88.923,21.721],[88.95,21.702],[88.972,21.699],[88.984,21.706],[88.971,21.718],[88.97,21.739],[88.965,21.75],[88.948,21.758],[88.925,21.762]]],[[[88.424,21.811],[88.419,21.811],[88.383,21.78],[88.401,21.753],[88.421,21.744],[88.423,21.771],[88.44,21.789],[88.441,21.801],[88.43,21.8],[88.424,21.811]]],[[[88.562,21.897],[88.531,21.849],[88.545,21.826],[88.563,21.831],[88.576,21.884],[88.562,21.897]]],[[[88.503,21.594],[88.486,21.588],[88.481,21.555],[88.506,21.541],[88.531,21.542],[88.53,21.583],[88.503,21.594]]],[[[88.784,21.739],[88.785,21.773],[88.794,21.81],[88.785,21.824],[88.765,21.784],[88.757,21.733],[88.784,21.739]]],[[[88.818,22.123],[88.799,22.112],[88.806,22.085],[88.828,22.088],[88.838,22.073],[88.851,22.079],[88.866,22.081],[88.85,22.103],[88.847,22.117],[88.818,22.123]]],[[[88.807,21.707],[88.765,21.693],[88.76,21.683],[88.732,21.683],[88.749,21.673],[88.759,21.663],[88.777,21.664],[88.797,21.656],[88.807,21.664],[88.807,21.707]]],[[[88.949,21.835],[88.937,21.823],[88.939,21.817],[88.935,21.814],[88.929,21.8],[88.92,21.792],[88.924,21.788],[88.92,21.775],[88.949,21.764],[88.939,21.789],[88.954,21.808],[88.972,21.805],[88.975,21.823],[88.954,21.826],[88.949,21.835]]],[[[89,21.785],[88.967,21.772],[88.962,21.755],[88.967,21.75],[88.97,21.74],[88.984,21.748],[88.989,21.74],[88.977,21.729],[89.005,21.716],[89.012,21.735],[88.999,21.752],[89,21.785]]],[[[88.364,21.764],[88.352,21.764],[88.343,21.754],[88.349,21.727],[88.338,21.71],[88.358,21.687],[88.398,21.713],[88.365,21.722],[88.36,21.734],[88.36,21.745],[88.364,21.764]]],[[[88.916,21.826],[88.903,21.821],[88.895,21.813],[88.886,21.81],[88.901,21.777],[88.906,21.752],[88.923,21.788],[88.918,21.792],[88.928,21.8],[88.927,21.804],[88.937,21.818],[88.935,21.823],[88.916,21.826]]],[[[88.871,22.078],[88.854,22.079],[88.838,22.072],[88.829,22.07],[88.819,22.063],[88.85,22.043],[88.861,22.046],[88.881,22.046],[88.87,22.063],[88.871,22.078]]],[[[88.997,21.718],[88.993,21.7],[88.996,21.673],[88.993,21.651],[89.008,21.652],[89.018,21.661],[89.024,21.687],[88.997,21.718]]],[[[88.729,21.637],[88.713,21.625],[88.708,21.59],[88.714,21.578],[88.741,21.573],[88.747,21.589],[88.757,21.6],[88.736,21.61],[88.729,21.637]]],[[[88.807,21.749],[88.83,21.767],[88.822,21.781],[88.831,21.808],[88.82,21.822],[88.786,21.769],[88.791,21.75],[88.807,21.749]]],[[[88.61,21.79],[88.593,21.785],[88.589,21.78],[88.586,21.757],[88.621,21.74],[88.623,21.773],[88.61,21.79]]],[[[88.929,22.226],[88.921,22.231],[88.916,22.218],[88.916,22.206],[88.909,22.194],[88.924,22.179],[88.961,22.194],[88.954,22.222],[88.929,22.226]]],[[[88.969,21.64],[88.964,21.644],[88.962,21.664],[88.954,21.677],[88.94,21.647],[88.956,21.617],[88.988,21.613],[88.995,21.626],[88.988,21.645],[88.969,21.64]]],[[[88.577,21.691],[88.558,21.635],[88.592,21.618],[88.599,21.641],[88.586,21.658],[88.577,21.691]]],[[[88.592,21.85],[88.576,21.817],[88.585,21.802],[88.613,21.798],[88.605,21.836],[88.592,21.85]]],[[[88.69,26.247],[88.68,26.232],[88.688,26.213],[88.711,26.223],[88.69,26.247]]],[[[89.013,21.765],[89.002,21.75],[89.015,21.734],[89.021,21.717],[89.056,21.73],[89.013,21.765]]],[[[88.64,21.922],[88.623,21.901],[88.629,21.894],[88.629,21.884],[88.636,21.879],[88.633,21.872],[88.653,21.873],[88.653,21.881],[88.667,21.913],[88.64,21.922]]],[[[88.812,22.061],[88.792,22.055],[88.78,22.038],[88.795,22.031],[88.806,22.033],[88.813,22.025],[88.832,22.027],[88.831,22.051],[88.812,22.061]]],[[[88.699,21.698],[88.687,21.684],[88.725,21.638],[88.741,21.654],[88.707,21.682],[88.699,21.698]]],[[[88.49,21.835],[88.45,21.811],[88.46,21.801],[88.486,21.799],[88.5,21.813],[88.49,21.835]]],[[[88.901,22.042],[88.888,22.045],[88.854,22.043],[88.877,22.015],[88.902,22.019],[88.901,22.042]]],[[[88.582,21.778],[88.569,21.769],[88.592,21.719],[88.616,21.727],[88.616,21.741],[88.587,21.752],[88.584,21.761],[88.582,21.778]]],[[[88.862,22.399],[88.861,22.371],[88.893,22.346],[88.898,22.364],[88.884,22.372],[88.862,22.399]]],[[[88.781,22.501],[88.801,22.461],[88.81,22.481],[88.8,22.486],[88.792,22.499],[88.781,22.501]]],[[[88.817,21.901],[88.808,21.868],[88.831,21.866],[88.841,21.887],[88.817,21.901]]],[[[89.017,21.811],[88.994,21.811],[88.99,21.79],[89.01,21.784],[89.017,21.811]]],[[[88.763,22.052],[88.762,22.021],[88.778,22.02],[88.775,22.05],[88.763,22.052]]],[[[88.386,21.764],[88.373,21.764],[88.361,21.747],[88.361,21.735],[88.381,21.737],[88.387,21.742],[88.386,21.764]]],[[[88.754,21.779],[88.748,21.812],[88.738,21.799],[88.728,21.792],[88.754,21.779]]],[[[88.903,22.083],[88.871,22.087],[88.872,22.063],[88.891,22.06],[88.903,22.083]]]]},"properties":{"physio_reg":"ASSAM AND BENGAL PLAIN  HOT SUBHUMID  TO HUMID  (INCLUSION  OF PERHUMID) ECO-REGION","ae_regcode":15}}
]}