{"type":"FeatureCollection", "features": [
{"type":"Feature","geometry":{"type":"LineString","coordinates":[[71.117,38],[70.886,37.606],[70.752,37.104],[70.834,36.909],[70.848,36.577],[70.738,36.349],[70.315,35.841],[69.518,35.307]]},"properties":{"slip_type":"Normal"}},
{"type":"Feature","geometry":{"type":"LineString","coordinates":[[70.198,38],[70.18,37.934],[70.226,37.427],[70.36,36.969],[70.202,36.535],[69.93,36.255],[69.674,36.142],[69.466,36.131]]},"properties":{"slip_type":"Sinistral-Normal"}},
{"type":"Feature","geometry":{"type":"LineString","coordinates":[[71.809,35.912],[71.71,35.584],[71.634,35.442],[71.549,35.331],[71.339,35.002],[71.235,34.899],[70.954,34.719],[70.769,34.631],[70.589,34.57],[70.36,34.564]]},"properties":{"slip_type":"Normal"}},
{"type":"Feature","geometry":{"type":"LineString","coordinates":[[68,34.798],[68.685,34.945],[68.844,35.006],[69.087,35.075]]},"properties":{"slip_type":"Dextral"}},
{"type":"Feature","geometry":{"type":"LineString","coordinates":[[69.511,35.3],[69.318,35.22],[69.122,35.082]]},"properties":{"slip_type":"Reverse"}},
{"type":"Feature","geometry":{"type":"LineString","coordinates":[[68.06,32.954],[68.23,33.034],[68.62,33.243],[69.097,33.451],[69.362,33.694]]},"properties":{"slip_type":"Sinistral-Normal"}},
{"type":"Feature","geometry":{"type":"LineString","coordinates":[[68.045,32.994],[68.229,33.206],[68.347,33.44],[68.522,33.632],[68.661,33.89],[68.734,34.057],[68.875,34.272]]},"properties":{"slip_type":"Sinistral-Normal"}},
{"type":"Feature","geometry":{"type":"LineString","coordinates":[[68,32.618],[68.384,32.91]]},"properties":{"slip_type":"Sinistral-Normal"}},
{"type":"Feature","geometry":{"type":"LineString","coordinates":[[68.867,34.292],[68.972,34.501],[69.087,34.859],[69.099,35.078]]},"properties":{"slip_type":"Sinistral-Normal"}},
{"type":"Feature","geometry":{"type":"LineString","coordinates":[[69.704,34.479],[69.701,34.627],[69.672,34.831],[69.607,34.935],[69.416,35.119],[69.281,35.16]]},"properties":{"slip_type":"Normal"}},
{"type":"Feature","geometry":{"type":"LineString","coordinates":[[72.589,36.216],[72.346,36.06],[72.032,35.827],[71.812,35.594]]},"properties":{"slip_type":"Sinistral-Reverse"}},
{"type":"Feature","geometry":{"type":"LineString","coordinates":[[73.106,35.34],[72.905,35.145],[72.801,35.078]]},"properties":{"slip_type":"Sinistral"}},
{"type":"Feature","geometry":{"type":"LineString","coordinates":[[72.787,35.075],[72.703,35.006],[72.598,34.834]]},"properties":{"slip_type":"Reverse"}},
{"type":"Feature","geometry":{"type":"LineString","coordinates":[[73.726,34.654],[73.825,34.728],[74.133,34.72]]},"properties":{"slip_type":"Reverse"}},
{"type":"Feature","geometry":{"type":"LineString","coordinates":[[73.75,34.054],[73.674,34.185],[73.472,34.395]]},"properties":{"slip_type":"Reverse"}},
{"type":"Feature","geometry":{"type":"LineString","coordinates":[[73.458,34.387],[73.4,34.429],[73.343,34.589]]},"properties":{"slip_type":"Reverse"}},
{"type":"Feature","geometry":{"type":"LineString","coordinates":[[74.11,34.087],[73.827,34.196],[73.752,34.261]]},"properties":{"slip_type":"Reverse"}},
{"type":"Feature","geometry":{"type":"LineString","coordinates":[[73.621,34.047],[73.508,33.754],[73.368,33.604],[73.202,33.489]]},"properties":{"slip_type":"Reverse"}},
{"type":"Feature","geometry":{"type":"LineString","coordinates":[[69.919,32.109],[69.954,32.322],[70.066,32.57],[70.204,32.821],[70.273,32.989],[70.366,33.147],[70.48,33.242],[70.53,33.315]]},"properties":{"slip_type":"Reverse"}},
{"type":"Feature","geometry":{"type":"LineString","coordinates":[[69.635,32.825],[69.525,32.625],[69.386,32.522],[69.31,32.348],[69.319,32.11]]},"properties":{"slip_type":"Reverse"}},
{"type":"Feature","geometry":{"type":"LineString","coordinates":[[72.61,31.243],[72.171,31.407],[71.767,31.592],[71.303,31.888],[71.035,32.109]]},"properties":{"slip_type":"Normal"}},
{"type":"Feature","geometry":{"type":"LineString","coordinates":[[68.559,30.42],[68.45,30.467],[68.11,30.541],[68,30.552]]},"properties":{"slip_type":"Reverse"}},
{"type":"Feature","geometry":{"type":"LineString","coordinates":[[69.807,31.135],[69.741,30.958],[69.578,30.706],[69.418,30.585]]},"properties":{"slip_type":"Reverse"}},
{"type":"Feature","geometry":{"type":"LineString","coordinates":[[70.413,26.3],[70.301,26.452],[70.07,26.672],[69.858,26.935],[69.7,27.168],[69.423,27.48],[69.133,27.834],[68.89,28.095],[68.554,28.519]]},"properties":{"slip_type":"Normal"}},
{"type":"Feature","geometry":{"type":"LineString","coordinates":[[71.137,23.471],[70.16,23.499],[68.872,23.96]]},"properties":{"slip_type":"Normal"}},
{"type":"Feature","geometry":{"type":"LineString","coordinates":[[73.852,36.657],[73.368,36.713],[72.987,36.615]]},"properties":{"slip_type":"Reverse"}},
{"type":"Feature","geometry":{"type":"LineString","coordinates":[[72.909,36.584],[72.403,36.203]]},"properties":{"slip_type":"Sinistral-Reverse"}},
{"type":"Feature","geometry":{"type":"LineString","coordinates":[[69.356,32.022],[69.432,31.859],[69.42,31.676],[69.248,31.488],[69.188,31.258],[69.088,31.157],[68.948,30.942],[68.848,30.864],[68.662,30.781],[68.503,30.749],[68.286,30.798],[68.135,30.803],[68,30.851]]},"properties":{"slip_type":"Reverse"}},
{"type":"Feature","geometry":{"type":"LineString","coordinates":[[73.029,36.85],[72.845,36.808],[72.693,36.746],[72.573,36.671],[72.468,36.532],[72.318,36.439],[71.985,36.283],[71.918,36.161],[71.629,35.975]]},"properties":{"slip_type":"Sinistral-Reverse"}},
{"type":"Feature","geometry":{"type":"LineString","coordinates":[[73.746,36.812],[73.374,36.859],[73.231,36.803],[73.095,36.812],[72.948,36.771],[72.787,36.692]]},"properties":{"slip_type":"Reverse"}},
{"type":"Feature","geometry":{"type":"LineString","coordinates":[[71.105,33.127],[70.918,33.119],[70.737,33.082],[70.714,33.046],[70.525,33.044]]},"properties":{"slip_type":"Reverse"}},
{"type":"Feature","geometry":{"type":"LineString","coordinates":[[71.516,33.167],[71.128,33.127]]},"properties":{"slip_type":"Reverse"}},
{"type":"Feature","geometry":{"type":"LineString","coordinates":[[72.768,36.676],[72.562,36.45],[72.11,36.133],[71.947,36.09],[71.82,35.962]]},"properties":{"slip_type":"Sinistral-Reverse"}},
{"type":"Feature","geometry":{"type":"LineString","coordinates":[[73.791,36.422],[73.436,36.446],[73.064,36.399],[72.828,36.293],[72.66,36.252]]},"properties":{"slip_type":"Reverse"}},
{"type":"Feature","geometry":{"type":"LineString","coordinates":[[72.591,35.531],[72.422,35.512],[72.19,35.432],[71.761,35.266],[71.703,35.233]]},"properties":{"slip_type":"Reverse"}},
{"type":"Feature","geometry":{"type":"LineString","coordinates":[[72.597,35.495],[72.454,35.46],[72.183,35.353],[71.599,35.071]]},"properties":{"slip_type":"Reverse"}},
{"type":"Feature","geometry":{"type":"LineString","coordinates":[[72.114,34.73],[71.944,34.722],[71.791,34.754],[71.574,34.733],[71.145,34.647]]},"properties":{"slip_type":"Dextral-Reverse"}},
{"type":"Feature","geometry":{"type":"LineString","coordinates":[[71.013,34.453],[71.688,34.47],[71.797,34.483],[71.939,34.551]]},"properties":{"slip_type":"Reverse"}},
{"type":"Feature","geometry":{"type":"LineString","coordinates":[[72.578,34.83],[72.342,34.748],[72.137,34.715]]},"properties":{"slip_type":"Reverse"}},
{"type":"Feature","geometry":{"type":"LineString","coordinates":[[72.743,35.105],[72.602,34.949],[72.467,34.864],[72.245,34.775]]},"properties":{"slip_type":"Reverse"}},
{"type":"Feature","geometry":{"type":"LineString","coordinates":[[74.264,35.181],[74.113,35.144],[73.885,35.121],[73.408,34.874],[73.358,34.833],[73.068,34.835]]},"properties":{"slip_type":"Reverse"}},
{"type":"Feature","geometry":{"type":"LineString","coordinates":[[73.352,34.409],[73.299,34.602],[73.411,34.8],[73.537,34.873]]},"properties":{"slip_type":"Reverse"}},
{"type":"Feature","geometry":{"type":"LineString","coordinates":[[73.492,34.001],[73.386,33.871],[73.166,33.707],[73.019,33.644],[72.591,33.597],[72.452,33.615],[72.112,33.715],[71.9,33.707],[71.687,33.641],[71.533,33.61],[71.225,33.599],[71.15,33.584]]},"properties":{"slip_type":"Reverse"}},
{"type":"Feature","geometry":{"type":"LineString","coordinates":[[73.191,33.584],[72.998,33.506],[72.913,33.501],[72.752,33.434],[72.518,33.398],[72.082,33.469]]},"properties":{"slip_type":"Reverse"}},
{"type":"Feature","geometry":{"type":"LineString","coordinates":[[72.569,33.331],[72.419,33.269],[72.185,33.3],[72.045,33.335],[71.307,33.327]]},"properties":{"slip_type":"Reverse"}},
{"type":"Feature","geometry":{"type":"LineString","coordinates":[[72.864,34.052],[72.744,33.919],[72.62,33.866],[72.358,33.875],[72.097,33.928],[71.943,33.917],[71.842,33.873]]},"properties":{"slip_type":"Reverse"}},
{"type":"Feature","geometry":{"type":"LineString","coordinates":[[73.389,34.338],[73.401,34.174],[73.356,34.075],[73.235,33.964],[73.048,33.844],[72.872,33.8],[72.612,33.76],[72.085,33.849],[71.843,33.787],[71.721,33.711]]},"properties":{"slip_type":"Reverse"}},
{"type":"Feature","geometry":{"type":"LineString","coordinates":[[71.644,32.702],[71.596,32.923],[71.533,33.051]]},"properties":{"slip_type":"Dextral"}},
{"type":"Feature","geometry":{"type":"LineString","coordinates":[[72.12,32.389],[71.973,32.414],[71.849,32.502],[71.721,32.739]]},"properties":{"slip_type":"Dextral-Reverse"}},
{"type":"Feature","geometry":{"type":"LineString","coordinates":[[73.511,32.817],[73.356,32.717],[73.136,32.729],[73.069,32.657],[72.955,32.627],[72.768,32.656],[72.611,32.583],[72.341,32.527],[72.273,32.439],[72.134,32.39]]},"properties":{"slip_type":"Reverse"}},
{"type":"Feature","geometry":{"type":"LineString","coordinates":[[74.053,32.977],[73.822,32.816],[73.22,32.519],[72.953,32.493],[72.753,32.515]]},"properties":{"slip_type":"Reverse"}},
{"type":"Feature","geometry":{"type":"LineString","coordinates":[[71.159,33.513],[70.668,33.411],[70.543,33.339]]},"properties":{"slip_type":"Reverse"}},
{"type":"Feature","geometry":{"type":"LineString","coordinates":[[71.115,33.574],[70.951,33.553],[70.79,33.586],[70.607,33.6],[70.515,33.654],[70.443,33.741],[70.27,33.845]]},"properties":{"slip_type":"Reverse"}},
{"type":"Feature","geometry":{"type":"LineString","coordinates":[[70.498,30.821],[70.553,30.622],[70.57,30.442],[70.478,30.171],[70.425,30.085],[70.244,29.966]]},"properties":{"slip_type":"Sinistral-Reverse"}},
{"type":"Feature","geometry":{"type":"LineString","coordinates":[[69.955,31.92],[69.937,31.576],[69.896,31.481],[69.88,31.331],[69.836,31.165]]},"properties":{"slip_type":"Reverse"}},
{"type":"Feature","geometry":{"type":"LineString","coordinates":[[69.617,30.961],[69.332,30.756],[69.027,30.571],[68.824,30.46],[68.659,30.408]]},"properties":{"slip_type":"Reverse"}},
{"type":"Feature","geometry":{"type":"LineString","coordinates":[[69.684,30.518],[69.556,30.277],[69.287,30.063],[68.919,30.066],[68.742,29.995],[68.522,29.977],[68.117,30.078]]},"properties":{"slip_type":"Reverse"}},
{"type":"Feature","geometry":{"type":"LineString","coordinates":[[68.554,29.613],[69.087,29.691],[69.366,29.785],[69.545,29.899],[69.626,30.089]]},"properties":{"slip_type":"Reverse"}},
{"type":"Feature","geometry":{"type":"LineString","coordinates":[[68.107,29.365],[68.476,29.202],[68.694,29.204],[68.879,29.094],[69.309,29.015],[69.729,29.252],[69.928,29.425],[69.972,29.515]]},"properties":{"slip_type":"Reverse"}},
{"type":"Feature","geometry":{"type":"LineString","coordinates":[[68,24.471],[68.11,24.421],[69.133,24.322],[69.669,24.333],[70.459,24.395],[71.469,24.639]]},"properties":{"slip_type":"Normal"}},
{"type":"Feature","geometry":{"type":"LineString","coordinates":[[68.239,28.382],[68.258,28.205],[68.329,27.91],[68.44,27.69],[68.745,27.222],[68.945,26.969],[69.275,26.617],[69.482,26.383],[69.639,26.187],[69.839,25.971],[70.006,25.748]]},"properties":{"slip_type":"Normal"}},
{"type":"Feature","geometry":{"type":"LineString","coordinates":[[73.567,33.202],[73.425,33.052],[73.258,32.984],[73.039,32.8],[72.906,32.741],[72.762,32.745]]},"properties":{"slip_type":"Reverse"}},
{"type":"Feature","geometry":{"type":"LineString","coordinates":[[73.555,34.899],[73.632,34.87],[73.653,34.775],[73.64,34.663],[73.683,34.642]]},"properties":{"slip_type":"Reverse"}},
{"type":"Feature","geometry":{"type":"LineString","coordinates":[[73.752,34.261],[73.705,34.445],[73.538,34.563],[73.5,34.648]]},"properties":{"slip_type":"Reverse"}},
{"type":"Feature","geometry":{"type":"LineString","coordinates":[[73.498,34.649],[73.384,34.649],[73.345,34.591]]},"properties":{"slip_type":"Sinistral-Reverse"}},
{"type":"Feature","geometry":{"type":"LineString","coordinates":[[73.99,35.217],[73.807,35.184],[73.587,35.085],[73.394,35.037],[73.218,35.054],[73.062,35.036]]},"properties":{"slip_type":"Reverse"}},
{"type":"Feature","geometry":{"type":"LineString","coordinates":[[78.347,34.278],[78.803,34.285],[79.015,34.311],[79.174,34.371],[79.445,34.377],[79.927,34.503],[80.271,34.648]]},"properties":{"slip_type":"Sinistral"}},
{"type":"Feature","geometry":{"type":"LineString","coordinates":[[80.221,34.829],[80.505,34.876],[80.875,34.968],[81.027,34.968],[81.258,35.036]]},"properties":{"slip_type":"Sinistral"}},
{"type":"Feature","geometry":{"type":"LineString","coordinates":[[82.618,36.058],[82.471,35.933],[82.241,35.836],[82.089,35.631],[81.97,35.552],[81.798,35.506],[81.666,35.446],[81.573,35.364],[81.553,35.261],[81.494,35.155]]},"properties":{"slip_type":"Normal"}},
{"type":"Feature","geometry":{"type":"LineString","coordinates":[[88.844,37.681],[89.247,37.681],[89.462,37.668],[89.663,37.628],[90.133,37.426],[90.872,37.158],[90.966,37.063],[91.866,36.768],[92.739,36.58],[92.994,36.513]]},"properties":{"slip_type":"Reverse"}},
{"type":"Feature","geometry":{"type":"LineString","coordinates":[[91.209,38],[91.369,37.829],[91.544,37.789],[91.987,37.641]]},"properties":{"slip_type":"Reverse"}},
{"type":"Feature","geometry":{"type":"LineString","coordinates":[[88.684,30.873],[88.694,30.797],[88.65,30.745],[88.656,30.665],[88.542,30.625],[88.516,30.55],[88.55,30.502],[88.47,30.35],[88.512,30.222],[88.49,30.146]]},"properties":{"slip_type":"Normal"}},
{"type":"Feature","geometry":{"type":"LineString","coordinates":[[81.419,30.142],[81.348,30.152],[81.226,30.231],[81.157,30.461],[81.264,30.514]]},"properties":{"slip_type":"Normal"}},
{"type":"Feature","geometry":{"type":"LineString","coordinates":[[80.058,33.707],[80.626,33.891]]},"properties":{"slip_type":"Sinistral"}},
{"type":"Feature","geometry":{"type":"LineString","coordinates":[[80.752,33.301],[80.979,33.426],[81.118,33.479],[81.279,33.608],[81.546,33.761],[81.633,33.784],[81.713,33.872]]},"properties":{"slip_type":"Sinistral"}},
{"type":"Feature","geometry":{"type":"LineString","coordinates":[[81.52,32.988],[81.611,32.894],[81.745,32.817],[81.844,32.679],[82.128,32.403],[82.305,32.295],[82.474,32.211],[82.566,32.134]]},"properties":{"slip_type":"Dextral"}},
{"type":"Feature","geometry":{"type":"LineString","coordinates":[[84.797,33.681],[85.02,33.781],[85.273,33.949]]},"properties":{"slip_type":"Sinistral"}},
{"type":"Feature","geometry":{"type":"LineString","coordinates":[[83.599,33.998],[83.821,33.936],[84.359,33.745],[84.458,33.691]]},"properties":{"slip_type":"Dextral"}},
{"type":"Feature","geometry":{"type":"LineString","coordinates":[[85.061,32.226],[85.26,32.311],[85.398,32.41],[85.56,32.426],[85.966,32.541],[86.296,32.587],[86.35,32.61]]},"properties":{"slip_type":"Sinistral"}},
{"type":"Feature","geometry":{"type":"LineString","coordinates":[[85.79,35.899],[86.521,35.807],[86.987,35.74],[87.435,35.743],[87.764,35.691],[88.135,35.706],[88.381,35.7],[88.617,35.666]]},"properties":{"slip_type":"Sinistral"}},
{"type":"Feature","geometry":{"type":"LineString","coordinates":[[84.017,35.296],[85.184,35.595]]},"properties":{"slip_type":"Sinistral"}},
{"type":"Feature","geometry":{"type":"LineString","coordinates":[[81.539,34.781],[81.953,34.812],[82.344,34.874],[82.774,34.973],[83.411,35.157],[83.741,35.273],[83.979,35.38]]},"properties":{"slip_type":"Sinistral"}},
{"type":"Feature","geometry":{"type":"LineString","coordinates":[[90.632,35.296],[91.284,35.418],[91.836,35.418]]},"properties":{"slip_type":"Sinistral"}},
{"type":"Feature","geometry":{"type":"LineString","coordinates":[[92.573,30.837],[93.218,30.645],[93.433,30.638],[93.686,30.645],[93.801,30.607],[93.931,30.507],[94.108,30.477],[94.599,30.3],[94.783,30.246],[94.96,30.17],[95.174,29.993],[95.305,29.947],[95.52,29.947]]},"properties":{"slip_type":"Dextral"}},
{"type":"Feature","geometry":{"type":"LineString","coordinates":[[84.008,29.759],[83.956,29.679],[83.91,29.501],[83.917,29.433],[83.875,29.135],[83.721,28.801],[83.582,28.686],[83.597,28.558]]},"properties":{"slip_type":"Normal"}},
{"type":"Feature","geometry":{"type":"LineString","coordinates":[[85.658,29.204],[85.632,29.048],[85.493,28.985],[85.55,28.921],[85.475,28.722],[85.518,28.621],[85.565,28.607]]},"properties":{"slip_type":"Normal"}},
{"type":"Feature","geometry":{"type":"LineString","coordinates":[[90.151,29.096],[90.034,28.992],[89.877,28.783],[89.851,28.536],[89.904,28.405],[89.969,28.327]]},"properties":{"slip_type":"Normal"}},
{"type":"Feature","geometry":{"type":"LineString","coordinates":[[92.061,29.039],[92.061,28.882],[92.022,28.765],[91.8,28.53],[91.8,27.956],[91.852,27.891]]},"properties":{"slip_type":"Normal"}},
{"type":"Feature","geometry":{"type":"LineString","coordinates":[[87.826,32.157],[87.885,32.225],[88.085,32.312],[88.156,32.462],[88.113,32.621],[88.168,32.741],[88.29,32.837]]},"properties":{"slip_type":"Normal"}},
{"type":"Feature","geometry":{"type":"LineString","coordinates":[[88.028,32.593],[88.02,32.493],[87.98,32.423],[87.9,32.379],[87.824,32.225],[87.719,32.223],[87.719,32.1]]},"properties":{"slip_type":"Normal"}},
{"type":"Feature","geometry":{"type":"LineString","coordinates":[[84.885,34.358],[85.148,34.209],[85.289,34.104],[85.306,33.946],[85.271,33.92]]},"properties":{"slip_type":"Normal"}},
{"type":"Feature","geometry":{"type":"LineString","coordinates":[[81.348,33.671],[81.292,33.731],[80.986,33.853],[80.836,33.95]]},"properties":{"slip_type":"Normal"}},
{"type":"Feature","geometry":{"type":"LineString","coordinates":[[97.896,37.981],[97.809,38]]},"properties":{"slip_type":"Reverse"}},
{"type":"Feature","geometry":{"type":"LineString","coordinates":[[96.349,33.285],[96.887,33.04],[97.309,32.767],[97.873,32.505],[98,32.468]]},"properties":{"slip_type":"Sinistral"}},
{"type":"Feature","geometry":{"type":"LineString","coordinates":[[97.699,31.877],[98,31.434]]},"properties":{"slip_type":"Sinistral"}},
{"type":"Feature","geometry":{"type":"LineString","coordinates":[[97.816,23.038],[98,23.052]]},"properties":{"slip_type":"Sinistral"}},
{"type":"Feature","geometry":{"type":"LineString","coordinates":[[97.474,22.731],[98,22.795]]},"properties":{"slip_type":"Sinistral"}},
{"type":"Feature","geometry":{"type":"LineString","coordinates":[[97.528,21.991],[98,22.028]]},"properties":{"slip_type":"Sinistral"}},
{"type":"Feature","geometry":{"type":"LineString","coordinates":[[91.701,24.174],[91.71,23.624],[91.936,22.893],[92.161,22.298],[92.197,21.856],[92.396,21.288],[92.513,20.873],[92.549,20.665]]},"properties":{"slip_type":"Reverse"}},
{"type":"Feature","geometry":{"type":"LineString","coordinates":[[92.035,24.165],[92.044,23.678],[92.143,23.335],[92.26,22.848],[92.287,22.587],[92.387,22.343],[92.477,22.054],[92.486,21.964]]},"properties":{"slip_type":"Reverse"}},
{"type":"Feature","geometry":{"type":"LineString","coordinates":[[92.504,24.391],[92.459,23.768],[92.495,23.173],[92.468,22.884],[92.549,22.596],[92.657,22.289],[92.711,21.847],[92.792,21.369],[92.946,20.909],[93.09,20.593],[93.252,20.332]]},"properties":{"slip_type":"Reverse"}},
{"type":"Feature","geometry":{"type":"LineString","coordinates":[[92.847,24.508],[92.765,24.129],[92.783,23.227],[92.774,22.929]]},"properties":{"slip_type":"Reverse"}},
{"type":"Feature","geometry":{"type":"LineString","coordinates":[[86.004,32.242],[86.171,32.305],[86.385,32.469]]},"properties":{"slip_type":"Sinistral"}},
{"type":"Feature","geometry":{"type":"LineString","coordinates":[[87.666,33.105],[87.873,33.125],[88.229,33.186],[88.366,33.249],[88.416,33.402]]},"properties":{"slip_type":"Sinistral"}},
{"type":"Feature","geometry":{"type":"LineString","coordinates":[[89.382,34.114],[89.36,33.94],[89.205,33.811],[89.203,33.646]]},"properties":{"slip_type":"Normal"}},
{"type":"Feature","geometry":{"type":"LineString","coordinates":[[89.541,34.354],[89.502,34.271],[89.517,34.127],[89.556,34.06],[89.558,33.879],[89.452,33.744],[89.423,33.491]]},"properties":{"slip_type":"Normal"}},
{"type":"Feature","geometry":{"type":"LineString","coordinates":[[90.949,33.413],[91.017,33.581],[91.061,33.63],[91.208,33.717]]},"properties":{"slip_type":"Normal"}},
{"type":"Feature","geometry":{"type":"LineString","coordinates":[[91.098,33.815],[91.033,33.925],[91.05,34.095]]},"properties":{"slip_type":"Normal"}},
{"type":"Feature","geometry":{"type":"LineString","coordinates":[[90.325,33.32],[90.419,33.475],[90.367,33.68],[90.321,33.755]]},"properties":{"slip_type":"Normal"}},
{"type":"Feature","geometry":{"type":"LineString","coordinates":[[90.278,33.818],[90.303,33.49],[90.207,33.376]]},"properties":{"slip_type":"Normal"}},
{"type":"Feature","geometry":{"type":"LineString","coordinates":[[88.515,32.573],[88.625,32.482],[88.613,32.057]]},"properties":{"slip_type":"Normal"}},
{"type":"Feature","geometry":{"type":"LineString","coordinates":[[92.114,33.767],[92.064,33.703],[92.057,33.585],[91.958,33.483],[91.928,33.38],[91.848,33.278],[91.871,33.1],[91.985,32.959]]},"properties":{"slip_type":"Normal"}},
{"type":"Feature","geometry":{"type":"LineString","coordinates":[[92.015,32.72],[92.083,32.762],[92.178,32.872],[92.5,32.88],[92.637,32.986],[92.686,33.088]]},"properties":{"slip_type":"Normal"}},
{"type":"Feature","geometry":{"type":"LineString","coordinates":[[85.602,30.103],[85.573,29.947],[85.64,29.797],[85.741,29.617]]},"properties":{"slip_type":"Normal"}},
{"type":"Feature","geometry":{"type":"LineString","coordinates":[[83.163,30.863],[83.356,30.905],[83.394,30.996],[83.38,31.115],[83.493,31.184],[83.567,31.339],[83.464,31.441]]},"properties":{"slip_type":"Normal"}},
{"type":"Feature","geometry":{"type":"LineString","coordinates":[[85.086,31.365],[85.021,31.704]]},"properties":{"slip_type":"Normal"}},
{"type":"Feature","geometry":{"type":"LineString","coordinates":[[81.622,33.249],[81.738,33.214],[82.051,32.996],[82.269,32.794]]},"properties":{"slip_type":"Dextral"}},
{"type":"Feature","geometry":{"type":"LineString","coordinates":[[82.042,32.892],[82.246,32.736],[82.37,32.668],[83.105,32.355]]},"properties":{"slip_type":"Dextral"}},
{"type":"Feature","geometry":{"type":"LineString","coordinates":[[82.081,33.269],[82.089,33.161]]},"properties":{"slip_type":"Normal"}},
{"type":"Feature","geometry":{"type":"LineString","coordinates":[[82.129,33.274],[82.147,33.169]]},"properties":{"slip_type":"Normal"}},
{"type":"Feature","geometry":{"type":"LineString","coordinates":[[81.141,33.161],[81.707,33.287],[82.036,33.416],[82.193,33.547]]},"properties":{"slip_type":"Sinistral"}},
{"type":"Feature","geometry":{"type":"LineString","coordinates":[[82.138,33.523],[82.067,33.689],[81.982,33.746],[81.869,33.86]]},"properties":{"slip_type":"Normal"}},
{"type":"Feature","geometry":{"type":"LineString","coordinates":[[80.899,35.006],[80.773,35.071],[80.518,35.136],[80.115,35.279],[79.894,35.365],[79.617,35.517]]},"properties":{"slip_type":"Dextral"}},
{"type":"Feature","geometry":{"type":"LineString","coordinates":[[87.236,35.286],[87.598,35.31],[87.825,35.341],[87.92,35.384],[88.261,35.405]]},"properties":{"slip_type":"Sinistral"}},
{"type":"Feature","geometry":{"type":"LineString","coordinates":[[87.34,35.261],[87.165,35.224],[86.966,35.215],[86.726,35.172],[86.447,35.092],[86.3,35.074]]},"properties":{"slip_type":"Sinistral"}},
{"type":"Feature","geometry":{"type":"LineString","coordinates":[[87.503,35.049],[87.137,34.927],[87.045,34.874],[86.849,34.816]]},"properties":{"slip_type":"Sinistral"}},
{"type":"Feature","geometry":{"type":"LineString","coordinates":[[93.273,35.365],[93.023,35.418],[92.701,35.463],[92.382,35.488],[91.867,35.455]]},"properties":{"slip_type":"Sinistral"}},
{"type":"Feature","geometry":{"type":"LineString","coordinates":[[88.287,35.385],[88.576,35.387],[88.794,35.373],[89.537,35.383],[89.676,35.428]]},"properties":{"slip_type":"Sinistral"}},
{"type":"Feature","geometry":{"type":"LineString","coordinates":[[88.132,35.47],[88.472,35.541],[89.077,35.553]]},"properties":{"slip_type":"Sinistral"}},
{"type":"Feature","geometry":{"type":"LineString","coordinates":[[88.668,35.695],[88.91,35.688],[89.071,35.726],[89.285,35.735],[89.454,35.856],[89.634,35.879]]},"properties":{"slip_type":"Sinistral"}},
{"type":"Feature","geometry":{"type":"LineString","coordinates":[[89.678,35.898],[89.531,35.945],[89.312,36.05],[88.964,36.082],[88.593,36.168],[88.139,36.248]]},"properties":{"slip_type":"Sinistral"}},
{"type":"Feature","geometry":{"type":"LineString","coordinates":[[89.719,35.839],[89.936,35.808],[90.245,35.804],[90.302,35.847],[90.594,35.882],[90.683,35.878],[90.787,35.919],[91.164,35.925],[91.41,35.984]]},"properties":{"slip_type":"Sinistral"}},
{"type":"Feature","geometry":{"type":"LineString","coordinates":[[89.294,35.438],[89.401,35.466],[89.479,35.52],[89.526,35.622],[89.617,35.711],[89.745,35.726]]},"properties":{"slip_type":"Normal"}},
{"type":"Feature","geometry":{"type":"LineString","coordinates":[[90.102,35.668],[90.286,35.635],[90.6,35.611],[90.819,35.542]]},"properties":{"slip_type":"Sinistral"}},
{"type":"Feature","geometry":{"type":"LineString","coordinates":[[81.498,34.667],[81.775,34.392],[81.84,34.295]]},"properties":{"slip_type":"Normal"}},
{"type":"Feature","geometry":{"type":"LineString","coordinates":[[82,34.355],[82.108,34.223],[82.173,34.195],[82.221,34.089],[82.318,34.005],[82.422,33.812],[82.552,33.791],[82.64,33.646]]},"properties":{"slip_type":"Normal"}},
{"type":"Feature","geometry":{"type":"LineString","coordinates":[[83.071,33.836],[83.261,33.681],[83.549,33.475],[83.655,33.371]]},"properties":{"slip_type":"Normal"}},
{"type":"Feature","geometry":{"type":"LineString","coordinates":[[83.631,33.153],[83.637,33.086],[83.754,32.93],[83.836,32.759]]},"properties":{"slip_type":"Normal"}},
{"type":"Feature","geometry":{"type":"LineString","coordinates":[[84.472,33.665],[84.663,33.566],[84.732,33.501],[84.827,33.36]]},"properties":{"slip_type":"Dextral"}},
{"type":"Feature","geometry":{"type":"LineString","coordinates":[[82.372,31.281],[82.327,31.45],[82.334,31.585],[82.418,31.753],[82.398,31.845],[82.454,31.939]]},"properties":{"slip_type":"Normal"}},
{"type":"Feature","geometry":{"type":"LineString","coordinates":[[85.271,29.864],[85.198,30.038],[85.06,30.104],[84.896,30.217]]},"properties":{"slip_type":"Normal"}},
{"type":"Feature","geometry":{"type":"LineString","coordinates":[[82.335,30.606],[82.208,30.675],[81.997,30.757],[81.888,30.757],[81.666,30.806],[81.452,30.875],[81.279,30.979],[81.15,31.034],[80.988,31.149],[80.755,31.251],[80.618,31.36],[80.385,31.514],[80.3,31.64],[80.201,31.851],[80.009,32.04],[79.886,32.249],[79.71,32.435],[79.56,32.614],[79.458,32.704],[79.111,33.072],[78.786,33.42],[78.663,33.598],[78.6,33.73],[78.411,33.971]]},"properties":{"slip_type":"Dextral"}},
{"type":"Feature","geometry":{"type":"LineString","coordinates":[[75.39,37.305],[75.437,37.124],[75.692,36.837],[76.174,36.355],[76.669,35.899],[76.81,35.779],[76.97,35.538],[77.158,35.344],[77.292,35.089],[77.68,34.567]]},"properties":{"slip_type":"Dextral"}},
{"type":"Feature","geometry":{"type":"LineString","coordinates":[[78.582,33.609],[78.161,34.013],[78.096,34.112]]},"properties":{"slip_type":"Dextral"}},
{"type":"Feature","geometry":{"type":"LineString","coordinates":[[77.696,34.521],[77.867,34.283],[78.091,34.11]]},"properties":{"slip_type":"Dextral"}},
{"type":"Feature","geometry":{"type":"LineString","coordinates":[[88.881,37.85],[89.086,37.886],[89.84,37.831],[90.383,37.69],[90.761,37.558],[90.93,37.457],[91.113,37.453],[91.277,37.412],[91.779,37.238]]},"properties":{"slip_type":"Reverse"}},
{"type":"Feature","geometry":{"type":"LineString","coordinates":[[87.681,37.475],[87.85,37.503],[88.292,37.621],[88.534,37.704],[88.794,37.827],[88.94,37.923],[89.204,38]]},"properties":{"slip_type":"Sinistral"}},
{"type":"Feature","geometry":{"type":"LineString","coordinates":[[83.723,31.977],[83.731,31.883],[83.626,31.716],[83.597,31.63],[83.584,31.439],[83.632,31.363],[83.705,31.322]]},"properties":{"slip_type":"Normal"}},
{"type":"Feature","geometry":{"type":"LineString","coordinates":[[83.668,31.246],[83.599,31.125],[83.506,30.889],[83.465,30.833],[83.486,30.65],[83.52,30.523]]},"properties":{"slip_type":"Normal"}},
{"type":"Feature","geometry":{"type":"LineString","coordinates":[[93.446,35.124],[93.605,35.091],[94.542,34.833],[94.976,34.649],[95.191,34.511],[95.543,34.327],[95.754,34.135],[95.938,33.926],[96.111,33.783]]},"properties":{"slip_type":"Sinistral"}},
{"type":"Feature","geometry":{"type":"LineString","coordinates":[[93.967,35.701],[94.123,35.653],[94.598,35.578],[94.933,35.506],[95.15,35.43],[95.369,35.316],[95.81,35],[95.916,34.933],[96.12,34.869],[96.396,34.805],[96.581,34.745],[96.763,34.662]]},"properties":{"slip_type":"Sinistral"}},
{"type":"Feature","geometry":{"type":"LineString","coordinates":[[96.806,34.45],[97.099,34.062],[97.523,33.787],[97.896,33.606],[98,33.541]]},"properties":{"slip_type":"Sinistral"}},
{"type":"Feature","geometry":{"type":"LineString","coordinates":[[97.688,34.796],[98,34.701]]},"properties":{"slip_type":"Sinistral"}},
{"type":"Feature","geometry":{"type":"LineString","coordinates":[[77.628,34.605],[77.35,34.661],[76.768,34.914],[76.243,35.248],[75.754,35.588],[75.295,35.732],[75.007,35.815]]},"properties":{"slip_type":"Reverse"}},
{"type":"Feature","geometry":{"type":"LineString","coordinates":[[85.104,31.751],[85.185,31.481],[85.125,31.238]]},"properties":{"slip_type":"Normal"}},
{"type":"Feature","geometry":{"type":"LineString","coordinates":[[86.667,30.818],[86.619,31.05],[86.69,31.113],[86.808,31.118]]},"properties":{"slip_type":"Normal"}},
{"type":"Feature","geometry":{"type":"LineString","coordinates":[[86.379,30.897],[86.407,30.778],[86.474,30.75],[86.549,30.648],[86.5,30.57],[86.603,30.5],[86.588,30.453]]},"properties":{"slip_type":"Normal"}},
{"type":"Feature","geometry":{"type":"LineString","coordinates":[[86.421,30.15],[86.401,30.102],[86.436,29.982]]},"properties":{"slip_type":"Normal"}},
{"type":"Feature","geometry":{"type":"LineString","coordinates":[[86.444,29.919],[86.414,29.862],[86.222,29.808],[86.24,29.733],[86.21,29.515]]},"properties":{"slip_type":"Normal"}},
{"type":"Feature","geometry":{"type":"LineString","coordinates":[[86.21,29.515],[86.19,29.422]]},"properties":{"slip_type":"Normal"}},
{"type":"Feature","geometry":{"type":"LineString","coordinates":[[86.96,30.153],[86.894,30.104],[86.85,29.956],[86.723,29.763]]},"properties":{"slip_type":"Normal"}},
{"type":"Feature","geometry":{"type":"LineString","coordinates":[[88.479,30.124],[88.431,30.086],[88.346,29.76],[88.305,29.678],[88.312,29.549]]},"properties":{"slip_type":"Normal"}},
{"type":"Feature","geometry":{"type":"LineString","coordinates":[[90.601,30.222],[90.411,30.079]]},"properties":{"slip_type":"Normal"}},
{"type":"Feature","geometry":{"type":"LineString","coordinates":[[90.4,30.06],[90.36,29.98]]},"properties":{"slip_type":"Normal"}},
{"type":"Feature","geometry":{"type":"LineString","coordinates":[[90.418,30.048],[90.373,29.988]]},"properties":{"slip_type":"Normal"}},
{"type":"Feature","geometry":{"type":"LineString","coordinates":[[90.424,30.032],[90.391,29.988]]},"properties":{"slip_type":"Normal"}},
{"type":"Feature","geometry":{"type":"LineString","coordinates":[[90.365,30.064],[90.228,29.988]]},"properties":{"slip_type":"Normal"}},
{"type":"Feature","geometry":{"type":"LineString","coordinates":[[90.277,29.962],[90.305,29.793]]},"properties":{"slip_type":"Normal"}},
{"type":"Feature","geometry":{"type":"LineString","coordinates":[[91.541,30.784],[91.533,30.628]]},"properties":{"slip_type":"Normal"}},
{"type":"Feature","geometry":{"type":"LineString","coordinates":[[91.53,30.617],[91.303,30.611],[91.221,30.594],[91.073,30.51]]},"properties":{"slip_type":"Normal"}},
{"type":"Feature","geometry":{"type":"LineString","coordinates":[[91.041,31.267],[91.196,31.161],[91.594,30.966],[91.749,30.934],[91.966,30.867]]},"properties":{"slip_type":"Dextral"}},
{"type":"Feature","geometry":{"type":"LineString","coordinates":[[89.85,31.65],[90.15,31.593],[90.35,31.571],[90.557,31.521],[90.799,31.443],[91.144,31.265],[91.322,31.159]]},"properties":{"slip_type":"Dextral"}},
{"type":"Feature","geometry":{"type":"LineString","coordinates":[[91.258,31.694],[91.311,31.903]]},"properties":{"slip_type":"Normal"}},
{"type":"Feature","geometry":{"type":"LineString","coordinates":[[91.119,31.51],[91.255,31.69]]},"properties":{"slip_type":"Normal"}},
{"type":"Feature","geometry":{"type":"LineString","coordinates":[[90.897,31.411],[90.939,31.537],[91.038,31.575]]},"properties":{"slip_type":"Normal"}},
{"type":"Feature","geometry":{"type":"LineString","coordinates":[[92.003,32.273],[91.848,32.238],[91.584,32.154],[91.505,31.909]]},"properties":{"slip_type":"Sinistral"}},
{"type":"Feature","geometry":{"type":"LineString","coordinates":[[91.626,32.277],[91.477,32.187],[91.413,32.109],[91.425,31.988],[91.463,31.892]]},"properties":{"slip_type":"Normal"}},
{"type":"Feature","geometry":{"type":"LineString","coordinates":[[90.033,31.763],[90.309,31.86],[90.531,31.883],[90.776,31.927],[90.974,32.029],[91.317,32.091]]},"properties":{"slip_type":"Sinistral"}},
{"type":"Feature","geometry":{"type":"LineString","coordinates":[[88.007,33.733],[87.9,33.696],[87.758,33.589],[87.131,33.348],[86.976,33.257],[86.884,33.132]]},"properties":{"slip_type":"Sinistral"}},
{"type":"Feature","geometry":{"type":"LineString","coordinates":[[86.884,33.245],[86.805,33.146],[86.717,33.08],[86.632,32.951],[86.435,32.722],[86.297,32.634],[86.056,32.568]]},"properties":{"slip_type":"Normal"}},
{"type":"Feature","geometry":{"type":"LineString","coordinates":[[85.807,32.471],[85.71,32.348]]},"properties":{"slip_type":"Normal"}},
{"type":"Feature","geometry":{"type":"LineString","coordinates":[[87.116,32.154],[87.003,32.312],[87.091,32.413],[87.215,32.461]]},"properties":{"slip_type":"Normal"}},
{"type":"Feature","geometry":{"type":"LineString","coordinates":[[87.95,32.87],[87.769,32.815],[87.623,32.611]]},"properties":{"slip_type":"Normal"}},
{"type":"Feature","geometry":{"type":"LineString","coordinates":[[87.616,32.596],[87.443,32.572],[87.311,32.412]]},"properties":{"slip_type":"Sinistral"}},
{"type":"Feature","geometry":{"type":"LineString","coordinates":[[87.157,32.374],[87.131,32.324],[87.205,32.193]]},"properties":{"slip_type":"Normal"}},
{"type":"Feature","geometry":{"type":"LineString","coordinates":[[87.221,32.366],[87.228,32.199]]},"properties":{"slip_type":"Normal"}},
{"type":"Feature","geometry":{"type":"LineString","coordinates":[[87.406,32.077],[87.338,32.177],[87.344,32.339],[87.384,32.369]]},"properties":{"slip_type":"Normal"}},
{"type":"Feature","geometry":{"type":"LineString","coordinates":[[87.784,32.688],[88.085,32.822]]},"properties":{"slip_type":"Normal"}},
{"type":"Feature","geometry":{"type":"LineString","coordinates":[[87.394,32.376],[87.47,32.439],[87.647,32.521]]},"properties":{"slip_type":"Sinistral"}},
{"type":"Feature","geometry":{"type":"LineString","coordinates":[[88.058,33.202],[88.096,33.423]]},"properties":{"slip_type":"Normal"}},
{"type":"Feature","geometry":{"type":"LineString","coordinates":[[85.829,32.025],[86.094,31.877],[86.381,31.766],[86.597,31.714],[86.718,31.657]]},"properties":{"slip_type":"Dextral"}},
{"type":"Feature","geometry":{"type":"LineString","coordinates":[[87.439,31.55],[87.58,31.505],[88.161,31.286],[88.279,31.227],[88.605,31.007],[88.878,30.8],[89.044,30.634]]},"properties":{"slip_type":"Dextral"}},
{"type":"Feature","geometry":{"type":"LineString","coordinates":[[87.426,31.555],[87.129,31.68],[87.015,31.789],[86.842,31.856]]},"properties":{"slip_type":"Dextral"}},
{"type":"Feature","geometry":{"type":"LineString","coordinates":[[86.684,32.034],[86.837,31.948],[86.876,31.899]]},"properties":{"slip_type":"Dextral"}},
{"type":"Feature","geometry":{"type":"LineString","coordinates":[[86.675,31.968],[86.612,31.985],[86.416,32.099]]},"properties":{"slip_type":"Dextral"}},
{"type":"Feature","geometry":{"type":"LineString","coordinates":[[87.149,31.968],[87.195,31.831],[87.257,31.755]]},"properties":{"slip_type":"Normal"}},
{"type":"Feature","geometry":{"type":"LineString","coordinates":[[87.33,32.022],[87.296,31.961],[87.332,31.819]]},"properties":{"slip_type":"Normal"}},
{"type":"Feature","geometry":{"type":"LineString","coordinates":[[87.722,31.792],[88.107,31.909]]},"properties":{"slip_type":"Sinistral"}},
{"type":"Feature","geometry":{"type":"LineString","coordinates":[[88.36,31.943],[88.609,32.01],[88.739,32.073]]},"properties":{"slip_type":"Sinistral"}},
{"type":"Feature","geometry":{"type":"LineString","coordinates":[[90.21,32.576],[90.092,32.554],[89.8,32.447],[89.649,32.432],[89.379,32.345],[89.181,32.248]]},"properties":{"slip_type":"Sinistral"}},
{"type":"Feature","geometry":{"type":"LineString","coordinates":[[88.751,32.14],[89.167,32.245]]},"properties":{"slip_type":"Sinistral"}},
{"type":"Feature","geometry":{"type":"LineString","coordinates":[[91.526,32.931],[91.244,32.823],[91.15,32.761],[90.897,32.641],[90.639,32.572],[90.212,32.577]]},"properties":{"slip_type":"Sinistral"}},
{"type":"Feature","geometry":{"type":"LineString","coordinates":[[92.563,32.4],[92.778,32.448],[92.943,32.561],[93.072,32.619]]},"properties":{"slip_type":"Sinistral"}},
{"type":"Feature","geometry":{"type":"LineString","coordinates":[[92.953,32.618],[93.118,32.72],[93.168,32.795],[93.244,32.83]]},"properties":{"slip_type":"Sinistral"}},
{"type":"Feature","geometry":{"type":"LineString","coordinates":[[82.232,31.315],[82.484,31.163],[82.578,31.069]]},"properties":{"slip_type":"Normal"}},
{"type":"Feature","geometry":{"type":"LineString","coordinates":[[82.217,31.329],[82.211,31.374],[82.269,31.563]]},"properties":{"slip_type":"Normal"}},
{"type":"Feature","geometry":{"type":"LineString","coordinates":[[82.863,31.96],[82.812,31.919],[82.768,31.791]]},"properties":{"slip_type":"Normal"}},
{"type":"Feature","geometry":{"type":"LineString","coordinates":[[82.866,31.963],[83.029,32.042]]},"properties":{"slip_type":"Normal"}},
{"type":"Feature","geometry":{"type":"LineString","coordinates":[[83.026,32.043],[83.029,32.204]]},"properties":{"slip_type":"Normal"}},
{"type":"Feature","geometry":{"type":"LineString","coordinates":[[83.016,32.268],[83.226,32.33]]},"properties":{"slip_type":"Normal"}},
{"type":"Feature","geometry":{"type":"LineString","coordinates":[[83.007,32.226],[83.02,32.185]]},"properties":{"slip_type":"Normal"}},
{"type":"Feature","geometry":{"type":"LineString","coordinates":[[82.454,34.756],[82.513,34.838],[82.612,34.897]]},"properties":{"slip_type":"Normal"}},
{"type":"Feature","geometry":{"type":"LineString","coordinates":[[83.446,34.787],[83.418,34.657],[83.449,34.421]]},"properties":{"slip_type":"Normal"}},
{"type":"Feature","geometry":{"type":"LineString","coordinates":[[83.923,34.139],[84.019,34.239],[84.133,34.287],[84.261,34.294],[84.337,34.348],[84.351,34.439],[84.301,34.504],[84.371,34.659]]},"properties":{"slip_type":"Normal"}},
{"type":"Feature","geometry":{"type":"LineString","coordinates":[[85.766,34.174],[85.699,34.248],[85.699,34.309],[85.816,34.392],[85.83,34.561]]},"properties":{"slip_type":"Normal"}},
{"type":"Feature","geometry":{"type":"LineString","coordinates":[[85.897,34.538],[85.949,34.6],[86.102,34.664],[86.254,34.69],[86.713,34.866],[86.786,34.912]]},"properties":{"slip_type":"Sinistral"}},
{"type":"Feature","geometry":{"type":"LineString","coordinates":[[86.047,34.705],[86.171,34.746],[86.441,34.879],[86.771,35.012],[86.871,35.073]]},"properties":{"slip_type":"Sinistral"}},
{"type":"Feature","geometry":{"type":"LineString","coordinates":[[96.13,26.692],[96.293,26.776],[96.443,26.822],[96.788,26.799],[96.923,26.799],[96.988,26.753]]},"properties":{"slip_type":"Reverse"}},
{"type":"Feature","geometry":{"type":"LineString","coordinates":[[95.537,24.436],[95.398,24.212],[95.216,24.002],[95.085,23.746],[95.043,23.573],[95.034,23.373],[94.968,23.167],[94.912,22.92],[94.786,22.752]]},"properties":{"slip_type":"Reverse"}},
{"type":"Feature","geometry":{"type":"LineString","coordinates":[[94.329,21.301],[94.329,21.591],[94.418,21.805],[94.464,21.992],[94.441,22.192],[94.432,22.524],[94.399,22.701],[94.325,22.915],[94.273,23.191],[94.371,23.508],[94.446,23.625]]},"properties":{"slip_type":"Reverse"}},
{"type":"Feature","geometry":{"type":"LineString","coordinates":[[92.251,25.116],[92.422,25.059],[92.712,25.002],[92.963,25.002],[93.225,25.076],[93.425,25.15]]},"properties":{"slip_type":"Reverse"}},
{"type":"Feature","geometry":{"type":"LineString","coordinates":[[94.318,23.712],[94.46,23.871],[94.529,24.002],[94.529,24.19],[94.626,24.373],[94.643,24.526],[94.7,24.771],[94.802,24.965],[95.007,25.205],[95.116,25.433],[95.401,25.735],[95.577,25.957],[95.64,26.116]]},"properties":{"slip_type":"Reverse"}},
{"type":"Feature","geometry":{"type":"LineString","coordinates":[[96.536,37.879],[96.403,38]]},"properties":{"slip_type":"Reverse"}},
{"type":"Feature","geometry":{"type":"LineString","coordinates":[[95.382,37.406],[95.609,37.299],[95.716,37.191],[95.949,37.059],[96.334,37.059],[96.718,36.939],[97.009,36.794]]},"properties":{"slip_type":"Reverse"}},
{"type":"Feature","geometry":{"type":"LineString","coordinates":[[96.687,36.781],[96.945,36.687],[97.299,36.706],[97.456,36.662],[97.645,36.662],[97.778,36.712],[97.872,36.712]]},"properties":{"slip_type":"Reverse"}},
{"type":"Feature","geometry":{"type":"LineString","coordinates":[[95.238,38],[95.375,37.904],[95.438,37.778],[95.583,37.645],[95.823,37.551],[96.05,37.526]]},"properties":{"slip_type":"Reverse"}},
{"type":"Feature","geometry":{"type":"LineString","coordinates":[[95.981,37.45],[96.176,37.425],[96.321,37.368],[96.529,37.235],[96.668,37.223]]},"properties":{"slip_type":"Reverse"}},
{"type":"Feature","geometry":{"type":"LineString","coordinates":[[96.933,37.072],[97.229,36.945],[97.475,36.939],[97.797,36.895],[98,36.833]]},"properties":{"slip_type":"Reverse"}},
{"type":"Feature","geometry":{"type":"LineString","coordinates":[[98,37.417],[97.772,37.437],[97.551,37.393],[97.343,37.437],[97.179,37.437],[97.015,37.488],[96.794,37.5],[96.573,37.481]]},"properties":{"slip_type":"Reverse"}},
{"type":"Feature","geometry":{"type":"LineString","coordinates":[[97.425,37.299],[97.835,37.154],[98,37.061]]},"properties":{"slip_type":"Reverse"}},
{"type":"Feature","geometry":{"type":"LineString","coordinates":[[93.458,38],[93.62,37.866]]},"properties":{"slip_type":"Anticline"}},
{"type":"Feature","geometry":{"type":"LineString","coordinates":[[93.959,38],[93.973,37.986]]},"properties":{"slip_type":"Anticline"}},
{"type":"Feature","geometry":{"type":"LineString","coordinates":[[91.845,37.753],[92.147,37.67],[92.464,37.604],[92.684,37.545]]},"properties":{"slip_type":"Anticline"}},
{"type":"Feature","geometry":{"type":"LineString","coordinates":[[88.129,36.851],[88.337,36.806],[88.619,36.787],[88.885,36.751],[89.083,36.692],[89.284,36.589],[89.417,36.556]]},"properties":{"slip_type":"Reverse"}},
{"type":"Feature","geometry":{"type":"LineString","coordinates":[[89.401,36.589],[89.528,36.491],[89.703,36.417],[89.95,36.358]]},"properties":{"slip_type":"Reverse"}},
{"type":"Feature","geometry":{"type":"LineString","coordinates":[[89.648,36.371],[89.82,36.258],[90.339,36.212]]},"properties":{"slip_type":"Reverse"}},
{"type":"Feature","geometry":{"type":"LineString","coordinates":[[89.76,36.873],[89.962,36.777],[90.109,36.726],[90.43,36.662]]},"properties":{"slip_type":"Reverse"}},
{"type":"Feature","geometry":{"type":"LineString","coordinates":[[89.17,36.902],[89.375,36.777],[89.779,36.597],[89.965,36.53],[90.164,36.488],[90.308,36.424],[90.491,36.408],[90.696,36.351]]},"properties":{"slip_type":"Reverse"}},
{"type":"Feature","geometry":{"type":"LineString","coordinates":[[84.374,36.585],[84.523,36.638],[84.695,36.655],[84.911,36.729],[85.549,36.913]]},"properties":{"slip_type":"Sinistral"}},
{"type":"Feature","geometry":{"type":"LineString","coordinates":[[86.527,37.622],[86.734,37.63],[87.369,37.563],[87.612,37.582],[87.815,37.637],[87.922,37.648]]},"properties":{"slip_type":"Sinistral"}},
{"type":"Feature","geometry":{"type":"LineString","coordinates":[[94.491,24.66],[94.396,24.43],[94.237,24.216],[94.102,23.867],[94.086,23.629],[94.055,23.526]]},"properties":{"slip_type":"Reverse"}},
{"type":"Feature","geometry":{"type":"LineString","coordinates":[[94.031,20.986],[94.071,21.328],[94.063,21.534],[93.904,21.724],[93.888,21.883],[93.904,22.058],[93.944,22.296],[93.967,22.732],[93.904,23.034]]},"properties":{"slip_type":"Reverse"}},
{"type":"Feature","geometry":{"type":"LineString","coordinates":[[98,35.265],[97.738,35.339],[97.363,35.464],[97.224,35.486]]},"properties":{"slip_type":"Reverse"}},
{"type":"Feature","geometry":{"type":"LineString","coordinates":[[75.155,37.869],[75.202,38]]},"properties":{"slip_type":"Normal"}},
{"type":"Feature","geometry":{"type":"LineString","coordinates":[[75.139,37.826],[75.302,37.46],[75.381,37.309]]},"properties":{"slip_type":"Normal"}},
{"type":"Feature","geometry":{"type":"LineString","coordinates":[[81.46,30.547],[81.573,30.633],[81.645,30.757]]},"properties":{"slip_type":"Normal"}},
{"type":"Feature","geometry":{"type":"LineString","coordinates":[[68.432,29.085],[68.721,28.941],[68.903,28.915],[69.022,28.953],[69.223,28.947],[69.418,28.959],[69.569,29.054]]},"properties":{"slip_type":"Anticline"}},
{"type":"Feature","geometry":{"type":"LineString","coordinates":[[68.337,29.286],[68.557,29.248],[68.708,29.261],[68.909,29.198],[69.129,29.16],[69.305,29.167],[69.437,29.242]]},"properties":{"slip_type":"Anticline"}},
{"type":"Feature","geometry":{"type":"LineString","coordinates":[[69.883,29.468],[69.99,29.732]]},"properties":{"slip_type":"Anticline"}},
{"type":"Feature","geometry":{"type":"LineString","coordinates":[[69.55,29.563],[69.896,29.789],[70.053,29.996],[70.153,30.436]]},"properties":{"slip_type":"Anticline"}},
{"type":"Feature","geometry":{"type":"LineString","coordinates":[[68.306,29.556],[68.494,29.569],[68.67,29.563],[68.89,29.494],[68.966,29.494]]},"properties":{"slip_type":"Anticline"}},
{"type":"Feature","geometry":{"type":"LineString","coordinates":[[68,29.754],[68.136,29.713]]},"properties":{"slip_type":"Anticline"}},
{"type":"Feature","geometry":{"type":"LineString","coordinates":[[68.362,30.065],[68.702,30.078]]},"properties":{"slip_type":"Anticline"}},
{"type":"Feature","geometry":{"type":"LineString","coordinates":[[68.4,29.965],[68.696,29.921],[68.915,29.965],[69.085,29.977],[69.368,30.072],[69.525,30.222]]},"properties":{"slip_type":"Anticline"}},
{"type":"Feature","geometry":{"type":"LineString","coordinates":[[68,30.97],[68.111,30.97]]},"properties":{"slip_type":"Anticline"}},
{"type":"Feature","geometry":{"type":"LineString","coordinates":[[68.186,31.052],[68.469,31.021],[68.777,31.014],[68.959,31.134],[69.135,31.435]]},"properties":{"slip_type":"Anticline"}},
{"type":"Feature","geometry":{"type":"LineString","coordinates":[[68.149,31.134],[68.551,31.234],[68.815,31.266],[69.091,31.561],[69.179,31.756]]},"properties":{"slip_type":"Anticline"}},
{"type":"Feature","geometry":{"type":"LineString","coordinates":[[68.614,29.751],[68.846,29.808],[69.047,29.776],[69.205,29.833],[69.274,29.883],[69.512,29.971],[69.556,30.034]]},"properties":{"slip_type":"Anticline"}},
{"type":"Feature","geometry":{"type":"LineString","coordinates":[[69.173,29.418],[69.437,29.575]]},"properties":{"slip_type":"Anticline"}},
{"type":"Feature","geometry":{"type":"LineString","coordinates":[[69.418,29.38],[69.569,29.418],[69.663,29.475]]},"properties":{"slip_type":"Anticline"}},
{"type":"Feature","geometry":{"type":"LineString","coordinates":[[69.921,31.781],[69.915,31.536],[69.758,31.341]]},"properties":{"slip_type":"Anticline"}},
{"type":"Feature","geometry":{"type":"LineString","coordinates":[[70.009,31.454],[70.015,31.31],[69.977,31.134]]},"properties":{"slip_type":"Anticline"}},
{"type":"Feature","geometry":{"type":"LineString","coordinates":[[70.103,31.102],[70.04,30.895],[69.933,30.713]]},"properties":{"slip_type":"Anticline"}},
{"type":"Feature","geometry":{"type":"LineString","coordinates":[[69.946,30.405],[69.996,30.694],[70.128,30.895]]},"properties":{"slip_type":"Anticline"}},
{"type":"Feature","geometry":{"type":"LineString","coordinates":[[69.412,29.673],[69.67,29.855],[69.833,30.05],[69.921,30.175]]},"properties":{"slip_type":"Anticline"}},
{"type":"Feature","geometry":{"type":"LineString","coordinates":[[69.047,30.358],[69.261,30.433],[69.399,30.521]]},"properties":{"slip_type":"Anticline"}},
{"type":"Feature","geometry":{"type":"LineString","coordinates":[[69.079,30.521],[69.249,30.603],[69.336,30.691]]},"properties":{"slip_type":"Anticline"}},
{"type":"Feature","geometry":{"type":"LineString","coordinates":[[68.95,28.72],[69.308,28.555],[69.555,28.57],[69.779,28.75],[69.787,28.922]]},"properties":{"slip_type":"Reverse"}},
{"type":"Feature","geometry":{"type":"LineString","coordinates":[[70.011,28.981],[70.19,29.191],[70.213,29.363]]},"properties":{"slip_type":"Reverse"}},
{"type":"Feature","geometry":{"type":"LineString","coordinates":[[70.874,32.225],[70.991,32.217],[71.097,32.261],[71.163,32.371],[71.291,32.488],[71.298,32.557]]},"properties":{"slip_type":"Anticline"}},
{"type":"Feature","geometry":{"type":"LineString","coordinates":[[71.123,32.663],[71.133,32.831],[71.189,32.992],[71.501,33.051]]},"properties":{"slip_type":"Anticline"}},
{"type":"Feature","geometry":{"type":"LineString","coordinates":[[71.09,32.877],[71.126,33.005],[71.357,33.071],[71.504,33.136]]},"properties":{"slip_type":"Anticline"}},
{"type":"Feature","geometry":{"type":"LineString","coordinates":[[70.748,32.282],[70.87,32.347],[71.021,32.393],[71.113,32.459],[71.179,32.548]]},"properties":{"slip_type":"Anticline"}},
{"type":"Feature","geometry":{"type":"LineString","coordinates":[[69.785,34.116],[70.117,34.005],[70.248,34.005],[70.554,33.962],[70.909,33.972],[71.024,33.965],[71.337,33.853]]},"properties":{"slip_type":"Anticline"}},
{"type":"Feature","geometry":{"type":"LineString","coordinates":[[73.083,32.846],[73.155,32.907],[73.258,33.041],[73.356,33.041],[73.443,33.179]]},"properties":{"slip_type":"Anticline"}},
{"type":"Feature","geometry":{"type":"LineString","coordinates":[[73.34,32.799],[73.412,32.871],[73.474,32.871],[73.607,33.015]]},"properties":{"slip_type":"Anticline"}},
{"type":"Feature","geometry":{"type":"LineString","coordinates":[[73.643,32.774],[73.854,32.846]]},"properties":{"slip_type":"Anticline"}},
{"type":"Feature","geometry":{"type":"LineString","coordinates":[[75.781,31.946],[75.935,31.772],[76.135,31.479],[76.217,31.32],[76.505,31.027],[76.711,30.95]]},"properties":{"slip_type":"Anticline"}},
{"type":"Feature","geometry":{"type":"LineString","coordinates":[[75.717,31.941],[75.938,31.674],[76.134,31.345],[76.216,31.232],[76.447,31.011],[76.586,30.919],[76.704,30.898],[76.812,30.749],[76.951,30.677],[77.151,30.6],[77.218,30.523],[77.213,30.456],[77.413,30.41],[77.531,30.307],[77.649,30.307],[77.87,30.174],[77.973,30.097],[78.235,29.855],[78.379,29.804],[78.533,29.783]]},"properties":{"slip_type":"Reverse"}},
{"type":"Feature","geometry":{"type":"LineString","coordinates":[[78.507,29.747],[78.554,29.624],[79.221,29.326],[79.401,29.311]]},"properties":{"slip_type":"Reverse"}},
{"type":"Feature","geometry":{"type":"LineString","coordinates":[[79.44,29.267],[79.599,29.205],[79.753,29.098],[79.907,29.072],[80.139,29.113]]},"properties":{"slip_type":"Reverse"}},
{"type":"Feature","geometry":{"type":"LineString","coordinates":[[80.159,29.051],[80.277,29],[80.411,29],[80.478,28.938],[80.606,28.892],[80.806,28.851],[81.002,28.794],[81.197,28.661],[81.377,28.568],[81.361,28.471],[81.567,28.322],[81.675,28.317],[81.865,28.173],[82.05,28.07],[82.168,28.034]]},"properties":{"slip_type":"Reverse"}},
{"type":"Feature","geometry":{"type":"LineString","coordinates":[[81.798,28.101],[81.932,27.936],[82.101,27.921],[82.358,27.731],[82.507,27.69],[82.969,27.767],[83.149,27.767],[83.704,27.618],[83.989,27.43],[84.143,27.425],[84.246,27.358],[84.709,27.343]]},"properties":{"slip_type":"Reverse"}},
{"type":"Feature","geometry":{"type":"LineString","coordinates":[[84.56,27.389],[84.75,27.369],[84.955,27.276],[85.099,27.276],[85.325,27.189],[85.608,27.112],[85.741,27.107],[85.972,27.019],[86.157,26.963]]},"properties":{"slip_type":"Reverse"}},
{"type":"Feature","geometry":{"type":"LineString","coordinates":[[86.06,26.917],[86.173,26.865],[86.414,26.86],[86.553,26.824]]},"properties":{"slip_type":"Reverse"}},
{"type":"Feature","geometry":{"type":"LineString","coordinates":[[86.532,26.696],[86.789,26.67],[86.902,26.675],[86.979,26.773]]},"properties":{"slip_type":"Reverse"}},
{"type":"Feature","geometry":{"type":"LineString","coordinates":[[87.033,26.804],[87.234,26.804],[87.496,26.742],[87.67,26.742],[87.799,26.691],[87.999,26.716],[88.451,26.86],[88.657,26.901],[88.96,26.922],[89.047,26.875],[89.196,26.742],[89.299,26.768]]},"properties":{"slip_type":"Reverse"}},
{"type":"Feature","geometry":{"type":"LineString","coordinates":[[95.156,27.98],[95.336,28.073]]},"properties":{"slip_type":"Reverse"}},
{"type":"Feature","geometry":{"type":"LineString","coordinates":[[75.987,31.904],[76.171,31.764],[76.304,31.569],[76.522,31.296],[76.739,31.207]]},"properties":{"slip_type":"Anticline"}},
{"type":"Feature","geometry":{"type":"LineString","coordinates":[[77.573,30.429],[77.774,30.323],[77.902,30.312],[77.98,30.223],[78.047,30.083]]},"properties":{"slip_type":"Anticline"}},
{"type":"Feature","geometry":{"type":"LineString","coordinates":[[82.181,27.996],[82.376,27.901],[82.521,27.851],[82.71,27.851]]},"properties":{"slip_type":"Syncline"}},
{"type":"Feature","geometry":{"type":"LineString","coordinates":[[83.887,27.616],[84.171,27.605],[84.472,27.633],[84.611,27.605],[84.734,27.555]]},"properties":{"slip_type":"Syncline"}},
{"type":"Feature","geometry":{"type":"LineString","coordinates":[[84.338,27.516],[84.6,27.466],[84.751,27.466],[84.974,27.393],[85.152,27.393]]},"properties":{"slip_type":"Anticline"}},
{"type":"Feature","geometry":{"type":"LineString","coordinates":[[83.059,27.929],[83.65,27.795],[83.923,27.778],[84.135,27.778],[84.402,27.823]]},"properties":{"slip_type":"Anticline"}},
{"type":"Feature","geometry":{"type":"LineString","coordinates":[[95.934,27.777],[96.01,27.671],[96.17,27.602],[96.334,27.573]]},"properties":{"slip_type":"Anticline"}},
{"type":"Feature","geometry":{"type":"LineString","coordinates":[[68,36.393],[68.209,36.306]]},"properties":{"slip_type":"Anticline"}},
{"type":"Feature","geometry":{"type":"LineString","coordinates":[[68.298,36.277],[68.397,36.252],[68.603,36.135]]},"properties":{"slip_type":"Anticline"}},
{"type":"Feature","geometry":{"type":"LineString","coordinates":[[68,36.561],[68.173,36.558]]},"properties":{"slip_type":"Anticline"}},
{"type":"Feature","geometry":{"type":"LineString","coordinates":[[68.497,36.49],[68.596,36.366],[68.628,36.266]]},"properties":{"slip_type":"Anticline"}},
{"type":"Feature","geometry":{"type":"LineString","coordinates":[[68.671,36.561],[68.763,36.469],[68.862,36.416]]},"properties":{"slip_type":"Anticline"}},
{"type":"Feature","geometry":{"type":"LineString","coordinates":[[68.033,37.321],[68.061,37.46],[68.118,37.591]]},"properties":{"slip_type":"Anticline"}},
{"type":"Feature","geometry":{"type":"LineString","coordinates":[[68,37.74],[68.069,37.815],[68.118,37.94],[68.172,37.964]]},"properties":{"slip_type":"Anticline"}},
{"type":"Feature","geometry":{"type":"LineString","coordinates":[[68.104,37.957],[68.123,38]]},"properties":{"slip_type":"Anticline"}},
{"type":"Feature","geometry":{"type":"LineString","coordinates":[[68.207,37.677],[68.225,37.865]]},"properties":{"slip_type":"Anticline"}},
{"type":"Feature","geometry":{"type":"LineString","coordinates":[[68.271,37.051],[68.243,37.229],[68.253,37.464]]},"properties":{"slip_type":"Anticline"}},
{"type":"Feature","geometry":{"type":"LineString","coordinates":[[68.402,37.385],[68.402,37.485]]},"properties":{"slip_type":"Anticline"}},
{"type":"Feature","geometry":{"type":"LineString","coordinates":[[68.338,37.517],[68.346,37.716],[68.395,37.929],[68.44,38]]},"properties":{"slip_type":"Anticline"}},
{"type":"Feature","geometry":{"type":"LineString","coordinates":[[68.505,37.609],[68.523,37.837],[68.573,38]]},"properties":{"slip_type":"Anticline"}},
{"type":"Feature","geometry":{"type":"LineString","coordinates":[[68.964,36.966],[68.999,37.119]]},"properties":{"slip_type":"Anticline"}},
{"type":"Feature","geometry":{"type":"LineString","coordinates":[[69.205,37.289],[69.234,37.41],[69.244,37.684]]},"properties":{"slip_type":"Anticline"}},
{"type":"Feature","geometry":{"type":"LineString","coordinates":[[69.035,37.449],[69.127,37.574],[69.131,37.911],[69.155,38]]},"properties":{"slip_type":"Anticline"}},
{"type":"Feature","geometry":{"type":"LineString","coordinates":[[68.907,37.957],[68.951,38]]},"properties":{"slip_type":"Anticline"}},
{"type":"Feature","geometry":{"type":"LineString","coordinates":[[69.266,36.757],[69.266,36.845],[69.326,36.952]]},"properties":{"slip_type":"Anticline"}},
{"type":"Feature","geometry":{"type":"LineString","coordinates":[[68.623,36.686],[68.424,36.87],[68.363,36.874]]},"properties":{"slip_type":"Anticline"}},
{"type":"Feature","geometry":{"type":"LineString","coordinates":[[68.324,36.874],[68.324,36.959]]},"properties":{"slip_type":"Anticline"}},
{"type":"Feature","geometry":{"type":"LineString","coordinates":[[68.335,37.059],[68.36,37.179]]},"properties":{"slip_type":"Anticline"}},
{"type":"Feature","geometry":{"type":"LineString","coordinates":[[68,36.818],[68.115,36.682],[68.218,36.593]]},"properties":{"slip_type":"Anticline"}},
{"type":"Feature","geometry":{"type":"LineString","coordinates":[[68.659,33.95],[68.455,33.645]]},"properties":{"slip_type":"Sinistral"}},
{"type":"Feature","geometry":{"type":"LineString","coordinates":[[68.086,32.916],[68.229,33.013]]},"properties":{"slip_type":"Anticline"}},
{"type":"Feature","geometry":{"type":"LineString","coordinates":[[68.242,32.822],[68.351,32.897]]},"properties":{"slip_type":"Anticline"}},
{"type":"Feature","geometry":{"type":"LineString","coordinates":[[68.535,32.991],[68.666,33.091]]},"properties":{"slip_type":"Anticline"}},
{"type":"Feature","geometry":{"type":"LineString","coordinates":[[68.437,35.464],[68.912,35.46],[69.21,35.476],[69.705,35.557]]},"properties":{"slip_type":"Anticline"}},
{"type":"Feature","geometry":{"type":"LineString","coordinates":[[68,35.045],[68.282,35.07],[68.692,35.186],[69.086,35.348]]},"properties":{"slip_type":"Anticline"}},
{"type":"Feature","geometry":{"type":"LineString","coordinates":[[69.377,37.849],[69.407,38]]},"properties":{"slip_type":"Anticline"}},
{"type":"Feature","geometry":{"type":"LineString","coordinates":[[69.823,38],[69.656,37.645],[69.624,37.454],[69.548,37.243],[69.474,37.112],[69.382,37.048],[69.363,36.975]]},"properties":{"slip_type":"Reverse"}},
{"type":"Feature","geometry":{"type":"LineString","coordinates":[[77.22,37.603],[77.532,37.475],[77.771,37.421],[78.165,37.3],[78.349,37.257]]},"properties":{"slip_type":"Syncline"}},
{"type":"Feature","geometry":{"type":"LineString","coordinates":[[79.394,37.077],[79.08,37.176]]},"properties":{"slip_type":"Anticline"}},
{"type":"Feature","geometry":{"type":"LineString","coordinates":[[76.892,36.433],[77.216,36.461],[77.535,36.455],[77.931,36.377],[78.417,36.266],[78.819,36.215],[79.641,36.081],[80.115,35.981],[80.657,35.919],[80.869,35.875],[81.171,35.897],[81.568,35.942],[81.847,36.042],[82.093,36.115],[82.601,36.171],[82.998,36.238]]},"properties":{"slip_type":"Sinistral"}},
{"type":"Feature","geometry":{"type":"LineString","coordinates":[[82.984,36.238],[83.431,36.472],[83.655,36.651],[83.867,36.74],[84.464,36.925],[84.632,37.014],[84.883,37.103],[85.258,37.215],[86.001,37.517],[86.425,37.673],[86.905,37.779]]},"properties":{"slip_type":"Sinistral"}},
{"type":"Feature","geometry":{"type":"LineString","coordinates":[[86.916,37.78],[87.227,37.847],[87.347,37.847],[87.869,38]]},"properties":{"slip_type":"Sinistral"}},
{"type":"Feature","geometry":{"type":"LineString","coordinates":[[90.084,37.828],[89.853,37.872],[89.702,37.931]]},"properties":{"slip_type":"Reverse"}},
{"type":"Feature","geometry":{"type":"LineString","coordinates":[[93.221,37.81],[93.097,37.874],[92.942,37.893],[92.685,37.952],[92.564,38]]},"properties":{"slip_type":"Anticline"}},
{"type":"Feature","geometry":{"type":"LineString","coordinates":[[93.314,37.212],[93.038,37.342],[92.936,37.345]]},"properties":{"slip_type":"Anticline"}},
{"type":"Feature","geometry":{"type":"LineString","coordinates":[[92.89,37.552],[92.757,37.605],[92.621,37.691],[92.373,37.712],[92.154,37.814],[91.982,37.87],[91.807,37.952]]},"properties":{"slip_type":"Anticline"}},
{"type":"Feature","geometry":{"type":"LineString","coordinates":[[92.283,37.964],[92.629,37.821]]},"properties":{"slip_type":"Anticline"}},
{"type":"Feature","geometry":{"type":"LineString","coordinates":[[83.7,36.807],[83.345,36.749],[82.886,36.643],[82.731,36.619]]},"properties":{"slip_type":"Reverse"}},
{"type":"Feature","geometry":{"type":"LineString","coordinates":[[79.753,37.031],[79.502,37.169],[79.37,37.214],[78.984,37.301],[78.755,37.307],[78.581,37.372],[78.468,37.451],[78.195,37.682],[77.938,37.744],[77.335,37.769],[77.208,37.831],[77.068,38]]},"properties":{"slip_type":"Reverse"}},
{"type":"Feature","geometry":{"type":"LineString","coordinates":[[82.616,36.581],[82.312,36.592],[82.145,36.557]]},"properties":{"slip_type":"Reverse"}},
{"type":"Feature","geometry":{"type":"LineString","coordinates":[[84.45,37.034],[84.329,37.039],[84.216,36.983],[84.029,36.937]]},"properties":{"slip_type":"Reverse"}},
{"type":"Feature","geometry":{"type":"LineString","coordinates":[[84.438,37.014],[84.774,37.238]]},"properties":{"slip_type":"Sinistral"}},
{"type":"Feature","geometry":{"type":"LineString","coordinates":[[84.655,37.125],[84.894,37.278]]},"properties":{"slip_type":"Sinistral"}},
{"type":"Feature","geometry":{"type":"LineString","coordinates":[[85.444,37.364],[85.228,37.262]]},"properties":{"slip_type":"Sinistral"}},
{"type":"Feature","geometry":{"type":"LineString","coordinates":[[85.463,37.372],[85.641,37.456]]},"properties":{"slip_type":"Sinistral"}},
{"type":"Feature","geometry":{"type":"LineString","coordinates":[[85.617,37.438],[85.73,37.474]]},"properties":{"slip_type":"Sinistral"}},
{"type":"Feature","geometry":{"type":"LineString","coordinates":[[83.164,36.148],[83.587,36.288],[83.76,36.324],[84.021,36.336],[84.247,36.326],[84.559,36.347],[84.97,36.407]]},"properties":{"slip_type":"Sinistral"}},
{"type":"Feature","geometry":{"type":"LineString","coordinates":[[87.914,37.882],[88.152,37.953]]},"properties":{"slip_type":"Sinistral"}},
{"type":"Feature","geometry":{"type":"LineString","coordinates":[[88.158,37.955],[88.239,37.979]]},"properties":{"slip_type":"Anticline"}},
{"type":"Feature","geometry":{"type":"LineString","coordinates":[[89.171,38],[88.994,37.971]]},"properties":{"slip_type":"Anticline"}},
{"type":"Feature","geometry":{"type":"LineString","coordinates":[[84.672,37.056],[84.724,37.055]]},"properties":{"slip_type":"Anticline"}},
{"type":"Feature","geometry":{"type":"LineString","coordinates":[[84.724,37.065],[84.771,37.071]]},"properties":{"slip_type":"Anticline"}},
{"type":"Feature","geometry":{"type":"LineString","coordinates":[[85.867,37.567],[86.347,37.95],[86.429,38]]},"properties":{"slip_type":"Sinistral"}},
{"type":"Feature","geometry":{"type":"LineString","coordinates":[[86.608,32.807],[86.943,32.955],[87.162,33.11],[87.317,33.336]]},"properties":{"slip_type":"Normal"}},
{"type":"Feature","geometry":{"type":"LineString","coordinates":[[88.829,33.344],[88.766,33.18],[88.673,33.071],[88.299,32.978],[88.104,32.939]]},"properties":{"slip_type":"Normal"}},
{"type":"Feature","geometry":{"type":"LineString","coordinates":[[89.81,35.229],[89.709,35.12],[89.717,34.996],[89.662,34.902],[89.592,34.684],[89.592,34.528],[89.553,34.443]]},"properties":{"slip_type":"Normal"}},
{"type":"Feature","geometry":{"type":"LineString","coordinates":[[89.81,34.256],[89.74,34.411],[89.74,34.645],[89.841,35.05]]},"properties":{"slip_type":"Normal"}},
{"type":"Feature","geometry":{"type":"LineString","coordinates":[[82.792,34.953],[82.648,34.774],[82.473,34.695]]},"properties":{"slip_type":"Normal"}},
{"type":"Feature","geometry":{"type":"LineString","coordinates":[[82.897,34.799],[82.849,34.664],[82.84,34.449],[82.856,34.369]]},"properties":{"slip_type":"Normal"}},
{"type":"Feature","geometry":{"type":"LineString","coordinates":[[84.455,35.059],[84.644,34.923]]},"properties":{"slip_type":"Dextral"}},
{"type":"Feature","geometry":{"type":"LineString","coordinates":[[84.662,34.879],[84.69,34.731],[84.579,34.612]]},"properties":{"slip_type":"Normal"}},
{"type":"Feature","geometry":{"type":"LineString","coordinates":[[86.216,32.648],[86.288,32.797]]},"properties":{"slip_type":"Normal"}},
{"type":"Feature","geometry":{"type":"LineString","coordinates":[[86.644,33.335],[86.625,33.276],[86.661,33.054]]},"properties":{"slip_type":"Normal"}},
{"type":"Feature","geometry":{"type":"LineString","coordinates":[[86.834,33.491],[86.789,33.385],[86.796,33.246]]},"properties":{"slip_type":"Normal"}},
{"type":"Feature","geometry":{"type":"LineString","coordinates":[[87.63,34.71],[87.55,34.572],[87.445,34.49],[87.461,34.433]]},"properties":{"slip_type":"Normal"}},
{"type":"Feature","geometry":{"type":"LineString","coordinates":[[87.793,34.557],[87.596,34.294]]},"properties":{"slip_type":"Normal"}},
{"type":"Feature","geometry":{"type":"LineString","coordinates":[[86.855,35.489],[87.093,35.482],[87.173,35.495],[87.371,35.483],[87.403,35.506],[87.585,35.504],[87.953,35.628],[88.195,35.681]]},"properties":{"slip_type":"Sinistral"}},
{"type":"Feature","geometry":{"type":"LineString","coordinates":[[90.173,37.202],[90.071,37.263],[89.602,37.378],[89.381,37.408],[89.19,37.456],[88.946,37.441]]},"properties":{"slip_type":"Reverse"}},
{"type":"Feature","geometry":{"type":"LineString","coordinates":[[90.353,36.492],[90.714,36.445],[91.031,36.385],[91.128,36.379],[91.363,36.29],[91.48,36.261]]},"properties":{"slip_type":"Reverse"}},
{"type":"Feature","geometry":{"type":"LineString","coordinates":[[90.483,36.725],[90.669,36.65],[90.801,36.638],[90.911,36.669],[91.071,36.56],[91.294,36.468],[91.515,36.432]]},"properties":{"slip_type":"Reverse"}},
{"type":"Feature","geometry":{"type":"LineString","coordinates":[[90.377,36.133],[90.216,36.174],[89.789,36.121],[89.602,36.141],[89.341,36.335],[89.203,36.395],[89.113,36.507],[88.965,36.564]]},"properties":{"slip_type":"Reverse"}},
{"type":"Feature","geometry":{"type":"LineString","coordinates":[[88.954,36.567],[88.81,36.618],[88.319,36.68],[88.244,36.739],[88.083,36.785]]},"properties":{"slip_type":"Reverse"}},
{"type":"Feature","geometry":{"type":"LineString","coordinates":[[92.531,37.345],[92.61,37.315],[92.852,37.294]]},"properties":{"slip_type":"Anticline"}},
{"type":"Feature","geometry":{"type":"LineString","coordinates":[[88.245,37.294],[88.356,37.27],[88.695,37.248]]},"properties":{"slip_type":"Anticline"}},
{"type":"Feature","geometry":{"type":"LineString","coordinates":[[88.358,37.47],[88.558,37.464],[88.747,37.402],[88.895,37.332]]},"properties":{"slip_type":"Anticline"}},
{"type":"Feature","geometry":{"type":"LineString","coordinates":[[86.537,30.427],[86.424,30.401],[86.351,30.353],[86.342,30.2]]},"properties":{"slip_type":"Normal"}},
{"type":"Feature","geometry":{"type":"LineString","coordinates":[[86.515,28.635],[86.476,28.718],[86.468,28.876],[86.373,29.121],[86.284,29.189]]},"properties":{"slip_type":"Normal"}},
{"type":"Feature","geometry":{"type":"LineString","coordinates":[[88.222,29.659],[88.169,29.594],[88.176,29.408],[88.102,29.231]]},"properties":{"slip_type":"Normal"}},
{"type":"Feature","geometry":{"type":"LineString","coordinates":[[90.281,29.678],[90.242,29.612],[90.241,29.453],[90.215,29.421]]},"properties":{"slip_type":"Normal"}},
{"type":"Feature","geometry":{"type":"LineString","coordinates":[[90.291,29.794],[90.342,29.704]]},"properties":{"slip_type":"Normal"}},
{"type":"Feature","geometry":{"type":"LineString","coordinates":[[92.214,29.288],[92.394,29.392],[92.43,29.526],[92.417,29.684]]},"properties":{"slip_type":"Normal"}},
{"type":"Feature","geometry":{"type":"LineString","coordinates":[[91.006,30.502],[90.881,30.473],[90.59,30.245]]},"properties":{"slip_type":"Normal"}},
{"type":"Feature","geometry":{"type":"LineString","coordinates":[[91.631,31.107],[91.594,30.966],[91.594,30.915],[91.52,30.785]]},"properties":{"slip_type":"Normal"}},
{"type":"Feature","geometry":{"type":"LineString","coordinates":[[90.807,31.542],[90.778,31.709],[90.838,31.841],[90.883,31.871]]},"properties":{"slip_type":"Normal"}},
{"type":"Feature","geometry":{"type":"LineString","coordinates":[[83.919,31.161],[83.956,31.054],[84.103,30.851],[84.277,30.685],[84.357,30.529],[84.364,30.471]]},"properties":{"slip_type":"Normal"}},
{"type":"Feature","geometry":{"type":"LineString","coordinates":[[84.523,29.928],[84.534,30.031],[84.595,30.109],[84.518,30.289]]},"properties":{"slip_type":"Normal"}},
{"type":"Feature","geometry":{"type":"LineString","coordinates":[[84.81,29.976],[84.866,30.088],[84.869,30.164],[84.768,30.33],[84.603,30.465]]},"properties":{"slip_type":"Normal"}},
{"type":"Feature","geometry":{"type":"LineString","coordinates":[[86.798,31.119],[86.796,31.224],[86.718,31.435],[86.811,31.595],[86.742,31.645]]},"properties":{"slip_type":"Normal"}},
{"type":"Feature","geometry":{"type":"LineString","coordinates":[[86.482,31.32],[86.368,31.254],[86.377,31.156],[86.336,31.049]]},"properties":{"slip_type":"Normal"}},
{"type":"Feature","geometry":{"type":"LineString","coordinates":[[82.5,29.111],[82.439,29.154],[82.187,29.441],[82.139,29.523]]},"properties":{"slip_type":"Dextral"}},
{"type":"Feature","geometry":{"type":"LineString","coordinates":[[83.188,28.291],[83.066,28.384],[82.937,28.449],[82.66,28.621],[82.619,28.662]]},"properties":{"slip_type":"Dextral"}},
{"type":"Feature","geometry":{"type":"LineString","coordinates":[[83.05,28.619],[82.854,28.706],[82.785,28.785]]},"properties":{"slip_type":"Dextral"}},
{"type":"Feature","geometry":{"type":"LineString","coordinates":[[92.122,25.869],[91.963,25.784],[91.77,25.608],[91.651,25.478]]},"properties":{"slip_type":"Sinistral"}},
{"type":"Feature","geometry":{"type":"LineString","coordinates":[[91.475,25.733],[91.31,25.739],[91.089,25.801],[90.851,25.909],[90.59,25.966]]},"properties":{"slip_type":"Reverse"}},
{"type":"Feature","geometry":{"type":"LineString","coordinates":[[90.033,25.688],[90.147,25.586],[90.289,25.495],[90.419,25.472],[90.624,25.404],[90.698,25.353]]},"properties":{"slip_type":"Anticline"}},
{"type":"Feature","geometry":{"type":"LineString","coordinates":[[93.603,26.636],[93.291,26.601],[93.11,26.528],[92.985,26.443],[92.871,26.318],[92.775,26.181],[92.514,25.892],[92.366,25.807],[92.15,25.603]]},"properties":{"slip_type":"Sinistral"}},
{"type":"Feature","geometry":{"type":"LineString","coordinates":[[90.862,25.563],[91.305,25.427],[91.475,25.427]]},"properties":{"slip_type":"Anticline"}},
{"type":"Feature","geometry":{"type":"LineString","coordinates":[[88.968,27.558],[89.192,27.736],[89.271,27.877],[89.422,27.965],[89.438,28.101],[89.49,28.132],[89.61,28.278]]},"properties":{"slip_type":"Normal"}},
{"type":"Feature","geometry":{"type":"LineString","coordinates":[[87.846,28.08],[88.118,28.085],[88.592,28.132],[88.765,28.174]]},"properties":{"slip_type":"Sinistral"}},
{"type":"Feature","geometry":{"type":"LineString","coordinates":[[87.727,28.179],[88.123,28.263],[88.347,28.278],[88.493,28.31],[88.937,28.273],[89.25,28.304],[89.526,28.377]]},"properties":{"slip_type":"Sinistral"}},
{"type":"Feature","geometry":{"type":"LineString","coordinates":[[82.641,29.09],[82.926,28.94],[83.134,28.874]]},"properties":{"slip_type":"Dextral"}},
{"type":"Feature","geometry":{"type":"LineString","coordinates":[[74.158,34.916],[74.304,35.094],[74.602,35.284],[74.735,35.424],[74.78,35.557],[74.761,35.678],[74.78,35.811]]},"properties":{"slip_type":"Anticline"}},
{"type":"Feature","geometry":{"type":"LineString","coordinates":[[71.397,33.758],[71.529,33.69],[71.698,33.713],[71.939,33.845],[72.126,33.877],[72.349,33.822]]},"properties":{"slip_type":"Anticline"}},
{"type":"Feature","geometry":{"type":"LineString","coordinates":[[72.543,33.874],[72.68,33.907],[72.807,34.043],[72.918,34.096]]},"properties":{"slip_type":"Anticline"}},
{"type":"Feature","geometry":{"type":"LineString","coordinates":[[73.943,33.161],[73.766,33.367],[73.605,33.447]]},"properties":{"slip_type":"Anticline"}},
{"type":"Feature","geometry":{"type":"LineString","coordinates":[[70.296,32.295],[70.491,32.499],[70.595,32.374]]},"properties":{"slip_type":"Reverse"}},
{"type":"Feature","geometry":{"type":"LineString","coordinates":[[70.35,31.391],[70.301,31.545],[70.238,31.677],[70.21,31.901],[70.088,32.164],[70.203,32.278]]},"properties":{"slip_type":"Reverse"}},
{"type":"Feature","geometry":{"type":"LineString","coordinates":[[73.988,38],[74.169,37.846],[74.311,37.76],[74.651,37.582],[74.731,37.525],[74.944,37.433],[75.035,37.413]]},"properties":{"slip_type":"Dextral"}},
{"type":"Feature","geometry":{"type":"LineString","coordinates":[[90.486,36.211],[90.695,36.162],[91.561,35.974],[91.875,35.925],[92.697,35.855],[93.53,35.743],[94.215,35.734],[95.254,35.782],[96.039,35.753],[96.913,35.602],[97.595,35.541],[98,35.436]]},"properties":{"slip_type":"Sinistral"}},
{"type":"Feature","geometry":{"type":"LineString","coordinates":[[87.856,28.627],[87.908,28.796],[87.908,28.979],[87.986,29.07]]},"properties":{"slip_type":"Normal"}},
{"type":"Feature","geometry":{"type":"LineString","coordinates":[[87.364,28.101],[87.382,28.251],[87.457,28.321],[87.636,28.36],[87.702,28.431],[87.712,28.598]]},"properties":{"slip_type":"Normal"}},
{"type":"Feature","geometry":{"type":"LineString","coordinates":[[87.784,28.477],[87.642,28.127],[87.627,27.988]]},"properties":{"slip_type":"Normal"}},
{"type":"Feature","geometry":{"type":"LineString","coordinates":[[86.585,28.228],[86.66,28.403],[86.66,28.508],[86.612,28.604]]},"properties":{"slip_type":"Normal"}},
{"type":"Feature","geometry":{"type":"LineString","coordinates":[[83.402,32.237],[83.532,32.185],[83.677,32.073],[83.723,31.977]]},"properties":{"slip_type":"Normal"}},
{"type":"Feature","geometry":{"type":"LineString","coordinates":[[84.494,30.286],[84.419,30.422],[84.358,30.655]]},"properties":{"slip_type":"Normal"}},
{"type":"Feature","geometry":{"type":"LineString","coordinates":[[86.357,30.188],[86.307,30.102],[86.271,29.973]]},"properties":{"slip_type":"Normal"}},
{"type":"Feature","geometry":{"type":"LineString","coordinates":[[86.398,29.895],[86.448,29.978]]},"properties":{"slip_type":"Normal"}},
{"type":"Feature","geometry":{"type":"LineString","coordinates":[[85.771,29.86],[85.694,29.989],[85.703,30.092]]},"properties":{"slip_type":"Normal"}},
{"type":"Feature","geometry":{"type":"LineString","coordinates":[[83.236,30.667],[83.199,30.804]]},"properties":{"slip_type":"Normal"}},
{"type":"Feature","geometry":{"type":"LineString","coordinates":[[83.21,30.674],[83.18,30.538],[83.105,30.386]]},"properties":{"slip_type":"Normal"}},
{"type":"Feature","geometry":{"type":"LineString","coordinates":[[81.264,30.514],[81.366,30.531],[81.496,30.51],[81.669,30.455],[81.93,30.418],[82.062,30.38]]},"properties":{"slip_type":"Normal"}},
{"type":"Feature","geometry":{"type":"LineString","coordinates":[[81.946,30.461],[81.985,30.493],[81.77,30.612],[81.927,30.644],[82.11,30.62]]},"properties":{"slip_type":"Normal"}},
{"type":"Feature","geometry":{"type":"LineString","coordinates":[[81.861,29.937],[81.728,30.067],[81.419,30.142]]},"properties":{"slip_type":"Dextral"}},
{"type":"Feature","geometry":{"type":"LineString","coordinates":[[79.111,33.072],[79.136,32.755],[79.209,32.531]]},"properties":{"slip_type":"Dextral"}},
{"type":"Feature","geometry":{"type":"LineString","coordinates":[[79.322,32.485],[79.103,32.234],[78.902,31.937]]},"properties":{"slip_type":"Normal"}},
{"type":"Feature","geometry":{"type":"LineString","coordinates":[[78.614,31.84],[78.617,31.999],[78.671,32.059],[78.846,32.123],[78.916,32.273]]},"properties":{"slip_type":"Normal"}},
{"type":"Feature","geometry":{"type":"LineString","coordinates":[[78.925,32.021],[78.902,31.937],[78.846,31.823],[78.614,31.84]]},"properties":{"slip_type":"Normal"}},
{"type":"Feature","geometry":{"type":"LineString","coordinates":[[78.218,33.252],[78.265,33.045],[78.284,32.86],[78.327,32.712],[78.377,32.671]]},"properties":{"slip_type":"Normal"}},
{"type":"Feature","geometry":{"type":"LineString","coordinates":[[85.308,28.588],[85.378,28.674],[85.363,28.903],[85.378,28.946]]},"properties":{"slip_type":"Normal"}},
{"type":"Feature","geometry":{"type":"LineString","coordinates":[[81.451,35.302],[81.508,35.332],[81.546,35.477],[81.524,35.549]]},"properties":{"slip_type":"Normal"}},
{"type":"Feature","geometry":{"type":"LineString","coordinates":[[82.147,36.001],[82.607,36.082],[83.089,36.261],[83.212,36.344]]},"properties":{"slip_type":"Sinistral"}},
{"type":"Feature","geometry":{"type":"LineString","coordinates":[[79.738,34.024],[79.799,34.061],[79.854,34.2],[79.84,34.298],[79.783,34.35],[79.771,34.425]]},"properties":{"slip_type":"Normal"}},
{"type":"Feature","geometry":{"type":"LineString","coordinates":[[84.077,30.312],[84.114,30.383],[84.105,30.457],[84.025,30.532],[84.005,30.596]]},"properties":{"slip_type":"Normal"}},
{"type":"Feature","geometry":{"type":"LineString","coordinates":[[84.405,30.2],[84.381,30.287],[84.263,30.391]]},"properties":{"slip_type":"Normal"}},
{"type":"Feature","geometry":{"type":"LineString","coordinates":[[83.079,30.594],[83.134,30.669],[83.116,30.777]]},"properties":{"slip_type":"Normal"}},
{"type":"Feature","geometry":{"type":"LineString","coordinates":[[89.925,29.923],[90.068,30.099],[90.093,30.193],[90.168,30.265],[90.195,30.34]]},"properties":{"slip_type":"Normal"}},
{"type":"Feature","geometry":{"type":"LineString","coordinates":[[90.261,30.407],[90.444,30.488],[90.5,30.536],[90.657,30.571],[90.861,30.657]]},"properties":{"slip_type":"Normal"}},
{"type":"Feature","geometry":{"type":"LineString","coordinates":[[90.337,33.77],[90.467,33.844]]},"properties":{"slip_type":"Normal"}},
{"type":"Feature","geometry":{"type":"LineString","coordinates":[[90.511,33.945],[90.319,33.82]]},"properties":{"slip_type":"Normal"}},
{"type":"Feature","geometry":{"type":"LineString","coordinates":[[86.651,34.05],[86.596,34.126],[86.503,34.193]]},"properties":{"slip_type":"Normal"}},
{"type":"Feature","geometry":{"type":"LineString","coordinates":[[92.376,6.333],[92.461,6]]},"properties":{"slip_type":"Subduction_Thrust"}},
{"type":"Feature","geometry":{"type":"LineString","coordinates":[[95.505,12.918],[95.155,12.053]]},"properties":{"slip_type":"Spreading_Ridge"}},
{"type":"Feature","geometry":{"type":"LineString","coordinates":[[95.155,12.053],[94.807,11.188]]},"properties":{"slip_type":"Spreading_Ridge"}},
{"type":"Feature","geometry":{"type":"LineString","coordinates":[[94.807,11.188],[94.415,10.679]]},"properties":{"slip_type":"Spreading_Ridge"}},
{"type":"Feature","geometry":{"type":"LineString","coordinates":[[94.415,10.679],[94.024,10.17]]},"properties":{"slip_type":"Spreading_Ridge"}},
{"type":"Feature","geometry":{"type":"LineString","coordinates":[[94.024,10.17],[94.216,9.717]]},"properties":{"slip_type":"Dextral_Transform"}},
{"type":"Feature","geometry":{"type":"LineString","coordinates":[[93.986,9.019],[94.171,8.686]]},"properties":{"slip_type":"Dextral_Transform"}},
{"type":"Feature","geometry":{"type":"LineString","coordinates":[[94.171,8.686],[94.429,8.312]]},"properties":{"slip_type":"Dextral_Transform"}},
{"type":"Feature","geometry":{"type":"LineString","coordinates":[[94.429,8.312],[94.775,7.847]]},"properties":{"slip_type":"Dextral_Transform"}},
{"type":"Feature","geometry":{"type":"LineString","coordinates":[[94.46,7.603],[94.883,7.139]]},"properties":{"slip_type":"Dextral_Transform"}},
{"type":"Feature","geometry":{"type":"LineString","coordinates":[[94.883,7.139],[94.497,6.837]]},"properties":{"slip_type":"Spreading_Ridge"}},
{"type":"Feature","geometry":{"type":"LineString","coordinates":[[92.278,6.948],[91.903,7.663]]},"properties":{"slip_type":"Subduction_Thrust"}},
{"type":"Feature","geometry":{"type":"LineString","coordinates":[[91.903,7.663],[91.781,8.16]]},"properties":{"slip_type":"Subduction_Thrust"}},
{"type":"Feature","geometry":{"type":"LineString","coordinates":[[91.781,8.16],[91.651,8.656]]},"properties":{"slip_type":"Subduction_Thrust"}},
{"type":"Feature","geometry":{"type":"LineString","coordinates":[[91.651,8.656],[91.596,9.13]]},"properties":{"slip_type":"Subduction_Thrust"}},
{"type":"Feature","geometry":{"type":"LineString","coordinates":[[91.596,9.13],[91.533,9.604]]},"properties":{"slip_type":"Subduction_Thrust"}},
{"type":"Feature","geometry":{"type":"LineString","coordinates":[[91.533,9.604],[91.559,10.056]]},"properties":{"slip_type":"Subduction_Thrust"}},
{"type":"Feature","geometry":{"type":"LineString","coordinates":[[91.559,10.056],[91.576,10.514]]},"properties":{"slip_type":"Subduction_Thrust"}},
{"type":"Feature","geometry":{"type":"LineString","coordinates":[[91.591,11.3],[91.643,11.792]]},"properties":{"slip_type":"Subduction_Thrust"}},
{"type":"Feature","geometry":{"type":"LineString","coordinates":[[91.643,11.792],[91.7,12.283]]},"properties":{"slip_type":"Subduction_Thrust"}},
{"type":"Feature","geometry":{"type":"LineString","coordinates":[[91.889,13.154],[92.068,13.715]]},"properties":{"slip_type":"Subduction_Thrust"}},
{"type":"Feature","geometry":{"type":"LineString","coordinates":[[97.303,23.196],[97.586,23.195],[97.819,23.283],[98,23.316]]},"properties":{"slip_type":"Sinistral"}},
{"type":"Feature","geometry":{"type":"LineString","coordinates":[[97.636,23.269],[97.927,23.312]]},"properties":{"slip_type":"Sinistral"}},
{"type":"Feature","geometry":{"type":"LineString","coordinates":[[97.983,23.33],[98,23.334]]},"properties":{"slip_type":"Sinistral"}},
{"type":"Feature","geometry":{"type":"LineString","coordinates":[[97.751,23.042],[97.879,23.073],[98,23.072]]},"properties":{"slip_type":"Sinistral"}},
{"type":"Feature","geometry":{"type":"LineString","coordinates":[[97.022,22.555],[97.21,22.587],[97.319,22.69]]},"properties":{"slip_type":"Sinistral"}},
{"type":"Feature","geometry":{"type":"LineString","coordinates":[[97.275,22.71],[97.337,22.708],[97.507,22.779],[98,22.851]]},"properties":{"slip_type":"Sinistral"}},
{"type":"Feature","geometry":{"type":"LineString","coordinates":[[97.899,24.04],[98,24.076]]},"properties":{"slip_type":"Sinistral"}},
{"type":"Feature","geometry":{"type":"LineString","coordinates":[[97.894,24.046],[98,24.143]]},"properties":{"slip_type":"Sinistral"}},
{"type":"Feature","geometry":{"type":"LineString","coordinates":[[97.273,23.592],[97.5,23.699],[97.702,23.852],[97.902,23.958]]},"properties":{"slip_type":"Sinistral"}},
{"type":"Feature","geometry":{"type":"LineString","coordinates":[[98,24.67],[97.735,24.473],[97.669,24.44],[97.493,24.398],[97.369,24.291]]},"properties":{"slip_type":"Sinistral"}},
{"type":"Feature","geometry":{"type":"LineString","coordinates":[[97.986,24.527],[98,24.526]]},"properties":{"slip_type":"Sinistral"}},
{"type":"Feature","geometry":{"type":"LineString","coordinates":[[97.969,24.505],[97.854,24.418],[97.675,24.378],[97.582,24.395],[97.471,24.325]]},"properties":{"slip_type":"Sinistral"}},
{"type":"Feature","geometry":{"type":"LineString","coordinates":[[97.662,23.518],[97.724,23.556],[97.808,23.67],[98,23.761]]},"properties":{"slip_type":"Dextral"}},
{"type":"Feature","geometry":{"type":"LineString","coordinates":[[97.322,23.202],[97.467,23.373],[97.645,23.457],[97.676,23.504]]},"properties":{"slip_type":"Dextral"}},
{"type":"Feature","geometry":{"type":"LineString","coordinates":[[96.926,23.361],[97.012,23.352],[97.249,23.46],[97.414,23.489],[97.608,23.494]]},"properties":{"slip_type":"Sinistral"}},
{"type":"Feature","geometry":{"type":"LineString","coordinates":[[97.546,24.947],[97.568,24.827],[97.571,24.663],[97.552,24.485],[97.512,24.426]]},"properties":{"slip_type":"Sinistral"}},
{"type":"Feature","geometry":{"type":"LineString","coordinates":[[97.956,25.007],[97.943,24.96],[97.946,24.698]]},"properties":{"slip_type":"Dextral"}},
{"type":"Feature","geometry":{"type":"LineString","coordinates":[[97.942,25.511],[97.895,25.381],[97.896,25.291],[97.951,25.013],[97.921,24.954]]},"properties":{"slip_type":"Dextral"}},
{"type":"Feature","geometry":{"type":"LineString","coordinates":[[97.791,24.855],[97.685,24.774],[97.682,24.673]]},"properties":{"slip_type":"Sinistral"}},
{"type":"Feature","geometry":{"type":"LineString","coordinates":[[97.369,23.786],[97.644,23.824]]},"properties":{"slip_type":"Sinistral"}},
{"type":"Feature","geometry":{"type":"LineString","coordinates":[[97.865,24.059],[97.747,23.973],[97.613,23.911],[97.59,23.872]]},"properties":{"slip_type":"Sinistral"}},
{"type":"Feature","geometry":{"type":"LineString","coordinates":[[96.635,22.51],[96.697,22.434],[96.769,22.165],[96.797,21.854],[96.84,21.761],[96.874,21.512],[96.911,21.41],[96.93,21.1]]},"properties":{"slip_type":"Dextral"}},
{"type":"Feature","geometry":{"type":"LineString","coordinates":[[97.382,21.245],[97.395,21.393],[97.345,21.489],[97.318,21.664],[97.396,21.917]]},"properties":{"slip_type":"Normal"}},
{"type":"Feature","geometry":{"type":"LineString","coordinates":[[97.849,25.32],[97.754,25.01]]},"properties":{"slip_type":"Dextral"}},
{"type":"Feature","geometry":{"type":"LineString","coordinates":[[97.8,25.253],[97.812,25.341],[97.955,25.624]]},"properties":{"slip_type":"Dextral"}},
{"type":"Feature","geometry":{"type":"LineString","coordinates":[[96.543,14.582],[96.498,15.221],[96.498,15.573],[96.487,15.892],[96.51,16.178],[96.528,16.545],[96.516,16.928],[96.519,17.086],[96.506,17.528],[96.474,18.045]]},"properties":{"slip_type":"Dextral"}},
{"type":"Feature","geometry":{"type":"LineString","coordinates":[[96.422,19.178],[96.779,18.84],[97.161,18.514]]},"properties":{"slip_type":"Dextral"}},
{"type":"Feature","geometry":{"type":"LineString","coordinates":[[96.273,19.108],[96.252,19.189],[96.151,19.871]]},"properties":{"slip_type":"Dextral"}},
{"type":"Feature","geometry":{"type":"LineString","coordinates":[[96.148,19.908],[96.146,19.776],[96.113,19.606],[96.123,19.371],[96.146,19.26]]},"properties":{"slip_type":"Dextral"}},
{"type":"Feature","geometry":{"type":"LineString","coordinates":[[96.191,19.735],[96.165,19.815],[96.067,20.527],[96.031,20.934],[95.989,21.621],[95.986,21.869]]},"properties":{"slip_type":"Dextral"}},
{"type":"Feature","geometry":{"type":"LineString","coordinates":[[97.035,26.391],[97.181,26.855],[97.183,26.921],[97.032,27.174],[96.899,27.306]]},"properties":{"slip_type":"Dextral"}},
{"type":"Feature","geometry":{"type":"LineString","coordinates":[[96.474,18.045],[96.392,18.436],[96.329,18.769],[96.327,18.85],[96.273,19.108]]},"properties":{"slip_type":"Dextral"}},
{"type":"Feature","geometry":{"type":"LineString","coordinates":[[95.974,22.974],[95.966,22.346],[95.986,21.869],[96.025,23.587],[95.994,23.075],[95.977,22.98]]},"properties":{"slip_type":"Dextral"}},
{"type":"Feature","geometry":{"type":"LineString","coordinates":[[95.973,23.218],[96.002,23.513],[96.017,23.876]]},"properties":{"slip_type":"Dextral"}},
{"type":"Feature","geometry":{"type":"LineString","coordinates":[[96.012,25.005],[95.956,24.689],[95.955,24.544],[95.918,24.026],[95.888,23.768],[95.859,23.619],[95.857,23.385]]},"properties":{"slip_type":"Dextral"}},
{"type":"Feature","geometry":{"type":"LineString","coordinates":[[96.329,24.838],[96.364,24.857],[96.795,25.26],[97.026,25.447],[97.172,25.603],[97.232,25.704],[97.304,25.896],[97.403,26.585],[97.426,26.817],[97.299,26.934]]},"properties":{"slip_type":"Dextral"}},
{"type":"Feature","geometry":{"type":"LineString","coordinates":[[96.191,24.69],[96.241,24.917],[96.352,25.122]]},"properties":{"slip_type":"Dextral"}},
{"type":"Feature","geometry":{"type":"LineString","coordinates":[[96.352,25.122],[96.448,25.404],[96.521,25.657],[96.62,26.048]]},"properties":{"slip_type":"Dextral"}},
{"type":"Feature","geometry":{"type":"LineString","coordinates":[[96.285,24.825],[96.337,24.971],[96.438,25.161],[96.497,25.205],[96.59,25.355],[96.751,25.58],[96.812,25.702],[97.05,26.086],[97.098,26.229],[97.108,26.373]]},"properties":{"slip_type":"Dextral"}},
{"type":"Feature","geometry":{"type":"LineString","coordinates":[[96.02,23.687],[96.11,24.199],[96.106,24.261]]},"properties":{"slip_type":"Dextral"}},
{"type":"Feature","geometry":{"type":"LineString","coordinates":[[96.121,24.274],[96.166,24.505],[96.285,24.825]]},"properties":{"slip_type":"Dextral"}},
{"type":"Feature","geometry":{"type":"LineString","coordinates":[[93.179,25.342],[93.26,25.473],[93.435,25.572],[93.593,25.692],[93.656,25.716],[93.984,25.922],[93.958,25.998],[94.048,26.248],[94.114,26.327],[94.181,26.344],[94.178,26.444],[94.283,26.562],[94.493,26.695],[94.483,26.741],[94.702,26.786],[94.815,26.827],[94.858,26.939],[94.998,27.017],[95.134,27.005],[95.365,27.141],[95.422,27.276],[95.503,27.349],[95.744,27.438]]},"properties":{"slip_type":"Reverse"}},
{"type":"Feature","geometry":{"type":"LineString","coordinates":[[95.304,27.056],[95.467,27.145],[95.532,27.237],[95.682,27.261],[95.846,27.315],[95.96,27.409],[96.122,27.431],[96.203,27.477]]},"properties":{"slip_type":"Reverse"}},
{"type":"Feature","geometry":{"type":"LineString","coordinates":[[94.046,25.307],[93.856,24.972],[93.806,24.864],[93.772,24.711],[93.654,24.342],[93.528,23.891]]},"properties":{"slip_type":"Dextral"}},
{"type":"Feature","geometry":{"type":"LineString","coordinates":[[94.184,22.072],[94.157,22.336],[94.138,22.717],[94.142,22.796],[94.082,22.935],[94.126,23.22],[94.101,23.374],[94.131,23.593],[94.217,23.761],[94.295,23.953],[94.385,24.103],[94.435,24.271],[94.533,24.513]]},"properties":{"slip_type":"Reverse"}},
{"type":"Feature","geometry":{"type":"LineString","coordinates":[[93.964,22.439],[93.966,22.287],[93.903,21.981]]},"properties":{"slip_type":"Reverse"}},
{"type":"Feature","geometry":{"type":"LineString","coordinates":[[94.699,21.442],[94.799,21.192],[94.799,21.104],[94.898,20.738]]},"properties":{"slip_type":"Reverse"}},
{"type":"Feature","geometry":{"type":"LineString","coordinates":[[95.777,18.112],[95.773,17.986],[95.863,17.746],[95.913,17.68],[95.922,17.558]]},"properties":{"slip_type":"Reverse"}},
{"type":"Feature","geometry":{"type":"LineString","coordinates":[[95.826,18.281],[95.66,18.509],[95.448,18.687]]},"properties":{"slip_type":"Reverse"}},
{"type":"Feature","geometry":{"type":"LineString","coordinates":[[95.314,18.39],[95.252,18.554],[95.217,18.765],[95.114,18.984],[95.044,19.046]]},"properties":{"slip_type":"Reverse"}},
{"type":"Feature","geometry":{"type":"LineString","coordinates":[[95.29,18.969],[95.221,19.033],[95.145,19.162]]},"properties":{"slip_type":"Reverse"}},
{"type":"Feature","geometry":{"type":"LineString","coordinates":[[94.683,17.79],[94.693,17.867],[94.674,18.168],[94.631,18.377],[94.625,18.565],[94.581,18.743]]},"properties":{"slip_type":"Dextral"}},
{"type":"Feature","geometry":{"type":"LineString","coordinates":[[93.335,20.9],[93.309,20.813],[93.341,20.521],[93.436,20.272],[93.448,20.182],[93.585,19.998]]},"properties":{"slip_type":"Reverse"}},
{"type":"Feature","geometry":{"type":"LineString","coordinates":[[94.924,17.262],[94.936,17.35],[95.017,17.482],[95.123,17.762],[95.208,17.882],[95.262,18.028]]},"properties":{"slip_type":"Reverse"}},
{"type":"Feature","geometry":{"type":"LineString","coordinates":[[94.736,19.186],[94.583,19.398]]},"properties":{"slip_type":"Reverse"}},
{"type":"Feature","geometry":{"type":"LineString","coordinates":[[93.392,20.988],[93.416,20.89],[93.422,20.722],[93.504,20.469],[93.571,20.323],[93.651,20.091],[93.724,19.98],[93.771,19.863],[93.879,19.665],[93.956,19.569]]},"properties":{"slip_type":"Dextral"}},
{"type":"Feature","geometry":{"type":"LineString","coordinates":[[94.318,20.39],[94.339,20.297],[94.432,20.151],[94.51,20.083]]},"properties":{"slip_type":"Reverse"}},
{"type":"Feature","geometry":{"type":"LineString","coordinates":[[94.171,20.623],[94.199,20.462],[94.308,20.265]]},"properties":{"slip_type":"Reverse"}},
{"type":"Feature","geometry":{"type":"LineString","coordinates":[[94.462,19.964],[94.495,19.906],[94.499,19.781],[94.557,19.584]]},"properties":{"slip_type":"Reverse"}},
{"type":"Feature","geometry":{"type":"LineString","coordinates":[[91.609,20.388],[91.475,20.539],[91.209,20.898],[91.105,21.095],[90.869,21.409],[90.791,21.618],[90.712,21.749],[90.581,22.325],[90.555,22.535],[90.542,22.77],[90.503,23.098],[90.529,23.216],[90.516,23.333],[90.542,23.517],[90.542,23.739],[90.607,23.909],[90.647,24.067],[90.831,24.395],[91.086,24.645],[91.466,24.946],[91.613,25.129]]},"properties":{"slip_type":"Subduction_Thrust"}},
{"type":"Feature","geometry":{"type":"LineString","coordinates":[[92.517,25.177],[92.327,25.166],[91.949,25.185],[91.805,25.168],[91.605,25.188],[91.207,25.2],[90.837,25.158],[90.463,25.141],[90.289,25.162],[89.998,25.237],[89.882,25.299]]},"properties":{"slip_type":"Reverse"}},
{"type":"Feature","geometry":{"type":"LineString","coordinates":[[96.739,21.32],[96.671,21.176],[96.641,21.056],[96.651,20.921]]},"properties":{"slip_type":"Normal"}},
{"type":"Feature","geometry":{"type":"LineString","coordinates":[[96.943,21.391],[97.003,21.154]]},"properties":{"slip_type":"Dextral"}},
{"type":"Feature","geometry":{"type":"LineString","coordinates":[[97.041,20.844],[96.971,20.684],[96.919,20.419]]},"properties":{"slip_type":"Normal"}},
{"type":"Feature","geometry":{"type":"LineString","coordinates":[[96.822,20.548],[96.902,20.271],[96.922,20.158],[97.043,19.872],[97.193,19.59],[97.219,19.515],[97.373,19.327],[97.332,19.242],[97.33,19.241]]},"properties":{"slip_type":"Dextral"}},
{"type":"Feature","geometry":{"type":"LineString","coordinates":[[97.277,19.369],[97.332,19.242],[97.359,19.146],[97.355,18.846],[97.341,18.787],[97.386,18.448],[97.52,18.148],[97.554,18.012],[97.634,17.889],[97.827,17.667],[98,17.494]]},"properties":{"slip_type":"Dextral"}},
{"type":"Feature","geometry":{"type":"LineString","coordinates":[[97.886,18.234],[97.887,18.124],[97.938,17.936],[98,17.789]]},"properties":{"slip_type":"Dextral"}},
{"type":"Feature","geometry":{"type":"LineString","coordinates":[[91.795,22.358],[91.773,22.378],[91.645,22.671],[91.555,22.849],[91.551,22.891]]},"properties":{"slip_type":"Subduction_Thrust"}},
{"type":"Feature","geometry":{"type":"LineString","coordinates":[[91.445,23.277],[91.506,23.192],[91.588,22.925]]},"properties":{"slip_type":"Subduction_Thrust"}},
{"type":"Feature","geometry":{"type":"LineString","coordinates":[[91.48,24.102],[91.515,23.987],[91.581,23.893],[91.617,23.677],[91.636,23.392]]},"properties":{"slip_type":"Subduction_Thrust"}},
{"type":"Feature","geometry":{"type":"LineString","coordinates":[[89.391,26.843],[89.644,26.7],[89.842,26.725],[90.221,26.718],[90.685,26.772],[90.879,26.772],[91.222,26.819],[91.321,26.779],[91.413,26.814],[91.491,26.8],[91.701,26.816],[91.855,26.863],[92.1,26.863],[92.365,26.934],[92.614,26.97],[92.744,26.929],[92.909,26.945],[93.076,26.903],[93.327,26.96],[93.453,26.946],[93.569,26.962],[93.809,27.064],[93.86,27.168],[94.023,27.332],[94.151,27.407],[94.238,27.52],[94.291,27.544],[94.478,27.567],[94.844,27.711],[95.076,27.81],[95.232,27.901],[95.238,28.013],[95.303,28.03],[95.432,28.148],[95.614,28.27],[95.727,28.251],[95.843,28.113],[95.949,28.053],[96.071,28.038],[96.191,27.997],[96.328,27.83],[96.349,27.758]]},"properties":{"slip_type":"Reverse"}},
{"type":"Feature","geometry":{"type":"LineString","coordinates":[[97.36,20.521],[97.386,20.612],[97.383,20.772]]},"properties":{"slip_type":"Normal"}},
{"type":"Feature","geometry":{"type":"LineString","coordinates":[[97.45,20.462],[97.42,20.189]]},"properties":{"slip_type":"Normal"}},
{"type":"Feature","geometry":{"type":"LineString","coordinates":[[97.597,20.863],[97.536,20.668],[97.541,20.606]]},"properties":{"slip_type":"Normal"}},
{"type":"Feature","geometry":{"type":"LineString","coordinates":[[97.537,20.593],[97.468,20.437]]},"properties":{"slip_type":"Normal"}},
{"type":"Feature","geometry":{"type":"LineString","coordinates":[[96.781,20.967],[96.853,21.134],[96.865,21.218]]},"properties":{"slip_type":"Dextral"}},
{"type":"Feature","geometry":{"type":"LineString","coordinates":[[95.983,27.631],[96.157,27.528],[96.298,27.478]]},"properties":{"slip_type":"Reverse"}},
{"type":"Feature","geometry":{"type":"LineString","coordinates":[[95.016,18.303],[95.055,18.128],[95.051,17.887],[95.001,17.753],[94.991,17.649],[94.893,17.408]]},"properties":{"slip_type":"Reverse"}},
{"type":"Feature","geometry":{"type":"LineString","coordinates":[[94.719,17.122],[94.706,17.4],[94.679,17.487]]},"properties":{"slip_type":"Dextral"}},
{"type":"Feature","geometry":{"type":"LineString","coordinates":[[94.665,17.457],[94.611,17.184]]},"properties":{"slip_type":"Dextral"}},
{"type":"Feature","geometry":{"type":"LineString","coordinates":[[94.6,16.991],[94.591,17.259]]},"properties":{"slip_type":"Dextral"}},
{"type":"Feature","geometry":{"type":"LineString","coordinates":[[94.19,19.279],[94.299,19.075],[94.35,18.913],[94.501,18.691]]},"properties":{"slip_type":"Dextral"}},
{"type":"Feature","geometry":{"type":"LineString","coordinates":[[94.446,16.361],[94.48,16.549],[94.528,16.648],[94.562,16.833]]},"properties":{"slip_type":"Dextral"}},
{"type":"Feature","geometry":{"type":"LineString","coordinates":[[93.912,17.581],[93.751,17.792],[93.582,17.719],[93.382,17.983],[93.347,18.163],[93.294,18.338],[93.334,18.45],[93.27,18.637],[93.153,18.739],[92.973,18.952],[92.786,19.122],[92.559,19.378],[92.503,19.471],[92.233,19.72],[92.12,19.849],[91.879,20.097],[91.775,20.189],[91.609,20.388]]},"properties":{"slip_type":"Subduction_Thrust"}},
{"type":"Feature","geometry":{"type":"LineString","coordinates":[[94.578,18.725],[94.482,18.999],[94.422,19.118]]},"properties":{"slip_type":"Dextral"}},
{"type":"Feature","geometry":{"type":"LineString","coordinates":[[98,19.392],[97.985,18.979],[97.957,18.91]]},"properties":{"slip_type":"Dextral"}},
{"type":"Feature","geometry":{"type":"MultiLineString","coordinates":[[[97.996,19.434],[98,19.467]],[[98,19.605],[97.98,19.765]]]},"properties":{"slip_type":"Dextral"}},
{"type":"Feature","geometry":{"type":"LineString","coordinates":[[97.934,18.292],[97.93,18.029]]},"properties":{"slip_type":"Normal"}},
{"type":"Feature","geometry":{"type":"LineString","coordinates":[[97.434,19.387],[97.437,19.547],[97.463,19.753],[97.447,19.996]]},"properties":{"slip_type":"Normal"}},
{"type":"Feature","geometry":{"type":"LineString","coordinates":[[96.27,20.083],[96.349,20.033],[96.426,19.93],[96.514,19.868]]},"properties":{"slip_type":"Dextral"}},
{"type":"Feature","geometry":{"type":"LineString","coordinates":[[97.575,16.083],[97.666,16.023],[97.861,15.799],[98,15.673]]},"properties":{"slip_type":"Dextral"}},
{"type":"Feature","geometry":{"type":"LineString","coordinates":[[98,8.755],[97.789,8.327],[97.59,7.984]]},"properties":{"slip_type":"Sinistral"}},
{"type":"Feature","geometry":{"type":"LineString","coordinates":[[98,9.446],[97.725,9.152],[97.521,8.845]]},"properties":{"slip_type":"Sinistral"}},
{"type":"Feature","geometry":{"type":"LineString","coordinates":[[97.812,20.892],[97.881,20.581],[97.899,20.263]]},"properties":{"slip_type":"Dextral"}},
{"type":"Feature","geometry":{"type":"LineString","coordinates":[[97.861,25.55],[97.816,25.436],[97.702,25.286]]},"properties":{"slip_type":"Dextral"}},
{"type":"Feature","geometry":{"type":"LineString","coordinates":[[95.463,29.839],[95.932,29.542],[96.11,29.438],[96.233,29.339],[96.619,28.97],[96.722,28.804],[97.083,28.418]]},"properties":{"slip_type":"Dextral"}},
{"type":"Feature","geometry":{"type":"LineString","coordinates":[[97.092,28.35],[97.2,28.248],[97.288,28.195],[97.454,28.033],[97.487,27.878]]},"properties":{"slip_type":"Dextral"}},
{"type":"Feature","geometry":{"type":"LineString","coordinates":[[97.684,27.902],[97.727,27.749],[97.967,27.559],[98,27.519]]},"properties":{"slip_type":"Dextral"}},
{"type":"Feature","geometry":{"type":"LineString","coordinates":[[97.981,27.158],[97.991,26.863],[97.975,26.761]]},"properties":{"slip_type":"Dextral"}},
{"type":"Feature","geometry":{"type":"LineString","coordinates":[[98,28.682],[97.827,28.727]]},"properties":{"slip_type":"Sinistral"}},
{"type":"Feature","geometry":{"type":"LineString","coordinates":[[92.557,6],[92.523,6.173],[92.333,6.771],[91.47,8.148],[91.451,8.832],[91.431,9.668],[91.414,9.959],[91.504,10.492],[91.549,10.605],[91.566,10.741],[91.566,11.066],[91.628,11.285],[91.655,11.538],[91.641,11.625],[91.653,11.753],[91.785,11.996],[91.805,12.108],[91.744,12.326],[91.731,12.613],[91.754,12.724],[91.865,12.903],[91.903,13.037],[91.916,13.168],[92.014,13.447],[92.135,13.638],[92.171,13.844],[92.23,13.888],[92.319,14.097],[92.338,14.179],[92.51,14.315],[92.604,14.409],[92.662,14.429],[92.732,14.525],[92.842,14.545],[93.002,14.868],[93.077,14.937],[93.151,15.122],[93.234,15.256],[93.311,15.325],[93.333,15.394],[93.431,15.466],[93.435,15.541],[93.524,15.616],[93.585,15.79],[93.623,16.178],[93.706,16.314],[93.669,16.476],[93.734,16.548],[93.784,16.68],[93.872,16.75],[93.956,16.914],[93.948,17.094],[93.868,17.303],[93.912,17.581]]},"properties":{"slip_type":"Subduction_Thrust"}}
]}