{"type": "FeatureCollection", "_source": "GMBA Mountain Inventory v2.0 (Global Mountain Biodiversity Assessment, unibe.ch/gmba), CC BY 4.0 \u2014 standard/basic layer, India-touching named ranges. Icon anchors are interior points of each range polygon.", "features": [{"type": "Feature", "geometry": {"type": "Polygon", "coordinates": [[[76.419, 35.183], [76.353, 35.174], [76.21, 35.243], [76.171, 35.186], [76.099, 35.178], [75.962, 35.203], [75.912, 35.231], [75.916, 35.172], [76.002, 35.094], [76.153, 34.98], [76.23, 34.936], [76.184, 34.862], [76.207, 34.76], [76.375, 34.637], [76.451, 34.636], [76.622, 34.536], [76.707, 34.434], [76.808, 34.354], [77.249, 34.195], [77.325, 34.198], [77.343, 34.159], [77.426, 34.124], [77.486, 34.138], [77.592, 34.101], [77.655, 34.051], [77.751, 33.903], [77.842, 33.795], [77.917, 33.758], [78.018, 33.651], [78.051, 33.645], [78.157, 33.543], [78.131, 33.481], [78.308, 33.357], [78.358, 33.362], [78.4, 33.299], [78.563, 33.228], [78.591, 33.195], [78.745, 33.149], [78.814, 33.16], [78.858, 33.176], [78.889, 33.289], [78.744, 33.502], [78.664, 33.59], [78.621, 33.594], [78.459, 33.732], [78.383, 33.783], [78.367, 33.836], [78.287, 33.871], [78.284, 33.923], [78.183, 33.963], [78.113, 34.018], [78.093, 34.102], [78.152, 34.177], [78.091, 34.265], [78.019, 34.321], [77.901, 34.311], [77.797, 34.357], [77.793, 34.395], [77.671, 34.531], [77.489, 34.573], [77.422, 34.645], [77.256, 34.698], [77.105, 34.81], [76.978, 34.795], [76.922, 34.832], [76.824, 34.854], [76.781, 34.938], [76.6, 34.937], [76.538, 34.978], [76.468, 35.141], [76.419, 35.183]]]}, "properties": {"name": "Ladakh Range", "elev": 6384}}, {"type": "Feature", "geometry": {"type": "Polygon", "coordinates": [[[77.671, 34.531], [77.62, 34.567], [77.555, 34.748], [77.51, 34.8], [77.475, 34.894], [77.438, 34.956], [77.384, 34.979], [77.334, 35.059], [77.229, 35.143], [77.173, 35.224], [77.196, 35.277], [77.169, 35.356], [76.981, 35.501], [76.862, 35.623], [76.829, 35.633], [76.61, 35.673], [76.618, 35.496], [76.661, 35.44], [76.661, 35.349], [76.693, 35.299], [76.576, 35.195], [76.451, 35.216], [76.419, 35.183], [76.468, 35.141], [76.538, 34.978], [76.6, 34.937], [76.781, 34.938], [76.824, 34.854], [76.922, 34.832], [76.978, 34.795], [77.105, 34.81], [77.256, 34.698], [77.422, 34.645], [77.489, 34.573], [77.671, 34.531]]]}, "properties": {"name": "Saltoro Mountains", "elev": 7641}}, {"type": "Feature", "geometry": {"type": "Polygon", "coordinates": [[[77.475, 34.894], [77.624, 35.049], [77.764, 35.108], [77.705, 35.178], [77.743, 35.236], [77.743, 35.301], [77.668, 35.317], [77.606, 35.412], [77.542, 35.441], [77.443, 35.442], [77.189, 35.494], [77.043, 35.497], [77.183, 35.366], [77.196, 35.277], [77.173, 35.224], [77.229, 35.143], [77.334, 35.059], [77.384, 34.979], [77.438, 34.956], [77.475, 34.894]]]}, "properties": {"name": "Rimo Muztagh", "elev": 7404}}, {"type": "Feature", "geometry": {"type": "Polygon", "coordinates": [[[78.152, 34.177], [78.214, 34.133], [78.273, 34.181], [78.335, 34.397], [78.296, 34.46], [78.238, 34.488], [78.19, 34.594], [78.207, 34.635], [78.157, 34.715], [78.162, 34.758], [78.111, 34.89], [78.054, 34.906], [78.021, 34.96], [77.892, 34.988], [77.774, 35.068], [77.764, 35.108], [77.624, 35.049], [77.475, 34.894], [77.51, 34.8], [77.555, 34.748], [77.62, 34.567], [77.671, 34.531], [77.793, 34.395], [77.797, 34.357], [77.901, 34.311], [78.019, 34.321], [78.091, 34.265], [78.152, 34.177]]]}, "properties": {"name": "Saser Muztagh", "elev": 7581}}, {"type": "Feature", "geometry": {"type": "MultiPolygon", "coordinates": [[[[92.747, 11.776], [92.788, 11.861], [92.738, 11.882], [92.709, 11.802], [92.747, 11.776]]], [[[93.005, 13.088], [93.035, 13.099], [93.04, 13.211], [92.989, 13.238], [92.951, 13.184], [92.956, 13.109], [93.005, 13.088]]]]}, "properties": {"name": "Andaman Islands", "elev": 718}}, {"type": "Feature", "geometry": {"type": "Polygon", "coordinates": [[[78.214, 34.133], [78.266, 34.035], [78.425, 33.964], [78.596, 33.861], [78.667, 33.78], [78.76, 33.719], [78.829, 33.742], [78.925, 33.725], [78.992, 33.762], [79.116, 33.743], [79.219, 33.76], [79.373, 33.72], [79.427, 33.737], [79.433, 33.735], [79.53, 33.755], [79.559, 33.835], [79.529, 33.923], [79.513, 34.022], [79.572, 34.099], [79.568, 34.133], [79.726, 34.202], [79.751, 34.268], [79.732, 34.412], [79.656, 34.419], [79.494, 34.393], [79.39, 34.343], [79.287, 34.32], [79.201, 34.345], [79.121, 34.34], [79.053, 34.294], [78.916, 34.307], [78.872, 34.368], [78.705, 34.43], [78.576, 34.514], [78.516, 34.64], [78.433, 34.694], [78.202, 34.772], [78.162, 34.758], [78.157, 34.715], [78.207, 34.635], [78.19, 34.594], [78.238, 34.488], [78.296, 34.46], [78.335, 34.397], [78.273, 34.181], [78.214, 34.133]]]}, "properties": {"name": "Chang Chenmo Range", "elev": 6643}}, {"type": "Feature", "geometry": {"type": "Polygon", "coordinates": [[[78.744, 33.502], [78.799, 33.572], [78.858, 33.514], [78.967, 33.523], [79.056, 33.487], [79.081, 33.51], [79.117, 33.6], [79.092, 33.639], [79.005, 33.645], [78.942, 33.694], [78.885, 33.705], [78.736, 33.685], [78.647, 33.706], [78.634, 33.757], [78.572, 33.843], [78.465, 33.91], [78.425, 33.964], [78.266, 34.035], [78.214, 34.133], [78.152, 34.177], [78.093, 34.102], [78.113, 34.018], [78.183, 33.963], [78.284, 33.923], [78.287, 33.871], [78.367, 33.836], [78.383, 33.783], [78.459, 33.732], [78.621, 33.594], [78.664, 33.59], [78.744, 33.502]]]}, "properties": {"name": "Pangong Range", "elev": 6598}}, {"type": "Feature", "geometry": {"type": "MultiPolygon", "coordinates": [[[[92.451, 20.845], [92.44, 20.985], [92.409, 21.138], [92.363, 21.13], [92.363, 20.997], [92.382, 20.932], [92.451, 20.845]]], [[[92.386, 21.527], [92.339, 21.601], [92.218, 21.635], [92.313, 21.51], [92.331, 21.455], [92.4, 21.414], [92.394, 21.364], [92.432, 21.226], [92.501, 21.128], [92.564, 21.093], [92.478, 21.317], [92.445, 21.453], [92.386, 21.527]]], [[[92.787, 21.575], [92.706, 21.788], [92.697, 21.949], [92.636, 22.031], [92.642, 22.077], [92.609, 22.195], [92.557, 22.303], [92.507, 22.557], [92.444, 22.567], [92.467, 22.421], [92.459, 22.36], [92.378, 22.297], [92.426, 21.986], [92.446, 21.98], [92.485, 21.825], [92.443, 21.78], [92.372, 21.876], [92.309, 22.055], [92.244, 22.156], [92.205, 22.117], [92.237, 22.066], [92.285, 21.89], [92.393, 21.681], [92.469, 21.566], [92.465, 21.474], [92.524, 21.393], [92.537, 21.314], [92.603, 21.144], [92.677, 21.113], [92.657, 20.984], [92.584, 20.947], [92.628, 20.785], [92.681, 20.764], [92.792, 20.679], [92.893, 20.781], [92.828, 21.145], [92.897, 21.132], [92.921, 21.177], [92.892, 21.235], [92.813, 21.448], [92.787, 21.575]]], [[[92.393, 22.451], [92.425, 22.473], [92.348, 22.647], [92.305, 22.631], [92.362, 22.474], [92.393, 22.451]]], [[[92.453, 22.605], [92.49, 22.631], [92.472, 22.715], [92.425, 22.709], [92.453, 22.605]]], [[[92.372, 22.709], [92.356, 22.813], [92.31, 22.793], [92.372, 22.709]]], [[[92.603, 22.461], [92.617, 22.666], [92.522, 22.885], [92.478, 22.882], [92.525, 22.752], [92.562, 22.572], [92.57, 22.461], [92.603, 22.461]]], [[[92.455, 22.907], [92.449, 23.073], [92.397, 23.091], [92.417, 22.94], [92.455, 22.907]]]]}, "properties": {"name": "Chittagong Hill Tracts", "elev": 1036}}, {"type": "Feature", "geometry": {"type": "Polygon", "coordinates": [[[80.312, 29.487], [80.25, 29.45], [80.294, 29.326], [80.29, 29.232], [80.244, 29.204], [80.277, 29.148], [80.482, 29.134], [80.536, 29.084], [80.645, 29.028], [80.743, 29.011], [80.806, 28.947], [80.98, 28.941], [81.103, 28.849], [81.184, 28.826], [81.322, 28.834], [81.325, 28.779], [81.434, 28.715], [81.537, 28.723], [81.588, 28.674], [81.605, 28.595], [81.568, 28.528], [81.648, 28.514], [81.702, 28.518], [81.779, 28.459], [81.894, 28.425], [82.024, 28.448], [82.026, 28.376], [82.064, 28.297], [82.192, 28.284], [82.234, 28.223], [82.239, 28.162], [82.34, 28.161], [82.385, 28.109], [82.489, 28.062], [82.511, 28.107], [82.585, 28.111], [82.621, 28.078], [82.733, 28.041], [82.788, 28.043], [82.834, 27.978], [82.882, 28.032], [82.999, 27.978], [83.016, 27.936], [83.142, 27.962], [83.27, 27.943], [83.35, 27.852], [83.353, 27.788], [83.464, 27.748], [83.507, 27.755], [83.61, 27.718], [83.671, 27.778], [83.716, 27.741], [83.908, 27.734], [83.942, 27.722], [83.956, 27.637], [84.02, 27.663], [84.195, 27.696], [84.321, 27.694], [84.413, 27.713], [84.422, 27.75], [84.536, 27.743], [84.559, 27.685], [84.771, 27.535], [84.806, 27.535], [84.93, 27.587], [84.992, 27.557], [85.043, 27.499], [85.042, 27.458], [85.116, 27.416], [85.209, 27.432], [85.194, 27.339], [85.322, 27.373], [85.421, 27.329], [85.489, 27.38], [85.563, 27.341], [85.645, 27.343], [85.648, 27.262], [85.694, 27.268], [85.915, 27.224], [85.891, 27.141], [85.972, 27.089], [86.087, 27.04], [86.25, 27.012], [86.345, 26.968], [86.433, 26.958], [86.593, 26.973], [86.676, 27.009], [86.751, 26.991], [86.774, 26.889], [86.809, 26.874], [86.952, 26.909], [86.999, 26.891], [87.023, 26.819], [87.157, 26.82], [87.314, 26.783], [87.334, 26.84], [87.406, 26.817], [87.488, 26.829], [87.638, 26.811], [87.701, 26.83], [87.725, 26.781], [87.81, 26.785], [87.88, 26.82], [87.93, 26.89], [87.98, 26.895], [88.032, 26.83], [88.025, 26.754], [88.1, 26.73], [88.251, 26.808], [88.352, 26.804], [88.433, 26.829], [88.479, 26.879], [88.432, 26.97], [88.448, 27.006], [88.433, 27.081], [88.52, 27.149], [88.485, 27.204], [88.332, 27.197], [88.287, 27.273], [88.134, 27.266], [88.066, 27.226], [87.836, 27.288], [87.779, 27.273], [87.695, 27.293], [87.625, 27.35], [87.568, 27.298], [87.503, 27.313], [87.408, 27.299], [87.353, 27.33], [87.267, 27.307], [87.193, 27.353], [87.127, 27.421], [86.916, 27.345], [86.683, 27.379], [86.605, 27.436], [86.493, 27.413], [86.439, 27.379], [86.349, 27.463], [86.296, 27.479], [86.257, 27.445], [86.112, 27.449], [86.085, 27.512], [86.076, 27.616], [85.984, 27.676], [85.972, 27.721], [85.881, 27.767], [85.8, 27.739], [85.677, 27.749], [85.612, 27.735], [85.572, 27.791], [85.494, 27.822], [85.439, 27.81], [85.396, 27.862], [85.292, 27.866], [85.185, 27.905], [85.11, 27.862], [85.001, 27.856], [84.902, 27.914], [84.859, 27.856], [84.737, 27.893], [84.642, 27.876], [84.598, 27.939], [84.46, 28.014], [84.388, 28.024], [84.349, 27.997], [84.241, 27.988], [84.168, 28.057], [84.065, 28.065], [84.088, 28.115], [84.043, 28.157], [83.876, 28.251], [83.764, 28.275], [83.691, 28.22], [83.622, 28.253], [83.569, 28.346], [83.388, 28.416], [83.224, 28.391], [83.103, 28.495], [82.921, 28.516], [82.916, 28.567], [82.836, 28.562], [82.692, 28.677], [82.592, 28.628], [82.401, 28.715], [82.348, 28.789], [82.176, 28.824], [82.128, 28.799], [82.087, 28.843], [81.896, 28.924], [81.828, 28.918], [81.809, 28.956], [81.634, 29.03], [81.579, 29.137], [81.466, 29.078], [81.377, 29.172], [81.247, 29.166], [81.101, 29.192], [81.05, 29.161], [80.95, 29.252], [80.747, 29.316], [80.669, 29.309], [80.601, 29.367], [80.505, 29.42], [80.397, 29.447], [80.312, 29.487]], [[85.323, 27.78], [85.432, 27.729], [85.409, 27.663], [85.337, 27.604], [85.269, 27.691], [85.323, 27.78]]]}, "properties": {"name": "Central Lesser Himalaya", "elev": 4004}}, {"type": "Feature", "geometry": {"type": "Polygon", "coordinates": [[[94.377, 24.383], [94.27, 24.402], [94.175, 24.445], [94.052, 24.467], [94.017, 24.42], [93.953, 24.449], [93.898, 24.334], [93.909, 24.258], [93.856, 24.194], [93.829, 24.185], [93.738, 24.012], [93.752, 23.943], [93.713, 23.799], [93.724, 23.722], [93.697, 23.659], [93.731, 23.624], [93.653, 23.46], [93.699, 23.391], [93.686, 23.305], [93.657, 23.293], [93.626, 23.195], [93.649, 23.091], [93.659, 22.951], [93.707, 22.865], [93.705, 22.809], [93.809, 22.803], [93.773, 22.74], [93.854, 22.698], [93.907, 22.695], [94, 22.737], [93.979, 22.811], [94.019, 22.865], [94.026, 22.973], [94.01, 23.056], [93.956, 23.179], [93.996, 23.22], [93.992, 23.359], [94.033, 23.381], [94.034, 23.568], [94.098, 23.555], [94.135, 23.681], [94.133, 23.775], [94.189, 24.047], [94.252, 24.163], [94.268, 24.224], [94.331, 24.271], [94.319, 24.314], [94.377, 24.383]]]}, "properties": {"name": "Letha Range", "elev": 2674}}, {"type": "Feature", "geometry": {"type": "MultiPolygon", "coordinates": [[[[88.479, 26.879], [88.605, 26.882], [88.668, 26.952], [88.828, 26.969], [88.878, 27], [88.972, 26.932], [89.08, 26.905], [89.105, 26.832], [89.283, 26.785], [89.331, 26.842], [89.442, 26.834], [89.504, 26.752], [89.658, 26.681], [89.753, 26.722], [89.884, 26.726], [89.924, 26.709], [90.079, 26.732], [90.189, 26.795], [90.242, 26.852], [90.142, 26.942], [90.094, 26.896], [90.037, 26.912], [90.002, 26.879], [89.916, 26.86], [89.659, 26.88], [89.611, 26.905], [89.501, 26.903], [89.422, 26.93], [89.343, 26.909], [89.251, 26.98], [89.212, 26.97], [88.952, 27.023], [88.827, 27.061], [88.705, 27.065], [88.599, 27.088], [88.448, 27.006], [88.432, 26.97], [88.479, 26.879]]], [[[91.85, 26.9], [91.845, 26.93], [91.711, 26.905], [91.629, 26.907], [91.614, 26.953], [91.552, 26.989], [91.48, 26.931], [91.418, 26.932], [91.376, 26.89], [91.255, 26.897], [91.13, 26.87], [90.831, 26.888], [90.686, 26.878], [90.604, 26.925], [90.552, 26.864], [90.6, 26.789], [90.714, 26.76], [90.85, 26.788], [90.907, 26.775], [91.095, 26.807], [91.234, 26.803], [91.271, 26.768], [91.346, 26.757], [91.412, 26.818], [91.443, 26.79], [91.538, 26.793], [91.813, 26.843], [91.85, 26.9]]], [[[93.023, 26.992], [92.933, 26.992], [92.992, 26.951], [93.023, 26.992]]], [[[92.614, 27.033], [92.515, 27.084], [92.455, 27.061], [92.394, 27.001], [92.156, 27.025], [92.157, 26.975], [92.065, 26.959], [91.889, 26.898], [91.987, 26.841], [92.064, 26.85], [92.11, 26.907], [92.196, 26.877], [92.311, 26.923], [92.598, 26.956], [92.637, 27.014], [92.614, 27.033]]], [[[95.16, 27.935], [95.103, 27.936], [95.014, 27.863], [94.945, 27.871], [94.884, 27.828], [94.79, 27.834], [94.716, 27.789], [94.641, 27.793], [94.574, 27.709], [94.497, 27.711], [94.453, 27.679], [94.262, 27.662], [94.21, 27.609], [94.228, 27.576], [93.863, 27.374], [93.805, 27.27], [93.689, 27.217], [93.666, 27.166], [93.559, 27.116], [93.524, 27.064], [93.426, 27.021], [93.358, 27.059], [93.313, 27.02], [93.192, 26.996], [93.214, 26.93], [93.343, 26.955], [93.395, 26.945], [93.64, 26.98], [93.738, 27.029], [93.709, 27.097], [93.821, 27.224], [93.843, 27.226], [94.055, 27.364], [94.07, 27.399], [94.303, 27.551], [94.339, 27.536], [94.478, 27.567], [94.637, 27.622], [94.696, 27.658], [94.827, 27.693], [94.96, 27.782], [95.023, 27.774], [95.109, 27.826], [95.16, 27.935]]]]}, "properties": {"name": "Eastern Sivalik Hills", "elev": 2588}}, {"type": "Feature", "geometry": {"type": "MultiPolygon", "coordinates": [[[[80.244, 29.204], [80.156, 29.217], [80.092, 29.195], [79.967, 29.212], [79.847, 29.336], [79.673, 29.275], [79.651, 29.326], [79.51, 29.404], [79.282, 29.504], [79.157, 29.539], [79.118, 29.603], [78.853, 29.673], [78.791, 29.759], [78.702, 29.769], [78.665, 29.829], [78.599, 29.828], [78.571, 29.902], [78.446, 30.016], [78.386, 30.105], [78.308, 30.11], [78.273, 29.974], [78.314, 29.855], [78.37, 29.794], [78.511, 29.763], [78.523, 29.653], [78.57, 29.597], [78.722, 29.497], [78.757, 29.525], [78.776, 29.603], [78.852, 29.612], [78.915, 29.58], [78.965, 29.505], [79.133, 29.446], [79.216, 29.459], [79.304, 29.395], [79.335, 29.299], [79.471, 29.233], [79.56, 29.239], [79.577, 29.2], [79.663, 29.138], [79.707, 29.14], [79.75, 29.082], [79.859, 29.051], [80.035, 29.068], [80.084, 29.105], [80.142, 29.079], [80.277, 29.148], [80.244, 29.204]]], [[[77.626, 30.432], [77.613, 30.36], [77.655, 30.333], [77.682, 30.262], [77.761, 30.247], [77.862, 30.18], [77.954, 30.144], [77.951, 30.211], [77.698, 30.325], [77.711, 30.405], [77.626, 30.432]]], [[[76.698, 31.387], [76.679, 31.305], [76.519, 31.475], [76.491, 31.48], [76.401, 31.639], [76.344, 31.694], [76.276, 31.582], [76.37, 31.59], [76.387, 31.521], [76.358, 31.456], [76.51, 31.277], [76.563, 31.263], [76.657, 31.195], [76.699, 31.097], [76.804, 30.959], [76.932, 30.838], [77.009, 30.69], [77.066, 30.616], [77.114, 30.594], [77.18, 30.611], [77.263, 30.516], [77.324, 30.53], [77.419, 30.491], [77.514, 30.52], [77.595, 30.499], [77.631, 30.521], [77.76, 30.501], [77.821, 30.512], [77.755, 30.57], [77.61, 30.568], [77.613, 30.606], [77.415, 30.714], [77.33, 30.724], [77.277, 30.809], [77.19, 30.907], [77.127, 30.913], [77.011, 31.018], [76.976, 31.105], [76.939, 31.124], [76.833, 31.293], [76.809, 31.377], [76.727, 31.371], [76.698, 31.387]]], [[[76.07, 31.928], [76.019, 31.911], [76.015, 31.855], [76.167, 31.885], [76.07, 31.928]]]]}, "properties": {"name": "Kumaon Siwalik Hills", "elev": 2614}}, {"type": "Feature", "geometry": {"type": "Polygon", "coordinates": [[[80.312, 29.487], [80.419, 29.634], [80.377, 29.704], [80.334, 29.678], [80.152, 29.659], [80.12, 29.715], [80.141, 29.828], [80.026, 29.843], [79.977, 29.888], [79.896, 29.917], [79.731, 29.91], [79.675, 29.967], [79.671, 30.023], [79.436, 30.097], [79.352, 30.174], [79.278, 30.205], [79.219, 30.267], [79.1, 30.308], [78.992, 30.303], [78.978, 30.353], [78.918, 30.363], [78.811, 30.428], [78.702, 30.452], [78.724, 30.497], [78.649, 30.541], [78.635, 30.618], [78.555, 30.656], [78.458, 30.754], [78.361, 30.743], [78.351, 30.776], [78.252, 30.829], [78.124, 30.791], [78.08, 30.87], [77.972, 30.978], [77.871, 30.945], [77.822, 31.066], [77.724, 31.157], [77.629, 31.201], [77.55, 31.387], [77.531, 31.356], [77.385, 31.362], [77.301, 31.269], [77.122, 31.237], [77.03, 31.276], [76.89, 31.361], [76.831, 31.425], [76.727, 31.371], [76.809, 31.377], [76.833, 31.293], [76.939, 31.124], [76.976, 31.105], [77.011, 31.018], [77.127, 30.913], [77.19, 30.907], [77.277, 30.809], [77.33, 30.724], [77.415, 30.714], [77.613, 30.606], [77.61, 30.568], [77.755, 30.57], [77.821, 30.512], [77.885, 30.453], [78.041, 30.363], [78.1, 30.374], [78.117, 30.296], [78.222, 30.221], [78.255, 30.131], [78.308, 30.11], [78.386, 30.105], [78.446, 30.016], [78.571, 29.902], [78.599, 29.828], [78.665, 29.829], [78.702, 29.769], [78.791, 29.759], [78.853, 29.673], [79.118, 29.603], [79.157, 29.539], [79.282, 29.504], [79.51, 29.404], [79.651, 29.326], [79.673, 29.275], [79.847, 29.336], [79.967, 29.212], [80.092, 29.195], [80.156, 29.217], [80.244, 29.204], [80.29, 29.232], [80.294, 29.326], [80.25, 29.45], [80.312, 29.487]]]}, "properties": {"name": "Kumaun Lesser Himalayas", "elev": 3599}}, {"type": "Feature", "geometry": {"type": "MultiPolygon", "coordinates": [[[[77.764, 35.108], [77.774, 35.068], [77.892, 34.988], [78.021, 34.96], [78.054, 34.906], [78.111, 34.89], [78.162, 34.758], [78.202, 34.772], [78.433, 34.694], [78.516, 34.64], [78.576, 34.514], [78.705, 34.43], [78.872, 34.368], [78.916, 34.307], [79.053, 34.294], [79.121, 34.34], [79.201, 34.345], [79.287, 34.32], [79.39, 34.343], [79.494, 34.393], [79.656, 34.419], [79.721, 34.446], [79.731, 34.556], [79.781, 34.608], [79.734, 34.645], [79.685, 34.603], [79.605, 34.616], [79.472, 34.587], [79.44, 34.542], [79.266, 34.555], [79.274, 34.48], [79.21, 34.457], [79.184, 34.543], [79.105, 34.686], [78.939, 34.683], [78.875, 34.59], [78.793, 34.634], [78.807, 34.687], [78.724, 34.803], [78.726, 34.904], [78.939, 34.903], [79.003, 34.918], [79.107, 34.997], [79.14, 35.08], [79.126, 35.188], [79.195, 35.153], [79.212, 35.095], [79.333, 35.059], [79.386, 34.928], [79.464, 34.897], [79.478, 34.964], [79.622, 35.038], [79.504, 35.082], [79.479, 35.144], [79.374, 35.166], [79.418, 35.314], [79.344, 35.338], [79.324, 35.4], [79.248, 35.392], [79.138, 35.425], [79.079, 35.467], [79.019, 35.467], [78.982, 35.435], [78.9, 35.435], [78.84, 35.387], [78.697, 35.494], [78.656, 35.558], [78.589, 35.696], [78.505, 35.834], [78.414, 35.825], [78.313, 35.745], [78.234, 35.749], [78.169, 35.813], [78.082, 35.797], [78.023, 35.826], [77.971, 35.789], [77.895, 35.724], [77.71, 35.758], [77.693, 35.628], [77.594, 35.562], [77.578, 35.453], [77.606, 35.412], [77.668, 35.317], [77.743, 35.301], [77.743, 35.236], [77.705, 35.178], [77.764, 35.108]], [[78.224, 35.411], [78.255, 35.311], [78.137, 35.322], [78.11, 35.265], [78.027, 35.222], [77.916, 35.261], [77.957, 35.3], [77.953, 35.363], [78.043, 35.383], [78.143, 35.33], [78.224, 35.411]]], [[[79.908, 34.892], [79.848, 34.911], [79.757, 34.886], [79.668, 34.901], [79.558, 34.853], [79.633, 34.787], [79.699, 34.762], [79.961, 34.713], [79.967, 34.638], [79.931, 34.599], [80.01, 34.543], [80.197, 34.597], [80.258, 34.633], [80.234, 34.696], [80.151, 34.722], [80.091, 34.782], [79.9, 34.871], [79.908, 34.892]]]]}, "properties": {"name": "Western Loqzung Mountains", "elev": 6828}}, {"type": "Feature", "geometry": {"type": "MultiPolygon", "coordinates": [[[[72.621, 24.231], [72.609, 24.152], [72.684, 24.183], [72.621, 24.231]]], [[[72.734, 24.374], [72.633, 24.39], [72.612, 24.325], [72.719, 24.319], [72.734, 24.374]]], [[[72.999, 24.338], [73.01, 24.397], [72.975, 24.447], [72.918, 24.4], [72.999, 24.338]]], [[[72.915, 24.505], [72.911, 24.561], [72.78, 24.422], [72.849, 24.393], [72.89, 24.317], [72.839, 24.297], [72.806, 24.196], [72.754, 24.182], [72.76, 24.094], [72.85, 24.096], [72.88, 24.151], [72.927, 24.346], [72.865, 24.422], [72.915, 24.505]]], [[[73.588, 24.579], [73.532, 24.574], [73.5, 24.469], [73.501, 24.38], [73.56, 24.364], [73.568, 24.525], [73.588, 24.579]]], [[[72.857, 24.731], [72.783, 24.717], [72.641, 24.578], [72.692, 24.503], [72.797, 24.529], [72.878, 24.676], [72.857, 24.731]]], [[[72.499, 24.689], [72.478, 24.734], [72.406, 24.717], [72.383, 24.664], [72.462, 24.652], [72.499, 24.689]]], [[[73.428, 24.603], [73.497, 24.697], [73.457, 24.74], [73.414, 24.681], [73.428, 24.603]]], [[[73.376, 24.76], [73.29, 24.682], [73.291, 24.63], [73.233, 24.6], [73.263, 24.532], [73.207, 24.226], [73.205, 24.114], [73.229, 24.026], [73.349, 24.065], [73.273, 24.167], [73.332, 24.289], [73.403, 24.295], [73.44, 24.357], [73.355, 24.409], [73.341, 24.505], [73.347, 24.615], [73.413, 24.693], [73.376, 24.76]]], [[[72.436, 24.834], [72.425, 24.925], [72.391, 24.94], [72.336, 24.826], [72.398, 24.737], [72.457, 24.808], [72.436, 24.834]]], [[[73.546, 24.989], [73.598, 24.919], [73.639, 25.015], [73.753, 25.168], [73.744, 25.203], [73.653, 25.193], [73.672, 25.313], [73.774, 25.383], [73.749, 25.445], [73.62, 25.316], [73.593, 25.226], [73.46, 25.122], [73.391, 25.103], [73.345, 25.047], [73.259, 24.991], [73.289, 24.914], [73.202, 24.817], [73.123, 24.792], [73.079, 24.605], [73.155, 24.648], [73.16, 24.712], [73.27, 24.807], [73.357, 24.903], [73.407, 25.024], [73.573, 25.085], [73.593, 25.014], [73.546, 24.989]]], [[[72.517, 25.627], [72.408, 25.583], [72.343, 25.62], [72.268, 25.573], [72.321, 25.446], [72.385, 25.444], [72.468, 25.51], [72.456, 25.555], [72.517, 25.627]]]]}, "properties": {"name": "Southern Aravalli Range", "elev": 1663}}, {"type": "Feature", "geometry": {"type": "MultiPolygon", "coordinates": [[[[83.648, 23.211], [83.653, 23.261], [83.528, 23.24], [83.486, 23.21], [83.513, 23.112], [83.445, 23.053], [83.613, 22.963], [83.72, 22.988], [83.851, 22.957], [83.938, 22.87], [84.057, 22.87], [83.952, 22.945], [83.735, 23.028], [83.689, 23.004], [83.63, 23.055], [83.586, 23.029], [83.563, 23.128], [83.61, 23.141], [83.648, 23.211]]], [[[84.227, 23.662], [84.193, 23.607], [84.136, 23.603], [84.097, 23.559], [84.13, 23.499], [84.183, 23.52], [84.21, 23.452], [84.161, 23.354], [84.231, 23.371], [84.393, 23.271], [84.469, 23.281], [84.499, 23.353], [84.425, 23.383], [84.497, 23.473], [84.501, 23.531], [84.461, 23.566], [84.357, 23.459], [84.312, 23.482], [84.291, 23.644], [84.227, 23.662]]], [[[84.052, 23.654], [84.028, 23.672], [83.851, 23.625], [83.824, 23.58], [83.893, 23.551], [83.802, 23.469], [83.72, 23.474], [83.712, 23.566], [83.616, 23.542], [83.554, 23.588], [83.526, 23.441], [83.547, 23.395], [83.68, 23.348], [83.731, 23.428], [83.774, 23.368], [83.83, 23.353], [83.893, 23.449], [84.045, 23.478], [84.086, 23.526], [84.038, 23.615], [84.052, 23.654]]], [[[84.403, 23.757], [84.307, 23.728], [84.374, 23.654], [84.36, 23.612], [84.471, 23.604], [84.549, 23.553], [84.628, 23.53], [84.732, 23.61], [84.681, 23.684], [84.637, 23.689], [84.521, 23.632], [84.445, 23.678], [84.403, 23.757]]]]}, "properties": {"name": "Hazaribagh Range", "elev": 1225}}, {"type": "Feature", "geometry": {"type": "MultiPolygon", "coordinates": [[[[78.698, 12.545], [78.684, 12.624], [78.635, 12.628], [78.587, 12.545], [78.698, 12.545]]], [[[78.859, 12.834], [78.808, 12.855], [78.759, 12.825], [78.755, 12.747], [78.676, 12.726], [78.721, 12.639], [78.77, 12.641], [78.859, 12.834]]], [[[79.028, 12.865], [78.949, 12.829], [78.955, 12.775], [78.866, 12.65], [78.938, 12.62], [78.959, 12.541], [78.881, 12.507], [78.755, 12.554], [78.675, 12.518], [78.605, 12.305], [78.646, 12.253], [78.707, 12.291], [78.739, 12.368], [78.824, 12.376], [78.998, 12.418], [78.933, 12.495], [79.022, 12.516], [79.104, 12.565], [79.078, 12.646], [79.115, 12.722], [79.087, 12.782], [79.089, 12.87], [79.028, 12.865]]]]}, "properties": {"name": "Javadi Hills", "elev": 1320}}, {"type": "Feature", "geometry": {"type": "Polygon", "coordinates": [[[97.048, 28.462], [96.995, 28.54], [96.913, 28.603], [96.888, 28.668], [96.818, 28.688], [96.715, 28.807], [96.626, 28.978], [96.5, 29.078], [96.359, 29.22], [96.279, 29.322], [96.141, 29.401], [96.041, 29.366], [95.961, 29.459], [95.901, 29.446], [95.761, 29.47], [95.638, 29.436], [95.563, 29.459], [95.478, 29.526], [95.439, 29.475], [95.349, 29.362], [95.27, 29.293], [95.145, 29.241], [95.088, 29.187], [95.016, 29.174], [94.897, 29.029], [94.907, 28.991], [94.782, 28.924], [94.76, 28.869], [94.773, 28.831], [94.949, 28.732], [95.013, 28.674], [95.071, 28.582], [95.103, 28.463], [95.072, 28.364], [94.956, 28.312], [95.028, 28.182], [95.112, 28.137], [95.209, 28.178], [95.292, 28.123], [95.393, 28.17], [95.461, 28.144], [95.548, 28.202], [95.562, 28.249], [95.701, 28.288], [95.784, 28.172], [95.838, 28.155], [95.845, 28.095], [95.957, 28.045], [96.065, 28.038], [96.209, 27.987], [96.232, 27.921], [96.335, 27.889], [96.417, 27.928], [96.536, 27.894], [96.587, 27.853], [96.681, 27.883], [96.648, 27.959], [96.788, 27.936], [96.801, 27.894], [96.925, 27.887], [96.969, 27.947], [96.986, 28.082], [97.026, 28.132], [97.036, 28.23], [97.015, 28.307], [97.048, 28.462]]]}, "properties": {"name": "Mishmi Hills", "elev": 5626}}, {"type": "Feature", "geometry": {"type": "Polygon", "coordinates": [[[94.658, 24.625], [94.754, 24.798], [94.809, 24.929], [94.837, 24.954], [94.903, 25.086], [94.942, 25.097], [95.118, 25.415], [95.24, 25.542], [95.293, 25.68], [95.423, 25.747], [95.517, 25.833], [95.554, 25.887], [95.465, 25.974], [95.37, 25.982], [95.323, 26.051], [95.379, 26.126], [95.378, 26.19], [95.44, 26.207], [95.431, 26.271], [95.485, 26.32], [95.576, 26.462], [95.552, 26.487], [95.499, 26.541], [95.464, 26.623], [95.385, 26.639], [95.337, 26.6], [95.172, 26.547], [94.941, 26.486], [94.899, 26.438], [94.809, 26.411], [94.767, 26.368], [94.67, 26.353], [94.599, 26.318], [94.539, 26.258], [94.497, 26.222], [94.549, 26.149], [94.454, 26.156], [94.384, 26.111], [94.361, 25.993], [94.32, 25.932], [94.32, 25.87], [94.287, 25.803], [94.178, 25.751], [94.195, 25.63], [94.06, 25.527], [94.029, 25.423], [94.073, 25.388], [93.978, 25.179], [93.91, 24.989], [93.911, 24.904], [94.03, 24.964], [94.089, 24.823], [94.122, 24.685], [94.052, 24.467], [94.175, 24.445], [94.27, 24.402], [94.377, 24.383], [94.462, 24.564], [94.516, 24.592], [94.565, 24.736], [94.601, 24.727], [94.575, 24.637], [94.658, 24.625]]]}, "properties": {"name": "Naga Hills", "elev": 3806}}, {"type": "Feature", "geometry": {"type": "MultiPolygon", "coordinates": [[[[78.967, 14.704], [78.855, 14.684], [78.844, 14.571], [78.893, 14.509], [79.029, 14.458], [79.055, 14.493], [78.983, 14.628], [78.967, 14.704]]], [[[78.776, 15.353], [78.696, 15.399], [78.651, 15.363], [78.656, 15.281], [78.72, 15.25], [78.682, 15.155], [78.762, 14.966], [78.806, 14.978], [78.819, 15.078], [78.825, 15.317], [78.776, 15.353]]], [[[78.978, 15.655], [78.943, 15.628], [79.002, 15.564], [79.037, 15.624], [78.978, 15.655]]], [[[79.207, 16.155], [79.06, 16.136], [79.065, 16.062], [78.947, 16.003], [78.937, 15.959], [78.797, 15.895], [78.702, 15.791], [78.68, 15.671], [78.649, 15.584], [78.699, 15.516], [78.774, 15.586], [78.733, 15.658], [78.798, 15.659], [78.858, 15.596], [78.834, 15.532], [78.882, 15.499], [78.93, 15.615], [78.925, 15.667], [78.867, 15.685], [78.98, 15.757], [79.061, 15.72], [79.088, 15.779], [79.091, 15.863], [79.056, 15.896], [78.923, 15.852], [78.895, 15.871], [79.105, 15.962], [79.173, 15.945], [79.16, 16.019], [79.226, 16.095], [79.207, 16.155]]], [[[79.012, 16.264], [78.881, 16.223], [78.743, 16.243], [78.691, 16.199], [78.76, 16.118], [78.726, 16.088], [78.674, 16.169], [78.616, 16.189], [78.525, 16.169], [78.487, 16.095], [78.537, 16.038], [78.592, 16.028], [78.659, 16.08], [78.737, 15.972], [78.913, 15.991], [78.999, 16.072], [78.931, 16.177], [79.061, 16.199], [79.012, 16.264]]]]}, "properties": {"name": "Nallamala Hills", "elev": 964}}, {"type": "Feature", "geometry": {"type": "Polygon", "coordinates": [[[78.889, 33.289], [78.993, 33.195], [79.124, 33.102], [79.171, 33.095], [79.198, 33.022], [79.297, 32.946], [79.327, 32.867], [79.409, 32.785], [79.424, 32.738], [79.554, 32.617], [79.758, 32.459], [79.863, 32.484], [79.774, 32.563], [79.739, 32.62], [79.832, 32.627], [79.867, 32.547], [79.98, 32.513], [80.059, 32.528], [80.139, 32.51], [80.168, 32.545], [80.25, 32.528], [80.659, 32.547], [80.822, 32.491], [80.849, 32.465], [80.992, 32.437], [81.205, 32.354], [81.271, 32.304], [81.332, 32.316], [81.459, 32.235], [81.551, 32.236], [81.677, 32.135], [81.721, 32.12], [81.904, 32.157], [81.913, 32.113], [82.015, 32.111], [82.062, 32.057], [82.189, 32.008], [82.226, 32.058], [82.449, 31.965], [82.397, 31.895], [82.289, 31.996], [82.322, 31.892], [82.36, 31.846], [82.389, 31.819], [82.486, 31.78], [82.464, 31.681], [82.583, 31.652], [82.612, 31.654], [82.75, 31.697], [82.814, 31.636], [82.865, 31.695], [82.936, 31.691], [82.988, 31.641], [83.054, 31.641], [83.113, 31.694], [83.122, 31.744], [83.04, 31.778], [82.939, 31.78], [82.93, 31.883], [82.98, 31.93], [82.926, 31.98], [82.916, 32.092], [82.94, 32.152], [83.02, 32.189], [83.022, 32.024], [83.106, 31.951], [83.256, 31.969], [83.364, 31.921], [83.312, 31.882], [83.314, 31.809], [83.368, 31.798], [83.272, 31.702], [83.17, 31.699], [83.148, 31.594], [83.173, 31.566], [83.281, 31.585], [83.298, 31.492], [83.385, 31.431], [83.594, 31.454], [83.599, 31.508], [83.561, 31.553], [83.592, 31.658], [83.66, 31.707], [83.678, 31.615], [83.625, 31.5], [83.717, 31.486], [83.784, 31.441], [83.89, 31.488], [83.923, 31.583], [83.983, 31.585], [84.03, 31.681], [83.959, 31.733], [84.009, 31.857], [84.07, 31.91], [84.044, 31.983], [84.05, 32.021], [83.93, 32.099], [83.971, 32.2], [83.969, 32.236], [83.894, 32.268], [83.815, 32.272], [83.722, 32.309], [83.673, 32.363], [83.586, 32.37], [83.615, 32.474], [83.495, 32.479], [83.428, 32.559], [83.337, 32.501], [83.258, 32.542], [83.251, 32.465], [83.329, 32.402], [83.318, 32.322], [83.232, 32.37], [83.186, 32.464], [83.084, 32.514], [82.937, 32.514], [82.924, 32.474], [82.986, 32.416], [82.934, 32.365], [82.993, 32.32], [82.886, 32.299], [82.874, 32.364], [82.751, 32.386], [82.775, 32.439], [82.661, 32.509], [82.473, 32.524], [82.352, 32.514], [82.122, 32.584], [82.081, 32.615], [81.984, 32.63], [81.935, 32.666], [81.867, 32.762], [81.655, 32.878], [81.603, 32.948], [81.496, 32.961], [81.416, 33.007], [81.424, 33.103], [81.318, 33.121], [81.313, 33.076], [81.223, 33.095], [81.244, 33.172], [81.051, 33.153], [80.853, 33.237], [80.942, 33.099], [80.931, 33.074], [80.799, 33.029], [80.767, 33.048], [80.653, 33.03], [80.584, 32.98], [80.497, 33.041], [80.42, 33.026], [80.38, 33.083], [80.275, 33.105], [80.288, 33.149], [80.385, 33.126], [80.41, 33.059], [80.555, 33.048], [80.647, 33.057], [80.666, 33.128], [80.843, 33.237], [80.796, 33.283], [80.67, 33.29], [80.567, 33.32], [80.503, 33.313], [80.488, 33.37], [80.403, 33.42], [80.342, 33.415], [80.258, 33.453], [80.272, 33.511], [80.118, 33.553], [80.071, 33.55], [79.97, 33.503], [79.931, 33.535], [79.883, 33.466], [79.727, 33.387], [79.642, 33.405], [79.616, 33.462], [79.655, 33.617], [79.635, 33.662], [79.51, 33.73], [79.433, 33.735], [79.427, 33.737], [79.396, 33.707], [79.224, 33.75], [79.126, 33.724], [79.022, 33.749], [78.942, 33.694], [79.005, 33.645], [79.092, 33.639], [79.117, 33.6], [79.081, 33.51], [79.056, 33.487], [78.967, 33.523], [78.858, 33.514], [78.799, 33.572], [78.744, 33.502], [78.889, 33.289]], [[81.318, 32.869], [81.414, 32.911], [81.474, 32.838], [81.621, 32.796], [81.732, 32.799], [81.809, 32.705], [81.703, 32.73], [81.687, 32.784], [81.612, 32.773], [81.429, 32.836], [81.419, 32.76], [81.476, 32.693], [81.622, 32.591], [81.619, 32.528], [81.534, 32.568], [81.445, 32.676], [81.35, 32.681], [81.378, 32.766], [81.433, 32.853], [81.389, 32.884], [81.318, 32.869]], [[81.944, 32.463], [82.02, 32.453], [82.184, 32.361], [82.231, 32.304], [82.31, 32.255], [82.369, 32.29], [82.413, 32.252], [82.403, 32.196], [82.453, 32.17], [82.591, 32.168], [82.628, 32.122], [82.544, 32.074], [82.543, 32.149], [82.452, 32.123], [82.336, 32.203], [82.169, 32.244], [82.044, 32.345], [81.984, 32.376], [81.944, 32.463]], [[81.456, 32.401], [81.378, 32.453], [81.309, 32.436], [81.236, 32.542], [81.33, 32.578], [81.456, 32.401]], [[83.441, 32.127], [83.511, 32.188], [83.684, 32.067], [83.714, 32.004], [83.662, 31.958], [83.594, 32.029], [83.507, 32.058], [83.489, 32.117], [83.441, 32.127]]]}, "properties": {"name": "Nganglong Kangri", "elev": 6654}}, {"type": "Feature", "geometry": {"type": "Polygon", "coordinates": [[[76.385, 11.494], [76.235, 11.548], [76.188, 11.53], [76.09, 11.574], [76.027, 11.535], [76.01, 11.487], [76.063, 11.32], [76.069, 11.243], [76.132, 11.224], [76.163, 11.248], [76.255, 11.438], [76.326, 11.428], [76.374, 11.369], [76.386, 11.307], [76.345, 11.215], [76.355, 11.154], [76.33, 11.086], [76.384, 11.043], [76.513, 11.021], [76.514, 10.953], [76.554, 10.879], [76.643, 10.83], [76.734, 10.807], [76.824, 10.834], [76.863, 10.921], [76.784, 10.916], [76.701, 10.947], [76.782, 11.003], [76.871, 11.017], [76.854, 11.097], [76.912, 11.091], [76.924, 11.201], [76.822, 11.165], [76.796, 11.187], [76.87, 11.256], [76.888, 11.329], [76.945, 11.332], [77.049, 11.461], [76.948, 11.573], [76.788, 11.613], [76.762, 11.652], [76.676, 11.629], [76.607, 11.633], [76.565, 11.544], [76.463, 11.485], [76.385, 11.494]], [[76.586, 11.432], [76.639, 11.446], [76.686, 11.396], [76.59, 11.386], [76.586, 11.432]], [[76.744, 11.182], [76.768, 11.13], [76.675, 11.121], [76.628, 11.049], [76.596, 11.062], [76.66, 11.15], [76.744, 11.182]], [[76.708, 11.523], [76.622, 11.55], [76.628, 11.595], [76.771, 11.585], [76.708, 11.523]]]}, "properties": {"name": "Nilgiri Mountains", "elev": 2608}}, {"type": "Feature", "geometry": {"type": "MultiPolygon", "coordinates": [[[[78.343, 11.472], [78.278, 11.427], [78.266, 11.354], [78.315, 11.324], [78.27, 11.263], [78.276, 11.189], [78.337, 11.176], [78.414, 11.194], [78.472, 11.307], [78.487, 11.416], [78.4, 11.435], [78.343, 11.472]]], [[[78.703, 11.474], [78.655, 11.484], [78.565, 11.449], [78.503, 11.388], [78.486, 11.342], [78.59, 11.245], [78.643, 11.222], [78.707, 11.157], [78.736, 11.184], [78.722, 11.256], [78.795, 11.306], [78.707, 11.342], [78.682, 11.407], [78.703, 11.474]]]]}, "properties": {"name": "Pachaimalai Hills", "elev": 1392}}, {"type": "Feature", "geometry": {"type": "Polygon", "coordinates": [[[96.104, 26.762], [96.194, 26.708], [96.311, 26.755], [96.563, 26.777], [96.738, 26.757], [96.808, 26.77], [96.931, 26.744], [96.99, 26.779], [97.014, 26.894], [97.121, 27.031], [97.097, 27.066], [97.118, 27.14], [97.026, 27.203], [96.967, 27.207], [96.934, 27.268], [96.818, 27.386], [96.738, 27.437], [96.605, 27.461], [96.533, 27.495], [96.45, 27.491], [96.392, 27.519], [96.315, 27.556], [96.203, 27.64], [96.106, 27.581], [96.179, 27.552], [96.219, 27.499], [96.184, 27.461], [96.199, 27.409], [96.124, 27.403], [96.076, 27.428], [96.015, 27.382], [96.051, 27.303], [95.985, 27.275], [95.966, 27.341], [95.641, 27.23], [95.585, 27.257], [95.524, 27.231], [95.444, 27.092], [95.291, 27.072], [95.154, 26.985], [95.142, 26.926], [95.061, 26.885], [95.03, 26.929], [94.882, 26.81], [94.86, 26.856], [94.698, 26.734], [94.591, 26.693], [94.553, 26.713], [94.489, 26.667], [94.248, 26.362], [94.249, 26.296], [94.287, 26.274], [94.494, 26.298], [94.539, 26.258], [94.599, 26.318], [94.67, 26.353], [94.767, 26.368], [94.809, 26.411], [94.899, 26.438], [94.941, 26.486], [95.172, 26.547], [95.337, 26.6], [95.385, 26.639], [95.464, 26.623], [95.499, 26.541], [95.552, 26.487], [95.588, 26.635], [95.675, 26.645], [95.754, 26.686], [95.849, 26.84], [95.92, 26.92], [96.05, 26.991], [96.124, 27.001], [96.187, 26.96], [96.13, 26.897], [96.14, 26.854], [96.104, 26.762]]]}, "properties": {"name": "Patkai Hills", "elev": 3276}}, {"type": "Feature", "geometry": {"type": "MultiPolygon", "coordinates": [[[[78.358, 11.837], [78.375, 11.883], [78.325, 11.937], [78.242, 11.951], [78.18, 11.934], [78.135, 11.826], [78.173, 11.719], [78.227, 11.716], [78.302, 11.752], [78.358, 11.837]]], [[[78.287, 12.141], [78.194, 12.108], [78.167, 12.032], [78.082, 11.998], [78.053, 11.909], [78.107, 11.889], [78.153, 11.956], [78.242, 12.016], [78.287, 12.141]]]]}, "properties": {"name": "Servarayan Hills", "elev": 1624}}, {"type": "Feature", "geometry": {"type": "MultiPolygon", "coordinates": [[[[79.218, 14.63], [79.151, 14.644], [79.209, 14.53], [79.287, 14.479], [79.243, 14.436], [79.179, 14.502], [79.155, 14.57], [79.107, 14.564], [79.086, 14.505], [79.15, 14.424], [79.29, 14.338], [79.347, 14.266], [79.409, 14.147], [79.372, 14.058], [79.428, 13.952], [79.401, 13.926], [79.425, 13.798], [79.511, 13.735], [79.541, 13.684], [79.598, 13.704], [79.456, 13.869], [79.507, 13.92], [79.483, 13.962], [79.517, 14.004], [79.497, 14.059], [79.491, 14.197], [79.464, 14.279], [79.41, 14.346], [79.282, 14.609], [79.218, 14.63]]], [[[79.143, 14.942], [79.087, 14.901], [79.085, 14.844], [79.124, 14.743], [79.171, 14.685], [79.208, 14.691], [79.192, 14.794], [79.191, 14.923], [79.143, 14.942]]], [[[79.207, 15.128], [79.176, 15.099], [79.181, 15.03], [79.255, 15.051], [79.207, 15.128]]], [[[79.221, 15.34], [79.237, 15.509], [79.184, 15.443], [79.137, 15.344], [79.05, 15.369], [79.07, 15.279], [79.043, 15.145], [79.064, 15.016], [79.116, 15.032], [79.11, 15.114], [79.166, 15.249], [79.206, 15.277], [79.221, 15.34]]]]}, "properties": {"name": "Velikonda Range", "elev": 1074}}, {"type": "Feature", "geometry": {"type": "MultiPolygon", "coordinates": [[[[92.892, 21.235], [92.917, 21.255], [92.999, 21.129], [93.021, 21.029], [93.064, 20.924], [93.156, 20.928], [93.174, 21.08], [93.198, 21.089], [93.182, 21.199], [93.236, 21.257], [93.24, 21.324], [93.276, 21.382], [93.284, 21.455], [93.247, 21.595], [93.173, 21.788], [93.236, 22.093], [93.195, 22.29], [93.184, 22.447], [93.212, 22.494], [93.187, 22.565], [93.151, 22.572], [93.16, 22.752], [93.198, 22.949], [93.232, 23.013], [93.209, 23.047], [93.24, 23.13], [93.222, 23.212], [93.178, 23.27], [93.236, 23.392], [93.278, 23.422], [93.256, 23.48], [93.283, 23.545], [93.257, 23.611], [93.327, 23.685], [93.303, 23.732], [93.353, 23.784], [93.366, 23.932], [93.332, 23.986], [93.404, 24.054], [93.457, 24.157], [93.549, 24.189], [93.59, 24.353], [93.617, 24.387], [93.626, 24.48], [93.706, 24.448], [93.739, 24.529], [93.748, 24.621], [93.8, 24.777], [93.805, 24.857], [93.847, 24.94], [93.91, 24.989], [93.978, 25.179], [94.073, 25.388], [94.029, 25.423], [93.98, 25.42], [93.872, 25.371], [93.717, 25.241], [93.622, 25.132], [93.48, 25.07], [93.418, 24.972], [93.344, 24.992], [93.25, 24.921], [93.17, 24.759], [93.145, 24.668], [93.074, 24.535], [93.056, 24.647], [92.989, 24.648], [92.963, 24.49], [92.917, 24.399], [92.834, 24.432], [92.79, 24.363], [92.709, 24.374], [92.654, 24.266], [92.668, 24.162], [92.636, 24.052], [92.541, 24.018], [92.542, 24.166], [92.486, 24.144], [92.427, 23.868], [92.421, 23.733], [92.415, 23.69], [92.457, 23.438], [92.439, 23.363], [92.398, 23.346], [92.439, 23.236], [92.504, 22.991], [92.545, 22.87], [92.588, 22.801], [92.6, 22.715], [92.649, 22.623], [92.624, 22.533], [92.68, 22.338], [92.683, 22.185], [92.722, 22.129], [92.776, 22.136], [92.773, 21.974], [92.803, 21.878], [92.801, 21.762], [92.766, 21.644], [92.787, 21.575], [92.813, 21.448], [92.892, 21.235]]], [[[92.574, 24.18], [92.607, 24.228], [92.617, 24.325], [92.571, 24.329], [92.539, 24.195], [92.574, 24.18]]]]}, "properties": {"name": "Lushai Hills", "elev": 2811}}, {"type": "Feature", "geometry": {"type": "Polygon", "coordinates": [[[73.498, 34.096], [73.515, 34.003], [73.566, 33.918], [73.641, 33.928], [73.68, 33.854], [73.736, 33.807], [73.873, 33.622], [73.847, 33.525], [73.941, 33.465], [74.014, 33.379], [74.067, 33.356], [74.134, 33.351], [74.259, 33.241], [74.392, 33.171], [74.417, 33.101], [74.471, 33.082], [74.567, 33.127], [74.637, 33.104], [74.723, 33.054], [74.835, 33.039], [75.014, 32.956], [75.111, 32.945], [75.221, 32.833], [75.35, 32.76], [75.431, 32.733], [75.492, 32.741], [75.53, 32.698], [75.685, 32.663], [75.812, 32.585], [75.846, 32.542], [75.858, 32.539], [75.926, 32.616], [75.992, 32.566], [76.133, 32.533], [76.193, 32.475], [76.314, 32.484], [76.333, 32.449], [76.442, 32.47], [76.491, 32.387], [76.593, 32.305], [76.679, 32.278], [76.806, 32.347], [76.986, 32.351], [77.031, 32.325], [77.152, 32.329], [77.163, 32.444], [77.116, 32.479], [76.99, 32.508], [76.942, 32.593], [76.801, 32.653], [76.722, 32.663], [76.589, 32.763], [76.478, 32.745], [76.427, 32.8], [76.462, 32.885], [76.435, 33.032], [76.348, 33.11], [76.249, 33.167], [76.164, 33.271], [76.043, 33.328], [75.986, 33.324], [75.884, 33.357], [75.694, 33.396], [75.626, 33.412], [75.584, 33.474], [75.406, 33.609], [75.336, 33.578], [75.244, 33.629], [75.208, 33.565], [75.126, 33.613], [74.931, 33.633], [74.85, 33.627], [74.803, 33.755], [74.812, 33.824], [74.719, 33.938], [74.598, 33.928], [74.509, 34.062], [74.441, 34.075], [74.398, 34.209], [74.231, 34.325], [74.19, 34.458], [74.081, 34.477], [73.996, 34.453], [73.92, 34.399], [73.771, 34.389], [73.668, 34.447], [73.515, 34.453], [73.461, 34.378], [73.477, 34.289], [73.498, 34.096]]]}, "properties": {"name": "Pir Panjal Range", "elev": 6125}}, {"type": "Feature", "geometry": {"type": "Polygon", "coordinates": [[[90.242, 26.852], [90.314, 26.853], [90.379, 26.914], [90.472, 26.889], [90.51, 26.917], [90.544, 27.025], [90.605, 27.037], [90.66, 27.165], [90.589, 27.266], [90.582, 27.338], [90.464, 27.433], [90.372, 27.451], [90.301, 27.511], [90.112, 27.554], [90.059, 27.504], [89.96, 27.509], [89.896, 27.473], [89.916, 27.351], [89.968, 27.301], [90.038, 27.272], [90.074, 27.222], [90.073, 26.976], [90.037, 26.912], [90.094, 26.896], [90.142, 26.942], [90.242, 26.852]]]}, "properties": {"name": "Black Mountains", "elev": 4688}}, {"type": "Feature", "geometry": {"type": "Polygon", "coordinates": [[[83.35, 27.852], [83.291, 27.83], [83.128, 27.847], [82.807, 27.795], [82.769, 27.81], [82.691, 27.802], [82.482, 27.749], [82.374, 27.836], [82.268, 27.903], [82.191, 27.93], [82.187, 27.976], [82.078, 27.998], [82.034, 27.928], [82.097, 27.917], [82.134, 27.868], [82.206, 27.837], [82.398, 27.701], [82.471, 27.669], [82.839, 27.734], [83.121, 27.756], [83.202, 27.75], [83.263, 27.712], [83.372, 27.688], [83.46, 27.696], [83.464, 27.748], [83.353, 27.788], [83.35, 27.852]]]}, "properties": {"name": "Dundwa Range", "elev": 1806}}, {"type": "Feature", "geometry": {"type": "Polygon", "coordinates": [[[81.579, 29.137], [81.649, 29.222], [81.746, 29.293], [81.705, 29.463], [81.776, 29.513], [81.799, 29.57], [81.897, 29.672], [81.942, 29.674], [82.031, 29.75], [81.863, 29.813], [81.889, 29.845], [81.858, 29.944], [81.787, 29.971], [81.741, 30.04], [81.652, 30.038], [81.526, 30.084], [81.517, 30.155], [81.463, 30.168], [81.319, 30.154], [81.192, 30.237], [81.169, 30.3], [81.034, 30.303], [80.976, 30.24], [80.926, 30.236], [80.876, 30.184], [80.87, 30.132], [80.674, 29.959], [80.592, 29.953], [80.551, 29.851], [80.491, 29.795], [80.435, 29.806], [80.363, 29.744], [80.377, 29.704], [80.419, 29.634], [80.312, 29.487], [80.397, 29.447], [80.505, 29.42], [80.601, 29.367], [80.669, 29.309], [80.747, 29.316], [80.95, 29.252], [81.05, 29.161], [81.101, 29.192], [81.247, 29.166], [81.377, 29.172], [81.466, 29.078], [81.579, 29.137]]]}, "properties": {"name": "Gurans Himal", "elev": 7039}}, {"type": "Feature", "geometry": {"type": "Polygon", "coordinates": [[[76.164, 33.271], [76.224, 33.355], [76.346, 33.418], [76.426, 33.349], [76.543, 33.286], [76.655, 33.197], [76.834, 33.117], [76.939, 33.086], [76.982, 33.049], [77.124, 33.055], [77.22, 33.115], [77.145, 33.232], [77.083, 33.241], [76.976, 33.332], [76.884, 33.462], [76.933, 33.519], [76.816, 33.512], [76.717, 33.606], [76.572, 33.695], [76.479, 33.729], [76.398, 33.846], [76.304, 33.773], [76.137, 33.67], [75.97, 33.641], [75.728, 33.518], [75.736, 33.469], [75.694, 33.396], [75.884, 33.357], [75.986, 33.324], [76.043, 33.328], [76.164, 33.271]]]}, "properties": {"name": "Kishtwar Himalaya", "elev": 6531}}, {"type": "Feature", "geometry": {"type": "Polygon", "coordinates": [[[87.127, 27.421], [87.195, 27.519], [87.286, 27.578], [87.282, 27.616], [87.361, 27.657], [87.373, 27.751], [87.424, 27.751], [87.47, 27.807], [87.552, 27.835], [87.584, 27.903], [87.669, 27.961], [87.716, 28.055], [87.748, 28.194], [87.785, 28.264], [87.783, 28.31], [87.773, 28.404], [87.741, 28.478], [87.688, 28.478], [87.633, 28.427], [87.462, 28.324], [87.417, 28.328], [87.347, 28.244], [87.349, 28.111], [87.272, 28.073], [87.218, 27.951], [87.17, 27.936], [87.061, 27.861], [86.934, 27.832], [86.937, 27.779], [86.869, 27.776], [86.824, 27.711], [86.809, 27.625], [86.68, 27.403], [86.683, 27.379], [86.916, 27.345], [87.127, 27.421]]]}, "properties": {"name": "Mahalangur Himal", "elev": 8593}}, {"type": "Feature", "geometry": {"type": "Polygon", "coordinates": [[[96.335, 27.889], [96.301, 27.616], [96.392, 27.519], [96.45, 27.491], [96.533, 27.495], [96.605, 27.461], [96.738, 27.437], [96.818, 27.386], [96.934, 27.268], [96.967, 27.207], [97.026, 27.203], [97.118, 27.14], [97.097, 27.066], [97.121, 27.031], [97.239, 27.066], [97.302, 27.116], [97.367, 27.116], [97.475, 27.177], [97.405, 27.259], [97.377, 27.339], [97.316, 27.392], [97.343, 27.464], [97.312, 27.537], [97.196, 27.564], [97.139, 27.622], [97.134, 27.683], [97.059, 27.661], [97.035, 27.738], [96.988, 27.793], [96.99, 27.847], [96.925, 27.887], [96.801, 27.894], [96.788, 27.936], [96.648, 27.959], [96.681, 27.883], [96.587, 27.853], [96.536, 27.894], [96.417, 27.928], [96.335, 27.889]]]}, "properties": {"name": "Kumon Bum Range", "elev": 4506}}, {"type": "Feature", "geometry": {"type": "Polygon", "coordinates": [[[76.948, 11.573], [77.046, 11.518], [77.109, 11.508], [77.143, 11.59], [77.193, 11.595], [77.225, 11.547], [77.394, 11.521], [77.432, 11.554], [77.496, 11.552], [77.538, 11.589], [77.564, 11.679], [77.555, 11.732], [77.484, 11.9], [77.477, 11.964], [77.437, 11.993], [77.403, 11.935], [77.306, 11.99], [77.301, 11.902], [77.273, 11.85], [77.218, 11.832], [77.259, 11.942], [77.247, 12.025], [77.199, 12.092], [77.107, 12.043], [77.077, 11.839], [77.113, 11.78], [77.049, 11.76], [77.015, 11.61], [76.949, 11.645], [76.87, 11.63], [76.762, 11.652], [76.788, 11.613], [76.948, 11.573]]]}, "properties": {"name": "Biligiriranga Hills", "elev": 1794}}, {"type": "Feature", "geometry": {"type": "Polygon", "coordinates": [[[97.048, 28.462], [97.128, 28.591], [97.236, 28.599], [97.454, 28.653], [97.473, 28.684], [97.488, 28.853], [97.401, 29.003], [97.279, 29.084], [97.259, 29.118], [97.143, 29.199], [97.029, 29.235], [96.953, 29.277], [96.946, 29.331], [96.836, 29.392], [96.76, 29.496], [96.642, 29.482], [96.55, 29.537], [96.401, 29.584], [96.377, 29.617], [96.262, 29.628], [96.204, 29.694], [96.094, 29.751], [96.046, 29.733], [95.948, 29.754], [95.776, 29.855], [95.675, 29.9], [95.571, 29.886], [95.417, 29.92], [95.263, 30.036], [95.063, 30.098], [95.015, 30.028], [94.803, 29.941], [94.726, 29.744], [94.736, 29.636], [94.65, 29.569], [94.612, 29.483], [94.635, 29.471], [94.784, 29.474], [94.879, 29.522], [94.936, 29.603], [94.895, 29.697], [94.994, 29.772], [95.074, 29.743], [95.153, 29.751], [95.284, 29.811], [95.322, 29.707], [95.38, 29.67], [95.373, 29.572], [95.439, 29.475], [95.478, 29.526], [95.563, 29.459], [95.638, 29.436], [95.761, 29.47], [95.901, 29.446], [95.961, 29.459], [96.041, 29.366], [96.141, 29.401], [96.279, 29.322], [96.359, 29.22], [96.5, 29.078], [96.626, 28.978], [96.715, 28.807], [96.818, 28.688], [96.888, 28.668], [96.913, 28.603], [96.995, 28.54], [97.048, 28.462]]]}, "properties": {"name": "Kangri Garpo", "elev": 7141}}, {"type": "Feature", "geometry": {"type": "Polygon", "coordinates": [[[94.539, 26.258], [94.494, 26.298], [94.287, 26.274], [94.249, 26.296], [94.248, 26.362], [94.224, 26.418], [94.173, 26.41], [94.173, 26.339], [94.126, 26.332], [94.093, 26.251], [94.023, 26.195], [93.957, 26.011], [93.99, 25.925], [93.891, 25.856], [93.813, 25.829], [93.728, 25.762], [93.768, 25.728], [93.843, 25.78], [93.859, 25.688], [93.628, 25.597], [93.558, 25.545], [93.53, 25.487], [93.316, 25.359], [93.243, 25.365], [93.282, 25.43], [93.403, 25.53], [93.339, 25.536], [93.228, 25.517], [93.24, 25.47], [93.176, 25.396], [93.175, 25.267], [93.031, 25.147], [92.98, 25.054], [92.898, 24.985], [92.998, 24.971], [93.054, 24.993], [93.099, 24.956], [93.183, 25.022], [93.264, 25.002], [93.25, 24.921], [93.344, 24.992], [93.418, 24.972], [93.48, 25.07], [93.622, 25.132], [93.717, 25.241], [93.872, 25.371], [93.98, 25.42], [94.029, 25.423], [94.06, 25.527], [94.195, 25.63], [94.178, 25.751], [94.287, 25.803], [94.32, 25.87], [94.32, 25.932], [94.361, 25.993], [94.384, 26.111], [94.454, 26.156], [94.549, 26.149], [94.497, 26.222], [94.539, 26.258]]]}, "properties": {"name": "Barail Range", "elev": 2970}}, {"type": "Feature", "geometry": {"type": "Polygon", "coordinates": [[[76.002, 35.094], [75.934, 34.951], [75.945, 34.887], [75.897, 34.782], [75.882, 34.686], [75.9, 34.631], [75.953, 34.628], [75.99, 34.534], [75.914, 34.443], [75.92, 34.355], [75.97, 34.28], [76.17, 34.207], [76.213, 34.203], [76.234, 34.129], [76.37, 34.014], [76.455, 33.97], [76.453, 33.903], [76.398, 33.846], [76.479, 33.729], [76.572, 33.695], [76.717, 33.606], [76.816, 33.512], [76.933, 33.519], [76.988, 33.547], [76.988, 33.639], [77.044, 33.655], [77.147, 33.611], [77.199, 33.507], [77.241, 33.538], [77.347, 33.464], [77.344, 33.424], [77.445, 33.427], [77.522, 33.307], [77.633, 33.212], [77.679, 33.261], [77.737, 33.16], [77.818, 33.061], [77.808, 32.975], [77.866, 32.901], [77.974, 32.89], [78.013, 32.806], [78.08, 32.822], [78.113, 32.757], [78.104, 32.689], [78.199, 32.597], [78.405, 32.487], [78.427, 32.459], [78.521, 32.449], [78.565, 32.388], [78.634, 32.382], [78.708, 32.334], [78.937, 32.3], [78.966, 32.382], [79.025, 32.402], [78.973, 32.548], [79.016, 32.603], [79.006, 32.725], [78.913, 32.753], [78.982, 32.829], [78.868, 32.962], [78.837, 33.077], [78.823, 33.156], [78.814, 33.16], [78.745, 33.149], [78.591, 33.195], [78.563, 33.228], [78.4, 33.299], [78.358, 33.362], [78.308, 33.357], [78.131, 33.481], [78.157, 33.543], [78.051, 33.645], [78.018, 33.651], [77.917, 33.758], [77.842, 33.795], [77.751, 33.903], [77.655, 34.051], [77.592, 34.101], [77.486, 34.138], [77.426, 34.124], [77.343, 34.159], [77.325, 34.198], [77.249, 34.195], [76.808, 34.354], [76.707, 34.434], [76.622, 34.536], [76.451, 34.636], [76.375, 34.637], [76.207, 34.76], [76.184, 34.862], [76.23, 34.936], [76.153, 34.98], [76.002, 35.094]], [[78.061, 33.253], [77.978, 33.272], [77.962, 33.363], [78.005, 33.373], [78.076, 33.272], [78.061, 33.253]], [[78.268, 32.991], [78.326, 32.981], [78.361, 32.896], [78.338, 32.845], [78.372, 32.802], [78.32, 32.757], [78.284, 32.862], [78.268, 32.991]]]}, "properties": {"name": "Zanskar Range", "elev": 6639}}, {"type": "Feature", "geometry": {"type": "Polygon", "coordinates": [[[77.385, 31.362], [77.38, 31.404], [77.458, 31.475], [77.423, 31.564], [77.205, 31.753], [77.11, 31.951], [77.13, 32.079], [77.191, 32.194], [77.182, 32.306], [77.152, 32.329], [77.031, 32.325], [76.986, 32.351], [76.806, 32.347], [76.679, 32.278], [76.593, 32.305], [76.491, 32.387], [76.442, 32.47], [76.333, 32.449], [76.314, 32.484], [76.193, 32.475], [76.133, 32.533], [75.992, 32.566], [75.926, 32.616], [75.858, 32.539], [75.839, 32.517], [76.009, 32.389], [76.066, 32.287], [76.383, 32.196], [76.842, 32.043], [76.969, 31.851], [76.977, 31.756], [76.936, 31.705], [76.952, 31.647], [76.888, 31.562], [76.908, 31.537], [76.831, 31.425], [76.89, 31.361], [77.03, 31.276], [77.122, 31.237], [77.301, 31.269], [77.385, 31.362]]]}, "properties": {"name": "Dhauladhar Range", "elev": 5495}}, {"type": "Feature", "geometry": {"type": "Polygon", "coordinates": [[[88.485, 27.204], [88.441, 27.262], [88.476, 27.362], [88.52, 27.408], [88.532, 27.522], [88.641, 27.551], [88.62, 27.621], [88.543, 27.766], [88.557, 27.804], [88.526, 27.916], [88.575, 27.95], [88.627, 28.048], [88.61, 28.179], [88.475, 28.171], [88.389, 28.196], [88.376, 28.146], [88.228, 28.102], [88.208, 28.142], [87.982, 28.153], [87.94, 28.185], [87.848, 28.183], [87.8, 28.189], [87.748, 28.194], [87.716, 28.055], [87.669, 27.961], [87.584, 27.903], [87.552, 27.835], [87.47, 27.807], [87.424, 27.751], [87.373, 27.751], [87.361, 27.657], [87.282, 27.616], [87.286, 27.578], [87.195, 27.519], [87.127, 27.421], [87.193, 27.353], [87.267, 27.307], [87.353, 27.33], [87.408, 27.299], [87.503, 27.313], [87.568, 27.298], [87.625, 27.35], [87.695, 27.293], [87.779, 27.273], [87.836, 27.288], [88.066, 27.226], [88.134, 27.266], [88.287, 27.273], [88.332, 27.197], [88.485, 27.204]]]}, "properties": {"name": "Kangchenjunga Himal", "elev": 8421}}, {"type": "Feature", "geometry": {"type": "MultiPolygon", "coordinates": [[[[78.277, 10.176], [78.202, 10.137], [78.198, 10.058], [78.266, 10.091], [78.277, 10.176]]], [[[78.12, 10.201], [77.994, 10.309], [77.909, 10.228], [77.961, 10.107], [78.183, 10.16], [78.12, 10.201]]], [[[78.244, 10.497], [78.191, 10.485], [78.159, 10.408], [78.148, 10.275], [78.215, 10.245], [78.267, 10.294], [78.24, 10.352], [78.283, 10.475], [78.244, 10.497]]], [[[78.167, 10.556], [78.226, 10.636], [78.165, 10.653], [78.088, 10.55], [78.167, 10.556]]]]}, "properties": {"name": "Kharandamalai Hills", "elev": 1353}}, {"type": "Feature", "geometry": {"type": "MultiPolygon", "coordinates": [[[[78.567, 11.478], [78.555, 11.584], [78.491, 11.545], [78.516, 11.468], [78.567, 11.478]]], [[[78.19, 11.654], [78.153, 11.617], [78.168, 11.504], [78.273, 11.514], [78.337, 11.487], [78.314, 11.649], [78.19, 11.654]]]]}, "properties": {"name": "Kolli Hills", "elev": 1187}}, {"type": "Feature", "geometry": {"type": "Polygon", "coordinates": [[[78.698, 12.064], [78.695, 11.965], [78.627, 11.921], [78.553, 11.8], [78.457, 11.68], [78.655, 11.627], [78.847, 11.71], [78.809, 11.827], [78.824, 11.905], [78.868, 11.935], [78.854, 12.002], [78.698, 12.064]]]}, "properties": {"name": "Chitteri", "elev": 1268}}, {"type": "Feature", "geometry": {"type": "Polygon", "coordinates": [[[80.496, 16.742], [80.46, 16.744], [80.446, 16.647], [80.516, 16.601], [80.521, 16.722], [80.496, 16.742]]]}, "properties": {"name": "Kondapalli Hills", "elev": 525}}, {"type": "Feature", "geometry": {"type": "MultiPolygon", "coordinates": [[[[82.487, 18.192], [82.425, 18.288], [82.502, 18.377], [82.511, 18.424], [82.471, 18.53], [82.41, 18.561], [82.5, 18.622], [82.541, 18.739], [82.392, 18.607], [82.336, 18.641], [82.284, 18.596], [82.278, 18.506], [82.228, 18.478], [82.225, 18.407], [82.182, 18.369], [82.045, 18.197], [81.971, 18.17], [81.843, 18.041], [81.733, 17.993], [81.703, 17.946], [81.624, 17.918], [81.654, 17.842], [81.48, 17.7], [81.44, 17.693], [81.399, 17.626], [81.383, 17.528], [81.293, 17.455], [81.266, 17.349], [81.333, 17.359], [81.364, 17.256], [81.411, 17.236], [81.469, 17.283], [81.603, 17.248], [81.73, 17.351], [81.715, 17.397], [81.822, 17.459], [81.886, 17.445], [81.909, 17.564], [81.966, 17.597], [81.959, 17.666], [82, 17.677], [82.033, 17.722], [82.151, 17.797], [82.199, 17.847], [82.346, 17.906], [82.421, 18.004], [82.487, 18.192]], [[82.323, 18.386], [82.328, 18.322], [82.297, 18.27], [82.22, 18.26], [82.157, 18.178], [82.217, 18.149], [82.138, 18.063], [82.018, 18.048], [82.017, 18.125], [82.082, 18.113], [82.12, 18.222], [82.269, 18.328], [82.323, 18.386]], [[81.715, 17.714], [81.73, 17.615], [81.683, 17.601], [81.662, 17.519], [81.674, 17.455], [81.593, 17.482], [81.602, 17.534], [81.684, 17.692], [81.715, 17.714]]], [[[82.712, 18.959], [82.605, 18.958], [82.578, 18.915], [82.631, 18.833], [82.712, 18.959]]]]}, "properties": {"name": "Papikonda Range", "elev": 1416}}, {"type": "Feature", "geometry": {"type": "MultiPolygon", "coordinates": [[[[82.421, 18.004], [82.45, 17.98], [82.434, 17.819], [82.359, 17.857], [82.346, 17.906], [82.199, 17.847], [82.151, 17.797], [82.033, 17.722], [82, 17.677], [82.024, 17.642], [82.003, 17.579], [82.039, 17.543], [82.133, 17.549], [82.174, 17.599], [82.178, 17.662], [82.302, 17.638], [82.305, 17.582], [82.222, 17.489], [82.238, 17.455], [82.187, 17.386], [82.118, 17.432], [82.105, 17.493], [82.048, 17.499], [82.035, 17.393], [82.139, 17.347], [82.258, 17.324], [82.293, 17.384], [82.37, 17.42], [82.437, 17.523], [82.461, 17.628], [82.367, 17.601], [82.392, 17.666], [82.493, 17.707], [82.559, 17.755], [82.741, 17.782], [82.722, 17.846], [82.737, 17.934], [82.815, 17.92], [82.939, 17.938], [82.944, 18.001], [83.017, 18.006], [83.109, 18.055], [83.138, 18.103], [83.122, 18.151], [83.215, 18.195], [83.267, 18.274], [83.204, 18.34], [83.265, 18.431], [83.251, 18.484], [83.194, 18.477], [83.143, 18.422], [83.084, 18.46], [83.088, 18.497], [83.157, 18.528], [83.166, 18.577], [83.125, 18.608], [83.012, 18.511], [82.969, 18.529], [82.893, 18.464], [82.824, 18.485], [82.823, 18.574], [82.736, 18.552], [82.743, 18.487], [82.701, 18.4], [82.719, 18.358], [82.624, 18.308], [82.606, 18.259], [82.524, 18.24], [82.487, 18.192], [82.421, 18.004]]], [[[82.6, 17.45], [82.553, 17.438], [82.533, 17.381], [82.567, 17.368], [82.6, 17.45]]], [[[82.6, 17.45], [82.705, 17.453], [82.88, 17.622], [82.792, 17.624], [82.703, 17.545], [82.607, 17.484], [82.6, 17.45]]]]}, "properties": {"name": "Madugula Konda Range", "elev": 1629}}, {"type": "Feature", "geometry": {"type": "MultiPolygon", "coordinates": [[[[82.952, 18.535], [82.969, 18.529], [83.012, 18.511], [83.125, 18.608], [83.131, 18.639], [83.267, 18.776], [83.34, 18.777], [83.444, 18.918], [83.429, 19.032], [83.382, 19.172], [83.405, 19.205], [83.367, 19.321], [83.369, 19.385], [83.333, 19.402], [83.268, 19.456], [83.28, 19.602], [83.229, 19.655], [83.294, 19.729], [83.318, 19.835], [83.412, 19.831], [83.4, 19.927], [83.36, 19.97], [83.243, 19.961], [83.228, 19.899], [83.186, 19.883], [83.197, 19.821], [83.146, 19.805], [83.085, 19.834], [83.053, 19.776], [82.934, 19.736], [82.943, 19.685], [82.868, 19.563], [82.863, 19.447], [82.819, 19.421], [82.848, 19.387], [82.896, 19.406], [82.903, 19.497], [82.957, 19.585], [83.085, 19.618], [83.143, 19.604], [83.095, 19.522], [83.108, 19.388], [83.145, 19.3], [83.134, 19.2], [83.201, 19.175], [83.109, 18.988], [83.039, 18.974], [83.029, 18.893], [82.989, 18.869], [82.952, 18.812], [82.946, 18.705], [82.881, 18.687], [82.927, 18.571], [82.952, 18.535]]], [[[83.092, 19.025], [83.109, 19.085], [83.057, 19.099], [83.008, 18.999], [83.092, 19.025]]], [[[82.966, 19.302], [82.982, 19.382], [82.939, 19.39], [82.917, 19.325], [82.966, 19.302]]]]}, "properties": {"name": "Chandragiri-Pottangi mountain system", "elev": 1611}}, {"type": "Feature", "geometry": {"type": "MultiPolygon", "coordinates": [[[[86.271, 21.316], [86.217, 21.292], [86.227, 21.222], [86.278, 21.218], [86.303, 21.269], [86.271, 21.316]]], [[[86.669, 21.478], [86.511, 21.377], [86.6, 21.348], [86.634, 21.378], [86.698, 21.357], [86.741, 21.455], [86.669, 21.478]]], [[[86.402, 22.115], [86.25, 22.079], [86.204, 22.027], [86.157, 22.097], [86.13, 22.01], [86.147, 21.953], [86.085, 21.844], [86.107, 21.8], [86.09, 21.731], [86.201, 21.606], [86.247, 21.578], [86.254, 21.468], [86.35, 21.466], [86.465, 21.598], [86.481, 21.667], [86.521, 21.712], [86.548, 21.792], [86.593, 21.817], [86.613, 21.913], [86.534, 21.998], [86.476, 22.03], [86.465, 22.074], [86.402, 22.115]], [[86.428, 21.928], [86.467, 21.85], [86.385, 21.789], [86.395, 21.695], [86.355, 21.637], [86.305, 21.618], [86.228, 21.643], [86.178, 21.713], [86.22, 21.753], [86.306, 21.753], [86.29, 21.817], [86.428, 21.928]]], [[[86.341, 22.57], [86.286, 22.551], [86.239, 22.432], [86.326, 22.38], [86.257, 22.325], [86.259, 22.257], [86.321, 22.246], [86.361, 22.32], [86.335, 22.443], [86.365, 22.492], [86.341, 22.57]]]]}, "properties": {"name": "Simlipal Massif", "elev": 1158}}, {"type": "Feature", "geometry": {"type": "MultiPolygon", "coordinates": [[[[77.39, 8.193], [77.44, 8.269], [77.369, 8.347], [77.327, 8.332], [77.32, 8.259], [77.39, 8.193]]], [[[77.073, 9.114], [76.979, 9.083], [76.998, 8.993], [77.128, 8.924], [77.073, 8.811], [77.069, 8.736], [77.173, 8.553], [77.194, 8.46], [77.233, 8.443], [77.306, 8.475], [77.307, 8.374], [77.407, 8.355], [77.455, 8.271], [77.549, 8.259], [77.538, 8.325], [77.559, 8.407], [77.551, 8.474], [77.511, 8.517], [77.557, 8.549], [77.553, 8.667], [77.496, 8.615], [77.368, 8.712], [77.311, 8.797], [77.334, 8.873], [77.274, 8.938], [77.191, 8.991], [77.225, 9.035], [77.157, 9.087], [77.073, 9.114]]]]}, "properties": {"name": "Pothigai", "elev": 1798}}, {"type": "Feature", "geometry": {"type": "MultiPolygon", "coordinates": [[[[77.454, 10.379], [77.419, 10.405], [77.323, 10.413], [77.247, 10.467], [77.157, 10.469], [77.062, 10.522], [76.869, 10.48], [76.864, 10.539], [76.757, 10.587], [76.622, 10.585], [76.628, 10.542], [76.554, 10.508], [76.472, 10.533], [76.351, 10.51], [76.356, 10.455], [76.438, 10.419], [76.466, 10.374], [76.446, 10.293], [76.57, 10.252], [76.577, 10.206], [76.632, 10.217], [76.723, 10.196], [76.782, 10.213], [76.855, 10.182], [76.894, 10.204], [77.028, 10.211], [77.21, 10.291], [77.454, 10.379]]], [[[76.347, 10.659], [76.311, 10.642], [76.289, 10.562], [76.37, 10.568], [76.398, 10.606], [76.347, 10.659]]]]}, "properties": {"name": "Anaimalai Hills", "elev": 2497}}, {"type": "Feature", "geometry": {"type": "MultiPolygon", "coordinates": [[[[81.257, 17.768], [81.166, 17.713], [81.223, 17.632], [81.269, 17.646], [81.323, 17.736], [81.257, 17.768]]], [[[81.193, 18.003], [81.206, 17.919], [81.263, 17.939], [81.251, 18], [81.193, 18.003]]], [[[80.602, 18.651], [80.574, 18.604], [80.615, 18.491], [80.686, 18.42], [80.661, 18.357], [80.587, 18.325], [80.667, 18.243], [80.692, 18.272], [80.809, 18.225], [80.773, 18.403], [80.726, 18.517], [80.63, 18.583], [80.602, 18.651]]], [[[81.265, 18.77], [81.267, 18.856], [81.237, 18.949], [81.197, 18.938], [81.199, 18.854], [81.18, 18.709], [81.136, 18.643], [81.189, 18.571], [81.189, 18.512], [81.247, 18.487], [81.312, 18.36], [81.247, 18.307], [81.255, 18.247], [81.356, 18.236], [81.449, 18.283], [81.446, 18.372], [81.421, 18.437], [81.314, 18.445], [81.258, 18.547], [81.274, 18.617], [81.249, 18.702], [81.265, 18.77]]], [[[81.305, 19.457], [81.236, 19.444], [81.224, 19.385], [81.286, 19.339], [81.253, 19.224], [81.152, 19.197], [81.127, 19.242], [80.924, 19.199], [80.865, 19.237], [80.839, 19.2], [80.893, 19.099], [80.999, 19.153], [81.049, 19.135], [81.08, 19.178], [81.235, 19.066], [81.236, 19.162], [81.308, 19.192], [81.352, 19.314], [81.305, 19.457]]], [[[80.722, 19.688], [80.675, 19.663], [80.658, 19.556], [80.678, 19.499], [80.748, 19.443], [80.706, 19.412], [80.714, 19.309], [80.756, 19.292], [80.845, 19.38], [80.877, 19.329], [80.995, 19.355], [80.988, 19.452], [80.943, 19.486], [80.872, 19.478], [80.876, 19.611], [80.758, 19.643], [80.722, 19.688]]], [[[80.968, 19.827], [80.929, 19.912], [80.89, 19.899], [80.92, 19.822], [80.968, 19.827]]], [[[81.13, 19.917], [81.044, 19.911], [81.099, 19.792], [81.132, 19.844], [81.13, 19.917]]]]}, "properties": {"name": "Bailadila Range", "elev": 1248}}, {"type": "Feature", "geometry": {"type": "Polygon", "coordinates": [[[91.144, 25.237], [91.034, 25.243], [91.01, 25.278], [90.894, 25.324], [90.861, 25.368], [90.846, 25.461], [90.78, 25.404], [90.684, 25.455], [90.588, 25.474], [90.48, 25.537], [90.458, 25.594], [90.396, 25.618], [90.322, 25.588], [90.293, 25.661], [90.418, 25.679], [90.404, 25.757], [90.345, 25.712], [90.263, 25.697], [90.267, 25.602], [90.192, 25.515], [90.212, 25.473], [90.299, 25.409], [90.485, 25.322], [90.624, 25.362], [90.727, 25.254], [90.773, 25.249], [90.819, 25.183], [90.974, 25.193], [91.175, 25.192], [91.144, 25.237]]]}, "properties": {"name": "Garo Hills", "elev": 1408}}, {"type": "Feature", "geometry": {"type": "Polygon", "coordinates": [[[91.058, 25.308], [91.144, 25.237], [91.175, 25.192], [91.357, 25.214], [91.437, 25.183], [91.511, 25.186], [91.717, 25.163], [92.056, 25.184], [92.21, 25.131], [92.24, 25.197], [92.201, 25.27], [92.235, 25.314], [92.186, 25.382], [92.132, 25.366], [92.136, 25.534], [92.16, 25.612], [92.154, 25.617], [92.094, 25.595], [92.019, 25.643], [91.925, 25.671], [91.85, 25.689], [91.834, 25.659], [91.736, 25.649], [91.732, 25.692], [91.662, 25.704], [91.631, 25.767], [91.577, 25.752], [91.483, 25.869], [91.408, 25.876], [91.329, 25.841], [91.33, 25.922], [91.275, 25.934], [91.243, 25.894], [91.068, 25.857], [90.974, 25.896], [90.955, 25.945], [90.893, 25.921], [90.82, 25.928], [90.787, 25.828], [90.751, 25.786], [90.826, 25.726], [90.976, 25.726], [91.005, 25.705], [91.113, 25.707], [91.159, 25.67], [91.154, 25.621], [91.363, 25.632], [91.384, 25.583], [91.451, 25.54], [91.5, 25.581], [91.546, 25.571], [91.659, 25.66], [91.693, 25.586], [91.779, 25.587], [91.736, 25.517], [91.749, 25.472], [91.84, 25.531], [91.928, 25.526], [91.928, 25.482], [91.802, 25.42], [91.769, 25.455], [91.676, 25.387], [91.585, 25.354], [91.538, 25.411], [91.494, 25.352], [91.448, 25.341], [91.405, 25.392], [91.31, 25.385], [91.234, 25.409], [91.259, 25.484], [91.158, 25.51], [91.105, 25.491], [91.039, 25.532], [90.968, 25.476], [90.985, 25.398], [90.992, 25.387], [90.998, 25.375], [91.058, 25.308]]]}, "properties": {"name": "Khasi Hills", "elev": 1955}}, {"type": "Feature", "geometry": {"type": "Polygon", "coordinates": [[[76.577, 10.206], [76.649, 10.172], [76.749, 10.056], [76.749, 10.017], [76.823, 9.954], [76.866, 9.962], [76.913, 9.922], [77.054, 9.851], [77.102, 9.812], [77.119, 9.808], [77.144, 9.808], [77.214, 9.819], [77.294, 9.825], [77.254, 9.913], [77.326, 10.018], [77.39, 10.005], [77.484, 10.064], [77.496, 10.127], [77.558, 10.188], [77.59, 10.131], [77.635, 10.139], [77.76, 10.258], [77.783, 10.246], [77.842, 10.357], [77.769, 10.409], [77.748, 10.488], [77.632, 10.432], [77.454, 10.379], [77.21, 10.291], [77.028, 10.211], [76.894, 10.204], [76.855, 10.182], [76.782, 10.213], [76.723, 10.196], [76.632, 10.217], [76.577, 10.206]]]}, "properties": {"name": "Palani Hills", "elev": 2652}}, {"type": "Feature", "geometry": {"type": "Polygon", "coordinates": [[[88.448, 27.006], [88.599, 27.088], [88.705, 27.065], [88.827, 27.061], [88.952, 27.023], [89.212, 26.97], [89.251, 26.98], [89.343, 26.909], [89.422, 26.93], [89.501, 26.903], [89.611, 26.905], [89.659, 26.88], [89.916, 26.86], [90.002, 26.879], [90.037, 26.912], [90.073, 26.976], [90.074, 27.222], [90.038, 27.272], [89.968, 27.301], [89.916, 27.351], [89.896, 27.473], [89.877, 27.531], [89.764, 27.465], [89.662, 27.445], [89.569, 27.38], [89.57, 27.328], [89.479, 27.335], [89.422, 27.43], [89.359, 27.457], [89.261, 27.656], [89.19, 27.651], [89.175, 27.732], [89.2, 27.852], [89.114, 27.872], [89.102, 27.936], [89.192, 27.974], [89.271, 28.043], [89.305, 28.108], [89.297, 28.158], [89.446, 28.219], [89.473, 28.3], [89.349, 28.255], [89.112, 28.225], [88.992, 28.248], [88.909, 28.189], [88.867, 28.206], [88.838, 28.16], [88.876, 28.087], [88.755, 28.125], [88.687, 28.117], [88.61, 28.179], [88.627, 28.048], [88.575, 27.95], [88.526, 27.916], [88.557, 27.804], [88.543, 27.766], [88.62, 27.621], [88.641, 27.551], [88.532, 27.522], [88.52, 27.408], [88.476, 27.362], [88.441, 27.262], [88.485, 27.204], [88.52, 27.149], [88.433, 27.081], [88.448, 27.006]]]}, "properties": {"name": "Dongkya Range", "elev": 6960}}, {"type": "Feature", "geometry": {"type": "Polygon", "coordinates": [[[91.85, 26.9], [91.889, 26.898], [92.065, 26.959], [92.157, 26.975], [92.156, 27.025], [92.106, 27.089], [92.119, 27.143], [92.084, 27.211], [92.14, 27.273], [92.058, 27.333], [92.081, 27.394], [91.994, 27.443], [91.92, 27.403], [91.885, 27.421], [91.704, 27.387], [91.525, 27.321], [91.568, 27.197], [91.543, 27.055], [91.552, 26.989], [91.614, 26.953], [91.629, 26.907], [91.711, 26.905], [91.845, 26.93], [91.85, 26.9]]]}, "properties": {"name": "Tawang Range", "elev": 4442}}, {"type": "Feature", "geometry": {"type": "MultiPolygon", "coordinates": [[[[93.051, 26.572], [93.046, 26.495], [93.14, 26.494], [93.144, 26.569], [93.051, 26.572]]], [[[93.394, 26.584], [93.313, 26.588], [93.287, 26.516], [93.2, 26.504], [93.06, 26.424], [93.001, 26.447], [92.934, 26.399], [92.887, 26.293], [92.82, 26.269], [92.784, 26.205], [92.794, 26.137], [92.914, 26.141], [92.938, 26.21], [92.997, 26.295], [93.105, 26.27], [93.199, 26.307], [93.217, 26.211], [93.163, 26.146], [93.335, 26.096], [93.438, 26.016], [93.574, 25.995], [93.682, 26.104], [93.691, 26.163], [93.736, 26.178], [93.755, 26.272], [93.711, 26.316], [93.793, 26.407], [93.706, 26.428], [93.671, 26.534], [93.613, 26.576], [93.523, 26.549], [93.455, 26.584], [93.394, 26.584]], [[93.266, 26.442], [93.246, 26.409], [93.072, 26.368], [93.044, 26.322], [92.948, 26.346], [93.01, 26.399], [93.089, 26.384], [93.138, 26.42], [93.266, 26.442]]]]}, "properties": {"name": "Mikir Hills", "elev": 1356}}, {"type": "Feature", "geometry": {"type": "Polygon", "coordinates": [[[77.225, 9.035], [77.309, 9.086], [77.382, 9.152], [77.329, 9.199], [77.367, 9.243], [77.354, 9.302], [77.378, 9.395], [77.433, 9.437], [77.471, 9.506], [77.641, 9.57], [77.592, 9.63], [77.609, 9.689], [77.667, 9.673], [77.739, 9.711], [77.748, 9.748], [77.672, 9.772], [77.636, 9.808], [77.654, 9.869], [77.697, 9.901], [77.749, 9.888], [77.785, 9.934], [77.707, 9.957], [77.784, 10.006], [77.739, 10.064], [77.652, 10.041], [77.642, 9.959], [77.597, 9.905], [77.517, 9.903], [77.434, 9.806], [77.361, 9.772], [77.281, 9.673], [77.267, 9.616], [77.203, 9.648], [77.294, 9.825], [77.214, 9.819], [77.214, 9.733], [77.171, 9.649], [77.1, 9.656], [77.147, 9.741], [77.144, 9.808], [77.119, 9.808], [77.102, 9.812], [77.054, 9.851], [76.913, 9.922], [76.866, 9.962], [76.823, 9.954], [76.753, 9.843], [76.674, 9.829], [76.815, 9.694], [76.806, 9.591], [76.924, 9.498], [76.863, 9.384], [76.915, 9.335], [76.925, 9.181], [77.073, 9.114], [77.157, 9.087], [77.225, 9.035]], [[77.176, 9.607], [77.243, 9.538], [77.149, 9.495], [77.044, 9.579], [77.061, 9.637], [77.176, 9.607]]]}, "properties": {"name": "Cardamom Hills", "elev": 1956}}, {"type": "Feature", "geometry": {"type": "Polygon", "coordinates": [[[98.477, 28.25], [98.469, 28.348], [98.459, 28.481], [98.391, 28.508], [98.367, 28.61], [98.355, 28.695], [98.258, 28.803], [98.179, 28.818], [98.143, 28.905], [98.085, 28.975], [98.081, 29.038], [97.992, 29.12], [97.958, 29.225], [97.886, 29.349], [97.832, 29.399], [97.758, 29.42], [97.658, 29.482], [97.575, 29.493], [97.529, 29.58], [97.431, 29.709], [97.422, 29.867], [97.341, 29.929], [97.28, 30.072], [97.192, 30.112], [97.149, 30.04], [97.06, 30.017], [96.988, 30.061], [96.851, 30.062], [96.74, 30.047], [96.66, 29.951], [96.711, 29.8], [96.736, 29.678], [96.718, 29.64], [96.778, 29.559], [96.76, 29.496], [96.836, 29.392], [96.946, 29.331], [96.953, 29.277], [97.029, 29.235], [97.143, 29.199], [97.259, 29.118], [97.279, 29.084], [97.401, 29.003], [97.488, 28.853], [97.473, 28.684], [97.454, 28.653], [97.236, 28.599], [97.128, 28.591], [97.048, 28.462], [97.015, 28.307], [97.036, 28.23], [97.026, 28.132], [96.986, 28.082], [96.969, 27.947], [96.925, 27.887], [96.99, 27.847], [96.988, 27.793], [97.035, 27.738], [97.059, 27.661], [97.134, 27.683], [97.139, 27.622], [97.196, 27.564], [97.312, 27.537], [97.384, 27.59], [97.425, 27.5], [97.563, 27.387], [97.593, 27.282], [97.65, 27.251], [97.689, 27.333], [97.868, 27.257], [97.886, 27.349], [97.932, 27.401], [97.948, 27.538], [98.05, 27.612], [98.024, 27.686], [98.129, 27.702], [98.165, 27.632], [98.238, 27.636], [98.347, 27.72], [98.323, 27.818], [98.345, 27.907], [98.313, 28.023], [98.332, 28.236], [98.477, 28.25]]]}, "properties": {"name": "Boshula Ling", "elev": 6091}}, {"type": "Feature", "geometry": {"type": "Polygon", "coordinates": [[[93.023, 26.992], [93.065, 26.978], [93.192, 26.996], [93.313, 27.02], [93.358, 27.059], [93.426, 27.021], [93.524, 27.064], [93.559, 27.116], [93.666, 27.166], [93.689, 27.217], [93.805, 27.27], [93.863, 27.374], [94.228, 27.576], [94.21, 27.609], [94.262, 27.662], [94.282, 27.73], [94.253, 27.774], [94.144, 27.775], [94.096, 27.75], [93.903, 27.8], [93.721, 27.757], [93.634, 27.751], [93.59, 27.809], [93.507, 27.772], [93.395, 27.753], [93.124, 27.624], [93.057, 27.655], [92.977, 27.562], [92.918, 27.512], [92.916, 27.453], [92.825, 27.387], [92.808, 27.325], [92.67, 27.247], [92.677, 27.164], [92.607, 27.136], [92.589, 27.084], [92.614, 27.033], [92.637, 27.014], [92.687, 27.051], [92.789, 27.061], [92.933, 26.992], [93.023, 26.992]]]}, "properties": {"name": "Dafla Hills", "elev": 3798}}, {"type": "Feature", "geometry": {"type": "Polygon", "coordinates": [[[95.16, 27.935], [95.167, 27.971], [95.261, 28.012], [95.303, 28.072], [95.292, 28.123], [95.209, 28.178], [95.112, 28.137], [95.028, 28.182], [94.956, 28.312], [94.885, 28.309], [94.8, 28.182], [94.796, 28.089], [94.72, 28.053], [94.694, 28.007], [94.619, 27.973], [94.499, 27.974], [94.45, 27.94], [94.302, 28.004], [94.229, 27.992], [94.128, 27.926], [94.155, 27.832], [94.144, 27.775], [94.253, 27.774], [94.282, 27.73], [94.262, 27.662], [94.453, 27.679], [94.497, 27.711], [94.574, 27.709], [94.641, 27.793], [94.716, 27.789], [94.79, 27.834], [94.884, 27.828], [94.945, 27.871], [95.014, 27.863], [95.103, 27.936], [95.16, 27.935]]]}, "properties": {"name": "Abor Range", "elev": 2349}}, {"type": "Feature", "geometry": {"type": "Polygon", "coordinates": [[[94.144, 27.775], [94.155, 27.832], [94.128, 27.926], [94.229, 27.992], [94.147, 28.097], [94.159, 28.236], [94.075, 28.291], [94.025, 28.369], [93.951, 28.37], [93.798, 28.414], [93.723, 28.408], [93.657, 28.395], [93.599, 28.349], [93.597, 28.306], [93.523, 28.278], [93.488, 28.222], [93.436, 28.216], [93.343, 28.113], [93.258, 28.128], [93.239, 28.06], [93.163, 28.016], [93.14, 27.952], [93.079, 27.897], [92.997, 27.882], [92.896, 27.774], [92.845, 27.778], [92.81, 27.692], [92.896, 27.612], [92.977, 27.562], [93.057, 27.655], [93.124, 27.624], [93.395, 27.753], [93.507, 27.772], [93.59, 27.809], [93.634, 27.751], [93.721, 27.757], [93.903, 27.8], [94.096, 27.75], [94.144, 27.775]]]}, "properties": {"name": "Miri Hills", "elev": 4241}}, {"type": "Feature", "geometry": {"type": "MultiPolygon", "coordinates": [[[[79.327, 32.867], [79.176, 32.947], [79.118, 33.044], [79.046, 33.126], [78.939, 33.215], [78.823, 33.156], [78.837, 33.077], [78.894, 33.008], [79.013, 32.792], [79.006, 32.725], [79.016, 32.603], [78.973, 32.548], [79.025, 32.402], [78.966, 32.382], [78.937, 32.3], [79.019, 32.17], [79.108, 32.121], [78.997, 31.98], [79.021, 31.86], [79.17, 31.869], [79.109, 31.815], [79.1, 31.697], [79.161, 31.674], [79.245, 31.678], [79.294, 31.637], [79.35, 31.638], [79.438, 31.553], [79.534, 31.499], [79.688, 31.482], [79.848, 31.488], [79.92, 31.426], [79.944, 31.337], [80.079, 31.264], [80.152, 31.171], [80.158, 31.117], [80.204, 31.03], [80.245, 31.039], [80.323, 30.95], [80.36, 30.837], [80.4, 30.913], [80.534, 30.909], [80.546, 30.866], [80.651, 30.773], [80.696, 30.809], [80.722, 30.884], [80.78, 30.843], [80.868, 30.841], [80.98, 30.804], [81.031, 30.735], [81.138, 30.695], [81.192, 30.831], [81.175, 30.871], [81.087, 30.938], [81.033, 30.868], [80.957, 30.876], [80.965, 30.939], [80.926, 31.013], [80.828, 31.099], [80.733, 31.117], [80.641, 31.111], [80.653, 31.201], [80.721, 31.225], [80.602, 31.326], [80.552, 31.305], [80.507, 31.357], [80.486, 31.44], [80.436, 31.47], [80.296, 31.659], [80.227, 31.842], [80.185, 31.887], [80.162, 31.897], [79.994, 32.08], [79.915, 32.186], [79.922, 32.22], [79.856, 32.313], [79.796, 32.35], [79.7, 32.443], [79.655, 32.526], [79.554, 32.617], [79.424, 32.738], [79.409, 32.785], [79.327, 32.867]], [[79.588, 32.244], [79.659, 32.144], [79.685, 32.052], [79.749, 31.975], [79.769, 31.897], [79.817, 31.869], [79.835, 31.791], [79.785, 31.747], [79.747, 31.867], [79.682, 31.828], [79.71, 31.768], [79.706, 31.702], [79.601, 31.626], [79.555, 31.705], [79.515, 31.722], [79.468, 31.862], [79.542, 31.974], [79.499, 32.024], [79.349, 31.954], [79.486, 32.122], [79.46, 32.159], [79.551, 32.191], [79.588, 32.244]]], [[[79.56, 32.142], [79.488, 32.084], [79.589, 32.045], [79.553, 31.965], [79.586, 31.93], [79.663, 31.996], [79.639, 32.075], [79.592, 32.074], [79.56, 32.142]]]]}, "properties": {"name": "Ayila Riju", "elev": 6344}}, {"type": "Feature", "geometry": {"type": "MultiPolygon", "coordinates": [[[[92.421, 23.733], [92.394, 23.743], [92.412, 23.86], [92.402, 23.939], [92.424, 24.134], [92.361, 24.1], [92.337, 23.95], [92.344, 23.879], [92.301, 23.669], [92.362, 23.46], [92.392, 23.437], [92.398, 23.346], [92.439, 23.363], [92.457, 23.438], [92.415, 23.69], [92.421, 23.733]]], [[[92.166, 23.907], [92.124, 23.881], [92.127, 23.774], [92.197, 23.765], [92.166, 23.907]]], [[[92.238, 23.491], [92.269, 23.506], [92.294, 23.69], [92.307, 23.987], [92.303, 24.119], [92.25, 24.154], [92.247, 23.931], [92.222, 23.825], [92.227, 23.703], [92.197, 23.605], [92.238, 23.491]]], [[[92.435, 24.157], [92.458, 24.258], [92.411, 24.275], [92.391, 24.176], [92.435, 24.157]]]]}, "properties": {"name": "Jampui Hills", "elev": 1083}}, {"type": "Feature", "geometry": {"type": "Polygon", "coordinates": [[[73.804, 19.342], [73.867, 19.312], [73.978, 19.303], [74.022, 19.357], [74.02, 19.403], [73.895, 19.439], [73.82, 19.424], [73.82, 19.481], [73.863, 19.533], [73.783, 19.545], [73.822, 19.6], [73.834, 19.668], [73.891, 19.732], [73.875, 19.798], [73.825, 19.79], [73.822, 19.73], [73.774, 19.665], [73.656, 19.623], [73.57, 19.645], [73.563, 19.764], [73.509, 19.737], [73.503, 19.675], [73.595, 19.514], [73.651, 19.484], [73.675, 19.405], [73.735, 19.354], [73.804, 19.342]]]}, "properties": {"name": "Harichandra Range", "elev": 1571}}, {"type": "Feature", "geometry": {"type": "Polygon", "coordinates": [[[73.71, 18.123], [73.69, 18.163], [73.579, 18.142], [73.481, 18.01], [73.644, 17.932], [73.689, 17.936], [73.81, 17.812], [73.93, 17.741], [73.963, 17.793], [73.903, 17.93], [73.9, 17.999], [74.016, 17.886], [74.047, 17.998], [73.894, 18.075], [73.906, 18.125], [73.809, 18.143], [73.782, 18.095], [73.71, 18.123]]]}, "properties": {"name": "Mahadeo Range", "elev": 1410}}, {"type": "Feature", "geometry": {"type": "Polygon", "coordinates": [[[75.591, 20.55], [75.505, 20.512], [75.459, 20.524], [75.372, 20.491], [75.334, 20.455], [75.261, 20.461], [75.198, 20.429], [75.19, 20.369], [75.286, 20.429], [75.482, 20.495], [75.597, 20.513], [75.591, 20.55]]]}, "properties": {"name": "Ajanta Range", "elev": 941}}, {"type": "Feature", "geometry": {"type": "MultiPolygon", "coordinates": [[[[84.889, 20.723], [84.842, 20.787], [84.809, 20.72], [84.903, 20.576], [84.999, 20.574], [85.211, 20.459], [85.394, 20.459], [85.398, 20.515], [85.259, 20.555], [85.238, 20.611], [85.17, 20.624], [84.952, 20.734], [84.889, 20.723]]], [[[84.879, 20.504], [84.888, 20.565], [84.813, 20.629], [84.812, 20.676], [84.727, 20.693], [84.664, 20.781], [84.551, 20.843], [84.453, 20.841], [84.522, 20.771], [84.64, 20.686], [84.654, 20.633], [84.719, 20.612], [84.764, 20.612], [84.879, 20.504]]]]}, "properties": {"name": "Kanaka Hills", "elev": 961}}, {"type": "Feature", "geometry": {"type": "MultiPolygon", "coordinates": [[[[84.719, 20.612], [84.696, 20.551], [84.635, 20.586], [84.533, 20.588], [84.435, 20.552], [84.43, 20.609], [84.35, 20.72], [84.279, 20.697], [84.216, 20.622], [84.18, 20.663], [84.112, 20.656], [84.041, 20.676], [83.886, 20.678], [83.891, 20.624], [83.837, 20.572], [83.79, 20.568], [83.778, 20.493], [83.732, 20.384], [83.64, 20.336], [83.561, 20.322], [83.572, 20.27], [83.644, 20.141], [83.789, 20.11], [83.8, 20.038], [83.784, 19.922], [83.7, 19.954], [83.694, 20.043], [83.64, 20.12], [83.58, 20.074], [83.468, 20.077], [83.423, 20.022], [83.402, 19.934], [83.491, 19.864], [83.604, 19.707], [83.616, 19.606], [83.578, 19.567], [83.618, 19.497], [83.584, 19.47], [83.496, 19.456], [83.462, 19.404], [83.532, 19.329], [83.482, 19.218], [83.441, 19.212], [83.431, 19.097], [83.462, 18.958], [83.501, 18.907], [83.603, 18.87], [83.624, 18.74], [83.862, 18.526], [83.903, 18.538], [83.891, 18.61], [83.908, 18.668], [83.884, 18.747], [83.829, 18.779], [83.853, 18.825], [83.827, 18.887], [83.742, 18.985], [83.716, 18.953], [83.628, 18.966], [83.623, 19.016], [83.655, 19.133], [83.613, 19.166], [83.669, 19.232], [83.725, 19.228], [83.761, 19.303], [83.746, 19.34], [83.772, 19.42], [83.905, 19.309], [83.874, 19.204], [83.932, 19.155], [83.843, 19.099], [83.818, 19.022], [83.861, 18.944], [83.94, 18.886], [83.964, 18.826], [84.051, 18.863], [84.107, 18.805], [84.153, 18.902], [84.228, 18.855], [84.257, 18.728], [84.314, 18.743], [84.303, 18.82], [84.36, 18.837], [84.434, 18.907], [84.439, 18.949], [84.543, 19.004], [84.487, 19.127], [84.393, 19.14], [84.391, 19.182], [84.488, 19.254], [84.436, 19.286], [84.418, 19.454], [84.499, 19.451], [84.561, 19.495], [84.547, 19.546], [84.377, 19.662], [84.3, 19.815], [84.338, 19.863], [84.399, 19.846], [84.462, 19.776], [84.526, 19.875], [84.447, 19.943], [84.445, 20.063], [84.54, 20.12], [84.602, 20.116], [84.678, 20.078], [84.757, 20.233], [84.764, 20.394], [84.813, 20.417], [84.79, 20.511], [84.879, 20.504], [84.764, 20.612], [84.719, 20.612]], [[84.06, 20.073], [84.066, 20.015], [84.151, 19.882], [84.112, 19.861], [84.069, 19.913], [84.006, 19.944], [83.797, 20.162], [83.812, 20.298], [83.87, 20.313], [83.923, 20.372], [83.818, 20.501], [83.886, 20.582], [83.997, 20.544], [84.136, 20.569], [84.178, 20.52], [84.268, 20.515], [84.403, 20.478], [84.432, 20.376], [84.384, 20.337], [84.335, 20.142], [84.275, 20.131], [84.257, 20.038], [84.184, 20.036], [84.205, 20.111], [84.163, 20.217], [84.072, 20.198], [84.093, 20.14], [84.06, 20.073]], [[83.758, 19.863], [83.721, 19.786], [83.772, 19.668], [83.688, 19.619], [83.689, 19.732], [83.73, 19.874], [83.758, 19.863]], [[84.316, 19.505], [84.359, 19.422], [84.24, 19.35], [84.261, 19.442], [84.316, 19.505]]], [[[84.674, 19.368], [84.616, 19.335], [84.565, 19.23], [84.696, 19.179], [84.723, 19.272], [84.674, 19.368]]], [[[85.251, 20.005], [85.249, 20.06], [85.122, 19.968], [85.053, 19.995], [85.014, 19.922], [84.972, 19.923], [84.903, 19.793], [85.023, 19.833], [84.982, 19.763], [84.906, 19.772], [84.9, 19.703], [84.952, 19.676], [85.088, 19.815], [85.206, 19.872], [85.276, 19.934], [85.36, 19.973], [85.251, 20.005]]], [[[85.051, 20.089], [85.006, 20.147], [84.953, 20.106], [84.975, 20.054], [85.051, 20.089]]], [[[85.263, 20.147], [85.203, 20.144], [85.198, 20.078], [85.268, 20.099], [85.263, 20.147]]], [[[85.07, 20.288], [85.033, 20.224], [85.133, 20.196], [85.141, 20.291], [85.07, 20.288]]], [[[84.012, 20.464], [83.928, 20.45], [83.946, 20.401], [84.032, 20.411], [84.012, 20.464]]], [[[84.536, 20.693], [84.492, 20.683], [84.476, 20.616], [84.533, 20.603], [84.568, 20.66], [84.536, 20.693]]]]}, "properties": {"name": "Khondmal Hills", "elev": 1469}}, {"type": "Feature", "geometry": {"type": "MultiPolygon", "coordinates": [[[[79.25, 13.475], [79.271, 13.501], [79.371, 13.51], [79.433, 13.474], [79.491, 13.503], [79.381, 13.574], [79.312, 13.588], [79.322, 13.647], [79.38, 13.628], [79.484, 13.658], [79.376, 13.84], [79.332, 13.857], [79.187, 13.969], [79.139, 14.023], [79.092, 13.997], [79.014, 14.095], [78.949, 14.062], [79.018, 13.978], [79.02, 13.939], [79.184, 13.819], [79.219, 13.741], [79.211, 13.666], [79.174, 13.654], [79.125, 13.543], [79.178, 13.477], [79.217, 13.485], [79.25, 13.475]]], [[[78.645, 14.397], [78.622, 14.415], [78.51, 14.384], [78.456, 14.338], [78.369, 14.309], [78.421, 14.248], [78.486, 14.305], [78.559, 14.25], [78.695, 14.297], [78.645, 14.397]]], [[[78.924, 14.468], [78.851, 14.434], [78.879, 14.376], [78.955, 14.287], [78.866, 14.224], [78.959, 14.107], [78.994, 14.126], [79.023, 14.262], [79.074, 14.26], [79.153, 14.328], [79.17, 14.369], [79.113, 14.424], [79.085, 14.377], [79.134, 14.339], [79.07, 14.301], [79.006, 14.3], [78.94, 14.411], [78.924, 14.468]]]]}, "properties": {"name": "Palkonda Range", "elev": 1133}}, {"type": "Feature", "geometry": {"type": "Polygon", "coordinates": [[[75.697, 13.62], [75.604, 13.581], [75.506, 13.433], [75.547, 13.341], [75.509, 13.318], [75.595, 13.202], [75.692, 13.328], [75.679, 13.359], [75.854, 13.347], [75.885, 13.506], [75.838, 13.545], [75.697, 13.62]]]}, "properties": {"name": "Baba Budan Hills", "elev": 1879}}, {"type": "Feature", "geometry": {"type": "Polygon", "coordinates": [[[78.302, 11.752], [78.376, 11.728], [78.478, 11.75], [78.552, 11.819], [78.561, 11.859], [78.634, 11.934], [78.663, 11.993], [78.619, 12.1], [78.573, 12.016], [78.447, 11.948], [78.358, 11.837], [78.302, 11.752]]]}, "properties": {"name": "Kalvarayn Hills", "elev": 1227}}, {"type": "Feature", "geometry": {"type": "Polygon", "coordinates": [[[82.927, 20.952], [82.82, 20.902], [82.754, 20.807], [82.843, 20.798], [82.905, 20.875], [83.007, 20.896], [83.021, 20.951], [82.927, 20.952]]]}, "properties": {"name": "Gandhamardhan hills", "elev": 1001}}, {"type": "Feature", "geometry": {"type": "Polygon", "coordinates": [[[83.333, 19.667], [83.31, 19.553], [83.368, 19.481], [83.333, 19.402], [83.369, 19.385], [83.401, 19.349], [83.462, 19.404], [83.496, 19.456], [83.457, 19.493], [83.493, 19.569], [83.45, 19.742], [83.36, 19.696], [83.333, 19.667]]]}, "properties": {"name": "Niyamgiri Range", "elev": 1469}}, {"type": "Feature", "geometry": {"type": "MultiPolygon", "coordinates": [[[[74.086, 20.48], [74.022, 20.431], [73.952, 20.43], [73.936, 20.471], [73.853, 20.449], [73.89, 20.368], [74.016, 20.346], [74.058, 20.368], [74.152, 20.366], [74.253, 20.31], [74.289, 20.321], [74.256, 20.411], [74.156, 20.415], [74.131, 20.477], [74.086, 20.48]]], [[[73.662, 20.622], [73.513, 20.673], [73.541, 20.6], [73.646, 20.571], [73.662, 20.622]]], [[[73.603, 20.795], [73.556, 20.795], [73.559, 20.707], [73.612, 20.692], [73.638, 20.753], [73.603, 20.795]]], [[[74.173, 20.876], [73.992, 20.878], [73.915, 20.859], [73.899, 20.76], [73.789, 20.749], [73.799, 20.632], [73.865, 20.601], [73.962, 20.605], [73.98, 20.649], [74.084, 20.713], [74.065, 20.8], [74.15, 20.86], [74.265, 20.811], [74.347, 20.86], [74.173, 20.876]]]]}, "properties": {"name": "Satmala Range", "elev": 1495}}, {"type": "Feature", "geometry": {"type": "MultiPolygon", "coordinates": [[[[93.175, 25.267], [93.065, 25.366], [92.963, 25.426], [92.935, 25.541], [92.758, 25.53], [92.738, 25.595], [92.744, 25.698], [92.682, 25.801], [92.6, 25.795], [92.551, 25.748], [92.568, 25.699], [92.714, 25.663], [92.654, 25.584], [92.751, 25.536], [92.701, 25.433], [92.795, 25.407], [92.813, 25.32], [92.727, 25.368], [92.597, 25.37], [92.391, 25.287], [92.336, 25.316], [92.235, 25.314], [92.201, 25.27], [92.24, 25.197], [92.21, 25.131], [92.251, 25.094], [92.374, 25.064], [92.432, 25.016], [92.708, 24.999], [92.81, 24.965], [92.898, 24.985], [92.98, 25.054], [93.031, 25.147], [93.175, 25.267]]], [[[91.631, 25.767], [91.735, 25.76], [91.817, 25.832], [91.915, 25.791], [92.032, 25.914], [92.131, 25.926], [92.061, 25.844], [91.964, 25.788], [91.85, 25.689], [91.925, 25.671], [92.016, 25.786], [92.107, 25.741], [92.202, 25.736], [92.269, 25.784], [92.337, 25.769], [92.419, 25.82], [92.465, 25.758], [92.557, 25.795], [92.538, 25.844], [92.48, 25.878], [92.606, 25.948], [92.541, 25.97], [92.495, 26.025], [92.486, 26.095], [92.391, 26.15], [92.22, 26.032], [92.127, 26.102], [92.025, 26.088], [92.046, 26.032], [91.976, 26.017], [91.83, 26.055], [91.776, 26.013], [91.793, 25.961], [91.698, 25.897], [91.64, 25.824], [91.597, 25.887], [91.649, 26.011], [91.736, 26.049], [91.668, 26.092], [91.563, 26.025], [91.478, 25.942], [91.483, 25.869], [91.577, 25.752], [91.631, 25.767]], [[92.197, 25.945], [92.386, 26.038], [92.411, 25.974], [92.468, 25.932], [92.45, 25.894], [92.367, 25.85], [92.213, 25.882], [92.197, 25.945]]], [[[91.962, 26.225], [91.896, 26.222], [91.89, 26.175], [91.966, 26.168], [91.962, 26.225]]]]}, "properties": {"name": "Jaintia Hills", "elev": 1707}}, {"type": "Feature", "geometry": {"type": "MultiPolygon", "coordinates": [[[[82.819, 19.421], [82.742, 19.354], [82.749, 19.28], [82.826, 19.322], [82.848, 19.387], [82.819, 19.421]]], [[[82.68, 19.507], [82.633, 19.498], [82.688, 19.407], [82.743, 19.418], [82.68, 19.507]]], [[[82.59, 19.709], [82.529, 19.643], [82.564, 19.554], [82.616, 19.685], [82.59, 19.709]]], [[[82.547, 19.799], [82.484, 19.754], [82.504, 19.71], [82.574, 19.735], [82.547, 19.799]]]]}, "properties": {"name": "Ambapani Hills", "elev": 902}}, {"type": "Feature", "geometry": {"type": "Polygon", "coordinates": [[[82.578, 20.461], [82.507, 20.565], [82.501, 20.464], [82.448, 20.43], [82.415, 20.353], [82.349, 20.391], [82.287, 20.376], [82.301, 20.306], [82.346, 20.268], [82.339, 20.213], [82.368, 20.153], [82.423, 20.123], [82.474, 20.18], [82.513, 20.305], [82.589, 20.312], [82.597, 20.382], [82.578, 20.461]]]}, "properties": {"name": "Sunabeda Plateau", "elev": 1004}}, {"type": "Feature", "geometry": {"type": "MultiPolygon", "coordinates": [[[[77.564, 11.679], [77.613, 11.676], [77.664, 11.736], [77.699, 11.699], [77.701, 11.626], [77.855, 11.729], [77.778, 11.833], [77.713, 11.807], [77.676, 11.907], [77.721, 12.092], [77.73, 12.173], [77.8, 12.136], [77.879, 12.176], [77.901, 12.217], [77.962, 12.23], [77.968, 12.303], [77.999, 12.37], [77.945, 12.457], [77.745, 12.359], [77.744, 12.294], [77.665, 12.311], [77.749, 12.389], [77.677, 12.451], [77.648, 12.352], [77.581, 12.356], [77.465, 12.282], [77.459, 12.209], [77.55, 12.184], [77.504, 12.119], [77.508, 12.02], [77.477, 11.964], [77.484, 11.9], [77.555, 11.732], [77.564, 11.679]]], [[[77.806, 12.129], [77.763, 12.096], [77.706, 11.994], [77.754, 11.971], [77.816, 12.1], [77.806, 12.129]]], [[[77.334, 12.272], [77.321, 12.183], [77.383, 12.191], [77.334, 12.272]]], [[[77.243, 12.273], [77.19, 12.292], [77.162, 12.21], [77.235, 12.208], [77.243, 12.273]]], [[[77.266, 12.409], [77.264, 12.322], [77.321, 12.303], [77.36, 12.252], [77.422, 12.239], [77.44, 12.308], [77.38, 12.392], [77.266, 12.409]]]]}, "properties": {"name": "Male Mahadeshwara Hills", "elev": 1472}}, {"type": "Feature", "geometry": {"type": "Polygon", "coordinates": [[[86.16, 24.009], [86.086, 23.996], [86.11, 23.928], [86.174, 23.913], [86.205, 23.944], [86.16, 24.009]]]}, "properties": {"name": "Parasnath Range", "elev": 1327}}, {"type": "Feature", "geometry": {"type": "Polygon", "coordinates": [[[86.161, 23.161], [86.096, 23.159], [86.07, 23.117], [86.136, 23.12], [86.161, 23.161]]]}, "properties": {"name": "Ajodhya Hills", "elev": 664}}, {"type": "Feature", "geometry": {"type": "Polygon", "coordinates": [[[82.509, 23.885], [82.485, 23.93], [82.391, 23.852], [82.361, 23.787], [82.499, 23.775], [82.518, 23.715], [82.584, 23.732], [82.595, 23.817], [82.509, 23.885]]]}, "properties": {"name": "Baghelkhand Hills", "elev": 1017}}, {"type": "Feature", "geometry": {"type": "Polygon", "coordinates": [[[87.518, 24.664], [87.463, 24.653], [87.437, 24.565], [87.483, 24.572], [87.518, 24.664]]]}, "properties": {"name": "Rajmahal Hills", "elev": 584}}, {"type": "Feature", "geometry": {"type": "MultiPolygon", "coordinates": [[[[75.443, 27.709], [75.345, 27.676], [75.324, 27.61], [75.417, 27.598], [75.443, 27.709]]], [[[75.628, 27.838], [75.558, 27.812], [75.544, 27.732], [75.647, 27.753], [75.628, 27.838]]]]}, "properties": {"name": "Northern Aravalli Range", "elev": 1029}}, {"type": "Feature", "geometry": {"type": "Polygon", "coordinates": [[[79.882, 13.55], [79.858, 13.656], [79.798, 13.667], [79.813, 13.591], [79.74, 13.484], [79.751, 13.424], [79.831, 13.456], [79.882, 13.55]]]}, "properties": {"name": "N\u0101gal\u0101puram Hills", "elev": 824}}, {"type": "Feature", "geometry": {"type": "Polygon", "coordinates": [[[78.436, 13.613], [78.448, 13.664], [78.393, 13.682], [78.332, 13.645], [78.362, 13.605], [78.366, 13.494], [78.393, 13.449], [78.452, 13.487], [78.409, 13.53], [78.436, 13.613]]]}, "properties": {"name": "Horsley Hills", "elev": 1335}}, {"type": "Feature", "geometry": {"type": "Polygon", "coordinates": [[[79.734, 13.639], [79.657, 13.655], [79.594, 13.574], [79.539, 13.532], [79.639, 13.414], [79.683, 13.452], [79.745, 13.574], [79.734, 13.639]]]}, "properties": {"name": "Nagari Hills", "elev": 1008}}, {"type": "Feature", "geometry": {"type": "Polygon", "coordinates": [[[86.26, 25.008], [86.266, 25.031], [86.227, 25.05], [86.226, 25.018], [86.26, 25.008]]]}, "properties": {"name": "Kharagpur Hills", "elev": 484}}, {"type": "Feature", "geometry": {"type": "Polygon", "coordinates": [[[86.168, 24.822], [86.166, 24.884], [86.125, 24.899], [86.112, 24.845], [86.168, 24.822]]]}, "properties": {"name": "Jamui Hill Range", "elev": 525}}, {"type": "Feature", "geometry": {"type": "Polygon", "coordinates": [[[83.271, 17.809], [83.222, 17.796], [83.225, 17.739], [83.326, 17.741], [83.271, 17.809]]]}, "properties": {"name": "Kambalakonda Hills", "elev": 515}}, {"type": "Feature", "geometry": {"type": "Polygon", "coordinates": [[[74.627, 35.746], [74.651, 35.707], [74.611, 35.627], [74.645, 35.571], [74.604, 35.494], [74.483, 35.477], [74.433, 35.42], [74.253, 35.422], [74.15, 35.408], [74.13, 35.313], [74.023, 35.231], [73.975, 35.108], [73.938, 35.074], [73.925, 34.964], [73.791, 34.922], [73.722, 34.947], [73.51, 34.809], [73.576, 34.722], [73.559, 34.677], [73.446, 34.661], [73.357, 34.578], [73.354, 34.481], [73.357, 34.424], [73.477, 34.289], [73.461, 34.378], [73.515, 34.453], [73.668, 34.447], [73.771, 34.389], [73.892, 34.565], [73.93, 34.644], [74.018, 34.734], [74.111, 34.703], [74.151, 34.778], [74.227, 34.827], [74.418, 34.82], [74.847, 34.705], [74.909, 34.678], [74.995, 34.749], [75.085, 34.792], [75.103, 34.84], [75.057, 34.903], [75.099, 34.957], [75.101, 35.036], [75.053, 35.111], [74.948, 35.196], [75.034, 35.23], [75.113, 35.211], [75.206, 35.243], [75.271, 35.313], [75.345, 35.332], [75.341, 35.378], [75.462, 35.437], [75.362, 35.47], [75.342, 35.568], [75.151, 35.603], [75.062, 35.631], [74.987, 35.629], [74.918, 35.693], [74.822, 35.722], [74.749, 35.715], [74.735, 35.854], [74.665, 35.832], [74.627, 35.746]]]}, "properties": {"name": "Nanga Parbat", "elev": 8015}}, {"type": "Feature", "geometry": {"type": "Polygon", "coordinates": [[[75.694, 33.396], [75.736, 33.469], [75.728, 33.518], [75.97, 33.641], [76.137, 33.67], [76.304, 33.773], [76.398, 33.846], [76.453, 33.903], [76.455, 33.97], [76.37, 34.014], [76.234, 34.129], [76.213, 34.203], [76.17, 34.207], [75.97, 34.28], [75.92, 34.355], [75.914, 34.443], [75.99, 34.534], [75.953, 34.628], [75.9, 34.631], [75.83, 34.616], [75.644, 34.663], [75.584, 34.645], [75.493, 34.668], [75.349, 34.751], [75.218, 34.849], [75.195, 34.752], [75.085, 34.792], [74.995, 34.749], [74.909, 34.678], [74.847, 34.705], [74.418, 34.82], [74.227, 34.827], [74.151, 34.778], [74.111, 34.703], [74.018, 34.734], [73.93, 34.644], [73.892, 34.565], [73.771, 34.389], [73.92, 34.399], [73.996, 34.453], [74.081, 34.477], [74.174, 34.505], [74.21, 34.465], [74.31, 34.414], [74.391, 34.396], [74.417, 34.36], [74.514, 34.364], [74.567, 34.432], [74.641, 34.434], [74.703, 34.244], [74.795, 34.272], [74.788, 34.206], [74.888, 34.164], [74.842, 34.074], [74.908, 34.036], [74.963, 34.058], [74.979, 33.964], [75.115, 33.828], [75.285, 33.736], [75.244, 33.629], [75.336, 33.578], [75.406, 33.609], [75.584, 33.474], [75.626, 33.412], [75.694, 33.396]]]}, "properties": {"name": "Nun Kun", "elev": 7037}}, {"type": "Feature", "geometry": {"type": "Polygon", "coordinates": [[[78.458, 30.754], [78.545, 30.743], [78.618, 30.786], [78.626, 30.84], [78.676, 30.895], [78.73, 31.043], [78.926, 31.051], [78.978, 31.111], [79.069, 31.13], [79.18, 31.103], [79.336, 31.097], [79.407, 31.148], [79.584, 31.168], [79.604, 31.235], [79.76, 31.294], [79.868, 31.283], [79.925, 31.304], [79.944, 31.337], [79.92, 31.426], [79.848, 31.488], [79.688, 31.482], [79.534, 31.499], [79.438, 31.553], [79.35, 31.638], [79.294, 31.637], [79.245, 31.678], [79.161, 31.674], [79.1, 31.697], [79.109, 31.815], [79.17, 31.869], [79.021, 31.86], [78.959, 31.786], [78.893, 31.809], [78.782, 31.803], [78.688, 31.836], [78.621, 31.753], [78.58, 31.757], [78.431, 31.631], [78.441, 31.582], [78.292, 31.593], [78.279, 31.525], [78.222, 31.5], [78.057, 31.524], [77.988, 31.566], [77.811, 31.551], [77.629, 31.451], [77.55, 31.387], [77.629, 31.201], [77.724, 31.157], [77.822, 31.066], [77.871, 30.945], [77.972, 30.978], [78.08, 30.87], [78.124, 30.791], [78.252, 30.829], [78.351, 30.776], [78.361, 30.743], [78.458, 30.754]]]}, "properties": {"name": "Kinnaur Kailash Range", "elev": 6311}}, {"type": "Feature", "geometry": {"type": "Polygon", "coordinates": [[[91.21, 28.462], [91.164, 28.415], [91.245, 28.353], [91.203, 28.282], [91.192, 28.177], [91.116, 28.118], [91.088, 28.055], [91.17, 27.991], [91.082, 27.772], [91.22, 27.645], [91.168, 27.46], [91.21, 27.302], [91.251, 27.282], [91.37, 27.32], [91.404, 27.262], [91.525, 27.321], [91.704, 27.387], [91.885, 27.421], [91.92, 27.403], [91.994, 27.443], [92.081, 27.394], [92.128, 27.461], [92.365, 27.5], [92.5, 27.546], [92.576, 27.547], [92.63, 27.645], [92.747, 27.621], [92.81, 27.692], [92.845, 27.778], [92.896, 27.774], [92.997, 27.882], [93.079, 27.897], [93.14, 27.952], [93.163, 28.016], [93.239, 28.06], [93.258, 28.128], [93.343, 28.113], [93.436, 28.216], [93.488, 28.222], [93.523, 28.278], [93.597, 28.306], [93.599, 28.349], [93.657, 28.395], [93.723, 28.408], [93.716, 28.455], [93.647, 28.576], [93.678, 28.683], [93.643, 28.739], [93.724, 28.786], [93.824, 28.801], [93.88, 28.829], [93.828, 28.928], [93.887, 29.02], [93.873, 29.135], [93.779, 29.152], [93.722, 29.134], [93.63, 29.173], [93.471, 29.174], [93.312, 29.004], [93.384, 28.969], [93.38, 28.855], [93.338, 28.822], [93.326, 28.696], [93.08, 28.709], [92.93, 28.603], [92.88, 28.541], [92.838, 28.561], [92.701, 28.565], [92.526, 28.603], [92.52, 28.482], [92.536, 28.424], [92.432, 28.407], [92.231, 28.443], [92.078, 28.386], [91.988, 28.397], [91.907, 28.445], [91.797, 28.399], [91.742, 28.48], [91.617, 28.444], [91.43, 28.436], [91.406, 28.451], [91.258, 28.449], [91.21, 28.462]]]}, "properties": {"name": "Kangto Range", "elev": 7081}}, {"type": "Feature", "geometry": {"type": "Polygon", "coordinates": [[[95.439, 29.475], [95.373, 29.572], [95.38, 29.67], [95.322, 29.707], [95.284, 29.811], [95.153, 29.751], [95.074, 29.743], [94.994, 29.772], [94.895, 29.697], [94.936, 29.603], [94.879, 29.522], [94.784, 29.474], [94.635, 29.471], [94.461, 29.414], [94.396, 29.331], [94.358, 29.321], [94.254, 29.262], [94.179, 29.2], [94.222, 29.127], [94.275, 29.152], [94.325, 29.116], [94.412, 29.117], [94.493, 29.049], [94.52, 28.959], [94.603, 28.882], [94.689, 28.84], [94.76, 28.869], [94.782, 28.924], [94.907, 28.991], [94.897, 29.029], [95.016, 29.174], [95.088, 29.187], [95.145, 29.241], [95.27, 29.293], [95.349, 29.362], [95.439, 29.475]]]}, "properties": {"name": "Namcha Barwa Himal", "elev": 7207}}, {"type": "Feature", "geometry": {"type": "Polygon", "coordinates": [[[94.76, 28.869], [94.689, 28.84], [94.603, 28.882], [94.52, 28.959], [94.493, 29.049], [94.412, 29.117], [94.325, 29.116], [94.275, 29.152], [94.222, 29.127], [94.179, 29.2], [94.041, 29.208], [93.92, 29.186], [93.873, 29.135], [93.887, 29.02], [93.828, 28.928], [93.88, 28.829], [93.824, 28.801], [93.724, 28.786], [93.643, 28.739], [93.678, 28.683], [93.647, 28.576], [93.716, 28.455], [93.723, 28.408], [93.798, 28.414], [93.951, 28.37], [94.025, 28.369], [94.075, 28.291], [94.159, 28.236], [94.147, 28.097], [94.229, 27.992], [94.302, 28.004], [94.45, 27.94], [94.499, 27.974], [94.619, 27.973], [94.694, 28.007], [94.72, 28.053], [94.796, 28.089], [94.8, 28.182], [94.885, 28.309], [94.956, 28.312], [95.072, 28.364], [95.103, 28.463], [95.071, 28.582], [95.013, 28.674], [94.949, 28.732], [94.773, 28.831], [94.76, 28.869]]]}, "properties": {"name": "Pachkshiri Range", "elev": 5480}}, {"type": "Feature", "geometry": {"type": "MultiPolygon", "coordinates": [[[[84.806, 27.535], [84.765, 27.456], [84.835, 27.447], [84.899, 27.468], [85.012, 27.427], [85.042, 27.458], [85.043, 27.499], [84.992, 27.557], [84.93, 27.587], [84.806, 27.535]]], [[[83.464, 27.748], [83.46, 27.696], [83.63, 27.655], [83.711, 27.62], [83.92, 27.455], [83.944, 27.525], [83.871, 27.566], [83.841, 27.653], [83.956, 27.637], [83.942, 27.722], [83.908, 27.734], [83.716, 27.741], [83.671, 27.778], [83.61, 27.718], [83.507, 27.755], [83.464, 27.748]]], [[[84.334, 27.409], [84.261, 27.4], [84.267, 27.341], [84.348, 27.33], [84.53, 27.333], [84.445, 27.411], [84.334, 27.409]]], [[[84.523, 27.526], [84.383, 27.522], [84.368, 27.47], [84.444, 27.437], [84.528, 27.435], [84.607, 27.513], [84.523, 27.526]]]]}, "properties": {"name": "Sumesar Range", "elev": 1838}}, {"type": "Feature", "geometry": {"type": "Polygon", "coordinates": [[[80.277, 29.148], [80.142, 29.079], [80.161, 29.029], [80.24, 28.993], [80.33, 29.007], [80.402, 28.982], [80.422, 28.944], [80.538, 28.87], [80.621, 28.834], [80.656, 28.853], [80.736, 28.799], [80.885, 28.798], [80.988, 28.752], [81.077, 28.732], [81.231, 28.614], [81.265, 28.626], [81.465, 28.467], [81.425, 28.381], [81.489, 28.366], [81.542, 28.316], [81.669, 28.302], [81.648, 28.514], [81.568, 28.528], [81.605, 28.595], [81.588, 28.674], [81.537, 28.723], [81.434, 28.715], [81.325, 28.779], [81.322, 28.834], [81.184, 28.826], [81.103, 28.849], [80.98, 28.941], [80.806, 28.947], [80.743, 29.011], [80.645, 29.028], [80.536, 29.084], [80.482, 29.134], [80.277, 29.148]]]}, "properties": {"name": "Churia Range", "elev": 1943}}, {"type": "Feature", "geometry": {"type": "MultiPolygon", "coordinates": [[[[78.209, 22.111], [78.08, 22.048], [78.094, 21.994], [78.18, 22.026], [78.209, 22.111]]], [[[78.897, 22.755], [78.751, 22.724], [78.722, 22.703], [78.801, 22.551], [78.776, 22.461], [78.728, 22.467], [78.646, 22.368], [78.458, 22.294], [78.405, 22.296], [78.402, 22.353], [78.489, 22.387], [78.546, 22.445], [78.541, 22.505], [78.48, 22.555], [78.308, 22.565], [78.187, 22.529], [78.095, 22.547], [78.071, 22.488], [78.178, 22.47], [78.257, 22.432], [78.342, 22.35], [78.345, 22.305], [78.205, 22.299], [78.163, 22.245], [78.221, 22.174], [78.343, 22.157], [78.423, 22.168], [78.416, 22.222], [78.595, 22.324], [78.77, 22.369], [78.856, 22.422], [78.826, 22.504], [78.83, 22.584], [78.897, 22.755]]]]}, "properties": {"name": "Mahadeo Hills", "elev": 1305}}, {"type": "Feature", "geometry": {"type": "MultiPolygon", "coordinates": [[[[80.34, 21.815], [80.386, 21.762], [80.443, 21.737], [80.479, 21.619], [80.573, 21.549], [80.64, 21.571], [80.64, 21.633], [80.568, 21.622], [80.51, 21.647], [80.492, 21.698], [80.51, 21.792], [80.477, 21.82], [80.34, 21.815]]], [[[81.67, 23.034], [81.655, 22.968], [81.69, 22.903], [81.754, 22.877], [81.77, 22.769], [81.754, 22.716], [81.645, 22.609], [81.611, 22.543], [81.524, 22.553], [81.45, 22.473], [81.343, 22.509], [81.222, 22.445], [81.139, 22.346], [81.132, 22.257], [81.072, 22.206], [81.099, 22.16], [81.161, 22.228], [81.153, 22.341], [81.26, 22.403], [81.324, 22.419], [81.407, 22.403], [81.491, 22.418], [81.535, 22.472], [81.653, 22.486], [81.688, 22.547], [81.679, 22.611], [81.77, 22.623], [81.827, 22.761], [81.791, 22.832], [81.791, 22.905], [81.718, 22.947], [81.67, 23.034]]], [[[81.562, 23.082], [81.516, 23.107], [81.371, 23.062], [81.439, 23.034], [81.562, 23.082]]], [[[81.272, 23.221], [81.229, 23.162], [81.292, 23.099], [81.348, 23.148], [81.272, 23.221]]], [[[80.918, 23.321], [81.001, 23.17], [81.175, 23.082], [81.211, 23.11], [81.057, 23.253], [80.997, 23.258], [80.986, 23.308], [80.918, 23.321]]]]}, "properties": {"name": "Maikala Range", "elev": 1167}}, {"type": "Feature", "geometry": {"type": "Polygon", "coordinates": [[[79.219, 30.267], [79.296, 30.296], [79.334, 30.407], [79.411, 30.418], [79.428, 30.466], [79.533, 30.568], [79.576, 30.566], [79.625, 30.497], [79.734, 30.51], [79.757, 30.561], [79.824, 30.62], [79.846, 30.765], [79.803, 30.811], [79.862, 30.898], [79.88, 30.982], [79.98, 30.997], [79.93, 31.059], [79.94, 31.167], [79.919, 31.183], [79.841, 31.147], [79.812, 31.209], [79.726, 31.256], [79.76, 31.294], [79.604, 31.235], [79.584, 31.168], [79.407, 31.148], [79.336, 31.097], [79.18, 31.103], [79.069, 31.13], [78.978, 31.111], [78.926, 31.051], [78.73, 31.043], [78.676, 30.895], [78.626, 30.84], [78.618, 30.786], [78.545, 30.743], [78.458, 30.754], [78.555, 30.656], [78.635, 30.618], [78.649, 30.541], [78.724, 30.497], [78.702, 30.452], [78.811, 30.428], [78.918, 30.363], [78.978, 30.353], [78.992, 30.303], [79.1, 30.308], [79.219, 30.267]]]}, "properties": {"name": "Gangotri Group", "elev": 7678}}, {"type": "Feature", "geometry": {"type": "MultiPolygon", "coordinates": [[[[83.747, 22.817], [83.72, 22.768], [83.821, 22.726], [83.777, 22.828], [83.747, 22.817]]], [[[83.177, 22.737], [83.277, 22.667], [83.311, 22.714], [83.405, 22.711], [83.409, 22.766], [83.459, 22.81], [83.396, 22.847], [83.43, 22.887], [83.414, 22.95], [83.335, 22.971], [83.207, 22.932], [83.129, 22.886], [83.097, 22.839], [83.123, 22.758], [83.177, 22.737]], [[83.295, 22.883], [83.372, 22.811], [83.378, 22.754], [83.244, 22.768], [83.162, 22.836], [83.257, 22.847], [83.295, 22.883]]]]}, "properties": {"name": "Mainpat", "elev": 1163}}, {"type": "Feature", "geometry": {"type": "MultiPolygon", "coordinates": [[[[76.649, 21.305], [76.649, 21.242], [76.511, 21.186], [76.572, 21.145], [76.644, 21.149], [76.675, 21.187], [76.746, 21.181], [76.733, 21.248], [76.649, 21.305]]], [[[77.955, 21.473], [77.853, 21.395], [77.981, 21.4], [77.955, 21.473]]], [[[77.498, 21.56], [77.445, 21.581], [77.379, 21.543], [77.303, 21.546], [77.23, 21.444], [77.117, 21.386], [77.017, 21.394], [76.974, 21.251], [77.024, 21.2], [77.104, 21.247], [77.227, 21.233], [77.258, 21.251], [77.263, 21.337], [77.331, 21.355], [77.417, 21.349], [77.612, 21.37], [77.629, 21.392], [77.597, 21.485], [77.505, 21.518], [77.498, 21.56]]]]}, "properties": {"name": "Gawilgarh Hills", "elev": 1157}}, {"type": "Feature", "geometry": {"type": "MultiPolygon", "coordinates": [[[[82.513, 22.547], [82.545, 22.585], [82.475, 22.662], [82.424, 22.598], [82.513, 22.547]]], [[[82.319, 22.702], [82.221, 22.654], [82.334, 22.625], [82.372, 22.564], [82.343, 22.504], [82.296, 22.525], [82.295, 22.599], [82.251, 22.617], [82.155, 22.606], [82.316, 22.428], [82.374, 22.449], [82.416, 22.501], [82.421, 22.567], [82.366, 22.613], [82.381, 22.681], [82.319, 22.702]]]]}, "properties": {"name": "Amarkantak Range", "elev": 1036}}, {"type": "Feature", "geometry": {"type": "Polygon", "coordinates": [[[83.123, 22.758], [83.066, 22.723], [82.976, 22.764], [82.924, 22.764], [82.909, 22.701], [82.942, 22.65], [82.858, 22.628], [82.787, 22.655], [82.69, 22.613], [82.694, 22.53], [82.755, 22.476], [82.823, 22.488], [82.868, 22.429], [82.923, 22.408], [83.021, 22.513], [83.016, 22.571], [83.069, 22.633], [83.169, 22.609], [83.156, 22.66], [83.177, 22.737], [83.123, 22.758]]]}, "properties": {"name": "Putka-Devpahari Range", "elev": 1113}}, {"type": "Feature", "geometry": {"type": "Polygon", "coordinates": [[[86.232, 22.935], [86.136, 22.928], [86.152, 22.869], [86.231, 22.852], [86.281, 22.906], [86.232, 22.935]]]}, "properties": {"name": "Dalma Hills", "elev": 900}}, {"type": "Feature", "geometry": {"type": "Polygon", "coordinates": [[[85.619, 22.898], [85.672, 22.903], [85.855, 22.846], [85.986, 22.882], [85.954, 22.932], [85.892, 22.96], [85.68, 22.98], [85.584, 22.951], [85.569, 22.908], [85.619, 22.898]]]}, "properties": {"name": "Chandil Gamharia Range", "elev": 868}}, {"type": "Feature", "geometry": {"type": "Polygon", "coordinates": [[[83.999, 24.684], [83.956, 24.704], [83.869, 24.672], [83.834, 24.613], [83.681, 24.561], [83.478, 24.558], [83.455, 24.524], [83.726, 24.551], [83.85, 24.599], [83.91, 24.591], [83.999, 24.684]]]}, "properties": {"name": "Rohtas Plateau", "elev": 634}}]}