{"type": "FeatureCollection", "_source": "Major rivers of India, sourced from the Geological Survey of India via the Bhukosh portal (bhukosh.gsi.gov.in). Reprojected to WGS84 and simplified for web display \u2014 see assets/geo/README.md.", "features": [{"type": "Feature", "geometry": {"type": "LineString", "coordinates": [[86.297, 24.482], [86.303, 24.484], [86.307, 24.495], [86.311, 24.496], [86.319, 24.505], [86.326, 24.508], [86.335, 24.516], [86.349, 24.514], [86.356, 24.523], [86.364, 24.524], [86.367, 24.521], [86.375, 24.526], [86.382, 24.521], [86.388, 24.52], [86.392, 24.517], [86.404, 24.512], [86.41, 24.513], [86.421, 24.515], [86.422, 24.511], [86.429, 24.509], [86.435, 24.511], [86.442, 24.506], [86.448, 24.508], [86.453, 24.502], [86.458, 24.506], [86.464, 24.507], [86.47, 24.504], [86.476, 24.506], [86.479, 24.504], [86.481, 24.496], [86.487, 24.494], [86.494, 24.494], [86.501, 24.488], [86.502, 24.49], [86.508, 24.49], [86.514, 24.493], [86.532, 24.48], [86.544, 24.475], [86.547, 24.47], [86.56, 24.464], [86.575, 24.461], [86.584, 24.463], [86.588, 24.466], [86.6, 24.462], [86.603, 24.465], [86.607, 24.472], [86.611, 24.473], [86.622, 24.464], [86.635, 24.461], [86.639, 24.459], [86.643, 24.448], [86.646, 24.446], [86.651, 24.446], [86.657, 24.442], [86.66, 24.432], [86.662, 24.423], [86.664, 24.416], [86.673, 24.409], [86.679, 24.407], [86.688, 24.408], [86.693, 24.413], [86.701, 24.404], [86.712, 24.398], [86.713, 24.39], [86.722, 24.388], [86.731, 24.391], [86.738, 24.382], [86.751, 24.38], [86.755, 24.378], [86.763, 24.372], [86.774, 24.369], [86.782, 24.359], [86.788, 24.356], [86.788, 24.344], [86.795, 24.339], [86.804, 24.335], [86.808, 24.331], [86.811, 24.325], [86.805, 24.316], [86.807, 24.31], [86.811, 24.306], [86.815, 24.301], [86.815, 24.293], [86.81, 24.287], [86.811, 24.275], [86.813, 24.269], [86.821, 24.258], [86.83, 24.254], [86.833, 24.251], [86.834, 24.241], [86.829, 24.229], [86.829, 24.225], [86.822, 24.212], [86.818, 24.209], [86.805, 24.21], [86.795, 24.201], [86.797, 24.197], [86.803, 24.193], [86.813, 24.192], [86.816, 24.188], [86.816, 24.183], [86.812, 24.173], [86.809, 24.168], [86.799, 24.165], [86.794, 24.158], [86.798, 24.149], [86.804, 24.14], [86.806, 24.133], [86.811, 24.127], [86.814, 24.117], [86.814, 24.11], [86.821, 24.1], [86.82, 24.09], [86.814, 24.081], [86.816, 24.073], [86.822, 24.072], [86.826, 24.073], [86.83, 24.067], [86.831, 24.061], [86.834, 24.054], [86.84, 24.047], [86.848, 24.041], [86.849, 24.034], [86.842, 24.029], [86.842, 24.026], [86.848, 24.021], [86.851, 24.012], [86.857, 24.008], [86.86, 23.999], [86.855, 23.995], [86.844, 23.988], [86.842, 23.982], [86.848, 23.978], [86.855, 23.978], [86.859, 23.98], [86.864, 23.986], [86.871, 23.984], [86.875, 23.976], [86.868, 23.969], [86.869, 23.961], [86.874, 23.955], [86.878, 23.948], [86.879, 23.94], [86.885, 23.924], [86.886, 23.917], [86.891, 23.912], [86.896, 23.912], [86.901, 23.909], [86.905, 23.899], [86.909, 23.89], [86.915, 23.883], [86.922, 23.877], [86.927, 23.874], [86.934, 23.866], [86.933, 23.855], [86.936, 23.851], [86.95, 23.846], [86.962, 23.849], [86.964, 23.854], [86.964, 23.862], [86.967, 23.867], [86.975, 23.869], [86.982, 23.862], [86.986, 23.86], [87, 23.857], [87.022, 23.849], [87.025, 23.844], [87.032, 23.84], [87.042, 23.836], [87.05, 23.829], [87.054, 23.822], [87.069, 23.815], [87.075, 23.81], [87.1, 23.803], [87.107, 23.791], [87.109, 23.783], [87.116, 23.769], [87.121, 23.765], [87.127, 23.764], [87.131, 23.76], [87.137, 23.759], [87.14, 23.755], [87.151, 23.752], [87.159, 23.748], [87.168, 23.748], [87.175, 23.751], [87.185, 23.752], [87.193, 23.749], [87.208, 23.749], [87.216, 23.745], [87.229, 23.741], [87.241, 23.743], [87.245, 23.746], [87.251, 23.744], [87.257, 23.744], [87.271, 23.739], [87.281, 23.729], [87.293, 23.727], [87.312, 23.721], [87.319, 23.721], [87.334, 23.719], [87.34, 23.722], [87.352, 23.721], [87.364, 23.713], [87.369, 23.705], [87.375, 23.702], [87.384, 23.7], [87.394, 23.7], [87.402, 23.697], [87.412, 23.689], [87.417, 23.676], [87.416, 23.671], [87.412, 23.666], [87.411, 23.661], [87.414, 23.654], [87.423, 23.643], [87.437, 23.631], [87.445, 23.619], [87.452, 23.613], [87.458, 23.612], [87.472, 23.613], [87.484, 23.61], [87.493, 23.604], [87.5, 23.603], [87.509, 23.605], [87.515, 23.614], [87.523, 23.618], [87.529, 23.617], [87.538, 23.611], [87.552, 23.609], [87.56, 23.607], [87.579, 23.596], [87.588, 23.596], [87.599, 23.598], [87.624, 23.608], [87.628, 23.609], [87.639, 23.608], [87.651, 23.604], [87.655, 23.605], [87.664, 23.616], [87.671, 23.62], [87.678, 23.619], [87.692, 23.615], [87.71, 23.619], [87.715, 23.617], [87.719, 23.613], [87.726, 23.599], [87.73, 23.597], [87.733, 23.591], [87.737, 23.588], [87.742, 23.59], [87.745, 23.593], [87.749, 23.594], [87.762, 23.587], [87.766, 23.581], [87.771, 23.58], [87.777, 23.584], [87.783, 23.583], [87.786, 23.574], [87.794, 23.573], [87.797, 23.571], [87.802, 23.562], [87.808, 23.561], [87.823, 23.568], [87.834, 23.57], [87.838, 23.569], [87.844, 23.562], [87.845, 23.553], [87.847, 23.55], [87.863, 23.549], [87.868, 23.551], [87.875, 23.557], [87.883, 23.556], [87.891, 23.559], [87.892, 23.55], [87.896, 23.544], [87.903, 23.542], [87.909, 23.549], [87.912, 23.557], [87.919, 23.567], [87.931, 23.576], [87.933, 23.591], [87.946, 23.595], [87.948, 23.599], [87.951, 23.619], [87.954, 23.627], [87.958, 23.63], [87.975, 23.63], [87.985, 23.64], [87.99, 23.639], [87.994, 23.633], [88.007, 23.638], [88.018, 23.637], [88.027, 23.641], [88.029, 23.641], [88.034, 23.633], [88.039, 23.635], [88.044, 23.642], [88.055, 23.642], [88.061, 23.652], [88.072, 23.649], [88.082, 23.651], [88.085, 23.657], [88.084, 23.67], [88.089, 23.669], [88.092, 23.661], [88.093, 23.653], [88.1, 23.653], [88.104, 23.657], [88.11, 23.66], [88.114, 23.659], [88.117, 23.649], [88.12, 23.649], [88.119, 23.655], [88.121, 23.663], [88.124, 23.665], [88.128, 23.66], [88.134, 23.657]]}, "properties": {"rivname": "Ajay", "ba_name": "Ganga"}}, {"type": "Feature", "geometry": {"type": "LineString", "coordinates": [[79.233, 30.817], [79.237, 30.817], [79.251, 30.814], [79.256, 30.814], [79.265, 30.819], [79.272, 30.82], [79.28, 30.816], [79.287, 30.807], [79.297, 30.798], [79.303, 30.795], [79.314, 30.793], [79.327, 30.795], [79.334, 30.8], [79.337, 30.8], [79.36, 30.795], [79.391, 30.794], [79.406, 30.79], [79.417, 30.784], [79.427, 30.786], [79.435, 30.784], [79.448, 30.784], [79.454, 30.781], [79.459, 30.781], [79.467, 30.778], [79.488, 30.773], [79.495, 30.77], [79.498, 30.766], [79.497, 30.748], [79.491, 30.744], [79.492, 30.735], [79.496, 30.723], [79.495, 30.719], [79.498, 30.71], [79.501, 30.708], [79.505, 30.698], [79.513, 30.697], [79.51, 30.689], [79.507, 30.685], [79.51, 30.676], [79.517, 30.668], [79.519, 30.66], [79.519, 30.654], [79.522, 30.651], [79.528, 30.65], [79.533, 30.644], [79.538, 30.64], [79.55, 30.635], [79.552, 30.631], [79.558, 30.623], [79.565, 30.618], [79.571, 30.603], [79.569, 30.593], [79.57, 30.583], [79.577, 30.571], [79.575, 30.563], [79.566, 30.564], [79.55, 30.568], [79.539, 30.56], [79.532, 30.556], [79.528, 30.549], [79.523, 30.546], [79.519, 30.537], [79.51, 30.531], [79.507, 30.527], [79.5, 30.526], [79.493, 30.52], [79.488, 30.511], [79.483, 30.506], [79.482, 30.499], [79.477, 30.496], [79.475, 30.493], [79.469, 30.485], [79.461, 30.483], [79.454, 30.478], [79.449, 30.471], [79.44, 30.47], [79.435, 30.468], [79.432, 30.463], [79.425, 30.455], [79.427, 30.444], [79.424, 30.435], [79.425, 30.43], [79.421, 30.424], [79.414, 30.42], [79.411, 30.415], [79.407, 30.415], [79.398, 30.412], [79.391, 30.412], [79.389, 30.409], [79.382, 30.408], [79.372, 30.412], [79.352, 30.406], [79.349, 30.408], [79.341, 30.406], [79.329, 30.405], [79.33, 30.401], [79.324, 30.396], [79.322, 30.392], [79.321, 30.385], [79.317, 30.376], [79.308, 30.375], [79.312, 30.36], [79.318, 30.354], [79.318, 30.345], [79.315, 30.34], [79.318, 30.333], [79.311, 30.332], [79.301, 30.325], [79.3, 30.318], [79.303, 30.312], [79.299, 30.31], [79.296, 30.302], [79.297, 30.295], [79.288, 30.294], [79.279, 30.296], [79.271, 30.289], [79.259, 30.291], [79.247, 30.286], [79.244, 30.283], [79.235, 30.277], [79.228, 30.276], [79.216, 30.263], [79.208, 30.268], [79.201, 30.267], [79.184, 30.27], [79.178, 30.268], [79.171, 30.269], [79.169, 30.276], [79.172, 30.28], [79.168, 30.284], [79.167, 30.292], [79.159, 30.293], [79.157, 30.296], [79.145, 30.292], [79.142, 30.287], [79.134, 30.286], [79.132, 30.288], [79.122, 30.29], [79.119, 30.297], [79.119, 30.305], [79.106, 30.302], [79.099, 30.307], [79.098, 30.303], [79.087, 30.297], [79.08, 30.296], [79.069, 30.297], [79.066, 30.302], [79.055, 30.298], [79.051, 30.302], [79.049, 30.309], [79.042, 30.311], [79.037, 30.31], [79.033, 30.306], [79.024, 30.302], [79.018, 30.299], [79.011, 30.302], [79.005, 30.301], [78.998, 30.304], [78.989, 30.294], [78.986, 30.289], [78.978, 30.287], [78.971, 30.282], [78.963, 30.275], [78.944, 30.269], [78.936, 30.271], [78.929, 30.259], [78.925, 30.255], [78.923, 30.259], [78.916, 30.26], [78.911, 30.257], [78.911, 30.253], [78.907, 30.245], [78.9, 30.243], [78.897, 30.25], [78.893, 30.251], [78.886, 30.256], [78.883, 30.26], [78.878, 30.259], [78.875, 30.252], [78.86, 30.243], [78.852, 30.247], [78.847, 30.245], [78.847, 30.238], [78.842, 30.236], [78.833, 30.239], [78.828, 30.243], [78.82, 30.237], [78.822, 30.231], [78.819, 30.229], [78.809, 30.226], [78.808, 30.22], [78.804, 30.22], [78.797, 30.222], [78.791, 30.228], [78.786, 30.229], [78.782, 30.226], [78.767, 30.226], [78.764, 30.216], [78.762, 30.214], [78.756, 30.217], [78.746, 30.214], [78.736, 30.222], [78.719, 30.232], [78.703, 30.232], [78.698, 30.236], [78.693, 30.234], [78.686, 30.238], [78.681, 30.236], [78.681, 30.229], [78.684, 30.226], [78.683, 30.221], [78.68, 30.218], [78.68, 30.211], [78.669, 30.212], [78.665, 30.207], [78.657, 30.205], [78.647, 30.207], [78.643, 30.204], [78.644, 30.194], [78.631, 30.184], [78.621, 30.179], [78.621, 30.168], [78.619, 30.164], [78.619, 30.155], [78.616, 30.15], [78.607, 30.148], [78.604, 30.144], [78.597, 30.145]]}, "properties": {"rivname": "Alaknanda", "ba_name": "Ganga"}}, {"type": "Feature", "geometry": {"type": "LineString", "coordinates": [[73.365, 18.77], [73.363, 18.769], [73.353, 18.749], [73.349, 18.745], [73.34, 18.724], [73.331, 18.721], [73.328, 18.716], [73.324, 18.715], [73.322, 18.719], [73.308, 18.726], [73.305, 18.712], [73.301, 18.707], [73.302, 18.704], [73.3, 18.689], [73.305, 18.67], [73.302, 18.665], [73.297, 18.662], [73.299, 18.657], [73.293, 18.651], [73.287, 18.651], [73.285, 18.653], [73.28, 18.649], [73.282, 18.642], [73.282, 18.637], [73.278, 18.633], [73.278, 18.627], [73.271, 18.609], [73.266, 18.598], [73.263, 18.597], [73.251, 18.585], [73.244, 18.579], [73.238, 18.576], [73.222, 18.558], [73.216, 18.545], [73.212, 18.541], [73.21, 18.535], [73.204, 18.527], [73.197, 18.523], [73.19, 18.523], [73.184, 18.521], [73.18, 18.516], [73.173, 18.516], [73.167, 18.521], [73.153, 18.519], [73.146, 18.523], [73.143, 18.528], [73.138, 18.532], [73.132, 18.541], [73.12, 18.562], [73.119, 18.566], [73.113, 18.571], [73.109, 18.581], [73.108, 18.588], [73.103, 18.594], [73.103, 18.598], [73.1, 18.602], [73.095, 18.601], [73.086, 18.602], [73.086, 18.606], [73.079, 18.612], [73.077, 18.618], [73.073, 18.622], [73.06, 18.645], [73.055, 18.648], [73.041, 18.655], [73.039, 18.66], [73.045, 18.664], [73.045, 18.669], [73.037, 18.676], [73.029, 18.679], [73.026, 18.688], [73.028, 18.698], [73.028, 18.705], [73.026, 18.709], [73.019, 18.716], [73.007, 18.72], [73, 18.724], [72.989, 18.741], [72.986, 18.749], [72.988, 18.76], [72.997, 18.774], [72.998, 18.779], [72.996, 18.784], [72.974, 18.793], [72.97, 18.798], [72.963, 18.81], [72.96, 18.822], [72.953, 18.831], [72.948, 18.836], [72.941, 18.837], [72.921, 18.845], [72.91, 18.854], [72.907, 18.855], [72.896, 18.855], [72.89, 18.853], [72.878, 18.854], [72.872, 18.853], [72.86, 18.854], [72.836, 18.846]]}, "properties": {"rivname": "Amba", "ba_name": "West flowing rivers from Tapi to Tadri"}}, {"type": "Feature", "geometry": {"type": "LineString", "coordinates": [[78.991, 10.986], [78.999, 10.983], [79.005, 10.978], [79.006, 10.972], [79.015, 10.968], [79.019, 10.968], [79.024, 10.964], [79.024, 10.958], [79.034, 10.956], [79.04, 10.959], [79.041, 10.955], [79.046, 10.956], [79.045, 10.95], [79.048, 10.949], [79.048, 10.944], [79.051, 10.942], [79.056, 10.931], [79.063, 10.927], [79.067, 10.923], [79.079, 10.926]]}, "properties": {"rivname": "Andi Odai", "ba_name": "Cauvery"}}, {"type": "Feature", "geometry": {"type": "LineString", "coordinates": [[82.061, 16.779], [82.063, 16.788], [82.076, 16.788], [82.085, 16.789], [82.09, 16.787], [82.11, 16.785], [82.156, 16.791], [82.169, 16.788], [82.176, 16.788]]}, "properties": {"rivname": "Andrangi Drain", "ba_name": "Godavari"}}, {"type": "Feature", "geometry": {"type": "LineString", "coordinates": [[80.6, 20.103], [80.6, 20.098], [80.588, 20.091], [80.584, 20.09], [80.576, 20.086], [80.577, 20.079], [80.579, 20.077], [80.58, 20.069], [80.577, 20.059], [80.581, 20.051], [80.586, 20.05], [80.592, 20.046], [80.598, 20.046], [80.609, 20.034], [80.614, 20.034], [80.62, 20.028], [80.632, 20.022], [80.641, 20.023], [80.644, 20.026], [80.656, 20.017], [80.654, 20.014], [80.658, 20], [80.662, 19.998], [80.665, 19.992], [80.668, 19.992], [80.674, 19.985], [80.673, 19.982], [80.676, 19.976], [80.673, 19.972], [80.678, 19.968], [80.678, 19.964], [80.682, 19.961], [80.681, 19.956], [80.692, 19.945], [80.693, 19.937], [80.699, 19.932], [80.705, 19.931]]}, "properties": {"rivname": "Anjari N", "ba_name": "Godavari"}}, {"type": "Feature", "geometry": {"type": "LineString", "coordinates": [[77.646, 9.733], [77.64, 9.729], [77.633, 9.722], [77.627, 9.718], [77.628, 9.713], [77.631, 9.707], [77.629, 9.704], [77.632, 9.695], [77.634, 9.693], [77.64, 9.668], [77.64, 9.655], [77.645, 9.645], [77.653, 9.643], [77.66, 9.638], [77.663, 9.638], [77.674, 9.633], [77.683, 9.632], [77.69, 9.629], [77.698, 9.63], [77.707, 9.621], [77.721, 9.618], [77.726, 9.616], [77.737, 9.613], [77.751, 9.606], [77.758, 9.608], [77.762, 9.612], [77.765, 9.604], [77.77, 9.604], [77.771, 9.599], [77.776, 9.593], [77.779, 9.583], [77.785, 9.574], [77.784, 9.568], [77.779, 9.564], [77.781, 9.56], [77.782, 9.547], [77.78, 9.544], [77.783, 9.536], [77.789, 9.531], [77.793, 9.523], [77.802, 9.515], [77.807, 9.513], [77.81, 9.509], [77.818, 9.508], [77.822, 9.508], [77.834, 9.506], [77.844, 9.506], [77.846, 9.51], [77.851, 9.511], [77.855, 9.507], [77.86, 9.505], [77.87, 9.496], [77.88, 9.493], [77.887, 9.482], [77.89, 9.47], [77.899, 9.462], [77.905, 9.46], [77.913, 9.452], [77.915, 9.446], [77.919, 9.443], [77.924, 9.436], [77.931, 9.429], [77.941, 9.415], [77.945, 9.412], [77.953, 9.409], [77.959, 9.405], [77.968, 9.405], [77.972, 9.403], [77.975, 9.387], [77.973, 9.379], [77.972, 9.361], [77.974, 9.351], [77.978, 9.338], [77.986, 9.334], [77.99, 9.328]]}, "properties": {"rivname": "Arjuna", "ba_name": "East flowing rivers between Pennar and Kanyakumari"}}, {"type": "Feature", "geometry": {"type": "LineString", "coordinates": [[85.545, 21.47], [85.541, 21.47], [85.534, 21.473], [85.529, 21.48], [85.526, 21.48], [85.52, 21.486], [85.508, 21.49], [85.505, 21.494], [85.503, 21.5], [85.495, 21.501], [85.492, 21.504], [85.486, 21.505], [85.481, 21.509], [85.478, 21.515], [85.479, 21.519], [85.47, 21.522], [85.476, 21.525], [85.472, 21.532], [85.474, 21.538], [85.471, 21.542], [85.474, 21.546], [85.473, 21.553], [85.468, 21.557], [85.465, 21.565], [85.457, 21.572], [85.451, 21.581], [85.451, 21.586], [85.441, 21.586], [85.43, 21.592], [85.427, 21.602], [85.423, 21.606], [85.416, 21.609], [85.416, 21.615], [85.411, 21.619], [85.409, 21.618], [85.404, 21.624], [85.397, 21.624], [85.39, 21.628], [85.384, 21.628], [85.376, 21.631], [85.37, 21.641], [85.366, 21.641], [85.365, 21.649], [85.372, 21.673], [85.37, 21.675], [85.37, 21.689], [85.373, 21.693], [85.37, 21.695], [85.376, 21.704], [85.374, 21.71], [85.379, 21.713], [85.379, 21.722], [85.381, 21.725], [85.389, 21.728], [85.391, 21.736], [85.386, 21.745], [85.386, 21.75], [85.39, 21.752], [85.397, 21.751], [85.397, 21.757], [85.402, 21.76], [85.402, 21.765], [85.409, 21.771], [85.406, 21.773], [85.412, 21.777], [85.413, 21.787], [85.415, 21.795], [85.413, 21.804], [85.42, 21.808], [85.422, 21.812], [85.428, 21.817], [85.429, 21.821], [85.441, 21.827], [85.44, 21.833], [85.444, 21.834], [85.445, 21.847], [85.449, 21.856], [85.45, 21.86], [85.444, 21.867], [85.447, 21.87], [85.451, 21.883], [85.451, 21.886], [85.457, 21.889], [85.461, 21.887], [85.465, 21.889], [85.475, 21.889], [85.483, 21.895], [85.48, 21.907], [85.477, 21.906], [85.472, 21.915], [85.468, 21.916], [85.454, 21.924], [85.455, 21.932], [85.448, 21.938], [85.446, 21.944], [85.441, 21.951], [85.442, 21.956], [85.453, 21.965], [85.458, 21.971], [85.454, 21.975], [85.453, 21.98], [85.463, 21.989], [85.458, 21.997], [85.458, 22.005], [85.46, 22.006], [85.467, 22.006], [85.466, 22.011], [85.476, 22.021], [85.479, 22.019], [85.483, 22.023], [85.495, 22.019], [85.506, 22.028], [85.509, 22.028], [85.509, 22.033], [85.515, 22.031], [85.519, 22.038], [85.526, 22.044], [85.532, 22.047], [85.536, 22.046], [85.538, 22.056], [85.557, 22.055], [85.562, 22.06], [85.563, 22.063], [85.567, 22.069], [85.574, 22.07], [85.578, 22.067], [85.581, 22.069], [85.585, 22.066], [85.591, 22.065], [85.604, 22.072], [85.605, 22.077], [85.611, 22.087], [85.613, 22.082], [85.622, 22.083], [85.627, 22.086], [85.638, 22.088], [85.646, 22.096], [85.655, 22.094], [85.656, 22.092], [85.656, 22.084], [85.662, 22.083], [85.662, 22.079], [85.666, 22.074], [85.671, 22.073], [85.672, 22.067], [85.679, 22.062], [85.676, 22.056], [85.673, 22.053], [85.674, 22.046], [85.673, 22.041], [85.667, 22.037], [85.664, 22.037], [85.665, 22.026], [85.67, 22.014], [85.675, 22.015], [85.679, 22.011], [85.685, 22.008], [85.696, 22.01], [85.7, 22.008], [85.703, 22.004], [85.697, 21.992], [85.705, 21.985], [85.714, 21.988], [85.727, 21.989], [85.731, 21.993], [85.737, 21.993], [85.747, 21.987], [85.745, 21.981], [85.747, 21.977], [85.754, 21.977], [85.758, 21.973], [85.765, 21.974], [85.766, 21.969], [85.771, 21.966], [85.776, 21.959], [85.783, 21.962], [85.794, 21.951], [85.792, 21.948], [85.793, 21.939], [85.794, 21.934], [85.792, 21.919], [85.789, 21.911], [85.787, 21.903], [85.794, 21.897], [85.804, 21.891], [85.805, 21.886], [85.8, 21.875], [85.803, 21.87], [85.802, 21.864], [85.809, 21.854], [85.809, 21.838], [85.806, 21.83], [85.81, 21.82], [85.809, 21.814], [85.816, 21.808], [85.823, 21.808], [85.824, 21.804], [85.824, 21.794], [85.821, 21.79], [85.82, 21.786], [85.825, 21.777], [85.822, 21.758], [85.818, 21.748], [85.82, 21.738], [85.819, 21.729], [85.817, 21.725], [85.82, 21.721], [85.823, 21.713], [85.828, 21.71], [85.831, 21.706], [85.836, 21.703], [85.844, 21.692], [85.85, 21.689], [85.859, 21.68], [85.865, 21.678], [85.868, 21.673], [85.885, 21.652], [85.899, 21.642], [85.904, 21.641], [85.907, 21.637], [85.905, 21.623], [85.911, 21.618], [85.916, 21.619], [85.923, 21.615], [85.924, 21.606], [85.932, 21.605], [85.938, 21.609], [85.942, 21.608], [85.957, 21.595], [85.96, 21.59], [85.963, 21.59], [85.97, 21.584], [85.976, 21.581], [85.983, 21.575], [85.99, 21.578], [85.994, 21.574], [86, 21.572], [86.009, 21.563], [86.016, 21.561], [86.019, 21.552], [86.01, 21.543], [86.005, 21.53], [86.008, 21.523], [86.011, 21.504], [86.021, 21.499], [86.03, 21.497], [86.033, 21.493], [86.03, 21.487], [86.021, 21.48], [86.008, 21.48], [85.996, 21.476], [85.99, 21.471], [85.993, 21.465], [85.994, 21.458], [86, 21.453], [86.005, 21.455], [86.01, 21.455], [86.018, 21.448], [86.013, 21.436], [86.013, 21.426], [86.019, 21.41], [86.027, 21.406], [86.032, 21.402], [86.031, 21.397], [86.037, 21.379], [86.042, 21.371], [86.045, 21.359], [86.049, 21.355], [86.052, 21.349], [86.059, 21.345], [86.066, 21.33], [86.065, 21.324], [86.074, 21.318], [86.08, 21.312], [86.081, 21.304], [86.08, 21.295], [86.081, 21.289], [86.085, 21.286], [86.086, 21.28], [86.089, 21.277], [86.091, 21.27], [86.096, 21.266], [86.101, 21.263], [86.117, 21.264], [86.123, 21.261], [86.126, 21.257], [86.124, 21.253], [86.12, 21.252], [86.118, 21.248], [86.121, 21.239], [86.122, 21.228], [86.115, 21.223], [86.113, 21.22], [86.117, 21.214], [86.123, 21.209], [86.138, 21.204], [86.142, 21.2], [86.149, 21.196], [86.155, 21.189], [86.159, 21.189], [86.167, 21.186], [86.175, 21.176], [86.183, 21.176], [86.189, 21.171], [86.191, 21.166], [86.198, 21.164], [86.198, 21.157], [86.192, 21.153], [86.181, 21.153], [86.176, 21.147], [86.177, 21.141], [86.189, 21.133], [86.195, 21.127], [86.194, 21.119], [86.192, 21.112], [86.193, 21.101], [86.199, 21.096], [86.202, 21.084], [86.207, 21.077], [86.206, 21.066], [86.204, 21.058], [86.213, 21.052], [86.224, 21.049], [86.23, 21.043], [86.234, 21.041], [86.246, 21.039], [86.255, 21.042], [86.264, 21.039], [86.272, 21.027], [86.276, 21.024], [86.285, 21.021], [86.287, 21.012], [86.291, 21.006], [86.287, 20.998], [86.286, 20.993], [86.288, 20.99], [86.286, 20.976], [86.283, 20.974], [86.289, 20.965], [86.292, 20.959], [86.288, 20.948], [86.285, 20.946], [86.282, 20.939], [86.282, 20.932], [86.276, 20.925], [86.275, 20.918], [86.28, 20.916], [86.279, 20.905], [86.284, 20.898], [86.291, 20.898], [86.3, 20.901], [86.313, 20.893], [86.312, 20.887], [86.317, 20.879], [86.325, 20.875], [86.332, 20.878], [86.335, 20.878], [86.336, 20.871], [86.328, 20.868], [86.328, 20.861], [86.336, 20.856], [86.344, 20.855], [86.35, 20.85], [86.357, 20.85], [86.362, 20.853], [86.371, 20.861], [86.377, 20.862], [86.389, 20.866], [86.397, 20.863], [86.4, 20.863], [86.407, 20.857], [86.418, 20.858], [86.424, 20.854], [86.425, 20.847], [86.435, 20.85], [86.443, 20.845], [86.449, 20.844], [86.455, 20.844], [86.461, 20.851], [86.461, 20.857], [86.47, 20.862], [86.475, 20.859], [86.479, 20.861], [86.483, 20.856], [86.489, 20.861], [86.494, 20.867], [86.499, 20.868], [86.501, 20.865], [86.508, 20.867], [86.512, 20.87], [86.519, 20.869], [86.524, 20.867], [86.528, 20.868], [86.54, 20.863], [86.544, 20.86], [86.563, 20.864], [86.568, 20.864], [86.577, 20.862], [86.582, 20.858], [86.589, 20.856], [86.593, 20.857], [86.596, 20.851], [86.601, 20.845], [86.6, 20.839], [86.601, 20.83], [86.604, 20.828], [86.61, 20.83], [86.61, 20.82], [86.619, 20.81], [86.624, 20.81], [86.622, 20.804], [86.614, 20.804], [86.613, 20.796], [86.617, 20.794], [86.625, 20.798], [86.63, 20.797], [86.632, 20.793], [86.635, 20.793], [86.64, 20.789], [86.649, 20.797], [86.653, 20.798], [86.661, 20.795], [86.665, 20.788], [86.671, 20.791], [86.678, 20.789], [86.681, 20.785], [86.691, 20.782], [86.699, 20.777], [86.706, 20.776], [86.709, 20.772], [86.708, 20.762], [86.712, 20.759], [86.726, 20.764], [86.736, 20.77], [86.749, 20.771], [86.758, 20.768], [86.76, 20.763], [86.76, 20.757], [86.754, 20.749], [86.753, 20.742], [86.757, 20.736], [86.763, 20.733], [86.768, 20.735], [86.775, 20.74], [86.782, 20.741], [86.792, 20.734], [86.8, 20.737], [86.804, 20.741], [86.816, 20.747], [86.822, 20.754]]}, "properties": {"rivname": "Baitarani", "ba_name": "Brahmani and Baitarni"}}, {"type": "Feature", "geometry": {"type": "LineString", "coordinates": [[73.531, 25.123], [73.54, 25.12], [73.545, 25.113], [73.54, 25.101], [73.537, 25.097], [73.53, 25.077], [73.528, 25.067], [73.525, 25.057], [73.519, 25.047], [73.512, 25.038], [73.506, 25.023], [73.502, 25.021], [73.498, 25.011], [73.495, 25.013], [73.49, 25.003], [73.486, 25], [73.491, 24.997], [73.492, 24.991], [73.488, 24.977], [73.495, 24.975], [73.489, 24.965], [73.488, 24.958], [73.483, 24.956], [73.488, 24.948], [73.486, 24.943], [73.481, 24.942], [73.479, 24.938], [73.482, 24.932], [73.478, 24.932], [73.483, 24.92], [73.48, 24.917], [73.484, 24.914], [73.48, 24.897], [73.479, 24.895], [73.479, 24.881], [73.485, 24.882], [73.493, 24.877], [73.5, 24.874], [73.515, 24.866], [73.52, 24.859], [73.524, 24.862], [73.523, 24.87], [73.531, 24.868], [73.539, 24.871], [73.538, 24.877], [73.541, 24.882], [73.551, 24.881], [73.556, 24.886], [73.554, 24.89], [73.555, 24.894], [73.562, 24.891], [73.567, 24.892], [73.57, 24.889], [73.578, 24.889], [73.579, 24.897], [73.587, 24.899], [73.589, 24.901], [73.586, 24.909], [73.591, 24.912], [73.602, 24.911], [73.608, 24.914], [73.605, 24.919], [73.606, 24.924], [73.61, 24.925], [73.613, 24.919], [73.622, 24.914], [73.626, 24.908], [73.634, 24.91], [73.632, 24.916], [73.639, 24.924], [73.643, 24.937], [73.652, 24.94], [73.663, 24.941], [73.664, 24.938], [73.662, 24.926], [73.665, 24.922], [73.678, 24.917], [73.695, 24.918], [73.699, 24.915], [73.708, 24.914], [73.71, 24.915], [73.717, 24.93], [73.721, 24.93], [73.735, 24.927], [73.747, 24.932], [73.75, 24.925], [73.756, 24.925], [73.761, 24.93], [73.765, 24.937], [73.77, 24.937], [73.772, 24.933], [73.775, 24.924], [73.784, 24.927], [73.788, 24.924], [73.797, 24.925], [73.809, 24.923], [73.812, 24.934], [73.805, 24.939], [73.796, 24.942], [73.793, 24.948], [73.8, 24.952], [73.81, 24.95], [73.818, 24.954], [73.825, 24.954], [73.83, 24.949], [73.836, 24.947], [73.841, 24.948], [73.858, 24.955], [73.864, 24.968], [73.868, 24.972], [73.878, 24.968], [73.887, 24.969], [73.89, 24.974], [73.891, 24.982], [73.896, 24.991], [73.904, 24.997], [73.908, 25.005], [73.916, 25.008], [73.927, 25.016], [73.942, 25.021], [73.951, 25.017], [73.955, 25.019], [73.962, 25.033], [73.979, 25.04], [73.997, 25.041], [74.011, 25.044], [74.018, 25.052], [74.024, 25.057], [74.042, 25.06], [74.059, 25.061], [74.08, 25.069], [74.093, 25.07], [74.101, 25.067], [74.111, 25.057], [74.141, 25.044], [74.146, 25.045], [74.154, 25.05], [74.163, 25.052], [74.168, 25.045], [74.174, 25.043], [74.186, 25.042], [74.192, 25.046], [74.2, 25.042], [74.216, 25.048], [74.224, 25.05], [74.245, 25.048], [74.257, 25.045], [74.272, 25.043], [74.286, 25.037], [74.312, 25.036], [74.325, 25.041], [74.328, 25.045], [74.335, 25.048], [74.34, 25.054], [74.36, 25.069], [74.374, 25.085], [74.379, 25.088], [74.391, 25.09], [74.396, 25.088], [74.406, 25.089], [74.41, 25.095], [74.424, 25.105], [74.432, 25.115], [74.434, 25.123], [74.439, 25.134], [74.448, 25.14], [74.454, 25.148], [74.463, 25.164], [74.476, 25.178], [74.48, 25.186], [74.487, 25.193], [74.497, 25.202], [74.5, 25.203], [74.507, 25.201], [74.528, 25.202], [74.534, 25.205], [74.538, 25.211], [74.54, 25.212], [74.552, 25.211], [74.563, 25.21], [74.567, 25.207], [74.575, 25.209], [74.587, 25.211], [74.605, 25.214], [74.614, 25.213], [74.623, 25.207], [74.63, 25.207], [74.633, 25.21], [74.642, 25.217], [74.644, 25.22], [74.644, 25.234], [74.642, 25.245], [74.643, 25.253], [74.648, 25.257], [74.656, 25.258], [74.671, 25.252], [74.68, 25.253], [74.688, 25.25], [74.691, 25.243], [74.704, 25.241], [74.721, 25.235], [74.735, 25.239], [74.745, 25.245], [74.755, 25.253], [74.759, 25.255], [74.767, 25.254], [74.773, 25.248], [74.777, 25.247], [74.784, 25.249], [74.788, 25.253], [74.792, 25.264], [74.799, 25.264], [74.811, 25.257], [74.819, 25.254], [74.828, 25.255], [74.838, 25.258], [74.856, 25.262], [74.875, 25.261], [74.885, 25.26], [74.891, 25.257], [74.901, 25.245], [74.907, 25.244], [74.917, 25.248], [74.923, 25.253], [74.928, 25.26], [74.93, 25.266], [74.929, 25.279], [74.931, 25.282], [74.938, 25.285], [74.946, 25.28], [74.956, 25.277], [74.963, 25.269], [74.965, 25.261], [74.975, 25.256], [74.991, 25.253], [74.997, 25.253], [75.009, 25.255], [75.013, 25.254], [75.02, 25.246], [75.033, 25.243], [75.037, 25.252], [75.045, 25.254], [75.05, 25.258], [75.055, 25.265], [75.063, 25.281], [75.076, 25.296], [75.077, 25.307], [75.075, 25.314], [75.064, 25.334], [75.063, 25.347], [75.065, 25.355], [75.067, 25.359], [75.08, 25.37], [75.082, 25.372], [75.081, 25.378], [75.073, 25.388], [75.074, 25.393], [75.08, 25.404], [75.08, 25.413], [75.078, 25.418], [75.073, 25.424], [75.066, 25.426], [75.053, 25.436], [75.05, 25.44], [75.049, 25.448], [75.054, 25.449], [75.073, 25.451], [75.077, 25.454], [75.09, 25.472], [75.092, 25.478], [75.097, 25.479], [75.11, 25.496], [75.124, 25.507], [75.138, 25.514], [75.143, 25.518], [75.151, 25.528], [75.17, 25.54], [75.175, 25.544], [75.182, 25.553], [75.186, 25.567], [75.189, 25.57], [75.207, 25.583], [75.21, 25.584], [75.227, 25.597], [75.23, 25.606], [75.23, 25.617], [75.228, 25.631], [75.228, 25.637], [75.23, 25.644], [75.231, 25.658], [75.237, 25.663], [75.245, 25.665], [75.255, 25.666], [75.265, 25.666], [75.269, 25.668], [75.274, 25.674], [75.276, 25.679], [75.276, 25.698], [75.277, 25.703], [75.276, 25.718], [75.28, 25.73], [75.284, 25.735], [75.304, 25.754], [75.314, 25.767], [75.321, 25.776], [75.33, 25.786], [75.334, 25.8], [75.333, 25.81], [75.334, 25.816], [75.34, 25.822], [75.357, 25.836], [75.358, 25.84], [75.376, 25.861], [75.386, 25.869], [75.4, 25.879], [75.412, 25.889], [75.421, 25.906], [75.432, 25.92], [75.435, 25.923], [75.443, 25.926], [75.452, 25.926], [75.465, 25.921], [75.467, 25.915], [75.468, 25.91], [75.465, 25.903], [75.472, 25.893], [75.482, 25.892], [75.493, 25.886], [75.505, 25.885], [75.513, 25.887], [75.52, 25.882], [75.539, 25.882], [75.547, 25.889], [75.554, 25.896], [75.554, 25.906], [75.55, 25.917], [75.547, 25.927], [75.544, 25.952], [75.541, 25.962], [75.541, 25.972], [75.546, 25.98], [75.553, 25.985], [75.56, 25.987], [75.576, 25.987], [75.611, 25.982], [75.63, 25.978], [75.635, 25.979], [75.647, 25.992], [75.653, 25.996], [75.66, 26.003], [75.674, 26.013], [75.683, 26.02], [75.687, 26.026], [75.69, 26.038], [75.69, 26.051], [75.687, 26.06], [75.682, 26.071], [75.671, 26.093], [75.665, 26.1], [75.659, 26.11], [75.655, 26.12], [75.655, 26.125], [75.66, 26.132], [75.668, 26.15], [75.675, 26.157], [75.68, 26.161], [75.691, 26.165], [75.702, 26.168], [75.716, 26.17], [75.731, 26.176], [75.747, 26.189], [75.756, 26.196], [75.766, 26.196], [75.772, 26.2], [75.774, 26.207], [75.779, 26.211], [75.793, 26.215], [75.814, 26.216], [75.823, 26.216], [75.833, 26.213], [75.844, 26.197], [75.867, 26.189], [75.894, 26.185], [75.904, 26.183], [75.92, 26.176], [75.936, 26.173], [75.943, 26.17], [75.955, 26.164], [75.964, 26.157], [75.967, 26.151], [75.969, 26.138], [75.971, 26.133], [75.994, 26.114], [76.003, 26.11], [76.024, 26.11], [76.041, 26.112], [76.046, 26.113], [76.059, 26.124], [76.063, 26.131], [76.071, 26.138], [76.078, 26.139], [76.088, 26.139], [76.097, 26.137], [76.103, 26.137], [76.11, 26.14], [76.117, 26.149], [76.127, 26.163], [76.135, 26.17], [76.139, 26.172], [76.153, 26.174], [76.16, 26.17], [76.175, 26.168], [76.186, 26.176], [76.2, 26.178], [76.207, 26.177], [76.217, 26.179], [76.243, 26.189], [76.251, 26.189], [76.259, 26.19], [76.27, 26.19], [76.306, 26.199], [76.329, 26.206], [76.337, 26.21], [76.347, 26.21], [76.351, 26.208], [76.371, 26.188], [76.381, 26.187], [76.392, 26.184], [76.396, 26.187], [76.397, 26.195], [76.405, 26.201], [76.42, 26.201], [76.437, 26.203], [76.444, 26.204], [76.452, 26.209], [76.459, 26.212], [76.482, 26.21], [76.493, 26.211], [76.499, 26.215], [76.506, 26.215], [76.509, 26.212], [76.511, 26.204], [76.513, 26.2], [76.522, 26.202], [76.532, 26.2], [76.539, 26.201], [76.554, 26.206], [76.573, 26.209], [76.582, 26.208], [76.603, 26.202], [76.618, 26.193], [76.622, 26.185], [76.622, 26.181], [76.619, 26.17], [76.61, 26.152], [76.609, 26.149], [76.611, 26.141], [76.616, 26.135], [76.629, 26.129], [76.652, 26.13], [76.663, 26.127], [76.667, 26.125], [76.672, 26.113], [76.678, 26.082], [76.68, 26.078], [76.686, 26.072], [76.688, 26.066], [76.687, 26.06], [76.673, 26.055], [76.67, 26.052], [76.668, 26.043], [76.667, 26.03], [76.661, 26.02], [76.66, 26.014], [76.667, 26.001], [76.663, 25.985], [76.663, 25.981], [76.675, 25.969], [76.679, 25.965], [76.691, 25.961], [76.693, 25.959], [76.702, 25.937], [76.708, 25.931], [76.719, 25.92], [76.732, 25.913], [76.74, 25.91]]}, "properties": {"rivname": "Banas", "ba_name": "Ganga"}}, {"type": "Feature", "geometry": {"type": "LineString", "coordinates": [[85.305, 24.099], [85.306, 24.109], [85.312, 24.116], [85.313, 24.119], [85.31, 24.13], [85.311, 24.134], [85.317, 24.135], [85.319, 24.139], [85.325, 24.141], [85.328, 24.14], [85.335, 24.144], [85.345, 24.149], [85.349, 24.153], [85.361, 24.158], [85.359, 24.162], [85.34, 24.168], [85.33, 24.174], [85.331, 24.179], [85.326, 24.184], [85.316, 24.188], [85.313, 24.193], [85.315, 24.195], [85.31, 24.199], [85.307, 24.203], [85.301, 24.208], [85.303, 24.215], [85.296, 24.222], [85.301, 24.225], [85.299, 24.234], [85.302, 24.239], [85.308, 24.243], [85.318, 24.254], [85.315, 24.261], [85.318, 24.263], [85.318, 24.27], [85.32, 24.275], [85.318, 24.28], [85.32, 24.286], [85.317, 24.29], [85.319, 24.295], [85.324, 24.293], [85.327, 24.296], [85.322, 24.305], [85.324, 24.311], [85.33, 24.311], [85.336, 24.308], [85.335, 24.303], [85.34, 24.303], [85.342, 24.307], [85.35, 24.305], [85.347, 24.301], [85.353, 24.298], [85.357, 24.293], [85.368, 24.304], [85.38, 24.312], [85.377, 24.318], [85.379, 24.322], [85.384, 24.324], [85.384, 24.336], [85.387, 24.341], [85.39, 24.344], [85.398, 24.343], [85.403, 24.348], [85.408, 24.35], [85.422, 24.351], [85.425, 24.354], [85.431, 24.352], [85.433, 24.347], [85.434, 24.337], [85.44, 24.335], [85.448, 24.336], [85.453, 24.335], [85.457, 24.332], [85.467, 24.331], [85.481, 24.33], [85.499, 24.325], [85.509, 24.322], [85.517, 24.321], [85.52, 24.322], [85.525, 24.333], [85.53, 24.335], [85.538, 24.332], [85.541, 24.333], [85.54, 24.34], [85.542, 24.343], [85.549, 24.349], [85.554, 24.348], [85.558, 24.343], [85.57, 24.339], [85.573, 24.352], [85.577, 24.352], [85.581, 24.349], [85.583, 24.341], [85.589, 24.334], [85.596, 24.332], [85.603, 24.339], [85.608, 24.34], [85.612, 24.336], [85.615, 24.327], [85.621, 24.325], [85.636, 24.326], [85.641, 24.331], [85.643, 24.326], [85.641, 24.323], [85.638, 24.315], [85.639, 24.313], [85.645, 24.312], [85.649, 24.314], [85.657, 24.309], [85.662, 24.318], [85.66, 24.326], [85.658, 24.331], [85.663, 24.332], [85.668, 24.327], [85.678, 24.322], [85.684, 24.318], [85.685, 24.314], [85.683, 24.306], [85.69, 24.302], [85.693, 24.294], [85.698, 24.29], [85.704, 24.289], [85.71, 24.292], [85.714, 24.297], [85.727, 24.3], [85.733, 24.294], [85.737, 24.287], [85.744, 24.286], [85.75, 24.283], [85.753, 24.283], [85.762, 24.289], [85.764, 24.294], [85.763, 24.303], [85.764, 24.305], [85.773, 24.302], [85.78, 24.296], [85.785, 24.297], [85.79, 24.292], [85.8, 24.289], [85.81, 24.293], [85.819, 24.292], [85.817, 24.281], [85.818, 24.277], [85.814, 24.265], [85.82, 24.262], [85.825, 24.265], [85.829, 24.276], [85.834, 24.28], [85.842, 24.274], [85.849, 24.273], [85.85, 24.27], [85.844, 24.262], [85.836, 24.258], [85.836, 24.253], [85.841, 24.251], [85.848, 24.253], [85.854, 24.25], [85.855, 24.241], [85.857, 24.233], [85.855, 24.229], [85.856, 24.214], [85.858, 24.212], [85.866, 24.212], [85.877, 24.207], [85.881, 24.213], [85.882, 24.222], [85.887, 24.224], [85.91, 24.221], [85.915, 24.222], [85.918, 24.226], [85.918, 24.234], [85.921, 24.236], [85.926, 24.235], [85.928, 24.229], [85.935, 24.226], [85.943, 24.231], [85.95, 24.229], [85.955, 24.225], [85.958, 24.216], [85.957, 24.215], [85.962, 24.201], [85.968, 24.199], [85.972, 24.194], [85.971, 24.189], [85.962, 24.185], [85.958, 24.18], [85.966, 24.172], [85.97, 24.17], [85.981, 24.168], [85.986, 24.172], [86, 24.171], [86.002, 24.174], [86, 24.192], [86.005, 24.194], [86.009, 24.19], [86.015, 24.182], [86.021, 24.179], [86.028, 24.178], [86.041, 24.17], [86.047, 24.168], [86.054, 24.169], [86.061, 24.172], [86.071, 24.179], [86.075, 24.183], [86.081, 24.186], [86.087, 24.187], [86.092, 24.181], [86.096, 24.173], [86.1, 24.17], [86.105, 24.17], [86.115, 24.176], [86.121, 24.174], [86.125, 24.163], [86.134, 24.157], [86.141, 24.158], [86.146, 24.156], [86.151, 24.151], [86.155, 24.145], [86.159, 24.142], [86.171, 24.143], [86.174, 24.142], [86.181, 24.13], [86.182, 24.121], [86.184, 24.118], [86.192, 24.116], [86.2, 24.119], [86.205, 24.116], [86.216, 24.117], [86.221, 24.116], [86.229, 24.11], [86.239, 24.116], [86.256, 24.113], [86.265, 24.105], [86.266, 24.096], [86.274, 24.074], [86.28, 24.072], [86.286, 24.073], [86.301, 24.072], [86.305, 24.07], [86.309, 24.064], [86.322, 24.059], [86.331, 24.059], [86.343, 24.054], [86.348, 24.054], [86.357, 24.05], [86.363, 24.048], [86.37, 24.051], [86.373, 24.058], [86.379, 24.06], [86.386, 24.056], [86.39, 24.046], [86.395, 24.041], [86.407, 24.036], [86.418, 24.031], [86.425, 24.031], [86.433, 24.033], [86.445, 24.03], [86.458, 24.021], [86.466, 24.019], [86.473, 24.015], [86.476, 24.01], [86.482, 24.009], [86.487, 24.005], [86.498, 23.999], [86.508, 23.996], [86.516, 23.991], [86.527, 23.987], [86.536, 23.99], [86.551, 23.989], [86.566, 23.986], [86.57, 23.986], [86.581, 23.984], [86.587, 23.98], [86.594, 23.971], [86.599, 23.968], [86.601, 23.964], [86.609, 23.956], [86.628, 23.946], [86.633, 23.941], [86.645, 23.935], [86.652, 23.928], [86.665, 23.922], [86.679, 23.92], [86.691, 23.911], [86.705, 23.907], [86.709, 23.907], [86.715, 23.903], [86.723, 23.895], [86.726, 23.889], [86.726, 23.879], [86.729, 23.876], [86.731, 23.869], [86.739, 23.861], [86.75, 23.86], [86.757, 23.86], [86.766, 23.862], [86.776, 23.859], [86.792, 23.85], [86.801, 23.842], [86.808, 23.832], [86.813, 23.819], [86.812, 23.797], [86.816, 23.786], [86.821, 23.781], [86.825, 23.764], [86.825, 23.754], [86.822, 23.751], [86.814, 23.749], [86.81, 23.746], [86.806, 23.73], [86.799, 23.721], [86.801, 23.712], [86.797, 23.706], [86.796, 23.7], [86.803, 23.691]]}, "properties": {"rivname": "Barakar", "ba_name": "Ganga"}}, {"type": "Feature", "geometry": {"type": "MultiLineString", "coordinates": [[[74.95, 31.147], [74.951, 31.158], [74.954, 31.163], [74.967, 31.167], [74.971, 31.174], [74.979, 31.177], [74.981, 31.185], [74.988, 31.19], [75, 31.192], [75.005, 31.196], [75.012, 31.198], [75.022, 31.194], [75.028, 31.194], [75.029, 31.198], [75.025, 31.202], [75.028, 31.207], [75.038, 31.207], [75.049, 31.214], [75.055, 31.219], [75.057, 31.225], [75.057, 31.229], [75.066, 31.243], [75.074, 31.251], [75.082, 31.256], [75.087, 31.256], [75.091, 31.264], [75.091, 31.268], [75.085, 31.27], [75.083, 31.276], [75.088, 31.279], [75.099, 31.275], [75.106, 31.275], [75.109, 31.277], [75.11, 31.282], [75.119, 31.293], [75.118, 31.299], [75.114, 31.303], [75.116, 31.306], [75.116, 31.319], [75.118, 31.324], [75.13, 31.337], [75.134, 31.339], [75.143, 31.34], [75.147, 31.343], [75.162, 31.347], [75.165, 31.357], [75.163, 31.366], [75.163, 31.371], [75.17, 31.378], [75.171, 31.387], [75.179, 31.39], [75.183, 31.399], [75.187, 31.402], [75.189, 31.414], [75.192, 31.416], [75.2, 31.419], [75.201, 31.426], [75.197, 31.43], [75.197, 31.436], [75.209, 31.441], [75.215, 31.446], [75.226, 31.452], [75.23, 31.459], [75.245, 31.472], [75.246, 31.474], [75.256, 31.479], [75.266, 31.485], [75.281, 31.49], [75.289, 31.497], [75.293, 31.503], [75.301, 31.508], [75.304, 31.512], [75.313, 31.518], [75.32, 31.519], [75.329, 31.529], [75.333, 31.537], [75.338, 31.543], [75.348, 31.547], [75.355, 31.557], [75.362, 31.576], [75.37, 31.58], [75.386, 31.596], [75.392, 31.605], [75.402, 31.608], [75.405, 31.617], [75.413, 31.622], [75.42, 31.63], [75.433, 31.636], [75.446, 31.638], [75.454, 31.636], [75.463, 31.636], [75.468, 31.64], [75.471, 31.646], [75.471, 31.656], [75.481, 31.677], [75.485, 31.679], [75.492, 31.68], [75.497, 31.683], [75.513, 31.686], [75.517, 31.689], [75.528, 31.698], [75.535, 31.708], [75.538, 31.716], [75.538, 31.721], [75.534, 31.733], [75.534, 31.745], [75.54, 31.752], [75.543, 31.758], [75.547, 31.761], [75.555, 31.76], [75.559, 31.761], [75.565, 31.77], [75.566, 31.776], [75.574, 31.787], [75.575, 31.8], [75.558, 31.809], [75.555, 31.809], [75.557, 31.816], [75.563, 31.825], [75.57, 31.836], [75.57, 31.854], [75.569, 31.859], [75.571, 31.864], [75.569, 31.867], [75.569, 31.881], [75.566, 31.898], [75.556, 31.906], [75.552, 31.907], [75.544, 31.914], [75.539, 31.921], [75.535, 31.928], [75.534, 31.941], [75.54, 31.952], [75.553, 31.969], [75.552, 31.982], [75.554, 31.994], [75.552, 32], [75.55, 32.01], [75.555, 32.02], [75.554, 32.023], [75.558, 32.039], [75.556, 32.049], [75.561, 32.057], [75.568, 32.069], [75.574, 32.074], [75.58, 32.073], [75.584, 32.076], [75.591, 32.077], [75.594, 32.081], [75.602, 32.084], [75.607, 32.095], [75.623, 32.104], [75.627, 32.1]], [[75.627, 32.1], [75.629, 32.095], [75.634, 32.095], [75.64, 32.098], [75.646, 32.098], [75.651, 32.088], [75.661, 32.09], [75.665, 32.086], [75.671, 32.089], [75.685, 32.093], [75.69, 32.087], [75.7, 32.086], [75.701, 32.082], [75.696, 32.074], [75.698, 32.071], [75.703, 32.071], [75.705, 32.067], [75.715, 32.062], [75.721, 32.062], [75.734, 32.057], [75.735, 32.05], [75.739, 32.048], [75.74, 32.038], [75.743, 32.036]], [[77.239, 32.373], [77.248, 32.364], [77.245, 32.359], [77.24, 32.359], [77.233, 32.355], [77.22, 32.349], [77.215, 32.342], [77.213, 32.338], [77.204, 32.337], [77.196, 32.334], [77.191, 32.322], [77.184, 32.315], [77.181, 32.305], [77.182, 32.298], [77.179, 32.291], [77.179, 32.277], [77.18, 32.27], [77.185, 32.264], [77.19, 32.252], [77.192, 32.24], [77.189, 32.234], [77.19, 32.225], [77.193, 32.22], [77.19, 32.211], [77.192, 32.206], [77.189, 32.199], [77.191, 32.19], [77.18, 32.179], [77.181, 32.171], [77.177, 32.162], [77.168, 32.151], [77.16, 32.148], [77.157, 32.144], [77.159, 32.138], [77.158, 32.13], [77.15, 32.123], [77.15, 32.109], [77.145, 32.105], [77.135, 32.094], [77.135, 32.083], [77.129, 32.077], [77.132, 32.074], [77.133, 32.065], [77.136, 32.056], [77.134, 32.049], [77.135, 32.043], [77.132, 32.036], [77.133, 32.026], [77.126, 32.018], [77.126, 32.015], [77.132, 32.011], [77.133, 32.006], [77.127, 31.999], [77.128, 31.996], [77.134, 31.989], [77.128, 31.986], [77.124, 31.973], [77.117, 31.964], [77.115, 31.956], [77.112, 31.952], [77.111, 31.945], [77.118, 31.934], [77.121, 31.925], [77.126, 31.92], [77.135, 31.908], [77.138, 31.9], [77.144, 31.894], [77.15, 31.883], [77.157, 31.877], [77.157, 31.867], [77.163, 31.862], [77.169, 31.852], [77.173, 31.848], [77.178, 31.834], [77.174, 31.827], [77.175, 31.822], [77.181, 31.822], [77.188, 31.818], [77.187, 31.812], [77.189, 31.807], [77.193, 31.795], [77.193, 31.791], [77.197, 31.789], [77.197, 31.783], [77.194, 31.776], [77.2, 31.776], [77.202, 31.766], [77.208, 31.759], [77.206, 31.755], [77.209, 31.75], [77.208, 31.739], [77.211, 31.733], [77.214, 31.721], [77.206, 31.715], [77.201, 31.709], [77.195, 31.71], [77.188, 31.708], [77.183, 31.702], [77.172, 31.701], [77.161, 31.698], [77.156, 31.694], [77.142, 31.695], [77.131, 31.69], [77.119, 31.693], [77.114, 31.687], [77.101, 31.684], [77.091, 31.681], [77.082, 31.676], [77.075, 31.672], [77.065, 31.671], [77.06, 31.665], [77.056, 31.673], [77.049, 31.674], [77.05, 31.681], [77.046, 31.684], [77.043, 31.695], [77.037, 31.699], [77.036, 31.702], [77.025, 31.716], [77.022, 31.721], [77.016, 31.723], [77.006, 31.721], [76.989, 31.71], [76.982, 31.709], [76.972, 31.703], [76.961, 31.7], [76.952, 31.705], [76.949, 31.7], [76.945, 31.7], [76.936, 31.712], [76.93, 31.715], [76.934, 31.721], [76.934, 31.727], [76.936, 31.743], [76.941, 31.752], [76.94, 31.76], [76.931, 31.764], [76.927, 31.778], [76.92, 31.781], [76.918, 31.784], [76.913, 31.787], [76.905, 31.784], [76.901, 31.786], [76.897, 31.794], [76.883, 31.801], [76.875, 31.812], [76.875, 31.816], [76.862, 31.826], [76.857, 31.826], [76.851, 31.823], [76.843, 31.829], [76.836, 31.823], [76.829, 31.823], [76.818, 31.818], [76.809, 31.817], [76.804, 31.819], [76.796, 31.825], [76.791, 31.827], [76.789, 31.832], [76.781, 31.828], [76.779, 31.82], [76.774, 31.817], [76.769, 31.826], [76.759, 31.832], [76.754, 31.837], [76.752, 31.846], [76.759, 31.85], [76.754, 31.855], [76.746, 31.854], [76.737, 31.862], [76.73, 31.862], [76.721, 31.87], [76.719, 31.876], [76.721, 31.881], [76.716, 31.882], [76.71, 31.878], [76.7, 31.881], [76.684, 31.882], [76.674, 31.886], [76.674, 31.88], [76.679, 31.875], [76.68, 31.871], [76.663, 31.872], [76.657, 31.867], [76.647, 31.872], [76.635, 31.874], [76.625, 31.878], [76.611, 31.885], [76.605, 31.892], [76.599, 31.893], [76.583, 31.887], [76.575, 31.887], [76.568, 31.885], [76.56, 31.887], [76.553, 31.885], [76.547, 31.882], [76.54, 31.87], [76.523, 31.862], [76.52, 31.858], [76.521, 31.843], [76.517, 31.84], [76.507, 31.84], [76.498, 31.838], [76.495, 31.835], [76.478, 31.828], [76.468, 31.829], [76.466, 31.823], [76.474, 31.815], [76.474, 31.81], [76.467, 31.809], [76.461, 31.815], [76.457, 31.817], [76.454, 31.811], [76.463, 31.806], [76.461, 31.804], [76.453, 31.805], [76.443, 31.801], [76.441, 31.805], [76.443, 31.811], [76.439, 31.811], [76.437, 31.804], [76.437, 31.798], [76.432, 31.794], [76.425, 31.795], [76.413, 31.795], [76.412, 31.791], [76.415, 31.785], [76.41, 31.785], [76.401, 31.794], [76.395, 31.795], [76.389, 31.786], [76.376, 31.775], [76.37, 31.773], [76.364, 31.775], [76.365, 31.781], [76.357, 31.79], [76.349, 31.79], [76.341, 31.788], [76.333, 31.781], [76.317, 31.777], [76.308, 31.781], [76.299, 31.79], [76.294, 31.792], [76.289, 31.815], [76.286, 31.818], [76.277, 31.822], [76.27, 31.829], [76.262, 31.83], [76.256, 31.833], [76.239, 31.847], [76.239, 31.853], [76.245, 31.855], [76.243, 31.861], [76.238, 31.867], [76.222, 31.877], [76.204, 31.878], [76.196, 31.881], [76.188, 31.902], [76.181, 31.913], [76.175, 31.914], [76.171, 31.918], [76.171, 31.928], [76.16, 31.931], [76.16, 31.936], [76.156, 31.938], [76.15, 31.936], [76.146, 31.942], [76.142, 31.939], [76.132, 31.949], [76.127, 31.952], [76.113, 31.952], [76.107, 31.951], [76.097, 31.952], [76.091, 31.959], [76.086, 31.967], [76.08, 31.981], [76.065, 31.98], [76.038, 31.977], [76.014, 31.976], [76, 31.978], [75.989, 31.98], [75.981, 31.974], [75.974, 31.972], [75.955, 31.972], [75.942, 31.967], [75.936, 31.967], [75.93, 31.962], [75.921, 31.957], [75.904, 31.956], [75.895, 31.956], [75.887, 31.958], [75.878, 31.967], [75.87, 31.968], [75.862, 31.972], [75.86, 31.977], [75.851, 31.985], [75.834, 31.989], [75.826, 31.993], [75.82, 32.002], [75.819, 32.007], [75.816, 32.012], [75.815, 32.023], [75.809, 32.028], [75.808, 32.034], [75.811, 32.037], [75.802, 32.042], [75.807, 32.052], [75.801, 32.058], [75.797, 32.059], [75.798, 32.066], [75.781, 32.068], [75.775, 32.068], [75.771, 32.07], [75.762, 32.068], [75.753, 32.068], [75.75, 32.072], [75.744, 32.075], [75.74, 32.082], [75.74, 32.09], [75.736, 32.095], [75.727, 32.1], [75.727, 32.103], [75.719, 32.104], [75.712, 32.109], [75.706, 32.105], [75.695, 32.109], [75.69, 32.113], [75.679, 32.111], [75.676, 32.115], [75.669, 32.115], [75.664, 32.107], [75.658, 32.104], [75.649, 32.104], [75.642, 32.106], [75.637, 32.106], [75.627, 32.1]]]}, "properties": {"rivname": "Beas", "ba_name": "Indus (Up to border)"}}, {"type": "Feature", "geometry": {"type": "LineString", "coordinates": [[79.252, 30.752], [79.246, 30.754], [79.235, 30.751], [79.226, 30.751], [79.207, 30.76], [79.177, 30.771], [79.169, 30.776], [79.165, 30.784], [79.157, 30.795], [79.152, 30.798], [79.129, 30.808], [79.127, 30.812], [79.125, 30.82], [79.118, 30.835], [79.109, 30.847], [79.104, 30.857], [79.099, 30.871], [79.1, 30.884], [79.097, 30.896], [79.091, 30.913], [79.086, 30.921], [79.078, 30.928], [79.068, 30.935], [79.059, 30.943], [79.046, 30.953], [79.043, 30.96], [79.033, 30.968], [79.033, 30.972], [79.027, 30.977], [79.018, 30.98], [79.016, 30.983], [79.005, 30.986], [78.986, 30.994], [78.981, 30.993], [78.974, 30.996], [78.968, 30.995], [78.959, 30.996], [78.941, 30.994], [78.93, 30.997], [78.912, 30.999], [78.904, 31.001], [78.899, 31], [78.885, 31.007], [78.883, 31.01], [78.872, 31.018], [78.866, 31.025], [78.866, 31.029], [78.858, 31.034], [78.854, 31.036], [78.845, 31.042], [78.837, 31.045], [78.829, 31.045], [78.823, 31.047], [78.807, 31.045], [78.802, 31.042], [78.789, 31.041], [78.781, 31.042], [78.768, 31.042], [78.759, 31.036], [78.75, 31.035], [78.74, 31.038], [78.73, 31.039], [78.717, 31.033], [78.715, 31.025], [78.711, 31.018], [78.713, 31.016], [78.714, 31.006], [78.71, 30.998], [78.705, 30.996], [78.702, 30.991], [78.697, 30.976], [78.698, 30.965], [78.692, 30.956], [78.685, 30.94], [78.682, 30.937], [78.682, 30.93], [78.679, 30.922], [78.681, 30.913], [78.679, 30.906], [78.678, 30.896], [78.674, 30.891], [78.673, 30.886], [78.665, 30.881], [78.659, 30.871], [78.654, 30.867], [78.651, 30.86], [78.642, 30.854], [78.638, 30.847], [78.631, 30.844], [78.624, 30.835], [78.624, 30.831], [78.619, 30.826], [78.619, 30.821], [78.622, 30.814], [78.62, 30.809], [78.622, 30.804], [78.617, 30.799], [78.617, 30.784], [78.613, 30.779], [78.608, 30.777], [78.594, 30.767], [78.591, 30.764], [78.582, 30.762], [78.579, 30.756], [78.565, 30.753], [78.562, 30.754], [78.551, 30.748], [78.543, 30.74], [78.53, 30.739], [78.527, 30.741], [78.522, 30.737], [78.511, 30.734], [78.504, 30.738], [78.498, 30.737], [78.491, 30.743], [78.484, 30.743], [78.478, 30.754], [78.474, 30.751], [78.466, 30.754], [78.46, 30.758], [78.457, 30.758], [78.453, 30.747], [78.457, 30.742], [78.455, 30.737], [78.446, 30.729], [78.439, 30.726], [78.434, 30.731], [78.43, 30.732], [78.421, 30.728], [78.418, 30.729], [78.412, 30.736], [78.406, 30.729], [78.402, 30.731], [78.398, 30.736], [78.395, 30.736], [78.39, 30.733], [78.383, 30.738], [78.368, 30.738], [78.363, 30.741], [78.359, 30.738], [78.354, 30.738], [78.351, 30.733], [78.359, 30.73], [78.362, 30.723], [78.349, 30.711], [78.352, 30.7], [78.355, 30.698], [78.357, 30.691], [78.352, 30.684], [78.35, 30.678], [78.346, 30.677], [78.345, 30.669], [78.339, 30.662], [78.339, 30.654], [78.335, 30.651], [78.334, 30.647], [78.329, 30.645], [78.33, 30.641], [78.328, 30.634], [78.332, 30.63], [78.328, 30.62], [78.317, 30.614], [78.315, 30.608], [78.321, 30.606], [78.323, 30.603], [78.322, 30.596], [78.325, 30.592], [78.328, 30.583], [78.334, 30.573], [78.328, 30.567], [78.338, 30.561], [78.341, 30.552], [78.344, 30.548], [78.344, 30.543], [78.349, 30.535], [78.354, 30.532], [78.357, 30.527], [78.364, 30.521], [78.376, 30.516], [78.39, 30.505], [78.392, 30.5], [78.403, 30.491], [78.404, 30.483], [78.407, 30.481], [78.406, 30.472], [78.412, 30.468], [78.423, 30.469], [78.427, 30.465], [78.425, 30.459], [78.427, 30.453], [78.439, 30.449], [78.437, 30.444], [78.433, 30.438], [78.437, 30.433], [78.453, 30.427], [78.456, 30.424], [78.459, 30.416], [78.468, 30.41], [78.474, 30.399], [78.482, 30.393], [78.476, 30.371], [78.481, 30.367], [78.486, 30.355], [78.482, 30.344], [78.487, 30.338], [78.489, 30.329], [78.488, 30.316], [78.493, 30.307], [78.491, 30.3], [78.496, 30.294], [78.485, 30.29], [78.484, 30.283], [78.494, 30.283], [78.496, 30.28], [78.49, 30.272], [78.491, 30.266], [78.495, 30.26], [78.499, 30.261], [78.505, 30.266], [78.508, 30.263], [78.51, 30.251], [78.516, 30.248], [78.523, 30.248], [78.527, 30.25], [78.534, 30.245], [78.538, 30.236], [78.555, 30.233], [78.558, 30.227], [78.563, 30.224], [78.562, 30.216], [78.559, 30.212], [78.562, 30.202], [78.565, 30.199], [78.573, 30.196], [78.578, 30.192], [78.584, 30.19], [78.588, 30.177], [78.6, 30.168], [78.602, 30.16], [78.601, 30.154], [78.597, 30.145]]}, "properties": {"rivname": "Bhagirathi", "ba_name": "Ganga"}}, {"type": "Feature", "geometry": {"type": "LineString", "coordinates": [[76.557, 10.795], [76.549, 10.798], [76.544, 10.79], [76.54, 10.788], [76.535, 10.789], [76.523, 10.787], [76.521, 10.783], [76.516, 10.782], [76.513, 10.778], [76.51, 10.772], [76.508, 10.77], [76.499, 10.77], [76.49, 10.765], [76.485, 10.76], [76.479, 10.751], [76.473, 10.749], [76.467, 10.753], [76.447, 10.75], [76.444, 10.749], [76.435, 10.751], [76.427, 10.751], [76.421, 10.749], [76.409, 10.75], [76.402, 10.746], [76.394, 10.747], [76.394, 10.753], [76.391, 10.756], [76.391, 10.762], [76.378, 10.769], [76.373, 10.767], [76.369, 10.764], [76.364, 10.764], [76.36, 10.758], [76.357, 10.745], [76.35, 10.744], [76.346, 10.747], [76.338, 10.749], [76.332, 10.748], [76.326, 10.745], [76.317, 10.746], [76.309, 10.752], [76.306, 10.751], [76.296, 10.752], [76.287, 10.757], [76.283, 10.753], [76.278, 10.752], [76.263, 10.752], [76.255, 10.747], [76.245, 10.749], [76.244, 10.754], [76.247, 10.759], [76.248, 10.764], [76.244, 10.773], [76.235, 10.775], [76.23, 10.773], [76.226, 10.781], [76.222, 10.782], [76.213, 10.779], [76.205, 10.777], [76.202, 10.78], [76.195, 10.781], [76.192, 10.784], [76.186, 10.783], [76.183, 10.786], [76.184, 10.796], [76.181, 10.8], [76.174, 10.799], [76.169, 10.795], [76.164, 10.794], [76.159, 10.798], [76.158, 10.801], [76.153, 10.803], [76.144, 10.81], [76.139, 10.811], [76.131, 10.808], [76.124, 10.805], [76.109, 10.809], [76.099, 10.815], [76.095, 10.82], [76.094, 10.828], [76.09, 10.836], [76.09, 10.84], [76.083, 10.84], [76.075, 10.836], [76.068, 10.839], [76.062, 10.838], [76.059, 10.842], [76.054, 10.843], [76.05, 10.85], [76.047, 10.85], [76.04, 10.847], [76.037, 10.839], [76.038, 10.836], [76.035, 10.831], [76.029, 10.833], [76.022, 10.838], [76.023, 10.841], [76.019, 10.853], [76.018, 10.86], [76.012, 10.864], [76.009, 10.864], [76.001, 10.866], [75.994, 10.866], [75.99, 10.864], [75.983, 10.864], [75.977, 10.857], [75.969, 10.855], [75.963, 10.85], [75.958, 10.838], [75.964, 10.827], [75.961, 10.813], [75.953, 10.806], [75.947, 10.797], [75.939, 10.794], [75.933, 10.793], [75.912, 10.787]]}, "properties": {"rivname": "Bharathapuzha/Ponnani", "ba_name": "West flowing rivers from Tadri to Kanyakumari"}}, {"type": "Feature", "geometry": {"type": "MultiLineString", "coordinates": [[[89.961, 25.931], [89.955, 25.928], [89.949, 25.92], [89.942, 25.902], [89.94, 25.892], [89.932, 25.878], [89.921, 25.862], [89.916, 25.846], [89.912, 25.843], [89.9, 25.835], [89.898, 25.83], [89.898, 25.819], [89.896, 25.814], [89.89, 25.804], [89.884, 25.797], [89.868, 25.792], [89.862, 25.775], [89.859, 25.768], [89.858, 25.759], [89.86, 25.75], [89.861, 25.739], [89.86, 25.725], [89.856, 25.72], [89.846, 25.715]], [[89.961, 25.931], [89.961, 25.947], [89.961, 25.958], [89.965, 25.965], [89.962, 25.975], [89.961, 25.985], [89.966, 25.992], [89.972, 25.997], [89.987, 25.997], [89.997, 26.001], [90, 26.011], [90.013, 26.023], [90.021, 26.029], [90.036, 26.037], [90.053, 26.041]], [[90.082, 26.034], [90.081, 26.03], [90.075, 26.02], [90.073, 26.004], [90.069, 25.999], [90.057, 25.995], [90.042, 25.982], [90.034, 25.973], [90.021, 25.954], [90.004, 25.935], [89.997, 25.931], [89.991, 25.929], [89.961, 25.931]], [[90.082, 26.034], [90.068, 26.039], [90.053, 26.041]], [[90.12, 26.049], [90.109, 26.042], [90.099, 26.039], [90.092, 26.038], [90.087, 26.035], [90.082, 26.034]], [[90.197, 26.08], [90.192, 26.073], [90.187, 26.061], [90.184, 26.057], [90.171, 26.052], [90.161, 26.051], [90.154, 26.049], [90.12, 26.049]], [[90.197, 26.08], [90.186, 26.081], [90.178, 26.084], [90.154, 26.085]], [[90.154, 26.085], [90.143, 26.086], [90.135, 26.085], [90.13, 26.079], [90.129, 26.07], [90.12, 26.049]], [[90.162, 26.094], [90.154, 26.085]], [[90.162, 26.094], [90.154, 26.096], [90.141, 26.101], [90.133, 26.101], [90.114, 26.1], [90.107, 26.095], [90.096, 26.083], [90.09, 26.075], [90.089, 26.067], [90.083, 26.059], [90.074, 26.05], [90.053, 26.041]], [[90.221, 26.095], [90.21, 26.094], [90.197, 26.08]], [[90.221, 26.095], [90.225, 26.099], [90.227, 26.115], [90.23, 26.119]], [[90.279, 26.108], [90.272, 26.108], [90.26, 26.104], [90.254, 26.098], [90.253, 26.094], [90.249, 26.087], [90.237, 26.088], [90.228, 26.092], [90.221, 26.095]], [[90.279, 26.108], [90.27, 26.12], [90.255, 26.131], [90.244, 26.129], [90.233, 26.123], [90.23, 26.119]], [[90.317, 26.11], [90.309, 26.107], [90.302, 26.107], [90.279, 26.108]], [[90.23, 26.119], [90.217, 26.12], [90.202, 26.121], [90.191, 26.118], [90.181, 26.113], [90.175, 26.108], [90.162, 26.094]], [[90.828, 26.112], [90.819, 26.113], [90.81, 26.117], [90.798, 26.131], [90.795, 26.135], [90.79, 26.136], [90.779, 26.129], [90.772, 26.129], [90.763, 26.135], [90.759, 26.136], [90.75, 26.134], [90.742, 26.128], [90.737, 26.121], [90.734, 26.117], [90.729, 26.118], [90.722, 26.121], [90.716, 26.131], [90.707, 26.133], [90.702, 26.131], [90.686, 26.132], [90.682, 26.137], [90.686, 26.148], [90.683, 26.162], [90.67, 26.173]], [[90.415, 26.176], [90.411, 26.166], [90.403, 26.156], [90.399, 26.153], [90.398, 26.147], [90.395, 26.141], [90.394, 26.13], [90.392, 26.124], [90.387, 26.12], [90.38, 26.118], [90.361, 26.119], [90.34, 26.118], [90.333, 26.115], [90.325, 26.114], [90.317, 26.11]], [[90.67, 26.173], [90.661, 26.173], [90.644, 26.184], [90.641, 26.19], [90.64, 26.201]], [[90.917, 26.159], [90.903, 26.159], [90.901, 26.157], [90.899, 26.145], [90.888, 26.146], [90.884, 26.15], [90.881, 26.15], [90.876, 26.147], [90.867, 26.139], [90.866, 26.134], [90.862, 26.129], [90.861, 26.122], [90.856, 26.118], [90.843, 26.119], [90.836, 26.12], [90.828, 26.112]], [[90.917, 26.159], [90.909, 26.167], [90.904, 26.17], [90.903, 26.178], [90.899, 26.18], [90.888, 26.175], [90.875, 26.175], [90.859, 26.179], [90.846, 26.176]], [[90.917, 26.159], [90.925, 26.161], [90.926, 26.166], [90.93, 26.172], [90.933, 26.18], [90.939, 26.181], [90.944, 26.178], [90.951, 26.18], [90.96, 26.186], [90.977, 26.18], [90.984, 26.181], [90.998, 26.187], [90.999, 26.199], [91.004, 26.212]], [[90.412, 26.198], [90.412, 26.194], [90.416, 26.187], [90.415, 26.176]], [[90.412, 26.198], [90.406, 26.198], [90.393, 26.203], [90.388, 26.203], [90.38, 26.2], [90.38, 26.198], [90.373, 26.193], [90.347, 26.185], [90.344, 26.182], [90.341, 26.173], [90.341, 26.158], [90.339, 26.147], [90.336, 26.142], [90.326, 26.135], [90.321, 26.126], [90.319, 26.115], [90.317, 26.11]], [[90.846, 26.176], [90.839, 26.172], [90.831, 26.171], [90.815, 26.173], [90.802, 26.174], [90.79, 26.174], [90.771, 26.175], [90.763, 26.18], [90.76, 26.19], [90.752, 26.198], [90.745, 26.199], [90.736, 26.198], [90.728, 26.194], [90.724, 26.187], [90.715, 26.18], [90.705, 26.178], [90.688, 26.178], [90.67, 26.173]], [[91.385, 26.147], [91.378, 26.143], [91.364, 26.138], [91.359, 26.137], [91.35, 26.133], [91.338, 26.121], [91.323, 26.113], [91.32, 26.108], [91.317, 26.1], [91.315, 26.099], [91.294, 26.1], [91.289, 26.102], [91.272, 26.127], [91.268, 26.131], [91.262, 26.131], [91.246, 26.124], [91.243, 26.129], [91.228, 26.138], [91.22, 26.145], [91.211, 26.147], [91.206, 26.151], [91.201, 26.161], [91.195, 26.166], [91.182, 26.168], [91.171, 26.164], [91.163, 26.165], [91.149, 26.17], [91.144, 26.179], [91.143, 26.19]], [[91.385, 26.147], [91.378, 26.151], [91.364, 26.154], [91.353, 26.161], [91.34, 26.164], [91.33, 26.16], [91.319, 26.157], [91.31, 26.158], [91.303, 26.163], [91.296, 26.169], [91.292, 26.176], [91.278, 26.184], [91.275, 26.185]], [[90.64, 26.201], [90.635, 26.205], [90.628, 26.208], [90.618, 26.209], [90.593, 26.211], [90.574, 26.204], [90.56, 26.205], [90.552, 26.207]], [[90.64, 26.201], [90.644, 26.199], [90.654, 26.2], [90.662, 26.209], [90.674, 26.209], [90.681, 26.21], [90.694, 26.216], [90.703, 26.227], [90.711, 26.23], [90.716, 26.237], [90.72, 26.235], [90.736, 26.237], [90.745, 26.237], [90.752, 26.242], [90.762, 26.24], [90.77, 26.235], [90.776, 26.24], [90.783, 26.235], [90.786, 26.227], [90.794, 26.219], [90.814, 26.213], [90.829, 26.207], [90.856, 26.205], [90.87, 26.2]], [[90.552, 26.207], [90.549, 26.202], [90.541, 26.199], [90.53, 26.199], [90.504, 26.199], [90.48, 26.196], [90.472, 26.196], [90.462, 26.194], [90.445, 26.187], [90.435, 26.182], [90.426, 26.179], [90.415, 26.176]], [[90.552, 26.207], [90.539, 26.216], [90.533, 26.222], [90.518, 26.24], [90.513, 26.242], [90.5, 26.243], [90.489, 26.238], [90.477, 26.241], [90.457, 26.242], [90.442, 26.233], [90.437, 26.226], [90.43, 26.22], [90.425, 26.213], [90.412, 26.198]], [[91.236, 26.164], [91.229, 26.164], [91.22, 26.161], [91.216, 26.163], [91.21, 26.17]], [[91.236, 26.164], [91.232, 26.172], [91.223, 26.177], [91.219, 26.182], [91.212, 26.183]], [[91.21, 26.17], [91.202, 26.178], [91.197, 26.181], [91.185, 26.183], [91.169, 26.189], [91.152, 26.191], [91.143, 26.19]], [[90.87, 26.2], [90.857, 26.19], [90.85, 26.182], [90.846, 26.176]], [[91.572, 26.157], [91.565, 26.154], [91.547, 26.137], [91.536, 26.131], [91.524, 26.124], [91.509, 26.121], [91.486, 26.122], [91.462, 26.13], [91.441, 26.142], [91.433, 26.144], [91.426, 26.144], [91.419, 26.142], [91.408, 26.145], [91.385, 26.147]], [[91.572, 26.157], [91.562, 26.159], [91.537, 26.168], [91.527, 26.163]], [[91.212, 26.183], [91.21, 26.17]], [[91.212, 26.183], [91.208, 26.184], [91.205, 26.188], [91.205, 26.194], [91.207, 26.203], [91.206, 26.207]], [[91.143, 26.19], [91.137, 26.195], [91.131, 26.197]], [[91.258, 26.183], [91.255, 26.178], [91.251, 26.165], [91.245, 26.161], [91.236, 26.164]], [[91.258, 26.183], [91.248, 26.184], [91.239, 26.19], [91.23, 26.199], [91.222, 26.201], [91.22, 26.206], [91.206, 26.207]], [[91.527, 26.163], [91.514, 26.16], [91.505, 26.154], [91.493, 26.154], [91.489, 26.156], [91.483, 26.161], [91.471, 26.162], [91.466, 26.159], [91.457, 26.164], [91.451, 26.172]], [[91.527, 26.163], [91.525, 26.167], [91.503, 26.167], [91.498, 26.163], [91.488, 26.163], [91.483, 26.167], [91.476, 26.168], [91.471, 26.172]], [[91.101, 26.196], [91.106, 26.189], [91.101, 26.185], [91.099, 26.18], [91.09, 26.181], [91.081, 26.184], [91.077, 26.179], [91.071, 26.177], [91.06, 26.179], [91.053, 26.176], [91.051, 26.17], [91.044, 26.166], [91.039, 26.157], [91.027, 26.149], [91.019, 26.15], [91.013, 26.147], [91.009, 26.142], [91, 26.138], [90.998, 26.127], [90.99, 26.124], [90.978, 26.114], [90.974, 26.113], [90.967, 26.105], [90.958, 26.1], [90.939, 26.094], [90.925, 26.091], [90.921, 26.089], [90.916, 26.091], [90.91, 26.087], [90.906, 26.086], [90.895, 26.088], [90.88, 26.095], [90.865, 26.096], [90.857, 26.096], [90.843, 26.102], [90.828, 26.112]], [[91.451, 26.172], [91.447, 26.176], [91.447, 26.182], [91.448, 26.187], [91.447, 26.195], [91.447, 26.204], [91.445, 26.214], [91.44, 26.217], [91.43, 26.216], [91.426, 26.21], [91.415, 26.21], [91.405, 26.203], [91.396, 26.205]], [[91.275, 26.185], [91.263, 26.186], [91.258, 26.183]], [[91.275, 26.185], [91.274, 26.196], [91.269, 26.197], [91.263, 26.195], [91.254, 26.197], [91.251, 26.203], [91.254, 26.209], [91.25, 26.217], [91.242, 26.222], [91.235, 26.225]], [[91.471, 26.172], [91.459, 26.174], [91.451, 26.172]], [[91.471, 26.172], [91.469, 26.18], [91.468, 26.194], [91.464, 26.204], [91.463, 26.212], [91.466, 26.223], [91.467, 26.228], [91.462, 26.237], [91.453, 26.245], [91.448, 26.247], [91.44, 26.248], [91.426, 26.257], [91.402, 26.259], [91.391, 26.255], [91.379, 26.256], [91.377, 26.258], [91.369, 26.259]], [[91.131, 26.197], [91.122, 26.198], [91.101, 26.196]], [[91.131, 26.197], [91.129, 26.201], [91.121, 26.208], [91.112, 26.211], [91.098, 26.207], [91.093, 26.207], [91.079, 26.21], [91.054, 26.233]], [[91.013, 26.211], [91.004, 26.212]], [[91.013, 26.211], [91.022, 26.204], [91.025, 26.204], [91.041, 26.21]], [[91.004, 26.212], [91, 26.21], [90.988, 26.203], [90.982, 26.2], [90.969, 26.202], [90.96, 26.209], [90.943, 26.214], [90.938, 26.218], [90.931, 26.227], [90.924, 26.23], [90.914, 26.231], [90.905, 26.227], [90.899, 26.222], [90.894, 26.21], [90.883, 26.205], [90.877, 26.205], [90.87, 26.2]], [[91.041, 26.21], [91.058, 26.208], [91.063, 26.204], [91.074, 26.197], [91.078, 26.194], [91.085, 26.193], [91.101, 26.196]], [[91.041, 26.21], [91.035, 26.214], [91.033, 26.22], [91.027, 26.224]], [[91.206, 26.207], [91.202, 26.213]], [[91.027, 26.224], [91.019, 26.217], [91.013, 26.211]], [[91.202, 26.213], [91.2, 26.215], [91.192, 26.217], [91.187, 26.22], [91.182, 26.228], [91.179, 26.231]], [[91.396, 26.205], [91.388, 26.207], [91.383, 26.207], [91.374, 26.204], [91.368, 26.206], [91.364, 26.215], [91.361, 26.217], [91.341, 26.223], [91.338, 26.227], [91.338, 26.236], [91.325, 26.238], [91.318, 26.242], [91.305, 26.239], [91.295, 26.245], [91.282, 26.246], [91.278, 26.247], [91.268, 26.254]], [[91.396, 26.205], [91.398, 26.215], [91.397, 26.22], [91.386, 26.23], [91.384, 26.233], [91.387, 26.242], [91.384, 26.247], [91.374, 26.253], [91.369, 26.259]], [[91.054, 26.233], [91.043, 26.231], [91.029, 26.226], [91.027, 26.224]], [[91.235, 26.225], [91.222, 26.216], [91.206, 26.216], [91.202, 26.213]], [[91.179, 26.231], [91.172, 26.232], [91.156, 26.23], [91.142, 26.237]], [[91.179, 26.231], [91.176, 26.238], [91.169, 26.243], [91.161, 26.245]], [[91.069, 26.241], [91.064, 26.238], [91.054, 26.233]], [[91.142, 26.237], [91.138, 26.235], [91.122, 26.234], [91.114, 26.229], [91.104, 26.232], [91.094, 26.235], [91.083, 26.241], [91.076, 26.242], [91.069, 26.241]], [[91.745, 26.195], [91.735, 26.192], [91.73, 26.189], [91.722, 26.182], [91.708, 26.177], [91.688, 26.176], [91.681, 26.176], [91.674, 26.175], [91.66, 26.176], [91.64, 26.18], [91.609, 26.179], [91.601, 26.176], [91.584, 26.163], [91.572, 26.157]], [[91.251, 26.233], [91.235, 26.225]], [[91.251, 26.233], [91.237, 26.234], [91.231, 26.243], [91.226, 26.247], [91.217, 26.248], [91.215, 26.253], [91.208, 26.257], [91.192, 26.254]], [[91.147, 26.242], [91.142, 26.237]], [[91.147, 26.242], [91.131, 26.246], [91.12, 26.254], [91.107, 26.257], [91.101, 26.255], [91.095, 26.25], [91.084, 26.253], [91.078, 26.252], [91.073, 26.247], [91.069, 26.241]], [[91.161, 26.245], [91.154, 26.243], [91.147, 26.242]], [[91.168, 26.247], [91.161, 26.245]], [[91.776, 26.206], [91.769, 26.202], [91.758, 26.203], [91.749, 26.196], [91.745, 26.195]], [[91.192, 26.254], [91.182, 26.253], [91.173, 26.247], [91.168, 26.247]], [[91.192, 26.254], [91.18, 26.254], [91.173, 26.248], [91.168, 26.247]], [[91.268, 26.254], [91.259, 26.251], [91.256, 26.245], [91.255, 26.239], [91.251, 26.233]], [[91.806, 26.226], [91.799, 26.224], [91.794, 26.222], [91.778, 26.211], [91.776, 26.206]], [[91.806, 26.226], [91.802, 26.229], [91.788, 26.233], [91.782, 26.234], [91.775, 26.232], [91.763, 26.226], [91.754, 26.217], [91.751, 26.206], [91.747, 26.202], [91.745, 26.195]], [[91.369, 26.259], [91.351, 26.26], [91.341, 26.256], [91.336, 26.256], [91.321, 26.251], [91.311, 26.252], [91.297, 26.26], [91.291, 26.264], [91.286, 26.263], [91.281, 26.258], [91.273, 26.253], [91.268, 26.254]], [[91.871, 26.225], [91.868, 26.226], [91.847, 26.214], [91.842, 26.218], [91.835, 26.218], [91.826, 26.215], [91.824, 26.211], [91.812, 26.209], [91.808, 26.21], [91.801, 26.208], [91.793, 26.209], [91.78, 26.204], [91.776, 26.206]], [[91.892, 26.237], [91.886, 26.232], [91.875, 26.229], [91.871, 26.225]], [[91.892, 26.237], [91.89, 26.23], [91.886, 26.22], [91.879, 26.217], [91.875, 26.217], [91.873, 26.223], [91.871, 26.225]], [[91.841, 26.244], [91.838, 26.243], [91.833, 26.233], [91.822, 26.228], [91.806, 26.226]], [[91.841, 26.249], [91.841, 26.244]], [[91.899, 26.249], [91.892, 26.237]], [[91.899, 26.249], [91.891, 26.249], [91.889, 26.25]], [[91.889, 26.25], [91.873, 26.252], [91.868, 26.252], [91.859, 26.248], [91.848, 26.248], [91.841, 26.244]], [[91.862, 26.269], [91.867, 26.264], [91.862, 26.257], [91.855, 26.256], [91.841, 26.249]], [[91.86, 26.27], [91.854, 26.268], [91.843, 26.262], [91.84, 26.255], [91.841, 26.249]], [[91.86, 26.27], [91.862, 26.269]], [[91.962, 26.273], [91.959, 26.267], [91.956, 26.254], [91.953, 26.252], [91.941, 26.252], [91.922, 26.252], [91.914, 26.251], [91.907, 26.246], [91.903, 26.25], [91.899, 26.249]], [[91.962, 26.273], [91.953, 26.276], [91.943, 26.281]], [[91.943, 26.281], [91.937, 26.277], [91.911, 26.262], [91.902, 26.255], [91.889, 26.25]], [[91.953, 26.292], [91.943, 26.281]], [[91.953, 26.292], [91.944, 26.297], [91.933, 26.299], [91.926, 26.304]], [[91.965, 26.296], [91.959, 26.296], [91.953, 26.292]], [[91.926, 26.304], [91.922, 26.298], [91.914, 26.294], [91.898, 26.295], [91.885, 26.292], [91.878, 26.286], [91.874, 26.278], [91.869, 26.274], [91.862, 26.269]], [[91.926, 26.304], [91.917, 26.305], [91.91, 26.307], [91.902, 26.302], [91.89, 26.302], [91.878, 26.303], [91.869, 26.298], [91.865, 26.284], [91.865, 26.281], [91.86, 26.27]], [[92.051, 26.302], [92.047, 26.292], [92.04, 26.288], [92.034, 26.287], [92.018, 26.288], [92.009, 26.284], [91.991, 26.285], [91.982, 26.284], [91.969, 26.278], [91.966, 26.273], [91.962, 26.273]], [[92.051, 26.302], [92.048, 26.3], [92.037, 26.3], [92.033, 26.299], [92.019, 26.301], [92.01, 26.306], [92.003, 26.309]], [[92.003, 26.309], [91.996, 26.309], [91.986, 26.304], [91.98, 26.297], [91.965, 26.296]], [[92.053, 26.308], [92.051, 26.302]], [[92.132, 26.348], [92.128, 26.346], [92.118, 26.346], [92.106, 26.343], [92.095, 26.335], [92.09, 26.334], [92.079, 26.337], [92.074, 26.338], [92.066, 26.335], [92.061, 26.327], [92.059, 26.317], [92.053, 26.308]], [[92.132, 26.348], [92.131, 26.337], [92.134, 26.323], [92.137, 26.315], [92.136, 26.307], [92.13, 26.302], [92.123, 26.299], [92.112, 26.296], [92.101, 26.299], [92.096, 26.302], [92.088, 26.302], [92.084, 26.304], [92.078, 26.311], [92.068, 26.316], [92.064, 26.315], [92.053, 26.308]], [[92.134, 26.352], [92.132, 26.348]], [[91.996, 26.371], [91.997, 26.353], [91.996, 26.35], [91.988, 26.343], [91.988, 26.334], [91.988, 26.317], [91.982, 26.309], [91.971, 26.304], [91.965, 26.296]], [[91.996, 26.371], [91.991, 26.371], [91.989, 26.366], [91.985, 26.37], [91.977, 26.369], [91.974, 26.376], [91.967, 26.375], [91.963, 26.372], [91.956, 26.365], [91.954, 26.36], [91.946, 26.355], [91.939, 26.358], [91.929, 26.353], [91.923, 26.349], [91.921, 26.344], [91.917, 26.342], [91.914, 26.337], [91.912, 26.328], [91.905, 26.316], [91.902, 26.305], [91.896, 26.303]], [[92.047, 26.376], [92.042, 26.362], [92.037, 26.359], [92.035, 26.346], [92.041, 26.339], [92.041, 26.335], [92.037, 26.333], [92.029, 26.335], [92.015, 26.325], [92.008, 26.326], [92.002, 26.318], [92.003, 26.309]], [[92.047, 26.376], [92.04, 26.378], [92.032, 26.385]], [[92.032, 26.385], [92.017, 26.381], [92.013, 26.377], [92.003, 26.375], [91.996, 26.371]], [[92.267, 26.433], [92.26, 26.432], [92.244, 26.433], [92.239, 26.432], [92.233, 26.428], [92.229, 26.419], [92.217, 26.414], [92.21, 26.414], [92.203, 26.41], [92.202, 26.403], [92.205, 26.389], [92.202, 26.384], [92.196, 26.379], [92.187, 26.374], [92.179, 26.368], [92.171, 26.364], [92.166, 26.364], [92.154, 26.367], [92.144, 26.365], [92.134, 26.352]], [[92.267, 26.433], [92.271, 26.432], [92.28, 26.424], [92.288, 26.42], [92.296, 26.42], [92.302, 26.422], [92.309, 26.427], [92.313, 26.432], [92.309, 26.44], [92.309, 26.445], [92.314, 26.454], [92.323, 26.46]], [[92.154, 26.445], [92.152, 26.439], [92.143, 26.434], [92.133, 26.423], [92.125, 26.412], [92.119, 26.41], [92.113, 26.41], [92.102, 26.416], [92.088, 26.41], [92.083, 26.405], [92.077, 26.397], [92.073, 26.389], [92.072, 26.383], [92.068, 26.375], [92.066, 26.375], [92.054, 26.38], [92.05, 26.379], [92.047, 26.376]], [[92.154, 26.445], [92.144, 26.45], [92.128, 26.45], [92.121, 26.455], [92.119, 26.462], [92.114, 26.459], [92.107, 26.455], [92.1, 26.447], [92.094, 26.447], [92.085, 26.45], [92.079, 26.446], [92.075, 26.44], [92.072, 26.438], [92.063, 26.439], [92.063, 26.434], [92.056, 26.426], [92.056, 26.417], [92.048, 26.408], [92.037, 26.401], [92.034, 26.388], [92.032, 26.385]], [[92.217, 26.452], [92.207, 26.448], [92.197, 26.436], [92.184, 26.422], [92.182, 26.417], [92.166, 26.401], [92.156, 26.396], [92.147, 26.388], [92.14, 26.376], [92.138, 26.366], [92.135, 26.363], [92.134, 26.352]], [[92.217, 26.452], [92.21, 26.452], [92.204, 26.458], [92.199, 26.458], [92.191, 26.455], [92.181, 26.456], [92.17, 26.453], [92.154, 26.445]], [[92.293, 26.457], [92.274, 26.436], [92.267, 26.433]], [[92.293, 26.457], [92.275, 26.46], [92.251, 26.462], [92.245, 26.462], [92.234, 26.464], [92.229, 26.462], [92.217, 26.452]], [[92.323, 26.46], [92.317, 26.463], [92.303, 26.464]], [[92.303, 26.464], [92.293, 26.457]], [[92.674, 26.549], [92.672, 26.54], [92.677, 26.535], [92.663, 26.529], [92.66, 26.53], [92.653, 26.526], [92.65, 26.52], [92.645, 26.516], [92.638, 26.519], [92.634, 26.523], [92.624, 26.525], [92.621, 26.523], [92.609, 26.512], [92.595, 26.513], [92.585, 26.515], [92.58, 26.518], [92.579, 26.524], [92.575, 26.526], [92.567, 26.524], [92.562, 26.526], [92.564, 26.532], [92.558, 26.534], [92.547, 26.54], [92.538, 26.541], [92.531, 26.537], [92.527, 26.534], [92.519, 26.532], [92.515, 26.53], [92.515, 26.519], [92.507, 26.519], [92.5, 26.525], [92.493, 26.528], [92.484, 26.523], [92.482, 26.518], [92.488, 26.512], [92.489, 26.506], [92.483, 26.505], [92.469, 26.508], [92.462, 26.504], [92.449, 26.498], [92.44, 26.497], [92.426, 26.498], [92.42, 26.496], [92.405, 26.487], [92.397, 26.484], [92.385, 26.482], [92.374, 26.476], [92.372, 26.465], [92.364, 26.457], [92.351, 26.456], [92.336, 26.457], [92.332, 26.455], [92.323, 26.46]], [[92.674, 26.549], [92.656, 26.552], [92.655, 26.549], [92.649, 26.547], [92.643, 26.548], [92.638, 26.552], [92.632, 26.554], [92.618, 26.553], [92.593, 26.558], [92.586, 26.562], [92.578, 26.57], [92.566, 26.582], [92.556, 26.586], [92.534, 26.591], [92.528, 26.596], [92.519, 26.601]], [[92.74, 26.564], [92.733, 26.562], [92.715, 26.548], [92.71, 26.545], [92.694, 26.54], [92.685, 26.542], [92.678, 26.548], [92.674, 26.549]], [[92.74, 26.564], [92.731, 26.574], [92.728, 26.58], [92.718, 26.588], [92.704, 26.592]], [[92.809, 26.576], [92.806, 26.569], [92.799, 26.559], [92.794, 26.55], [92.788, 26.546], [92.773, 26.551], [92.76, 26.554], [92.745, 26.561], [92.74, 26.564]], [[92.809, 26.576], [92.802, 26.58], [92.791, 26.592], [92.784, 26.602], [92.78, 26.608], [92.775, 26.611]], [[92.519, 26.601], [92.509, 26.594], [92.506, 26.588], [92.497, 26.58], [92.488, 26.575], [92.476, 26.574], [92.456, 26.566], [92.44, 26.555], [92.437, 26.551], [92.436, 26.542], [92.432, 26.53], [92.425, 26.522], [92.419, 26.519], [92.413, 26.519], [92.4, 26.521], [92.391, 26.525], [92.377, 26.525], [92.365, 26.518], [92.36, 26.514], [92.358, 26.51], [92.347, 26.507], [92.335, 26.501], [92.314, 26.497], [92.308, 26.49], [92.307, 26.477], [92.306, 26.468], [92.303, 26.464]], [[92.704, 26.592], [92.688, 26.59], [92.675, 26.592], [92.67, 26.594], [92.67, 26.598], [92.658, 26.613]], [[92.658, 26.613], [92.656, 26.618], [92.651, 26.621], [92.645, 26.624], [92.636, 26.622], [92.628, 26.613], [92.626, 26.608], [92.616, 26.591], [92.613, 26.588], [92.609, 26.587], [92.601, 26.591], [92.576, 26.601], [92.569, 26.603], [92.559, 26.604], [92.553, 26.602], [92.547, 26.601], [92.535, 26.604], [92.527, 26.605], [92.519, 26.601]], [[92.658, 26.613], [92.665, 26.615], [92.675, 26.621], [92.676, 26.627], [92.684, 26.63], [92.696, 26.626], [92.703, 26.632], [92.705, 26.638], [92.711, 26.64], [92.717, 26.633], [92.721, 26.633], [92.729, 26.639], [92.74, 26.637], [92.748, 26.631], [92.754, 26.62], [92.761, 26.614]], [[92.775, 26.611], [92.761, 26.614]], [[92.775, 26.611], [92.797, 26.616], [92.804, 26.616], [92.815, 26.613], [92.835, 26.617], [92.845, 26.614], [92.855, 26.607], [92.861, 26.606]], [[92.761, 26.614], [92.746, 26.616], [92.736, 26.614], [92.73, 26.61], [92.719, 26.607], [92.704, 26.592]], [[92.861, 26.606], [92.848, 26.598], [92.83, 26.581], [92.821, 26.575], [92.809, 26.576]], [[92.971, 26.63], [92.955, 26.63], [92.929, 26.628], [92.915, 26.628], [92.899, 26.627], [92.889, 26.628], [92.883, 26.626], [92.877, 26.622], [92.869, 26.613], [92.861, 26.606]], [[93.13, 26.619], [93.128, 26.612], [93.115, 26.605], [93.105, 26.593], [93.1, 26.589], [93.097, 26.592], [93.084, 26.594], [93.081, 26.598], [93.071, 26.598], [93.067, 26.6], [93.05, 26.601], [93.045, 26.6], [93.037, 26.588], [93.025, 26.584], [93.011, 26.584], [93.006, 26.588], [92.998, 26.606], [92.997, 26.616], [92.993, 26.62], [92.978, 26.626], [92.971, 26.63]], [[93.13, 26.619], [93.106, 26.621], [93.086, 26.624], [93.078, 26.626], [93.064, 26.633], [93.053, 26.637], [93.034, 26.641], [93.022, 26.639], [93.005, 26.637], [92.983, 26.631], [92.971, 26.63]], [[93.574, 26.701], [93.578, 26.698], [93.596, 26.695], [93.606, 26.685], [93.61, 26.682], [93.619, 26.683], [93.627, 26.694], [93.633, 26.695], [93.642, 26.694], [93.647, 26.692], [93.658, 26.69], [93.672, 26.693], [93.674, 26.698]], [[93.574, 26.701], [93.574, 26.703], [93.564, 26.702], [93.546, 26.705], [93.536, 26.705], [93.527, 26.709], [93.521, 26.713], [93.52, 26.721]], [[93.674, 26.698], [93.664, 26.707]], [[93.664, 26.707], [93.663, 26.705], [93.654, 26.702], [93.643, 26.703], [93.637, 26.705], [93.627, 26.707], [93.615, 26.71], [93.607, 26.71], [93.596, 26.704], [93.583, 26.703], [93.574, 26.701]], [[93.664, 26.707], [93.664, 26.713], [93.666, 26.721], [93.669, 26.724]], [[93.52, 26.721], [93.518, 26.722], [93.506, 26.735], [93.485, 26.752], [93.478, 26.761], [93.47, 26.767]], [[93.349, 26.743], [93.338, 26.739], [93.33, 26.737], [93.317, 26.736], [93.306, 26.732], [93.3, 26.723], [93.293, 26.716], [93.288, 26.706], [93.285, 26.705], [93.274, 26.705], [93.268, 26.701], [93.265, 26.683], [93.262, 26.68], [93.256, 26.68], [93.235, 26.684], [93.232, 26.683], [93.223, 26.674], [93.217, 26.659], [93.211, 26.654], [93.207, 26.655], [93.197, 26.65], [93.186, 26.65], [93.174, 26.656], [93.16, 26.654], [93.151, 26.647], [93.147, 26.639], [93.138, 26.629], [93.134, 26.621], [93.13, 26.619]], [[93.669, 26.724], [93.66, 26.724], [93.643, 26.725], [93.625, 26.722], [93.611, 26.724], [93.603, 26.731], [93.595, 26.732], [93.583, 26.726], [93.575, 26.727], [93.557, 26.728], [93.543, 26.72], [93.533, 26.717], [93.525, 26.718], [93.52, 26.721]], [[93.398, 26.748], [93.396, 26.753], [93.389, 26.755], [93.379, 26.756], [93.373, 26.755], [93.357, 26.749], [93.349, 26.743]], [[93.69, 26.736], [93.688, 26.732], [93.683, 26.728], [93.669, 26.724]], [[93.448, 26.766], [93.441, 26.762], [93.436, 26.757], [93.43, 26.749], [93.423, 26.742], [93.415, 26.737], [93.405, 26.737], [93.402, 26.74], [93.398, 26.748]], [[93.47, 26.767], [93.459, 26.769], [93.448, 26.766]], [[93.433, 26.773], [93.426, 26.774], [93.412, 26.781], [93.386, 26.784], [93.374, 26.777], [93.357, 26.766], [93.352, 26.756], [93.349, 26.747], [93.349, 26.743]], [[93.438, 26.773], [93.434, 26.772], [93.43, 26.768], [93.421, 26.765], [93.406, 26.757], [93.402, 26.749], [93.398, 26.748]], [[93.438, 26.773], [93.444, 26.77], [93.448, 26.766]], [[93.787, 26.743], [93.786, 26.74], [93.774, 26.735], [93.768, 26.73], [93.757, 26.73], [93.752, 26.727], [93.75, 26.717], [93.746, 26.712], [93.746, 26.708], [93.74, 26.702], [93.732, 26.699], [93.724, 26.7], [93.717, 26.703], [93.71, 26.712], [93.702, 26.713], [93.696, 26.712], [93.689, 26.707], [93.674, 26.698]], [[93.787, 26.743], [93.781, 26.743], [93.774, 26.747], [93.758, 26.749], [93.747, 26.752], [93.744, 26.75], [93.739, 26.74], [93.736, 26.738], [93.732, 26.742], [93.727, 26.743], [93.716, 26.739], [93.707, 26.735], [93.69, 26.736]], [[93.44, 26.775], [93.438, 26.773]], [[93.547, 26.781], [93.542, 26.782]], [[93.547, 26.781], [93.541, 26.786], [93.532, 26.787], [93.525, 26.791], [93.511, 26.791], [93.504, 26.789]], [[93.542, 26.782], [93.535, 26.784], [93.523, 26.784], [93.512, 26.779], [93.506, 26.77], [93.5, 26.765], [93.489, 26.767], [93.477, 26.769], [93.47, 26.767]], [[93.504, 26.789], [93.489, 26.791], [93.483, 26.79], [93.481, 26.787], [93.47, 26.78], [93.466, 26.781], [93.455, 26.78], [93.449, 26.777], [93.44, 26.775]], [[93.504, 26.789], [93.492, 26.793], [93.488, 26.795], [93.472, 26.797], [93.457, 26.792], [93.454, 26.788], [93.446, 26.787], [93.445, 26.78], [93.44, 26.775]], [[93.647, 26.783], [93.648, 26.774], [93.642, 26.769], [93.632, 26.767], [93.628, 26.761], [93.625, 26.761], [93.614, 26.768], [93.607, 26.768], [93.594, 26.762], [93.586, 26.762], [93.582, 26.766], [93.576, 26.768], [93.56, 26.771], [93.546, 26.772], [93.542, 26.776], [93.542, 26.782]], [[93.647, 26.783], [93.638, 26.787], [93.636, 26.789], [93.635, 26.798], [93.632, 26.8], [93.626, 26.798], [93.624, 26.79], [93.608, 26.783], [93.601, 26.784], [93.585, 26.78], [93.581, 26.782], [93.579, 26.788], [93.582, 26.794], [93.579, 26.797], [93.571, 26.796], [93.561, 26.787], [93.547, 26.781]], [[93.723, 26.779], [93.71, 26.771], [93.698, 26.758], [93.692, 26.74], [93.69, 26.736]], [[93.723, 26.779], [93.725, 26.786], [93.72, 26.795]], [[93.753, 26.79], [93.746, 26.787], [93.737, 26.783], [93.723, 26.779]], [[93.72, 26.795], [93.712, 26.799], [93.707, 26.796], [93.701, 26.787], [93.695, 26.785], [93.69, 26.789], [93.692, 26.795], [93.695, 26.796], [93.694, 26.804], [93.687, 26.804], [93.683, 26.801], [93.678, 26.795], [93.669, 26.793], [93.659, 26.792], [93.655, 26.79], [93.647, 26.783]], [[93.72, 26.795], [93.725, 26.801], [93.732, 26.804], [93.737, 26.803], [93.748, 26.809], [93.757, 26.81]], [[93.798, 26.806], [93.785, 26.805], [93.776, 26.801], [93.768, 26.794], [93.766, 26.79], [93.753, 26.79]], [[93.757, 26.81], [93.755, 26.806], [93.752, 26.793], [93.753, 26.79]], [[93.844, 26.818], [93.84, 26.817], [93.829, 26.817], [93.821, 26.814], [93.815, 26.805], [93.807, 26.803], [93.802, 26.803], [93.798, 26.806]], [[93.793, 26.826], [93.77, 26.819], [93.765, 26.817], [93.757, 26.81]], [[93.793, 26.826], [93.798, 26.817], [93.798, 26.806]], [[93.961, 26.819], [93.956, 26.816], [93.953, 26.81], [93.941, 26.799], [93.939, 26.788], [93.93, 26.772], [93.923, 26.766], [93.917, 26.765], [93.911, 26.767], [93.907, 26.771], [93.897, 26.785], [93.888, 26.787], [93.882, 26.786], [93.878, 26.784], [93.873, 26.777], [93.865, 26.762], [93.845, 26.748], [93.837, 26.744], [93.831, 26.744], [93.818, 26.751], [93.81, 26.751], [93.8, 26.75], [93.795, 26.746], [93.787, 26.743]], [[93.961, 26.819], [93.961, 26.823], [93.955, 26.829], [93.941, 26.831], [93.935, 26.829], [93.931, 26.826], [93.906, 26.825], [93.895, 26.826], [93.889, 26.826], [93.887, 26.822], [93.879, 26.818], [93.873, 26.811], [93.869, 26.809], [93.859, 26.811], [93.853, 26.815], [93.844, 26.818]], [[93.993, 26.827], [93.99, 26.824], [93.982, 26.821], [93.974, 26.82], [93.961, 26.819]], [[93.993, 26.827], [94.004, 26.826], [94.01, 26.829], [94.022, 26.832], [94.041, 26.83], [94.049, 26.831], [94.064, 26.83], [94.072, 26.831], [94.077, 26.835], [94.081, 26.842], [94.095, 26.85], [94.107, 26.848], [94.119, 26.842], [94.137, 26.841], [94.141, 26.833], [94.147, 26.831], [94.184, 26.837], [94.191, 26.84], [94.192, 26.843], [94.201, 26.849], [94.216, 26.855], [94.217, 26.86], [94.224, 26.867]], [[93.865, 26.842], [93.856, 26.837], [93.851, 26.824], [93.844, 26.818]], [[93.865, 26.842], [93.861, 26.843], [93.856, 26.849], [93.848, 26.854], [93.847, 26.858], [93.84, 26.862], [93.835, 26.862], [93.825, 26.859], [93.814, 26.853], [93.807, 26.848], [93.8, 26.839], [93.799, 26.836], [93.793, 26.826]], [[94.004, 26.858], [93.999, 26.856], [93.995, 26.845], [93.995, 26.834], [93.993, 26.827]], [[94.004, 26.858], [93.994, 26.864], [93.982, 26.867], [93.978, 26.869], [93.972, 26.876], [93.962, 26.877], [93.956, 26.873], [93.95, 26.86], [93.937, 26.851], [93.925, 26.852], [93.914, 26.852], [93.91, 26.85], [93.907, 26.843], [93.898, 26.844], [93.888, 26.848], [93.884, 26.849], [93.874, 26.847], [93.865, 26.842]], [[94.004, 26.858], [94.012, 26.855], [94.017, 26.855], [94.029, 26.857], [94.033, 26.859], [94.041, 26.866], [94.046, 26.876], [94.05, 26.884], [94.054, 26.886], [94.065, 26.885], [94.072, 26.879], [94.077, 26.878], [94.08, 26.881], [94.095, 26.887], [94.1, 26.887], [94.106, 26.895], [94.123, 26.904], [94.126, 26.906], [94.133, 26.908]], [[94.238, 26.864], [94.224, 26.867]], [[94.238, 26.864], [94.247, 26.86], [94.261, 26.857], [94.268, 26.856], [94.282, 26.859], [94.283, 26.865], [94.292, 26.874], [94.287, 26.878]], [[94.224, 26.867], [94.212, 26.875], [94.21, 26.882], [94.209, 26.889], [94.204, 26.894], [94.197, 26.899], [94.186, 26.903], [94.18, 26.904], [94.172, 26.899], [94.166, 26.899], [94.156, 26.903]], [[94.287, 26.878], [94.278, 26.878], [94.266, 26.883]], [[94.266, 26.883], [94.262, 26.873], [94.255, 26.866], [94.249, 26.864], [94.238, 26.864]], [[94.156, 26.903], [94.151, 26.903], [94.145, 26.908], [94.133, 26.908]], [[94.133, 26.908], [94.12, 26.914], [94.112, 26.908], [94.107, 26.907], [94.099, 26.91], [94.09, 26.91], [94.081, 26.912], [94.072, 26.908], [94.059, 26.906], [94.053, 26.909], [94.048, 26.909], [94.045, 26.917], [94.039, 26.922], [94.034, 26.922], [94.022, 26.916], [94.015, 26.91], [94.008, 26.909], [94.004, 26.906], [94.004, 26.898], [94, 26.894], [93.996, 26.896], [93.987, 26.895], [93.98, 26.894], [93.971, 26.894], [93.967, 26.895], [93.966, 26.9], [93.956, 26.902], [93.952, 26.901], [93.945, 26.897], [93.936, 26.898]], [[94.282, 26.898], [94.269, 26.888], [94.266, 26.883]], [[94.282, 26.898], [94.265, 26.908], [94.256, 26.911], [94.243, 26.913], [94.235, 26.919], [94.227, 26.922], [94.222, 26.922], [94.218, 26.919], [94.214, 26.912], [94.2, 26.909], [94.19, 26.915], [94.185, 26.922], [94.176, 26.921], [94.165, 26.917], [94.159, 26.913], [94.156, 26.903]], [[94.343, 26.899], [94.339, 26.894], [94.331, 26.891], [94.322, 26.891], [94.314, 26.893], [94.308, 26.887], [94.3, 26.883], [94.296, 26.882], [94.287, 26.878]], [[94.343, 26.899], [94.335, 26.903]], [[94.335, 26.903], [94.327, 26.902], [94.314, 26.902], [94.306, 26.91], [94.301, 26.907], [94.296, 26.907]], [[94.296, 26.907], [94.282, 26.898]], [[94.348, 26.906], [94.335, 26.903]], [[94.348, 26.906], [94.347, 26.899], [94.343, 26.899]], [[94.308, 26.92], [94.303, 26.919], [94.299, 26.911], [94.296, 26.907]], [[94.338, 26.96], [94.328, 26.954], [94.326, 26.94], [94.324, 26.93], [94.316, 26.922], [94.308, 26.92]], [[94.417, 26.967], [94.408, 26.962], [94.398, 26.954], [94.39, 26.944], [94.383, 26.93], [94.374, 26.919], [94.363, 26.909], [94.354, 26.909], [94.348, 26.906]], [[94.417, 26.967], [94.408, 26.968], [94.395, 26.971], [94.389, 26.97], [94.382, 26.966], [94.364, 26.964], [94.36, 26.961], [94.352, 26.96], [94.338, 26.96]], [[94.342, 27.001], [94.336, 26.997], [94.335, 26.993], [94.331, 26.987], [94.329, 26.974], [94.333, 26.971], [94.331, 26.963], [94.328, 26.961], [94.32, 26.96], [94.309, 26.953], [94.307, 26.95], [94.309, 26.946], [94.306, 26.938], [94.305, 26.93], [94.308, 26.92]], [[94.364, 27], [94.361, 26.99], [94.361, 26.979], [94.354, 26.977], [94.343, 26.971], [94.338, 26.96]], [[94.364, 27], [94.356, 27.002], [94.346, 27.003], [94.342, 27.001]], [[94.423, 27.059], [94.425, 27.053], [94.423, 27.048], [94.425, 27.042], [94.423, 27.028], [94.403, 27.011], [94.397, 27.008], [94.38, 27.007], [94.37, 27.001], [94.364, 27]], [[94.423, 27.059], [94.421, 27.057], [94.41, 27.054], [94.406, 27.061], [94.392, 27.062], [94.382, 27.053], [94.381, 27.051], [94.372, 27.045], [94.373, 27.038], [94.371, 27.034], [94.364, 27.033], [94.362, 27.025], [94.353, 27.01], [94.347, 27.007], [94.342, 27.001]], [[94.525, 27.076], [94.521, 27.07], [94.501, 27.067], [94.492, 27.06], [94.482, 27.046], [94.481, 27.04], [94.482, 27.029], [94.478, 27.022], [94.464, 27.015], [94.447, 27.004], [94.442, 26.994], [94.436, 26.989], [94.434, 26.977], [94.425, 26.971], [94.417, 26.967]], [[94.525, 27.076], [94.528, 27.061], [94.526, 27.048]], [[94.526, 27.091], [94.525, 27.076]], [[94.527, 27.094], [94.526, 27.091]], [[94.55, 27.105], [94.546, 27.1], [94.54, 27.097], [94.527, 27.094]], [[94.55, 27.105], [94.541, 27.107], [94.534, 27.105], [94.527, 27.094]], [[94.52, 27.127], [94.518, 27.118], [94.524, 27.105], [94.526, 27.091]], [[94.51, 27.138], [94.506, 27.133], [94.504, 27.128], [94.491, 27.125], [94.481, 27.121], [94.471, 27.119], [94.465, 27.12], [94.452, 27.114], [94.447, 27.108], [94.447, 27.096], [94.44, 27.09], [94.439, 27.076], [94.437, 27.071], [94.426, 27.066], [94.423, 27.059]], [[94.51, 27.138], [94.52, 27.127]], [[94.567, 27.182], [94.566, 27.177], [94.562, 27.174], [94.553, 27.171], [94.544, 27.165], [94.542, 27.158], [94.547, 27.148], [94.546, 27.141], [94.539, 27.138], [94.531, 27.13], [94.524, 27.129], [94.52, 27.127]], [[94.601, 27.27], [94.593, 27.264], [94.579, 27.257], [94.57, 27.257], [94.559, 27.25], [94.556, 27.23], [94.555, 27.226], [94.548, 27.216], [94.546, 27.205], [94.551, 27.198], [94.551, 27.192], [94.535, 27.186], [94.521, 27.171], [94.513, 27.158], [94.507, 27.147], [94.51, 27.138]], [[94.601, 27.27], [94.6, 27.26], [94.603, 27.242], [94.597, 27.235], [94.582, 27.227], [94.568, 27.218], [94.562, 27.21], [94.561, 27.198], [94.566, 27.187], [94.567, 27.182]], [[94.613, 27.285], [94.609, 27.283], [94.604, 27.277], [94.601, 27.27]], [[94.67, 27.287], [94.661, 27.274], [94.66, 27.267], [94.663, 27.26], [94.662, 27.248], [94.658, 27.243], [94.651, 27.24], [94.639, 27.239], [94.633, 27.237], [94.627, 27.233], [94.626, 27.227], [94.63, 27.221], [94.624, 27.211], [94.622, 27.207], [94.623, 27.194], [94.609, 27.191], [94.606, 27.186], [94.605, 27.179], [94.6, 27.171], [94.591, 27.167], [94.585, 27.16], [94.579, 27.162], [94.575, 27.158], [94.569, 27.157], [94.567, 27.151], [94.574, 27.143], [94.572, 27.138], [94.563, 27.135], [94.556, 27.127], [94.554, 27.11], [94.55, 27.105]], [[94.67, 27.287], [94.662, 27.287], [94.642, 27.275], [94.637, 27.262], [94.627, 27.255], [94.626, 27.246], [94.616, 27.239], [94.607, 27.236], [94.607, 27.231], [94.611, 27.217], [94.613, 27.214], [94.611, 27.207], [94.606, 27.202], [94.603, 27.201], [94.585, 27.202], [94.582, 27.198], [94.583, 27.194], [94.577, 27.187], [94.567, 27.182]], [[94.646, 27.298], [94.637, 27.295], [94.635, 27.29], [94.634, 27.281], [94.629, 27.279], [94.626, 27.28], [94.617, 27.284], [94.613, 27.285]], [[94.622, 27.306], [94.618, 27.299], [94.616, 27.292], [94.613, 27.285]], [[94.676, 27.307], [94.67, 27.308], [94.66, 27.302], [94.646, 27.298]], [[94.676, 27.307], [94.678, 27.302], [94.677, 27.293], [94.67, 27.287]], [[94.649, 27.315], [94.636, 27.308], [94.628, 27.309], [94.622, 27.306]], [[94.649, 27.315], [94.648, 27.303], [94.646, 27.298]], [[94.619, 27.331], [94.613, 27.327], [94.615, 27.32], [94.621, 27.313], [94.622, 27.306]], [[94.619, 27.331], [94.621, 27.334], [94.616, 27.339], [94.615, 27.346], [94.622, 27.35], [94.627, 27.349], [94.631, 27.353], [94.634, 27.362], [94.64, 27.364], [94.647, 27.363], [94.649, 27.375], [94.651, 27.379], [94.659, 27.38], [94.665, 27.384], [94.667, 27.389], [94.674, 27.394], [94.685, 27.396]], [[94.697, 27.334], [94.691, 27.326], [94.688, 27.317], [94.685, 27.311], [94.676, 27.307]], [[94.712, 27.366], [94.707, 27.364], [94.703, 27.359], [94.701, 27.35], [94.703, 27.341], [94.697, 27.334]], [[94.682, 27.382], [94.677, 27.38], [94.673, 27.381], [94.665, 27.371], [94.663, 27.366], [94.655, 27.36], [94.651, 27.353], [94.644, 27.349], [94.638, 27.352], [94.633, 27.347], [94.631, 27.336], [94.626, 27.332], [94.619, 27.331]], [[94.715, 27.385], [94.712, 27.385], [94.708, 27.381], [94.707, 27.375], [94.698, 27.364], [94.692, 27.364], [94.684, 27.366], [94.681, 27.364], [94.677, 27.354], [94.682, 27.344], [94.68, 27.337], [94.656, 27.324], [94.649, 27.315]], [[94.715, 27.385], [94.713, 27.382], [94.715, 27.374], [94.712, 27.366]], [[94.758, 27.381], [94.756, 27.373], [94.757, 27.37], [94.764, 27.363], [94.763, 27.36], [94.759, 27.353], [94.749, 27.345], [94.734, 27.342], [94.723, 27.346], [94.719, 27.345], [94.715, 27.34], [94.708, 27.335], [94.697, 27.334]], [[94.758, 27.381], [94.749, 27.381], [94.739, 27.383], [94.733, 27.38], [94.731, 27.372], [94.721, 27.367], [94.712, 27.366]], [[94.685, 27.396], [94.688, 27.392], [94.687, 27.387], [94.682, 27.382]], [[94.748, 27.423], [94.748, 27.418], [94.743, 27.414], [94.735, 27.408], [94.735, 27.403], [94.741, 27.397], [94.742, 27.392], [94.732, 27.384], [94.726, 27.384], [94.72, 27.386], [94.715, 27.385]], [[94.748, 27.423], [94.738, 27.423], [94.726, 27.425]], [[94.726, 27.425], [94.722, 27.419], [94.713, 27.414], [94.705, 27.413], [94.699, 27.407], [94.698, 27.395], [94.695, 27.39], [94.685, 27.382], [94.682, 27.382]], [[94.726, 27.425], [94.717, 27.427], [94.711, 27.424], [94.705, 27.43], [94.697, 27.429], [94.686, 27.425], [94.68, 27.42], [94.681, 27.413], [94.685, 27.399], [94.685, 27.396]], [[94.784, 27.442], [94.785, 27.435], [94.789, 27.428], [94.786, 27.421], [94.786, 27.409], [94.781, 27.397], [94.766, 27.386], [94.758, 27.381]], [[94.784, 27.442], [94.774, 27.444], [94.765, 27.448], [94.759, 27.444], [94.751, 27.432], [94.748, 27.423]], [[94.796, 27.459], [94.788, 27.452], [94.784, 27.442]], [[94.796, 27.459], [94.805, 27.457], [94.816, 27.458], [94.831, 27.464], [94.838, 27.471], [94.847, 27.489], [94.849, 27.5]], [[94.849, 27.5], [94.874, 27.496], [94.894, 27.495], [94.906, 27.499], [94.913, 27.502], [94.94, 27.514], [94.969, 27.528], [94.982, 27.534], [94.988, 27.539], [94.992, 27.544]], [[94.849, 27.5], [94.849, 27.506], [94.856, 27.514], [94.859, 27.52], [94.861, 27.526], [94.864, 27.531], [94.875, 27.532], [94.89, 27.536], [94.894, 27.538], [94.896, 27.544], [94.901, 27.549], [94.906, 27.557], [94.912, 27.562], [94.918, 27.564], [94.929, 27.564], [94.935, 27.562], [94.945, 27.556], [94.957, 27.558], [94.967, 27.556], [94.979, 27.551], [94.992, 27.544]], [[94.818, 27.524], [94.818, 27.518], [94.814, 27.501], [94.824, 27.492], [94.824, 27.488], [94.816, 27.48], [94.802, 27.471], [94.796, 27.459]], [[94.851, 27.548], [94.844, 27.539], [94.834, 27.531], [94.826, 27.529], [94.818, 27.524]], [[94.851, 27.548], [94.841, 27.551], [94.831, 27.552], [94.825, 27.548], [94.822, 27.533], [94.818, 27.524]], [[94.992, 27.544], [94.997, 27.541], [95.009, 27.539], [95.021, 27.541], [95.03, 27.54], [95.038, 27.537], [95.045, 27.536], [95.053, 27.539], [95.059, 27.545], [95.045, 27.548], [95.038, 27.547], [95.026, 27.548], [95.015, 27.551], [95.003, 27.562], [94.994, 27.565], [94.985, 27.563], [94.977, 27.565], [94.964, 27.575], [94.958, 27.575], [94.948, 27.571], [94.942, 27.579], [94.925, 27.581], [94.923, 27.584]], [[94.867, 27.562], [94.864, 27.555], [94.86, 27.552], [94.855, 27.55], [94.851, 27.548]], [[94.923, 27.584], [94.912, 27.574], [94.901, 27.573], [94.896, 27.566], [94.887, 27.564], [94.867, 27.562]], [[94.923, 27.584], [94.909, 27.584], [94.901, 27.587], [94.896, 27.586], [94.891, 27.581], [94.882, 27.577], [94.878, 27.574], [94.868, 27.57], [94.867, 27.562]]]}, "properties": {"rivname": "Brahmaputra", "ba_name": "Brahamaputra"}}, {"type": "Feature", "geometry": {"type": "LineString", "coordinates": [[86.275, 20.918], [86.272, 20.911], [86.267, 20.907], [86.259, 20.905], [86.255, 20.902], [86.258, 20.892], [86.265, 20.889], [86.269, 20.882], [86.278, 20.881], [86.285, 20.87], [86.291, 20.868], [86.296, 20.869], [86.3, 20.866], [86.297, 20.857], [86.289, 20.852], [86.287, 20.849], [86.29, 20.844], [86.298, 20.844], [86.301, 20.838], [86.294, 20.832], [86.295, 20.821], [86.302, 20.817], [86.307, 20.807], [86.306, 20.803], [86.311, 20.796], [86.316, 20.797], [86.322, 20.797], [86.324, 20.793], [86.32, 20.788], [86.321, 20.778], [86.323, 20.775]]}, "properties": {"rivname": "Bura", "ba_name": "Brahmani and Baitarni"}}, {"type": "Feature", "geometry": {"type": "MultiLineString", "coordinates": [[[79.02, 10.871], [79.029, 10.874], [79.035, 10.873]], [[79.043, 10.872], [79.045, 10.874], [79.053, 10.871], [79.06, 10.874], [79.063, 10.873]], [[79.017, 10.872], [79.02, 10.871]], [[79.017, 10.872], [79.02, 10.871]], [[79.067, 10.873], [79.074, 10.875], [79.082, 10.874], [79.084, 10.876], [79.09, 10.874], [79.099, 10.874], [79.108, 10.877]], [[79.035, 10.873], [79.039, 10.87], [79.043, 10.872]], [[79.035, 10.873], [79.043, 10.872]], [[79.063, 10.873], [79.067, 10.873]], [[79.063, 10.873], [79.067, 10.873]], [[79.008, 10.873], [79.012, 10.874]], [[79.008, 10.873], [79.012, 10.874]], [[79.012, 10.874], [79.017, 10.872]], [[79.108, 10.877], [79.111, 10.88]], [[79.108, 10.877], [79.111, 10.88]], [[79.111, 10.88], [79.117, 10.883], [79.126, 10.884], [79.132, 10.887], [79.14, 10.887], [79.152, 10.896], [79.158, 10.902], [79.163, 10.906], [79.172, 10.909], [79.18, 10.914], [79.183, 10.913], [79.195, 10.917], [79.201, 10.919], [79.207, 10.925], [79.216, 10.931], [79.225, 10.933], [79.239, 10.938], [79.266, 10.944], [79.281, 10.944], [79.298, 10.946], [79.302, 10.948], [79.315, 10.948], [79.325, 10.954], [79.334, 10.956], [79.338, 10.96], [79.342, 10.96], [79.351, 10.965], [79.362, 10.965], [79.372, 10.966], [79.385, 10.971], [79.388, 10.974], [79.399, 10.978], [79.405, 10.989], [79.409, 10.991], [79.411, 10.994], [79.435, 11.003], [79.437, 11.005], [79.454, 11.011], [79.461, 11.017], [79.473, 11.02], [79.48, 11.023], [79.49, 11.034], [79.506, 11.042], [79.516, 11.045], [79.519, 11.05], [79.531, 11.056], [79.533, 11.061], [79.541, 11.064], [79.546, 11.071], [79.562, 11.081], [79.571, 11.084], [79.582, 11.079], [79.589, 11.081], [79.604, 11.091], [79.608, 11.09], [79.619, 11.094], [79.629, 11.099], [79.631, 11.102], [79.641, 11.104], [79.646, 11.106], [79.655, 11.105], [79.668, 11.109], [79.678, 11.108], [79.681, 11.109], [79.691, 11.11], [79.702, 11.112], [79.713, 11.109], [79.722, 11.112], [79.73, 11.109], [79.739, 11.112], [79.741, 11.117], [79.747, 11.122], [79.755, 11.131], [79.755, 11.137], [79.757, 11.138], [79.758, 11.146], [79.764, 11.146], [79.769, 11.149], [79.79, 11.15], [79.795, 11.149], [79.801, 11.151], [79.81, 11.146], [79.818, 11.146], [79.825, 11.142], [79.837, 11.14], [79.845, 11.14], [79.85, 11.137], [79.857, 11.137]], [[78.168, 11.008], [78.17, 11], [78.175, 10.989], [78.179, 10.977], [78.182, 10.973], [78.192, 10.969], [78.199, 10.961], [78.212, 10.956], [78.218, 10.953], [78.239, 10.962], [78.247, 10.962], [78.254, 10.971], [78.26, 10.975], [78.263, 10.975], [78.271, 10.97], [78.277, 10.969], [78.281, 10.971], [78.297, 10.966], [78.302, 10.962], [78.312, 10.962], [78.319, 10.965], [78.328, 10.966], [78.336, 10.962], [78.341, 10.964], [78.352, 10.964], [78.363, 10.961], [78.379, 10.963], [78.388, 10.966], [78.394, 10.967], [78.402, 10.965], [78.413, 10.958], [78.42, 10.949], [78.426, 10.944], [78.441, 10.944], [78.449, 10.934], [78.455, 10.934], [78.464, 10.927], [78.471, 10.913], [78.479, 10.916], [78.486, 10.915], [78.492, 10.919], [78.5, 10.917], [78.507, 10.917], [78.511, 10.912], [78.519, 10.906], [78.526, 10.906], [78.531, 10.901], [78.536, 10.9], [78.546, 10.904], [78.552, 10.905], [78.558, 10.903], [78.563, 10.897], [78.565, 10.897], [78.57, 10.889], [78.579, 10.891], [78.58, 10.885], [78.587, 10.886], [78.592, 10.884], [78.593, 10.881], [78.599, 10.877], [78.608, 10.881], [78.612, 10.882], [78.619, 10.879], [78.624, 10.879], [78.632, 10.873], [78.636, 10.875], [78.654, 10.871], [78.655, 10.868], [78.668, 10.861], [78.676, 10.852], [78.686, 10.845], [78.69, 10.844], [78.692, 10.839], [78.7, 10.837], [78.71, 10.836], [78.723, 10.84], [78.729, 10.838], [78.738, 10.836], [78.743, 10.839], [78.75, 10.84], [78.758, 10.839], [78.763, 10.837], [78.766, 10.833], [78.776, 10.832], [78.779, 10.829], [78.791, 10.832], [78.8, 10.837], [78.806, 10.833], [78.818, 10.83], [78.835, 10.834], [78.839, 10.832], [78.848, 10.835], [78.859, 10.836], [78.863, 10.835], [78.875, 10.835], [78.882, 10.839], [78.891, 10.837], [78.899, 10.841], [78.904, 10.849], [78.908, 10.85], [78.915, 10.847], [78.922, 10.849], [78.928, 10.853], [78.935, 10.852], [78.939, 10.854], [78.946, 10.852], [78.951, 10.855], [78.958, 10.855], [78.967, 10.859], [78.971, 10.866], [78.974, 10.869], [78.982, 10.869], [78.985, 10.867], [78.996, 10.871], [79.001, 10.87], [79.008, 10.873]], [[78.168, 11.008], [78.158, 11.019], [78.158, 11.022]], [[78.167, 11.015], [78.168, 11.008]], [[78.165, 11.019], [78.167, 11.015]], [[78.161, 11.021], [78.165, 11.019]], [[78.161, 11.021], [78.164, 11.021]], [[78.164, 11.021], [78.165, 11.019]], [[78.16, 11.021], [78.167, 11.015]], [[78.16, 11.021], [78.161, 11.021]], [[78.158, 11.022], [78.16, 11.021]], [[78.157, 11.023], [78.158, 11.022]], [[78.156, 11.025], [78.157, 11.023]], [[78.156, 11.025], [78.164, 11.021]], [[78.152, 11.027], [78.157, 11.023]], [[78.152, 11.027], [78.156, 11.025]], [[78.146, 11.039], [78.15, 11.029], [78.152, 11.027]], [[78.14, 11.046], [78.142, 11.041], [78.146, 11.039]], [[78.14, 11.046], [78.144, 11.045], [78.146, 11.039]], [[78.135, 11.052], [78.14, 11.046]], [[78.13, 11.055], [78.135, 11.052]], [[78.129, 11.059], [78.13, 11.055]], [[78.129, 11.059], [78.132, 11.057], [78.135, 11.052]], [[78.118, 11.063], [78.13, 11.055]], [[78.11, 11.065], [78.118, 11.063]], [[78.116, 11.068], [78.118, 11.063]], [[78.116, 11.068], [78.12, 11.066], [78.129, 11.059]], [[78.109, 11.071], [78.11, 11.065]], [[78.109, 11.071], [78.111, 11.072]], [[78.111, 11.072], [78.116, 11.068]], [[78.105, 11.072], [78.11, 11.065]], [[78.106, 11.073], [78.109, 11.071]], [[78.106, 11.073], [78.109, 11.074]], [[78.109, 11.074], [78.111, 11.072]], [[78.053, 11.073], [78.059, 11.071], [78.066, 11.072], [78.071, 11.075]], [[78.104, 11.075], [78.106, 11.073]], [[78.071, 11.075], [78.074, 11.076]], [[78.102, 11.076], [78.105, 11.072]], [[78.102, 11.076], [78.104, 11.075]], [[78.069, 11.075], [78.071, 11.075]], [[78.069, 11.075], [78.075, 11.079]], [[78.101, 11.076], [78.102, 11.076]], [[78.101, 11.076], [78.103, 11.076]], [[78.103, 11.076], [78.104, 11.075]], [[78.103, 11.077], [78.103, 11.076]], [[78.103, 11.077], [78.105, 11.077]], [[78.074, 11.076], [78.079, 11.075], [78.089, 11.077]], [[78.074, 11.076], [78.076, 11.079]], [[78.066, 11.076], [78.069, 11.075]], [[78.066, 11.076], [78.075, 11.079]], [[78.098, 11.077], [78.101, 11.076]], [[78.098, 11.077], [78.101, 11.076]], [[78.097, 11.077], [78.098, 11.077]], [[78.105, 11.077], [78.109, 11.074]], [[78.089, 11.077], [78.095, 11.074], [78.105, 11.072]], [[78.089, 11.077], [78.094, 11.078]], [[78.102, 11.078], [78.103, 11.077]], [[78.048, 11.077], [78.053, 11.073]], [[78.048, 11.077], [78.053, 11.073]], [[78.097, 11.078], [78.097, 11.077]], [[78.097, 11.078], [78.102, 11.078]], [[78.096, 11.078], [78.097, 11.077]], [[78.094, 11.078], [78.096, 11.078]], [[78.101, 11.079], [78.102, 11.078]], [[78.097, 11.079], [78.097, 11.078]], [[78.097, 11.079], [78.101, 11.079]], [[78.075, 11.079], [78.076, 11.079]], [[78.076, 11.079], [78.081, 11.083], [78.088, 11.083]], [[78.102, 11.079], [78.101, 11.079]], [[78.102, 11.079], [78.105, 11.077]], [[78.094, 11.08], [78.096, 11.078]], [[78.094, 11.08], [78.096, 11.08]], [[78.096, 11.08], [78.097, 11.079]], [[78.093, 11.081], [78.094, 11.08]], [[78.093, 11.081], [78.094, 11.081]], [[78.09, 11.081], [78.094, 11.078]], [[78.09, 11.081], [78.094, 11.08]], [[78.094, 11.081], [78.096, 11.08]], [[78.094, 11.081], [78.102, 11.079]], [[78.043, 11.081], [78.048, 11.077]], [[78.088, 11.083], [78.09, 11.081]], [[78.088, 11.083], [78.093, 11.081]], [[78.036, 11.083], [78.043, 11.077], [78.048, 11.077]], [[78.036, 11.083], [78.043, 11.081]], [[78.037, 11.088], [78.043, 11.081]], [[78.037, 11.088], [78.042, 11.087], [78.046, 11.082], [78.056, 11.077], [78.066, 11.076]], [[78.03, 11.089], [78.036, 11.083]], [[78.03, 11.089], [78.037, 11.088]], [[78.026, 11.09], [78.03, 11.089]], [[78.008, 11.096], [78.016, 11.09], [78.026, 11.09]], [[78.008, 11.096], [78.015, 11.096], [78.026, 11.09]], [[77.17, 12.259], [77.173, 12.26], [77.176, 12.266], [77.179, 12.274], [77.179, 12.281], [77.183, 12.284], [77.185, 12.292], [77.19, 12.308]], [[77.17, 12.259], [77.169, 12.265], [77.165, 12.271], [77.166, 12.275], [77.16, 12.289], [77.162, 12.293], [77.17, 12.295], [77.17, 12.3], [77.168, 12.303], [77.166, 12.31], [77.179, 12.311], [77.19, 12.308]], [[77.19, 12.308], [77.203, 12.308], [77.209, 12.307], [77.218, 12.308], [77.221, 12.304], [77.226, 12.303], [77.232, 12.309], [77.24, 12.31], [77.245, 12.308], [77.264, 12.314], [77.283, 12.308], [77.285, 12.305], [77.29, 12.303], [77.295, 12.303], [77.302, 12.298], [77.307, 12.298], [77.312, 12.304], [77.316, 12.306], [77.326, 12.307], [77.331, 12.302], [77.34, 12.284], [77.343, 12.281], [77.35, 12.278], [77.364, 12.283], [77.37, 12.282], [77.386, 12.279], [77.399, 12.279], [77.41, 12.282], [77.416, 12.287], [77.42, 12.289], [77.432, 12.287], [77.44, 12.276], [77.441, 12.269], [77.447, 12.262], [77.448, 12.251], [77.455, 12.247], [77.461, 12.249], [77.465, 12.245], [77.477, 12.241], [77.483, 12.232], [77.482, 12.227], [77.472, 12.21], [77.476, 12.206], [77.486, 12.204], [77.492, 12.198], [77.498, 12.198], [77.509, 12.195], [77.519, 12.195], [77.523, 12.198], [77.531, 12.2], [77.539, 12.199], [77.545, 12.205], [77.55, 12.204], [77.567, 12.196], [77.57, 12.2], [77.576, 12.201], [77.579, 12.199], [77.599, 12.2], [77.602, 12.203], [77.608, 12.206], [77.613, 12.205], [77.621, 12.2], [77.631, 12.201], [77.635, 12.197], [77.64, 12.197], [77.647, 12.199], [77.656, 12.2], [77.66, 12.197], [77.668, 12.196], [77.677, 12.193], [77.685, 12.191], [77.697, 12.186], [77.711, 12.182], [77.719, 12.183], [77.731, 12.18], [77.734, 12.176], [77.736, 12.168], [77.744, 12.163], [77.747, 12.157], [77.747, 12.147], [77.749, 12.139], [77.753, 12.134], [77.762, 12.128], [77.769, 12.124], [77.776, 12.118], [77.773, 12.109], [77.768, 12.106], [77.764, 12.099], [77.763, 12.094], [77.757, 12.081], [77.749, 12.074], [77.737, 12.066], [77.728, 12.063], [77.721, 12.053], [77.715, 12.042], [77.709, 12.036], [77.702, 12.023], [77.696, 12.014], [77.682, 11.982], [77.676, 11.969], [77.674, 11.96], [77.675, 11.953], [77.687, 11.944], [77.692, 11.942], [77.699, 11.942], [77.712, 11.94], [77.736, 11.94], [77.739, 11.934], [77.748, 11.927], [77.763, 11.912], [77.771, 11.91], [77.785, 11.908], [77.808, 11.907], [77.818, 11.905], [77.829, 11.905], [77.839, 11.901], [77.842, 11.896], [77.838, 11.886], [77.826, 11.868], [77.819, 11.855], [77.816, 11.847], [77.813, 11.831], [77.809, 11.815], [77.808, 11.796], [77.803, 11.783], [77.8, 11.773], [77.794, 11.752], [77.789, 11.748], [77.781, 11.728], [77.781, 11.719], [77.783, 11.714], [77.778, 11.702], [77.773, 11.686], [77.768, 11.677], [77.767, 11.668], [77.762, 11.656], [77.76, 11.646], [77.751, 11.634], [77.75, 11.624], [77.745, 11.618], [77.736, 11.604], [77.737, 11.592], [77.74, 11.586], [77.742, 11.577], [77.746, 11.571], [77.745, 11.565], [77.739, 11.561], [77.731, 11.55], [77.728, 11.543], [77.725, 11.538], [77.725, 11.532], [77.731, 11.522], [77.732, 11.512], [77.73, 11.508], [77.724, 11.505], [77.717, 11.497], [77.709, 11.49], [77.701, 11.48], [77.698, 11.473], [77.697, 11.464], [77.695, 11.456], [77.687, 11.443], [77.685, 11.434], [77.681, 11.423], [77.683, 11.417], [77.694, 11.41], [77.699, 11.399], [77.709, 11.39], [77.721, 11.376], [77.726, 11.374], [77.731, 11.37], [77.739, 11.371], [77.743, 11.361], [77.746, 11.358], [77.752, 11.356], [77.753, 11.345], [77.756, 11.341], [77.756, 11.334], [77.767, 11.326], [77.774, 11.318], [77.784, 11.299], [77.792, 11.291], [77.805, 11.274], [77.81, 11.265], [77.83, 11.259], [77.839, 11.262], [77.856, 11.251], [77.864, 11.244], [77.867, 11.235], [77.871, 11.215], [77.864, 11.201], [77.862, 11.191], [77.862, 11.184], [77.868, 11.173], [77.871, 11.169], [77.883, 11.159], [77.886, 11.152], [77.885, 11.146], [77.881, 11.135], [77.881, 11.123], [77.881, 11.117], [77.888, 11.103], [77.888, 11.087], [77.89, 11.08], [77.895, 11.074], [77.918, 11.071], [77.933, 11.071], [77.942, 11.067], [77.95, 11.07], [77.958, 11.068], [77.966, 11.076], [77.972, 11.08], [77.978, 11.087], [77.982, 11.088], [77.987, 11.093], [77.996, 11.098], [78.008, 11.096]], [[76.809, 12.357], [76.813, 12.357], [76.821, 12.353], [76.825, 12.349], [76.826, 12.343], [76.829, 12.34], [76.836, 12.326], [76.847, 12.314], [76.851, 12.308], [76.852, 12.299], [76.86, 12.297], [76.867, 12.29], [76.87, 12.282], [76.875, 12.271], [76.887, 12.258], [76.892, 12.247], [76.902, 12.239], [76.909, 12.229], [76.912, 12.219], [76.916, 12.213], [76.923, 12.212], [76.934, 12.213], [76.946, 12.217], [76.954, 12.221], [76.962, 12.222], [76.977, 12.229], [76.987, 12.238], [76.992, 12.24], [77.006, 12.242], [77.014, 12.241], [77.019, 12.237], [77.028, 12.234], [77.033, 12.228], [77.035, 12.22], [77.033, 12.216], [77.025, 12.211], [77.017, 12.209], [77.012, 12.198], [77.01, 12.188], [77.009, 12.175], [77.012, 12.172], [77.018, 12.17], [77.038, 12.173], [77.048, 12.169], [77.057, 12.167], [77.063, 12.169], [77.071, 12.174], [77.073, 12.184], [77.078, 12.191], [77.085, 12.192], [77.095, 12.188], [77.103, 12.188], [77.123, 12.199], [77.131, 12.208], [77.132, 12.214], [77.13, 12.219], [77.134, 12.223], [77.133, 12.228], [77.13, 12.23], [77.124, 12.238], [77.126, 12.246], [77.132, 12.25], [77.139, 12.248], [77.149, 12.253], [77.155, 12.258], [77.16, 12.257], [77.17, 12.259]], [[76.789, 12.388], [76.791, 12.38], [76.794, 12.377], [76.796, 12.37], [76.805, 12.357], [76.809, 12.357]], [[76.789, 12.388], [76.797, 12.385], [76.798, 12.38], [76.801, 12.375], [76.805, 12.363], [76.809, 12.357]], [[76.723, 12.407], [76.738, 12.404], [76.758, 12.406], [76.764, 12.404], [76.777, 12.404], [76.784, 12.394], [76.789, 12.388]], [[76.598, 12.418], [76.606, 12.419], [76.611, 12.417], [76.615, 12.421]], [[76.598, 12.418], [76.601, 12.415], [76.606, 12.413], [76.612, 12.417], [76.622, 12.417], [76.626, 12.423]], [[76.615, 12.421], [76.62, 12.424], [76.626, 12.423]], [[76.615, 12.421], [76.612, 12.421], [76.61, 12.426], [76.598, 12.423], [76.587, 12.422]], [[76.626, 12.423], [76.635, 12.424], [76.646, 12.428], [76.651, 12.43], [76.659, 12.432], [76.664, 12.43]], [[76.587, 12.422], [76.598, 12.418]], [[75.492, 12.396], [75.501, 12.392], [75.507, 12.397], [75.515, 12.401], [75.533, 12.385], [75.537, 12.385], [75.546, 12.377], [75.553, 12.372], [75.563, 12.369], [75.565, 12.366], [75.574, 12.362], [75.584, 12.355], [75.587, 12.355], [75.597, 12.348], [75.605, 12.345], [75.613, 12.338], [75.615, 12.332], [75.624, 12.33], [75.637, 12.333], [75.643, 12.332], [75.647, 12.327], [75.655, 12.334], [75.659, 12.33], [75.664, 12.33], [75.667, 12.325], [75.673, 12.332], [75.677, 12.331], [75.679, 12.335], [75.686, 12.329], [75.692, 12.326], [75.698, 12.321], [75.696, 12.317], [75.703, 12.314], [75.703, 12.307], [75.709, 12.311], [75.711, 12.306], [75.716, 12.299], [75.724, 12.298], [75.727, 12.296], [75.736, 12.297], [75.742, 12.3], [75.741, 12.288], [75.752, 12.278], [75.76, 12.282], [75.763, 12.277], [75.771, 12.277], [75.774, 12.285], [75.777, 12.286], [75.783, 12.297], [75.789, 12.299], [75.791, 12.303], [75.795, 12.302], [75.798, 12.298], [75.802, 12.297], [75.805, 12.291], [75.81, 12.293], [75.807, 12.301], [75.813, 12.301], [75.816, 12.309], [75.822, 12.315], [75.83, 12.309], [75.828, 12.299], [75.831, 12.299], [75.836, 12.304], [75.84, 12.305], [75.843, 12.309], [75.85, 12.304], [75.851, 12.299], [75.858, 12.305], [75.864, 12.304], [75.874, 12.307], [75.881, 12.311], [75.884, 12.317], [75.888, 12.32], [75.879, 12.333], [75.884, 12.337], [75.884, 12.34], [75.893, 12.341], [75.896, 12.347], [75.903, 12.347], [75.906, 12.355], [75.901, 12.359], [75.898, 12.368], [75.91, 12.374], [75.915, 12.383], [75.91, 12.393], [75.909, 12.402], [75.914, 12.409], [75.916, 12.413], [75.923, 12.422], [75.922, 12.43], [75.929, 12.441], [75.936, 12.438], [75.939, 12.444], [75.945, 12.449], [75.96, 12.452], [75.969, 12.447], [75.972, 12.452], [75.969, 12.454], [75.967, 12.465], [75.968, 12.471], [75.964, 12.475], [75.967, 12.478], [75.966, 12.484], [75.961, 12.484], [75.959, 12.49], [75.962, 12.496], [75.961, 12.505], [75.963, 12.509], [75.97, 12.511], [75.974, 12.514], [75.974, 12.519], [75.978, 12.521], [75.986, 12.519], [75.993, 12.522], [75.994, 12.527], [75.991, 12.533], [75.983, 12.541], [75.985, 12.545], [75.995, 12.541], [75.999, 12.547], [75.998, 12.551], [75.992, 12.555], [75.991, 12.561], [75.996, 12.563], [76, 12.559], [76.008, 12.555], [76.013, 12.556], [76.011, 12.56], [76.018, 12.568], [76.021, 12.576], [76.022, 12.585], [76.029, 12.59], [76.033, 12.597], [76.036, 12.598], [76.044, 12.597], [76.048, 12.604], [76.042, 12.611], [76.043, 12.616], [76.05, 12.619], [76.054, 12.623], [76.06, 12.622], [76.07, 12.614], [76.078, 12.614], [76.083, 12.612], [76.093, 12.602], [76.101, 12.604], [76.104, 12.601], [76.109, 12.602], [76.118, 12.606], [76.124, 12.606], [76.126, 12.6], [76.131, 12.592], [76.13, 12.585], [76.137, 12.586], [76.157, 12.579], [76.167, 12.58], [76.176, 12.578], [76.185, 12.571], [76.183, 12.565], [76.178, 12.563], [76.176, 12.559], [76.181, 12.554], [76.182, 12.547], [76.185, 12.545], [76.194, 12.542], [76.199, 12.536], [76.206, 12.535], [76.215, 12.53], [76.221, 12.536], [76.226, 12.535], [76.23, 12.532], [76.226, 12.525], [76.225, 12.522], [76.235, 12.52], [76.248, 12.523], [76.254, 12.517], [76.259, 12.518], [76.262, 12.515], [76.27, 12.516], [76.281, 12.511], [76.284, 12.508], [76.292, 12.507], [76.298, 12.506], [76.305, 12.512], [76.313, 12.51], [76.322, 12.516], [76.326, 12.515], [76.326, 12.51], [76.336, 12.505], [76.342, 12.505], [76.347, 12.503], [76.356, 12.502], [76.361, 12.503], [76.375, 12.496], [76.382, 12.494], [76.386, 12.488], [76.39, 12.489], [76.393, 12.482], [76.389, 12.472], [76.395, 12.469], [76.4, 12.471], [76.4, 12.478], [76.41, 12.486], [76.412, 12.491], [76.41, 12.495], [76.41, 12.501], [76.413, 12.506], [76.412, 12.517], [76.413, 12.526], [76.416, 12.532], [76.42, 12.533], [76.432, 12.526], [76.44, 12.511], [76.448, 12.499], [76.447, 12.491], [76.449, 12.486], [76.455, 12.482], [76.477, 12.474], [76.487, 12.468], [76.499, 12.457], [76.508, 12.452], [76.523, 12.447], [76.566, 12.427], [76.571, 12.425], [76.579, 12.426], [76.587, 12.422]], [[76.664, 12.43], [76.669, 12.426], [76.679, 12.421], [76.68, 12.416], [76.683, 12.413], [76.689, 12.402], [76.695, 12.4], [76.7, 12.4], [76.704, 12.403], [76.711, 12.402], [76.715, 12.405], [76.723, 12.407]], [[76.664, 12.43], [76.671, 12.428], [76.68, 12.429], [76.691, 12.426], [76.699, 12.421], [76.712, 12.42], [76.717, 12.417], [76.723, 12.407]]]}, "properties": {"rivname": "Cauvery", "ba_name": "Cauvery"}}, {"type": "Feature", "geometry": {"type": "LineString", "coordinates": [[75.641, 22.483], [75.637, 22.482], [75.627, 22.486], [75.617, 22.491], [75.615, 22.496], [75.605, 22.502], [75.602, 22.51], [75.598, 22.513], [75.598, 22.518], [75.595, 22.526], [75.589, 22.525], [75.582, 22.533], [75.578, 22.535], [75.577, 22.55], [75.574, 22.555], [75.569, 22.557], [75.569, 22.561], [75.565, 22.563], [75.566, 22.568], [75.562, 22.576], [75.559, 22.579], [75.554, 22.577], [75.544, 22.582], [75.545, 22.585], [75.527, 22.589], [75.521, 22.588], [75.514, 22.591], [75.518, 22.595], [75.515, 22.597], [75.518, 22.606], [75.519, 22.612], [75.514, 22.62], [75.511, 22.629], [75.507, 22.631], [75.506, 22.634], [75.512, 22.648], [75.521, 22.66], [75.519, 22.664], [75.521, 22.668], [75.517, 22.685], [75.508, 22.693], [75.511, 22.697], [75.515, 22.707], [75.515, 22.71], [75.508, 22.714], [75.507, 22.718], [75.51, 22.725], [75.509, 22.734], [75.506, 22.738], [75.496, 22.739], [75.5, 22.745], [75.496, 22.753], [75.487, 22.76], [75.491, 22.763], [75.484, 22.767], [75.489, 22.774], [75.479, 22.779], [75.477, 22.784], [75.481, 22.787], [75.474, 22.803], [75.468, 22.807], [75.469, 22.811], [75.473, 22.814], [75.468, 22.817], [75.47, 22.824], [75.47, 22.829], [75.475, 22.834], [75.478, 22.84], [75.476, 22.846], [75.469, 22.845], [75.471, 22.85], [75.48, 22.857], [75.477, 22.864], [75.479, 22.868], [75.487, 22.867], [75.487, 22.875], [75.484, 22.882], [75.484, 22.888], [75.481, 22.896], [75.484, 22.902], [75.484, 22.908], [75.486, 22.919], [75.489, 22.923], [75.488, 22.935], [75.485, 22.944], [75.486, 22.951], [75.493, 22.955], [75.486, 22.965], [75.49, 22.977], [75.493, 22.985], [75.502, 22.995], [75.507, 22.996], [75.509, 23.01], [75.512, 23.016], [75.508, 23.018], [75.51, 23.022], [75.517, 23.022], [75.515, 23.028], [75.518, 23.032], [75.516, 23.039], [75.524, 23.042], [75.526, 23.044], [75.521, 23.049], [75.521, 23.057], [75.514, 23.066], [75.516, 23.072], [75.516, 23.08], [75.519, 23.085], [75.524, 23.09], [75.518, 23.091], [75.516, 23.096], [75.524, 23.099], [75.527, 23.113], [75.525, 23.124], [75.52, 23.124], [75.515, 23.132], [75.513, 23.14], [75.508, 23.141], [75.509, 23.156], [75.503, 23.159], [75.498, 23.163], [75.503, 23.175], [75.497, 23.175], [75.499, 23.184], [75.503, 23.185], [75.5, 23.191], [75.502, 23.195], [75.496, 23.201], [75.496, 23.206], [75.49, 23.213], [75.492, 23.217], [75.487, 23.225], [75.484, 23.226], [75.478, 23.237], [75.474, 23.248], [75.476, 23.257], [75.471, 23.258], [75.468, 23.264], [75.471, 23.27], [75.462, 23.271], [75.462, 23.284], [75.46, 23.288], [75.451, 23.298], [75.451, 23.305], [75.449, 23.313], [75.452, 23.317], [75.452, 23.321], [75.447, 23.323], [75.445, 23.332], [75.44, 23.337], [75.441, 23.345], [75.436, 23.349], [75.43, 23.351], [75.426, 23.359], [75.423, 23.36], [75.419, 23.356], [75.412, 23.358], [75.409, 23.362], [75.408, 23.369], [75.404, 23.374], [75.399, 23.376], [75.394, 23.382], [75.388, 23.395], [75.387, 23.399], [75.396, 23.412], [75.396, 23.425], [75.398, 23.444], [75.397, 23.447], [75.392, 23.45], [75.392, 23.453], [75.398, 23.462], [75.398, 23.466], [75.405, 23.473], [75.404, 23.476], [75.396, 23.481], [75.394, 23.487], [75.386, 23.493], [75.384, 23.502], [75.375, 23.512], [75.36, 23.518], [75.352, 23.527], [75.352, 23.535], [75.351, 23.541], [75.351, 23.546], [75.36, 23.559], [75.359, 23.569], [75.361, 23.584], [75.357, 23.594], [75.357, 23.598], [75.351, 23.603], [75.347, 23.611], [75.35, 23.62], [75.354, 23.625], [75.354, 23.636], [75.356, 23.645], [75.355, 23.654], [75.355, 23.664], [75.356, 23.668], [75.363, 23.677], [75.363, 23.686], [75.357, 23.693], [75.354, 23.7], [75.356, 23.707], [75.356, 23.713], [75.352, 23.72], [75.349, 23.723], [75.342, 23.724], [75.338, 23.727], [75.333, 23.728], [75.321, 23.727], [75.316, 23.722], [75.306, 23.72], [75.301, 23.715], [75.293, 23.716], [75.291, 23.722], [75.292, 23.736], [75.286, 23.744], [75.275, 23.751], [75.268, 23.76], [75.269, 23.781], [75.27, 23.787], [75.266, 23.792], [75.267, 23.795], [75.278, 23.801], [75.284, 23.807], [75.297, 23.808], [75.306, 23.81], [75.315, 23.806], [75.338, 23.801], [75.344, 23.802], [75.348, 23.805], [75.352, 23.811], [75.356, 23.831], [75.368, 23.862], [75.375, 23.869], [75.38, 23.873], [75.387, 23.876], [75.395, 23.878], [75.412, 23.885], [75.418, 23.889], [75.42, 23.895], [75.425, 23.899], [75.431, 23.909], [75.434, 23.907], [75.446, 23.906], [75.454, 23.908], [75.458, 23.913], [75.461, 23.92], [75.461, 23.93], [75.467, 23.949], [75.467, 23.958], [75.472, 23.978], [75.475, 23.982], [75.486, 23.989], [75.494, 23.998], [75.497, 24], [75.51, 24.013], [75.519, 24.023], [75.525, 24.038], [75.527, 24.055], [75.527, 24.065], [75.53, 24.07], [75.529, 24.074], [75.511, 24.087], [75.498, 24.101], [75.491, 24.105], [75.485, 24.113], [75.479, 24.119], [75.47, 24.125], [75.454, 24.138], [75.444, 24.145], [75.43, 24.159], [75.426, 24.168], [75.427, 24.177], [75.425, 24.185], [75.42, 24.193], [75.412, 24.202], [75.404, 24.208], [75.396, 24.217], [75.384, 24.226], [75.38, 24.234], [75.374, 24.25], [75.376, 24.264], [75.375, 24.269], [75.371, 24.274], [75.363, 24.28], [75.358, 24.287], [75.357, 24.293], [75.357, 24.304], [75.361, 24.313], [75.373, 24.319], [75.384, 24.323], [75.397, 24.33], [75.411, 24.33], [75.42, 24.331], [75.428, 24.335], [75.431, 24.339], [75.431, 24.346], [75.43, 24.353], [75.432, 24.359], [75.436, 24.364], [75.451, 24.374], [75.457, 24.38], [75.459, 24.39], [75.462, 24.394], [75.476, 24.401], [75.486, 24.413], [75.487, 24.419], [75.491, 24.428], [75.508, 24.445], [75.52, 24.459], [75.524, 24.465], [75.536, 24.476], [75.54, 24.479], [75.555, 24.491], [75.565, 24.497], [75.584, 24.504], [75.589, 24.509], [75.593, 24.519], [75.595, 24.529], [75.6, 24.548], [75.6, 24.573], [75.593, 24.589], [75.587, 24.605], [75.585, 24.621], [75.589, 24.63], [75.593, 24.635], [75.599, 24.636], [75.605, 24.636], [75.608, 24.64], [75.607, 24.645], [75.604, 24.649], [75.596, 24.655], [75.571, 24.668], [75.566, 24.675], [75.561, 24.688], [75.555, 24.698], [75.552, 24.701], [75.544, 24.704], [75.537, 24.708], [75.531, 24.714], [75.523, 24.725], [75.514, 24.735], [75.508, 24.736], [75.501, 24.741], [75.499, 24.751], [75.5, 24.759], [75.504, 24.768], [75.504, 24.773], [75.511, 24.774], [75.545, 24.777], [75.568, 24.777], [75.58, 24.782], [75.591, 24.787], [75.609, 24.79], [75.608, 24.799], [75.595, 24.849], [75.593, 24.879], [75.592, 24.887], [75.586, 24.907], [75.583, 24.922], [75.579, 24.931], [75.576, 24.932], [75.561, 24.93], [75.555, 24.931], [75.55, 24.942], [75.549, 24.948], [75.552, 24.961], [75.559, 24.965], [75.572, 24.971], [75.582, 24.974], [75.587, 24.977], [75.598, 24.988], [75.609, 24.997], [75.621, 24.996], [75.624, 24.999], [75.63, 25.009], [75.637, 25.014], [75.642, 25.023], [75.648, 25.03], [75.654, 25.033], [75.67, 25.035], [75.678, 25.038], [75.681, 25.046], [75.696, 25.061], [75.707, 25.068], [75.713, 25.07], [75.722, 25.08], [75.73, 25.097], [75.738, 25.104], [75.743, 25.111], [75.741, 25.117], [75.73, 25.118], [75.724, 25.127], [75.729, 25.133], [75.741, 25.135], [75.753, 25.139], [75.755, 25.142], [75.765, 25.145], [75.776, 25.146], [75.783, 25.144], [75.786, 25.141], [75.791, 25.141], [75.797, 25.146], [75.813, 25.155], [75.817, 25.158], [75.824, 25.171], [75.828, 25.178], [75.839, 25.189], [75.848, 25.2], [75.857, 25.212], [75.86, 25.22], [75.863, 25.23], [75.867, 25.236], [75.873, 25.24], [75.884, 25.243], [75.893, 25.246], [75.898, 25.251], [75.901, 25.26], [75.911, 25.273], [75.921, 25.277], [75.929, 25.285], [75.935, 25.287], [75.945, 25.282], [75.95, 25.271], [75.963, 25.26], [75.978, 25.241], [75.981, 25.233], [75.987, 25.232], [75.996, 25.236], [75.998, 25.24], [75.998, 25.251], [76.001, 25.257], [76.013, 25.263], [76.021, 25.265], [76.027, 25.269], [76.035, 25.282], [76.028, 25.293], [76.025, 25.302], [76.023, 25.312], [76.024, 25.316], [76.028, 25.32], [76.039, 25.327], [76.047, 25.323], [76.054, 25.324], [76.067, 25.331], [76.068, 25.335], [76.067, 25.349], [76.071, 25.351], [76.085, 25.353], [76.092, 25.347], [76.101, 25.336], [76.107, 25.333], [76.114, 25.334], [76.119, 25.339], [76.123, 25.346], [76.128, 25.349], [76.136, 25.346], [76.141, 25.339], [76.148, 25.339], [76.156, 25.346], [76.156, 25.359], [76.153, 25.367], [76.148, 25.37], [76.138, 25.369], [76.135, 25.374], [76.138, 25.376], [76.15, 25.381], [76.153, 25.386], [76.15, 25.395], [76.143, 25.398], [76.136, 25.398], [76.133, 25.402], [76.133, 25.407], [76.143, 25.413], [76.155, 25.416], [76.163, 25.426], [76.163, 25.43], [76.159, 25.437], [76.163, 25.441], [76.169, 25.44], [76.175, 25.445], [76.176, 25.459], [76.182, 25.468], [76.183, 25.481], [76.178, 25.488], [76.181, 25.496], [76.188, 25.502], [76.197, 25.498], [76.2, 25.487], [76.206, 25.487], [76.215, 25.491], [76.219, 25.497], [76.229, 25.502], [76.235, 25.507], [76.244, 25.51], [76.262, 25.508], [76.266, 25.511], [76.273, 25.52], [76.278, 25.533], [76.284, 25.536], [76.286, 25.55], [76.286, 25.557], [76.284, 25.565], [76.285, 25.574], [76.294, 25.588], [76.293, 25.597], [76.288, 25.603], [76.29, 25.612], [76.289, 25.625], [76.29, 25.63], [76.295, 25.635], [76.313, 25.639], [76.316, 25.642], [76.316, 25.653], [76.314, 25.659], [76.306, 25.664], [76.298, 25.667], [76.293, 25.681], [76.291, 25.69], [76.297, 25.7], [76.306, 25.706], [76.313, 25.706], [76.326, 25.703], [76.332, 25.7], [76.337, 25.7], [76.343, 25.708], [76.348, 25.718], [76.355, 25.737], [76.359, 25.743], [76.369, 25.751], [76.374, 25.753], [76.387, 25.754], [76.397, 25.758], [76.404, 25.768], [76.409, 25.769], [76.43, 25.771], [76.442, 25.775], [76.451, 25.782], [76.455, 25.79], [76.46, 25.796], [76.474, 25.81], [76.477, 25.817], [76.476, 25.826], [76.474, 25.829], [76.473, 25.836], [76.477, 25.841], [76.487, 25.845], [76.492, 25.846], [76.508, 25.839], [76.513, 25.839], [76.517, 25.841], [76.53, 25.842], [76.548, 25.839], [76.552, 25.843], [76.562, 25.85], [76.569, 25.853], [76.578, 25.866], [76.583, 25.871], [76.588, 25.874], [76.593, 25.874], [76.601, 25.872], [76.611, 25.868], [76.619, 25.869], [76.622, 25.87], [76.627, 25.876], [76.628, 25.88], [76.63, 25.896], [76.634, 25.903], [76.645, 25.909], [76.666, 25.911], [76.674, 25.91], [76.698, 25.904], [76.708, 25.901], [76.717, 25.901], [76.726, 25.904], [76.74, 25.91], [76.755, 25.921], [76.756, 25.926], [76.747, 25.932], [76.746, 25.939], [76.75, 25.941], [76.772, 25.938], [76.786, 25.939], [76.793, 25.943], [76.797, 25.952], [76.808, 25.966], [76.808, 25.972], [76.804, 25.977], [76.804, 25.981], [76.807, 25.989], [76.823, 26.004], [76.828, 26.01], [76.837, 26.024], [76.854, 26.035], [76.857, 26.036], [76.866, 26.034], [76.874, 26.042], [76.884, 26.047], [76.887, 26.053], [76.889, 26.063], [76.894, 26.068], [76.897, 26.073], [76.9, 26.093], [76.913, 26.096], [76.917, 26.099], [76.938, 26.102], [76.941, 26.104], [76.952, 26.105], [76.966, 26.116], [76.975, 26.121], [76.987, 26.126], [76.99, 26.126], [77.002, 26.132], [77.002, 26.142], [77.008, 26.152], [77.017, 26.156], [77.024, 26.167], [77.036, 26.174], [77.052, 26.18], [77.078, 26.179], [77.092, 26.18], [77.1, 26.185], [77.106, 26.196], [77.113, 26.204], [77.114, 26.215], [77.118, 26.222], [77.129, 26.231], [77.137, 26.234], [77.153, 26.232], [77.165, 26.232], [77.169, 26.233], [77.173, 26.239], [77.179, 26.238], [77.192, 26.231], [77.204, 26.23], [77.21, 26.232], [77.216, 26.239], [77.222, 26.243], [77.237, 26.25], [77.253, 26.26], [77.256, 26.263], [77.283, 26.278], [77.295, 26.288], [77.305, 26.297], [77.318, 26.313], [77.316, 26.318], [77.321, 26.333], [77.329, 26.34], [77.336, 26.343], [77.339, 26.348], [77.343, 26.352], [77.357, 26.356], [77.368, 26.364], [77.374, 26.366], [77.39, 26.356], [77.398, 26.362], [77.406, 26.361], [77.414, 26.363], [77.421, 26.363], [77.437, 26.36], [77.445, 26.362], [77.448, 26.369], [77.444, 26.379], [77.438, 26.388], [77.435, 26.394], [77.435, 26.4], [77.439, 26.405], [77.46, 26.404], [77.467, 26.405], [77.48, 26.409], [77.488, 26.409], [77.513, 26.407], [77.526, 26.408], [77.544, 26.414], [77.556, 26.432], [77.563, 26.437], [77.568, 26.436], [77.576, 26.437], [77.589, 26.446], [77.606, 26.449], [77.616, 26.454], [77.623, 26.46], [77.629, 26.474], [77.637, 26.481], [77.647, 26.484], [77.664, 26.493], [77.674, 26.502], [77.681, 26.505], [77.698, 26.498], [77.709, 26.497], [77.721, 26.498], [77.729, 26.503], [77.737, 26.513], [77.74, 26.527], [77.745, 26.538], [77.759, 26.541], [77.765, 26.546], [77.783, 26.552], [77.789, 26.552], [77.802, 26.549], [77.815, 26.545], [77.826, 26.552], [77.832, 26.559], [77.834, 26.564], [77.836, 26.577], [77.834, 26.581], [77.827, 26.591], [77.83, 26.597], [77.84, 26.608], [77.845, 26.61], [77.858, 26.613], [77.882, 26.613], [77.887, 26.612], [77.898, 26.619], [77.897, 26.624], [77.898, 26.634], [77.899, 26.655], [77.905, 26.66], [77.912, 26.661], [77.941, 26.658], [77.955, 26.661], [77.959, 26.663], [77.975, 26.668], [77.984, 26.672], [77.994, 26.69], [77.998, 26.695], [78.024, 26.691], [78.03, 26.686], [78.04, 26.685], [78.052, 26.685], [78.062, 26.683], [78.074, 26.669], [78.086, 26.673], [78.093, 26.677], [78.096, 26.68], [78.097, 26.69], [78.094, 26.707], [78.09, 26.72], [78.091, 26.731], [78.097, 26.737], [78.106, 26.737], [78.122, 26.746], [78.123, 26.748], [78.117, 26.757], [78.112, 26.758], [78.105, 26.764], [78.102, 26.768], [78.103, 26.785], [78.107, 26.792], [78.116, 26.796], [78.127, 26.797], [78.139, 26.794], [78.151, 26.787], [78.165, 26.783], [78.179, 26.783], [78.187, 26.784], [78.185, 26.798], [78.182, 26.803], [78.167, 26.813], [78.168, 26.819], [78.175, 26.825], [78.18, 26.827], [78.194, 26.824], [78.2, 26.822], [78.205, 26.823], [78.219, 26.83], [78.228, 26.83], [78.24, 26.826], [78.25, 26.821], [78.254, 26.816], [78.263, 26.813], [78.268, 26.813], [78.273, 26.816], [78.274, 26.823], [78.275, 26.832], [78.273, 26.835], [78.274, 26.843], [78.279, 26.851], [78.287, 26.857], [78.299, 26.862], [78.308, 26.864], [78.322, 26.863], [78.327, 26.861], [78.353, 26.87], [78.364, 26.869], [78.37, 26.866], [78.375, 26.858], [78.38, 26.844], [78.384, 26.838], [78.392, 26.82], [78.396, 26.818], [78.405, 26.818], [78.434, 26.826], [78.442, 26.816], [78.453, 26.799], [78.455, 26.793], [78.462, 26.788], [78.481, 26.787], [78.484, 26.785], [78.497, 26.781], [78.519, 26.781], [78.523, 26.78], [78.528, 26.775], [78.535, 26.772], [78.544, 26.764], [78.561, 26.762], [78.565, 26.761], [78.57, 26.753], [78.576, 26.748], [78.579, 26.748], [78.594, 26.752], [78.603, 26.75], [78.613, 26.752], [78.618, 26.759], [78.619, 26.765], [78.625, 26.771], [78.63, 26.773], [78.637, 26.77], [78.652, 26.767], [78.662, 26.762], [78.671, 26.763], [78.675, 26.766], [78.678, 26.78], [78.687, 26.789], [78.696, 26.793], [78.708, 26.793], [78.72, 26.796], [78.725, 26.797], [78.73, 26.792], [78.727, 26.785], [78.726, 26.778], [78.729, 26.775], [78.736, 26.775], [78.739, 26.777], [78.749, 26.788], [78.758, 26.785], [78.764, 26.774], [78.766, 26.764], [78.776, 26.759], [78.794, 26.76], [78.811, 26.763], [78.818, 26.762], [78.824, 26.755], [78.83, 26.742], [78.838, 26.732], [78.844, 26.728], [78.853, 26.715], [78.864, 26.704], [78.872, 26.698], [78.883, 26.696], [78.895, 26.698], [78.905, 26.704], [78.911, 26.707], [78.916, 26.706], [78.925, 26.703], [78.934, 26.696], [78.943, 26.693], [78.949, 26.694], [78.956, 26.691], [78.959, 26.686], [78.957, 26.682], [78.949, 26.675], [78.943, 26.665], [78.943, 26.658], [78.945, 26.656], [78.953, 26.655], [78.957, 26.657], [78.977, 26.674], [78.987, 26.676], [79.002, 26.675], [79.007, 26.671], [79.009, 26.665], [79.001, 26.652], [78.992, 26.642], [78.995, 26.638], [79.007, 26.626], [79.015, 26.606], [79.016, 26.598], [79.019, 26.592], [79.024, 26.59], [79.032, 26.59], [79.043, 26.586], [79.051, 26.577], [79.068, 26.568], [79.081, 26.557], [79.089, 26.546], [79.094, 26.536], [79.099, 26.534], [79.121, 26.528], [79.131, 26.53], [79.14, 26.531], [79.154, 26.529], [79.166, 26.529], [79.176, 26.527], [79.183, 26.531], [79.2, 26.529], [79.208, 26.524], [79.212, 26.512], [79.209, 26.505], [79.203, 26.495], [79.194, 26.491], [79.188, 26.483], [79.189, 26.473], [79.192, 26.467], [79.199, 26.465], [79.206, 26.466], [79.219, 26.472], [79.223, 26.472], [79.232, 26.477], [79.246, 26.488], [79.248, 26.492]]}, "properties": {"rivname": "Chambal", "ba_name": "Ganga"}}, {"type": "Feature", "geometry": {"type": "LineString", "coordinates": [[94.562, 25.135], [94.554, 25.14], [94.545, 25.151], [94.546, 25.158], [94.541, 25.166], [94.536, 25.17], [94.528, 25.172], [94.525, 25.185], [94.528, 25.195], [94.529, 25.204], [94.526, 25.211], [94.53, 25.218], [94.527, 25.222], [94.525, 25.229], [94.528, 25.233], [94.53, 25.243], [94.529, 25.248], [94.535, 25.256], [94.532, 25.26], [94.531, 25.268], [94.536, 25.271], [94.538, 25.277], [94.534, 25.282], [94.526, 25.287], [94.523, 25.292], [94.52, 25.3], [94.524, 25.312], [94.529, 25.315], [94.532, 25.32], [94.53, 25.329], [94.536, 25.336], [94.535, 25.339], [94.538, 25.344], [94.546, 25.346], [94.546, 25.351], [94.55, 25.354], [94.551, 25.361], [94.557, 25.374], [94.554, 25.375], [94.555, 25.383], [94.551, 25.384], [94.547, 25.391], [94.546, 25.401], [94.543, 25.403], [94.542, 25.415], [94.545, 25.417], [94.544, 25.426], [94.538, 25.429], [94.539, 25.433], [94.537, 25.444], [94.539, 25.447], [94.533, 25.457], [94.537, 25.461], [94.536, 25.47], [94.54, 25.474], [94.541, 25.48], [94.538, 25.485], [94.543, 25.493], [94.548, 25.493], [94.548, 25.499], [94.551, 25.5], [94.552, 25.507]]}, "properties": {"rivname": "Chammu Ture", "ba_name": "Minor rivers draining into Myanmar and Bangladesh"}}, {"type": "Feature", "geometry": {"type": "LineString", "coordinates": [[76.977, 32.551], [76.962, 32.56], [76.964, 32.566], [76.954, 32.569], [76.953, 32.582], [76.95, 32.586], [76.943, 32.592], [76.94, 32.595], [76.93, 32.601], [76.926, 32.606], [76.91, 32.609], [76.904, 32.611], [76.895, 32.612], [76.892, 32.615], [76.886, 32.614], [76.884, 32.619], [76.87, 32.627], [76.864, 32.627], [76.854, 32.639], [76.85, 32.636], [76.845, 32.639], [76.841, 32.637], [76.838, 32.641], [76.829, 32.642], [76.82, 32.646], [76.816, 32.646], [76.811, 32.65], [76.79, 32.654], [76.774, 32.662], [76.764, 32.66], [76.75, 32.661], [76.735, 32.66], [76.729, 32.662], [76.728, 32.665], [76.717, 32.671], [76.709, 32.679], [76.694, 32.69], [76.682, 32.7], [76.678, 32.706], [76.677, 32.711], [76.668, 32.716], [76.668, 32.721], [76.658, 32.722], [76.655, 32.729], [76.648, 32.73], [76.631, 32.734], [76.628, 32.741], [76.622, 32.745], [76.62, 32.749], [76.607, 32.76], [76.596, 32.762], [76.577, 32.754], [76.569, 32.755], [76.563, 32.758], [76.557, 32.758], [76.546, 32.764], [76.539, 32.763], [76.536, 32.761], [76.526, 32.76], [76.522, 32.754], [76.514, 32.75], [76.503, 32.749], [76.497, 32.746], [76.483, 32.742], [76.475, 32.745], [76.465, 32.749], [76.465, 32.755], [76.455, 32.758], [76.448, 32.765], [76.441, 32.769], [76.439, 32.776], [76.434, 32.782], [76.427, 32.789], [76.42, 32.792], [76.419, 32.8], [76.424, 32.801], [76.424, 32.812], [76.431, 32.819], [76.433, 32.832], [76.439, 32.844], [76.44, 32.849], [76.438, 32.853], [76.441, 32.86], [76.448, 32.865], [76.459, 32.865], [76.464, 32.868], [76.464, 32.877], [76.466, 32.881], [76.459, 32.892], [76.459, 32.897], [76.464, 32.908], [76.46, 32.913], [76.46, 32.921], [76.455, 32.926], [76.453, 32.933], [76.455, 32.936], [76.449, 32.948], [76.443, 32.954], [76.439, 32.955], [76.429, 32.952], [76.425, 32.953], [76.421, 32.96], [76.425, 32.971], [76.423, 32.977], [76.427, 32.985], [76.432, 32.991], [76.434, 33], [76.429, 33.012], [76.43, 33.024], [76.429, 33.026], [76.431, 33.038], [76.425, 33.048], [76.425, 33.053], [76.42, 33.058], [76.409, 33.065], [76.396, 33.076], [76.388, 33.084], [76.372, 33.09], [76.36, 33.098], [76.356, 33.109], [76.356, 33.118], [76.353, 33.123], [76.334, 33.124], [76.329, 33.12], [76.319, 33.122], [76.313, 33.129], [76.306, 33.134], [76.305, 33.139], [76.299, 33.145], [76.294, 33.154], [76.288, 33.16], [76.281, 33.161], [76.261, 33.15], [76.255, 33.152], [76.246, 33.159], [76.244, 33.168], [76.241, 33.171], [76.239, 33.179], [76.24, 33.186], [76.236, 33.197], [76.229, 33.204], [76.224, 33.206], [76.214, 33.215], [76.205, 33.219], [76.198, 33.227], [76.195, 33.235], [76.191, 33.238], [76.188, 33.248], [76.189, 33.251], [76.186, 33.261], [76.177, 33.263], [76.173, 33.265], [76.168, 33.265], [76.163, 33.27], [76.159, 33.269], [76.156, 33.263], [76.15, 33.266], [76.135, 33.264], [76.135, 33.269], [76.123, 33.284], [76.116, 33.285], [76.116, 33.289], [76.105, 33.292], [76.103, 33.296], [76.088, 33.303], [76.087, 33.308], [76.078, 33.309], [76.076, 33.317], [76.068, 33.317], [76.063, 33.316], [76.054, 33.32], [76.05, 33.325], [76.05, 33.331], [76.046, 33.334], [76.034, 33.333], [76.027, 33.328], [76.015, 33.325], [76.002, 33.319], [75.998, 33.319], [75.987, 33.321], [75.979, 33.327], [75.976, 33.332], [75.969, 33.332], [75.96, 33.339], [75.958, 33.346], [75.954, 33.347], [75.95, 33.341], [75.944, 33.341], [75.934, 33.343], [75.927, 33.347], [75.921, 33.349], [75.897, 33.347], [75.884, 33.355], [75.869, 33.355], [75.862, 33.358], [75.85, 33.36], [75.846, 33.358], [75.839, 33.358], [75.831, 33.363], [75.818, 33.362], [75.813, 33.364], [75.802, 33.366], [75.795, 33.374], [75.783, 33.378], [75.777, 33.385], [75.772, 33.385], [75.767, 33.389], [75.76, 33.382], [75.757, 33.382], [75.743, 33.377], [75.748, 33.372], [75.748, 33.366], [75.743, 33.361], [75.732, 33.358], [75.736, 33.354], [75.729, 33.345], [75.721, 33.34], [75.724, 33.33], [75.733, 33.327], [75.738, 33.316], [75.742, 33.301], [75.75, 33.297], [75.754, 33.291], [75.762, 33.286], [75.766, 33.278], [75.767, 33.272], [75.772, 33.264], [75.773, 33.256], [75.777, 33.249], [75.781, 33.244], [75.787, 33.229], [75.798, 33.216], [75.797, 33.204], [75.804, 33.191], [75.804, 33.18], [75.808, 33.177], [75.803, 33.166], [75.799, 33.162], [75.797, 33.156], [75.797, 33.148], [75.791, 33.147], [75.786, 33.148], [75.775, 33.147], [75.764, 33.145], [75.758, 33.142], [75.754, 33.143], [75.75, 33.153], [75.747, 33.155], [75.736, 33.155], [75.725, 33.153], [75.721, 33.15], [75.702, 33.157], [75.7, 33.16], [75.689, 33.162], [75.682, 33.155], [75.678, 33.154], [75.663, 33.146], [75.655, 33.135], [75.651, 33.131], [75.643, 33.131], [75.639, 33.126], [75.629, 33.13], [75.62, 33.129], [75.616, 33.131], [75.608, 33.132], [75.599, 33.138], [75.594, 33.139], [75.582, 33.139], [75.574, 33.142], [75.569, 33.146], [75.564, 33.145], [75.555, 33.139], [75.546, 33.136], [75.538, 33.136], [75.531, 33.142], [75.524, 33.143], [75.512, 33.146], [75.502, 33.145], [75.49, 33.143], [75.47, 33.14], [75.464, 33.139], [75.439, 33.139], [75.427, 33.125], [75.422, 33.127], [75.417, 33.13], [75.409, 33.132], [75.393, 33.137], [75.388, 33.133], [75.38, 33.134], [75.378, 33.14], [75.369, 33.145], [75.355, 33.15], [75.35, 33.157], [75.341, 33.161], [75.336, 33.161], [75.326, 33.163], [75.318, 33.168], [75.313, 33.17], [75.31, 33.175], [75.315, 33.179], [75.314, 33.183], [75.306, 33.185], [75.309, 33.191], [75.304, 33.193], [75.302, 33.197], [75.303, 33.203], [75.297, 33.206], [75.295, 33.204], [75.289, 33.207], [75.283, 33.207], [75.273, 33.212], [75.265, 33.224], [75.258, 33.224], [75.245, 33.234], [75.24, 33.235], [75.238, 33.239], [75.229, 33.239], [75.223, 33.244], [75.218, 33.244], [75.209, 33.247], [75.204, 33.252], [75.195, 33.254], [75.187, 33.258], [75.184, 33.262], [75.176, 33.265], [75.169, 33.264], [75.161, 33.266], [75.153, 33.266], [75.15, 33.269], [75.144, 33.265], [75.14, 33.261], [75.139, 33.256], [75.133, 33.253], [75.135, 33.248], [75.147, 33.239], [75.143, 33.228], [75.129, 33.216], [75.123, 33.215], [75.117, 33.212], [75.111, 33.206], [75.108, 33.199], [75.102, 33.199], [75.097, 33.196], [75.095, 33.188], [75.089, 33.183], [75.085, 33.177], [75.075, 33.172], [75.077, 33.164], [75.068, 33.161], [75.064, 33.156], [75.057, 33.156], [75.051, 33.159], [75.05, 33.154], [75.032, 33.149], [75.023, 33.154], [75.011, 33.151], [75.003, 33.154], [74.989, 33.156], [74.981, 33.153], [74.972, 33.159], [74.966, 33.155], [74.959, 33.158], [74.946, 33.161], [74.938, 33.158], [74.928, 33.157], [74.917, 33.158], [74.917, 33.154], [74.91, 33.152], [74.895, 33.153], [74.886, 33.155], [74.881, 33.149], [74.873, 33.148], [74.865, 33.152], [74.861, 33.152], [74.845, 33.146], [74.842, 33.162], [74.847, 33.167], [74.854, 33.168], [74.854, 33.171], [74.845, 33.176], [74.831, 33.179], [74.824, 33.179], [74.816, 33.178], [74.802, 33.178], [74.799, 33.173], [74.804, 33.163], [74.804, 33.158], [74.808, 33.152], [74.809, 33.143], [74.815, 33.141], [74.818, 33.135], [74.817, 33.129], [74.81, 33.124], [74.806, 33.124], [74.794, 33.119], [74.792, 33.113], [74.801, 33.109], [74.806, 33.102], [74.808, 33.097], [74.804, 33.088], [74.798, 33.084], [74.789, 33.071], [74.789, 33.066], [74.793, 33.055], [74.805, 33.049], [74.802, 33.039], [74.799, 33.036], [74.789, 33.034], [74.788, 33.031], [74.793, 33.025], [74.8, 33.02], [74.803, 33.011], [74.814, 32.999], [74.822, 32.996], [74.824, 32.992], [74.82, 32.989], [74.815, 32.992], [74.808, 32.99], [74.806, 32.985], [74.8, 32.982], [74.8, 32.973], [74.791, 32.97], [74.796, 32.954], [74.792, 32.947], [74.782, 32.942], [74.78, 32.937], [74.784, 32.933], [74.78, 32.919], [74.783, 32.916], [74.79, 32.913], [74.792, 32.91], [74.784, 32.904], [74.778, 32.905], [74.772, 32.908], [74.768, 32.905], [74.751, 32.898], [74.74, 32.895], [74.737, 32.892], [74.729, 32.878], [74.717, 32.872], [74.714, 32.87], [74.704, 32.866], [74.698, 32.862], [74.682, 32.863], [74.674, 32.86], [74.662, 32.853], [74.653, 32.845], [74.646, 32.841], [74.637, 32.84], [74.633, 32.829], [74.626, 32.828], [74.616, 32.816], [74.605, 32.815], [74.602, 32.813], [74.593, 32.812], [74.588, 32.803], [74.581, 32.803], [74.574, 32.805], [74.567, 32.802], [74.562, 32.803], [74.553, 32.798], [74.544, 32.796], [74.544, 32.792], [74.537, 32.783], [74.536, 32.776], [74.531, 32.769], [74.526, 32.77], [74.523, 32.766], [74.529, 32.76], [74.529, 32.752], [74.523, 32.742]]}, "properties": {"rivname": "Chenab", "ba_name": "Indus (Up to border)"}}, {"type": "Feature", "geometry": {"type": "LineString", "coordinates": [[92.82, 22.838], [92.82, 22.844], [92.808, 22.853], [92.805, 22.861], [92.808, 22.867], [92.807, 22.873], [92.81, 22.874], [92.807, 22.889], [92.807, 22.896], [92.804, 22.898], [92.806, 22.913], [92.803, 22.917], [92.802, 22.925], [92.805, 22.928], [92.801, 22.94], [92.8, 22.949], [92.799, 22.951], [92.798, 22.958], [92.794, 22.964], [92.78, 22.958], [92.765, 22.965], [92.757, 22.974], [92.749, 22.976], [92.748, 22.982], [92.742, 22.987], [92.744, 22.991], [92.739, 22.993], [92.735, 22.997], [92.74, 23.001], [92.743, 23.005], [92.737, 23.006], [92.733, 23.009], [92.731, 23.014], [92.727, 23.017], [92.726, 23.004], [92.721, 23.003], [92.717, 23.009], [92.718, 23.016], [92.717, 23.024], [92.729, 23.036], [92.729, 23.042], [92.726, 23.05], [92.723, 23.052], [92.729, 23.058], [92.725, 23.064], [92.726, 23.069], [92.722, 23.077], [92.726, 23.081], [92.724, 23.093], [92.719, 23.096], [92.72, 23.1], [92.716, 23.104], [92.712, 23.114], [92.713, 23.118], [92.707, 23.124], [92.707, 23.132], [92.704, 23.138], [92.706, 23.14], [92.703, 23.148], [92.702, 23.161], [92.699, 23.161], [92.696, 23.169], [92.698, 23.172], [92.695, 23.177], [92.697, 23.183], [92.696, 23.187], [92.699, 23.195], [92.703, 23.204], [92.702, 23.209], [92.692, 23.219], [92.69, 23.227], [92.691, 23.232], [92.69, 23.24], [92.687, 23.245], [92.69, 23.249], [92.691, 23.254], [92.688, 23.258], [92.69, 23.265], [92.685, 23.276], [92.688, 23.28], [92.683, 23.29], [92.687, 23.298], [92.684, 23.303], [92.686, 23.307], [92.685, 23.317], [92.683, 23.324], [92.686, 23.33], [92.684, 23.334], [92.684, 23.341], [92.687, 23.344], [92.684, 23.351], [92.687, 23.354], [92.682, 23.369], [92.676, 23.369], [92.674, 23.376], [92.676, 23.38], [92.671, 23.384], [92.665, 23.392], [92.668, 23.403], [92.666, 23.407], [92.662, 23.41], [92.663, 23.416], [92.657, 23.423], [92.657, 23.432], [92.655, 23.447], [92.656, 23.451], [92.655, 23.461], [92.658, 23.471], [92.656, 23.474], [92.653, 23.489], [92.657, 23.495], [92.659, 23.502], [92.655, 23.508], [92.656, 23.512], [92.654, 23.521], [92.645, 23.521], [92.636, 23.529], [92.634, 23.538], [92.634, 23.541], [92.643, 23.546], [92.644, 23.554], [92.652, 23.556], [92.657, 23.561], [92.66, 23.568], [92.659, 23.572], [92.654, 23.575], [92.651, 23.58], [92.649, 23.59], [92.653, 23.596], [92.663, 23.596], [92.67, 23.603], [92.673, 23.61], [92.672, 23.614], [92.674, 23.621], [92.671, 23.625], [92.665, 23.627], [92.653, 23.629], [92.651, 23.633], [92.651, 23.637], [92.642, 23.642], [92.637, 23.648], [92.635, 23.659], [92.642, 23.663], [92.648, 23.673], [92.65, 23.678], [92.655, 23.683], [92.657, 23.691], [92.665, 23.702], [92.666, 23.706], [92.665, 23.711], [92.661, 23.714], [92.653, 23.715], [92.649, 23.717], [92.646, 23.725], [92.643, 23.727], [92.643, 23.733], [92.637, 23.741], [92.635, 23.758], [92.631, 23.759], [92.626, 23.765], [92.636, 23.77], [92.638, 23.773], [92.641, 23.785], [92.639, 23.795], [92.629, 23.795], [92.624, 23.798], [92.629, 23.805], [92.633, 23.816], [92.637, 23.816], [92.645, 23.806], [92.651, 23.814], [92.65, 23.818], [92.645, 23.819], [92.643, 23.826], [92.646, 23.831], [92.661, 23.834], [92.662, 23.838], [92.657, 23.845], [92.651, 23.85], [92.648, 23.857], [92.645, 23.867], [92.641, 23.873], [92.64, 23.891], [92.642, 23.898], [92.646, 23.9], [92.656, 23.9], [92.662, 23.906], [92.661, 23.915], [92.653, 23.922], [92.644, 23.923], [92.643, 23.93], [92.625, 23.934], [92.622, 23.936], [92.627, 23.948], [92.626, 23.956], [92.621, 23.958], [92.621, 23.966], [92.626, 23.982], [92.63, 23.984], [92.632, 23.987], [92.63, 23.995], [92.633, 23.999], [92.625, 24.004], [92.622, 24.005], [92.619, 24.011], [92.623, 24.022], [92.629, 24.033], [92.635, 24.031], [92.627, 24.042], [92.623, 24.037], [92.617, 24.036], [92.616, 24.046], [92.611, 24.052], [92.604, 24.051], [92.598, 24.054], [92.593, 24.063], [92.586, 24.064], [92.588, 24.075], [92.583, 24.077], [92.573, 24.076], [92.576, 24.07], [92.575, 24.066], [92.571, 24.062], [92.574, 24.053], [92.57, 24.048], [92.566, 24.041], [92.558, 24.043], [92.563, 24.055], [92.558, 24.055], [92.558, 24.062], [92.551, 24.063], [92.55, 24.055], [92.55, 24.042], [92.545, 24.041], [92.539, 24.036], [92.535, 24.045], [92.536, 24.053], [92.538, 24.055], [92.536, 24.063], [92.537, 24.07], [92.54, 24.078], [92.536, 24.092], [92.541, 24.101], [92.537, 24.111], [92.544, 24.125], [92.537, 24.126], [92.54, 24.135], [92.546, 24.139], [92.545, 24.142], [92.538, 24.157], [92.528, 24.165], [92.529, 24.167], [92.535, 24.171], [92.537, 24.176], [92.531, 24.186], [92.537, 24.195], [92.536, 24.199], [92.53, 24.192], [92.523, 24.188], [92.518, 24.21], [92.526, 24.212], [92.529, 24.215], [92.529, 24.219], [92.515, 24.225], [92.514, 24.229], [92.515, 24.242], [92.514, 24.246], [92.508, 24.245], [92.497, 24.254], [92.497, 24.257], [92.508, 24.263], [92.507, 24.267], [92.499, 24.269], [92.502, 24.282], [92.514, 24.278], [92.516, 24.28], [92.517, 24.29], [92.519, 24.295], [92.525, 24.298], [92.527, 24.305], [92.534, 24.308], [92.536, 24.311], [92.54, 24.313], [92.542, 24.323], [92.54, 24.328], [92.541, 24.334], [92.539, 24.337], [92.532, 24.338], [92.531, 24.342], [92.547, 24.356], [92.544, 24.362], [92.554, 24.371], [92.551, 24.378], [92.553, 24.383], [92.562, 24.384], [92.563, 24.394], [92.569, 24.404], [92.569, 24.407], [92.562, 24.41], [92.566, 24.417], [92.56, 24.425], [92.559, 24.431], [92.548, 24.433], [92.55, 24.446], [92.553, 24.452], [92.561, 24.457], [92.569, 24.46], [92.561, 24.469], [92.565, 24.471], [92.571, 24.469], [92.573, 24.462], [92.576, 24.461], [92.581, 24.463], [92.582, 24.467], [92.577, 24.475], [92.578, 24.479], [92.577, 24.485], [92.581, 24.487], [92.575, 24.493], [92.581, 24.496], [92.58, 24.5], [92.571, 24.504], [92.571, 24.509], [92.576, 24.512], [92.575, 24.526], [92.581, 24.531], [92.585, 24.527], [92.59, 24.529], [92.591, 24.533], [92.585, 24.533], [92.582, 24.538], [92.593, 24.536], [92.593, 24.541], [92.589, 24.546], [92.598, 24.554], [92.589, 24.559], [92.591, 24.566], [92.588, 24.569], [92.582, 24.567], [92.58, 24.572], [92.575, 24.567], [92.568, 24.575], [92.564, 24.581], [92.564, 24.587], [92.554, 24.589], [92.547, 24.59], [92.546, 24.595], [92.549, 24.6], [92.542, 24.604], [92.548, 24.607], [92.549, 24.612], [92.544, 24.613], [92.543, 24.617], [92.539, 24.625], [92.538, 24.628], [92.532, 24.628], [92.529, 24.633], [92.543, 24.641], [92.537, 24.642], [92.536, 24.647], [92.543, 24.646], [92.545, 24.657], [92.553, 24.656], [92.554, 24.66], [92.559, 24.659], [92.56, 24.669], [92.557, 24.672], [92.563, 24.678], [92.559, 24.684], [92.549, 24.679], [92.547, 24.691], [92.552, 24.702], [92.546, 24.707], [92.548, 24.71], [92.553, 24.706], [92.556, 24.71], [92.558, 24.716], [92.563, 24.723], [92.558, 24.724], [92.557, 24.729], [92.565, 24.732], [92.565, 24.737], [92.575, 24.736], [92.577, 24.742], [92.581, 24.739], [92.586, 24.746], [92.581, 24.752], [92.582, 24.76], [92.586, 24.769], [92.588, 24.769], [92.593, 24.777], [92.589, 24.783], [92.598, 24.787], [92.602, 24.791], [92.597, 24.8], [92.591, 24.8], [92.592, 24.804], [92.582, 24.807], [92.586, 24.812], [92.584, 24.818], [92.58, 24.822], [92.597, 24.825], [92.594, 24.832], [92.597, 24.838], [92.59, 24.836], [92.588, 24.839], [92.591, 24.848], [92.597, 24.853], [92.607, 24.859], [92.61, 24.859], [92.612, 24.866]]}, "properties": {"rivname": "Dhaleswari", "ba_name": "Barak and Others"}}, {"type": "Feature", "geometry": {"type": "MultiLineString", "coordinates": [[[88.037, 24.645], [88.054, 24.641], [88.06, 24.633], [88.068, 24.625], [88.089, 24.609], [88.098, 24.602], [88.115, 24.598], [88.127, 24.589], [88.131, 24.577], [88.131, 24.573], [88.134, 24.566], [88.141, 24.561], [88.143, 24.556], [88.147, 24.566], [88.149, 24.58], [88.152, 24.585], [88.154, 24.603], [88.157, 24.619], [88.161, 24.627], [88.161, 24.634], [88.158, 24.64], [88.146, 24.645], [88.131, 24.646], [88.113, 24.645], [88.104, 24.642], [88.078, 24.642], [88.06, 24.646], [88.037, 24.645]], [[87.939, 24.93], [87.931, 24.923], [87.926, 24.903], [87.925, 24.889], [87.919, 24.873], [87.919, 24.858], [87.92, 24.846], [87.92, 24.831], [87.924, 24.816], [87.932, 24.797], [87.941, 24.787], [87.948, 24.776], [87.955, 24.76], [87.955, 24.735], [87.951, 24.724], [87.945, 24.711], [87.945, 24.703], [87.948, 24.697], [87.954, 24.693], [87.962, 24.683], [87.975, 24.664], [87.982, 24.655], [87.99, 24.649], [88.001, 24.647], [88.011, 24.646], [88.027, 24.645], [88.037, 24.645]], [[82.502, 25.173], [82.497, 25.178], [82.494, 25.187], [82.502, 25.199], [82.502, 25.204], [82.5, 25.21], [82.493, 25.214], [82.482, 25.218], [82.46, 25.222], [82.454, 25.222]], [[82.502, 25.173], [82.518, 25.165], [82.529, 25.164], [82.544, 25.159], [82.554, 25.156], [82.572, 25.155], [82.584, 25.16], [82.589, 25.164], [82.593, 25.171], [82.594, 25.18], [82.59, 25.185], [82.57, 25.195], [82.564, 25.201], [82.563, 25.21], [82.559, 25.217], [82.559, 25.224], [82.566, 25.225], [82.573, 25.227], [82.594, 25.231], [82.608, 25.232], [82.628, 25.232], [82.642, 25.228], [82.654, 25.222], [82.662, 25.209], [82.667, 25.205], [82.681, 25.198], [82.69, 25.191], [82.697, 25.184], [82.71, 25.174], [82.735, 25.157], [82.75, 25.141], [82.759, 25.136], [82.769, 25.133], [82.792, 25.124], [82.813, 25.116], [82.823, 25.113], [82.829, 25.113], [82.844, 25.116], [82.851, 25.116], [82.863, 25.118], [82.87, 25.121], [82.875, 25.133], [82.884, 25.143], [82.886, 25.149], [82.889, 25.167], [82.89, 25.172], [82.898, 25.18], [82.904, 25.192], [82.908, 25.197], [82.914, 25.202], [82.929, 25.208], [82.94, 25.21], [82.955, 25.212], [82.962, 25.211], [82.974, 25.207], [82.988, 25.206], [82.995, 25.204], [83.003, 25.204], [83.016, 25.215], [83.024, 25.227], [83.03, 25.24], [83.03, 25.248], [83.028, 25.256], [83.017, 25.278], [83.012, 25.286], [83.01, 25.293], [83.009, 25.302], [83.013, 25.309], [83.02, 25.317], [83.028, 25.322], [83.052, 25.33], [83.058, 25.331], [83.072, 25.33], [83.102, 25.33], [83.122, 25.328], [83.129, 25.324], [83.138, 25.321], [83.147, 25.325], [83.155, 25.332], [83.171, 25.351], [83.174, 25.366], [83.184, 25.386], [83.188, 25.399], [83.183, 25.414], [83.176, 25.422], [83.154, 25.431], [83.145, 25.439], [83.136, 25.442], [83.129, 25.449], [83.129, 25.458], [83.136, 25.47], [83.142, 25.476], [83.151, 25.482], [83.159, 25.486], [83.163, 25.489], [83.17, 25.503], [83.172, 25.508], [83.175, 25.514], [83.193, 25.536], [83.198, 25.537], [83.211, 25.534], [83.221, 25.531], [83.232, 25.528], [83.246, 25.522], [83.263, 25.516], [83.279, 25.508], [83.292, 25.499], [83.301, 25.492], [83.306, 25.489], [83.315, 25.481], [83.319, 25.468], [83.321, 25.465], [83.33, 25.462], [83.337, 25.464], [83.35, 25.473], [83.359, 25.481], [83.373, 25.489], [83.392, 25.496], [83.404, 25.495], [83.413, 25.485], [83.419, 25.479], [83.424, 25.472], [83.426, 25.466], [83.435, 25.458], [83.468, 25.434], [83.477, 25.424], [83.486, 25.419], [83.494, 25.413], [83.503, 25.407], [83.517, 25.401], [83.526, 25.395], [83.544, 25.395], [83.548, 25.396], [83.551, 25.402], [83.551, 25.412], [83.549, 25.42], [83.549, 25.428], [83.544, 25.436], [83.54, 25.439], [83.528, 25.445], [83.524, 25.451], [83.517, 25.463], [83.516, 25.473], [83.518, 25.478], [83.517, 25.483], [83.519, 25.488], [83.524, 25.495], [83.526, 25.503], [83.535, 25.517], [83.535, 25.527], [83.55, 25.543], [83.562, 25.552], [83.567, 25.56], [83.573, 25.563], [83.582, 25.573], [83.591, 25.576], [83.603, 25.586], [83.609, 25.589], [83.628, 25.594], [83.643, 25.602], [83.652, 25.609], [83.657, 25.616], [83.663, 25.618], [83.672, 25.618], [83.677, 25.615], [83.685, 25.608], [83.693, 25.603], [83.711, 25.599], [83.733, 25.598], [83.741, 25.594], [83.754, 25.584], [83.758, 25.576], [83.759, 25.572], [83.77, 25.558], [83.781, 25.546], [83.789, 25.532], [83.794, 25.52], [83.8, 25.513], [83.809, 25.508], [83.816, 25.508], [83.824, 25.509], [83.845, 25.514], [83.855, 25.52], [83.864, 25.521], [83.874, 25.519], [83.895, 25.521], [83.906, 25.527], [83.915, 25.549], [83.922, 25.556], [83.933, 25.561], [83.943, 25.562], [83.949, 25.564], [83.961, 25.57], [83.971, 25.578], [84.006, 25.601]], [[82.454, 25.222], [82.455, 25.214], [82.459, 25.207], [82.465, 25.185], [82.471, 25.176], [82.482, 25.174], [82.492, 25.174], [82.502, 25.173]], [[87.842, 25.083], [87.846, 25.077], [87.855, 25.072], [87.875, 25.062], [87.888, 25.057], [87.913, 25.048], [87.926, 25.041], [87.945, 25.028], [87.953, 25.018], [87.957, 25.004], [87.957, 24.995], [87.947, 24.973], [87.946, 24.965], [87.942, 24.948], [87.94, 24.932], [87.939, 24.93]], [[87.804, 25.162], [87.799, 25.139], [87.798, 25.117], [87.807, 25.096], [87.814, 25.089], [87.834, 25.082], [87.842, 25.083]], [[82.055, 25.349], [82.067, 25.344], [82.073, 25.338], [82.076, 25.331], [82.078, 25.323], [82.077, 25.316], [82.079, 25.311], [82.079, 25.295], [82.081, 25.287], [82.084, 25.282], [82.093, 25.276], [82.097, 25.273], [82.103, 25.273], [82.119, 25.28], [82.125, 25.286], [82.148, 25.306], [82.159, 25.315], [82.176, 25.315], [82.19, 25.313], [82.212, 25.3], [82.221, 25.287], [82.221, 25.269], [82.22, 25.264], [82.211, 25.249], [82.209, 25.244], [82.202, 25.238], [82.197, 25.228], [82.197, 25.201], [82.198, 25.194], [82.206, 25.186], [82.22, 25.178], [82.252, 25.177], [82.259, 25.18], [82.275, 25.183], [82.279, 25.185], [82.283, 25.191], [82.282, 25.198], [82.277, 25.203], [82.266, 25.205], [82.252, 25.21], [82.242, 25.211], [82.236, 25.213], [82.233, 25.217], [82.233, 25.224], [82.238, 25.233], [82.248, 25.237], [82.253, 25.248], [82.257, 25.258], [82.267, 25.264], [82.271, 25.27], [82.276, 25.273], [82.29, 25.273], [82.301, 25.27], [82.311, 25.261], [82.318, 25.246], [82.321, 25.239], [82.324, 25.224], [82.328, 25.214], [82.332, 25.209], [82.339, 25.208], [82.354, 25.208], [82.362, 25.212], [82.364, 25.217], [82.364, 25.23], [82.366, 25.237], [82.373, 25.247], [82.384, 25.257], [82.392, 25.26], [82.404, 25.259], [82.411, 25.252], [82.429, 25.242], [82.444, 25.235], [82.447, 25.232], [82.454, 25.222]], [[87.774, 25.188], [87.779, 25.12], [87.794, 25.08], [87.808, 25.071], [87.841, 25.057], [87.859, 25.051], [87.909, 25.013], [87.929, 24.967], [87.939, 24.93]], [[87.774, 25.188], [87.783, 25.18], [87.791, 25.169], [87.796, 25.163], [87.804, 25.162]], [[86.063, 25.271], [86.067, 25.267], [86.077, 25.267], [86.082, 25.267], [86.09, 25.269], [86.102, 25.275], [86.117, 25.276]], [[86.063, 25.271], [86.083, 25.28], [86.097, 25.282], [86.109, 25.278], [86.117, 25.276]], [[81.92, 25.38], [81.916, 25.373], [81.92, 25.366], [81.918, 25.362], [81.918, 25.354], [81.927, 25.34], [81.933, 25.336], [81.945, 25.332], [81.955, 25.326], [81.965, 25.322], [81.975, 25.321], [81.986, 25.321], [81.995, 25.323], [82.004, 25.327], [82.013, 25.329], [82.029, 25.334], [82.037, 25.338], [82.055, 25.349]], [[81.92, 25.38], [81.928, 25.38], [81.95, 25.369], [81.958, 25.364], [81.965, 25.358], [81.972, 25.354], [81.981, 25.352], [81.989, 25.352], [82.006, 25.361], [82.027, 25.361], [82.036, 25.357], [82.045, 25.351], [82.055, 25.349]], [[86.618, 25.255], [86.631, 25.249], [86.643, 25.247], [86.655, 25.243], [86.681, 25.244], [86.709, 25.25], [86.729, 25.256], [86.749, 25.264]], [[86.117, 25.276], [86.119, 25.277], [86.148, 25.283], [86.168, 25.293], [86.184, 25.31]], [[86.612, 25.259], [86.618, 25.255]], [[86.605, 25.264], [86.612, 25.259]], [[87.817, 25.207], [87.816, 25.196], [87.816, 25.178], [87.805, 25.168], [87.804, 25.162]], [[87.817, 25.207], [87.827, 25.205], [87.831, 25.205], [87.841, 25.2], [87.85, 25.198], [87.856, 25.198], [87.868, 25.201], [87.872, 25.201], [87.877, 25.198], [87.881, 25.192], [87.884, 25.184], [87.883, 25.167], [87.884, 25.162], [87.89, 25.151], [87.893, 25.133], [87.892, 25.122], [87.887, 25.113], [87.87, 25.104], [87.856, 25.099], [87.841, 25.091], [87.842, 25.083]], [[86.615, 25.269], [86.612, 25.264], [86.612, 25.259]], [[86.615, 25.269], [86.617, 25.266], [86.618, 25.255]], [[86.749, 25.264], [86.762, 25.269], [86.769, 25.275]], [[86.749, 25.264], [86.757, 25.255], [86.76, 25.254], [86.768, 25.253], [86.784, 25.256], [86.801, 25.26], [86.811, 25.264], [86.817, 25.264], [86.828, 25.266], [86.845, 25.276], [86.854, 25.288], [86.862, 25.296], [86.865, 25.297]], [[86.731, 25.271], [86.74, 25.272], [86.75, 25.276], [86.754, 25.276]], [[86.769, 25.275], [86.777, 25.279], [86.779, 25.286], [86.791, 25.298]], [[86.754, 25.276], [86.769, 25.275]], [[86.754, 25.276], [86.751, 25.28], [86.756, 25.284], [86.758, 25.288], [86.771, 25.302], [86.773, 25.305], [86.787, 25.316], [86.797, 25.319], [86.804, 25.325], [86.818, 25.331], [86.824, 25.332], [86.831, 25.33], [86.837, 25.337], [86.835, 25.341], [86.836, 25.346], [86.831, 25.351], [86.832, 25.356], [86.829, 25.364], [86.831, 25.38], [86.847, 25.389], [86.854, 25.39], [86.866, 25.395], [86.876, 25.395], [86.886, 25.393], [86.896, 25.388], [86.906, 25.38], [86.914, 25.371], [86.918, 25.362], [86.935, 25.347], [86.948, 25.342]], [[86.603, 25.288], [86.604, 25.275], [86.605, 25.264]], [[86.603, 25.288], [86.612, 25.284], [86.615, 25.277], [86.615, 25.269]], [[86.053, 25.311], [86.065, 25.31], [86.076, 25.311], [86.095, 25.316]], [[86.053, 25.311], [86.065, 25.315], [86.079, 25.323], [86.092, 25.336], [86.1, 25.346], [86.104, 25.35], [86.114, 25.352], [86.124, 25.352]], [[86.602, 25.29], [86.603, 25.288]], [[86.602, 25.29], [86.614, 25.294], [86.618, 25.298], [86.625, 25.296], [86.632, 25.292], [86.639, 25.285], [86.645, 25.275], [86.653, 25.268], [86.668, 25.263], [86.679, 25.262], [86.688, 25.264], [86.701, 25.263], [86.71, 25.265], [86.718, 25.268], [86.731, 25.271]], [[87.031, 25.274], [87.035, 25.266], [87.045, 25.263], [87.056, 25.262], [87.065, 25.26], [87.088, 25.264], [87.097, 25.267], [87.108, 25.273], [87.111, 25.277]], [[87.031, 25.274], [87.039, 25.279], [87.051, 25.282], [87.048, 25.29]], [[86.184, 25.31], [86.191, 25.312], [86.209, 25.311], [86.211, 25.311]], [[86.184, 25.31], [86.189, 25.316], [86.202, 25.317], [86.221, 25.324], [86.225, 25.327]], [[87.19, 25.268], [87.193, 25.263], [87.2, 25.259], [87.211, 25.259], [87.221, 25.265], [87.232, 25.272], [87.244, 25.283], [87.254, 25.298], [87.256, 25.304], [87.259, 25.316], [87.258, 25.322]], [[86.211, 25.311], [86.213, 25.306], [86.217, 25.304], [86.223, 25.305], [86.225, 25.309], [86.235, 25.311], [86.242, 25.309], [86.247, 25.309], [86.252, 25.312], [86.271, 25.31], [86.29, 25.308], [86.295, 25.306], [86.31, 25.304], [86.32, 25.303], [86.33, 25.299], [86.341, 25.299], [86.351, 25.309]], [[86.211, 25.311], [86.225, 25.318], [86.227, 25.327]], [[86.095, 25.316], [86.119, 25.31], [86.127, 25.309], [86.133, 25.312], [86.155, 25.326], [86.16, 25.327], [86.177, 25.327], [86.186, 25.332]], [[86.095, 25.316], [86.11, 25.319], [86.118, 25.325], [86.125, 25.338], [86.128, 25.34], [86.139, 25.339], [86.145, 25.341]], [[86.351, 25.309], [86.362, 25.307], [86.375, 25.311], [86.378, 25.31]], [[87.111, 25.277], [87.117, 25.275], [87.124, 25.275], [87.129, 25.277], [87.131, 25.28], [87.143, 25.283], [87.151, 25.284], [87.157, 25.282], [87.159, 25.273], [87.164, 25.27], [87.181, 25.267], [87.19, 25.268]], [[87.111, 25.277], [87.123, 25.291]], [[86.378, 25.31], [86.397, 25.32], [86.404, 25.326]], [[86.378, 25.31], [86.387, 25.307], [86.409, 25.307], [86.417, 25.309], [86.429, 25.313], [86.444, 25.321], [86.453, 25.33], [86.46, 25.345], [86.462, 25.352], [86.464, 25.364], [86.463, 25.371], [86.461, 25.376]], [[86.026, 25.325], [86.026, 25.316], [86.028, 25.296], [86.031, 25.287], [86.037, 25.274], [86.043, 25.268], [86.049, 25.267], [86.063, 25.271]], [[86.026, 25.325], [86.03, 25.318], [86.037, 25.314], [86.045, 25.311], [86.053, 25.311]], [[86.328, 25.317], [86.342, 25.311], [86.351, 25.309]], [[86.328, 25.317], [86.339, 25.32], [86.351, 25.322], [86.365, 25.32], [86.37, 25.321], [86.386, 25.329], [86.404, 25.326]], [[86.791, 25.298], [86.805, 25.29], [86.817, 25.286], [86.83, 25.291], [86.839, 25.296], [86.847, 25.298], [86.857, 25.299], [86.865, 25.297]], [[86.791, 25.298], [86.802, 25.304], [86.818, 25.313], [86.84, 25.315], [86.847, 25.314], [86.855, 25.307], [86.86, 25.305]], [[86.865, 25.297], [86.872, 25.298]], [[86.59, 25.309], [86.6, 25.299], [86.602, 25.29]], [[86.872, 25.298], [86.885, 25.299], [86.89, 25.301]], [[87.048, 25.29], [87.05, 25.293], [87.056, 25.296], [87.057, 25.304], [87.08, 25.301], [87.084, 25.3], [87.094, 25.294], [87.1, 25.292], [87.123, 25.291]], [[86.225, 25.327], [86.227, 25.327]], [[86.227, 25.327], [86.232, 25.327], [86.245, 25.33], [86.254, 25.333], [86.264, 25.339], [86.267, 25.34]], [[87.713, 25.261], [87.708, 25.26], [87.697, 25.25], [87.689, 25.245], [87.682, 25.244], [87.666, 25.249], [87.65, 25.25], [87.646, 25.249], [87.631, 25.252], [87.622, 25.256], [87.614, 25.262], [87.594, 25.268], [87.589, 25.272], [87.581, 25.278]], [[87.713, 25.261], [87.722, 25.263], [87.738, 25.269], [87.753, 25.276], [87.768, 25.277], [87.78, 25.274]], [[86.89, 25.301], [86.905, 25.304], [86.911, 25.303]], [[87.123, 25.291], [87.134, 25.309], [87.138, 25.312], [87.148, 25.316], [87.165, 25.314]], [[86.186, 25.332], [86.207, 25.332], [86.222, 25.327], [86.225, 25.327]], [[86.885, 25.303], [86.89, 25.301]], [[86.885, 25.303], [86.893, 25.31], [86.899, 25.314], [86.911, 25.313], [86.923, 25.307], [86.926, 25.304]], [[86.86, 25.305], [86.872, 25.298]], [[86.86, 25.305], [86.881, 25.304], [86.885, 25.303]], [[86.911, 25.303], [86.909, 25.3], [86.899, 25.295], [86.921, 25.282], [86.938, 25.269], [86.957, 25.262], [86.981, 25.259], [87.015, 25.273], [87.031, 25.274]], [[86.911, 25.303], [86.926, 25.304]], [[86.404, 25.326], [86.411, 25.327], [86.418, 25.331], [86.437, 25.339], [86.443, 25.342], [86.455, 25.358], [86.461, 25.371], [86.461, 25.376]], [[86.926, 25.304], [86.942, 25.309], [86.953, 25.317], [86.961, 25.324]], [[86.57, 25.322], [86.58, 25.296], [86.584, 25.282], [86.592, 25.272], [86.599, 25.267], [86.605, 25.264]], [[86.57, 25.322], [86.576, 25.318], [86.59, 25.309]], [[86.149, 25.34], [86.166, 25.332], [86.186, 25.332]], [[86.149, 25.34], [86.171, 25.351], [86.173, 25.353]], [[86.283, 25.335], [86.297, 25.327], [86.313, 25.317], [86.318, 25.316], [86.328, 25.317]], [[86.283, 25.335], [86.28, 25.344], [86.283, 25.346], [86.289, 25.347], [86.294, 25.363], [86.299, 25.369], [86.308, 25.369], [86.316, 25.363], [86.321, 25.356], [86.334, 25.344], [86.339, 25.34], [86.343, 25.336], [86.35, 25.334], [86.361, 25.336], [86.375, 25.353], [86.396, 25.37], [86.408, 25.377], [86.415, 25.394], [86.421, 25.402], [86.428, 25.407], [86.44, 25.411], [86.454, 25.412], [86.466, 25.412]], [[86.145, 25.341], [86.149, 25.34]], [[87.581, 25.278], [87.571, 25.279], [87.562, 25.279], [87.555, 25.282], [87.537, 25.285], [87.526, 25.285], [87.518, 25.284], [87.506, 25.286], [87.496, 25.286], [87.483, 25.283], [87.477, 25.28], [87.471, 25.285], [87.462, 25.293], [87.459, 25.302], [87.452, 25.315], [87.446, 25.32], [87.429, 25.327], [87.424, 25.328], [87.415, 25.336], [87.409, 25.346], [87.412, 25.352], [87.416, 25.356], [87.418, 25.363], [87.415, 25.368], [87.414, 25.373], [87.405, 25.385], [87.413, 25.391], [87.416, 25.396]], [[87.581, 25.278], [87.579, 25.281], [87.577, 25.291], [87.574, 25.293], [87.564, 25.297], [87.556, 25.301], [87.542, 25.307], [87.532, 25.313], [87.528, 25.318], [87.521, 25.332], [87.519, 25.343], [87.513, 25.35], [87.508, 25.357], [87.498, 25.363], [87.479, 25.364], [87.469, 25.367], [87.454, 25.377], [87.454, 25.386], [87.458, 25.394], [87.467, 25.399], [87.47, 25.407]], [[87.027, 25.304], [87.023, 25.299], [87.039, 25.292], [87.048, 25.29]], [[87.027, 25.304], [87.038, 25.314], [87.049, 25.321], [87.067, 25.339], [87.072, 25.349], [87.081, 25.356], [87.089, 25.36]], [[87.011, 25.306], [87.013, 25.304], [87.031, 25.274]], [[87.011, 25.306], [87.027, 25.304]], [[86.267, 25.34], [86.275, 25.339], [86.283, 25.335]], [[87.78, 25.274], [87.777, 25.269], [87.766, 25.264], [87.766, 25.253], [87.764, 25.25], [87.768, 25.242], [87.775, 25.236], [87.774, 25.227], [87.768, 25.215], [87.765, 25.204], [87.769, 25.198], [87.774, 25.188]], [[87.78, 25.274], [87.808, 25.265], [87.816, 25.258], [87.823, 25.247], [87.825, 25.235], [87.824, 25.226], [87.822, 25.215], [87.817, 25.211], [87.817, 25.207]], [[86.124, 25.352], [86.13, 25.35], [86.139, 25.344], [86.145, 25.341]], [[86.124, 25.352], [86.128, 25.359], [86.134, 25.363], [86.141, 25.363], [86.15, 25.357], [86.159, 25.357], [86.173, 25.353]], [[86.173, 25.353], [86.185, 25.353], [86.197, 25.35], [86.204, 25.35], [86.215, 25.347], [86.218, 25.342], [86.223, 25.34], [86.238, 25.338], [86.253, 25.341], [86.26, 25.342], [86.267, 25.34]], [[87.165, 25.314], [87.17, 25.311], [87.181, 25.3], [87.185, 25.291], [87.187, 25.28], [87.188, 25.271], [87.19, 25.268]], [[86.961, 25.324], [86.969, 25.327], [86.977, 25.327], [86.984, 25.326]], [[86.961, 25.324], [86.967, 25.333]], [[86.584, 25.343], [86.589, 25.333], [86.591, 25.324], [86.591, 25.316], [86.59, 25.309]], [[86.984, 25.326], [86.991, 25.325], [86.996, 25.322], [87.007, 25.31], [87.011, 25.306]], [[86.577, 25.348], [86.576, 25.34], [86.575, 25.335], [86.569, 25.327], [86.57, 25.322]], [[86.577, 25.348], [86.584, 25.343]], [[86.967, 25.333], [86.974, 25.335], [86.98, 25.332], [86.984, 25.326]], [[85.999, 25.375], [86.009, 25.366], [86.021, 25.349], [86.022, 25.335], [86.026, 25.325]], [[87.258, 25.322], [87.254, 25.334]], [[87.258, 25.322], [87.254, 25.334]], [[86.948, 25.342], [86.964, 25.335], [86.967, 25.333]], [[86.948, 25.342], [86.952, 25.345], [86.961, 25.345], [86.971, 25.346], [86.996, 25.354], [87.013, 25.355], [87.036, 25.359], [87.047, 25.364], [87.055, 25.366], [87.067, 25.364], [87.082, 25.363], [87.089, 25.36]], [[87.254, 25.334], [87.253, 25.343]], [[81.735, 25.497], [81.73, 25.499], [81.72, 25.499], [81.716, 25.502], [81.711, 25.509], [81.709, 25.515], [81.703, 25.516], [81.681, 25.516], [81.672, 25.52], [81.666, 25.52], [81.643, 25.527], [81.64, 25.535], [81.65, 25.551], [81.651, 25.556], [81.651, 25.569], [81.649, 25.576], [81.638, 25.589], [81.631, 25.594], [81.626, 25.595], [81.61, 25.594], [81.602, 25.592], [81.595, 25.588], [81.588, 25.583], [81.571, 25.572], [81.562, 25.571], [81.556, 25.573], [81.554, 25.578], [81.549, 25.582], [81.541, 25.601], [81.537, 25.606], [81.535, 25.611], [81.53, 25.616], [81.519, 25.622], [81.514, 25.623], [81.499, 25.622], [81.492, 25.624], [81.484, 25.624], [81.476, 25.617], [81.467, 25.612], [81.456, 25.61], [81.449, 25.613], [81.444, 25.623], [81.44, 25.628], [81.442, 25.637], [81.441, 25.642], [81.435, 25.649], [81.436, 25.661], [81.432, 25.665], [81.423, 25.671], [81.413, 25.673], [81.406, 25.673], [81.399, 25.675], [81.39, 25.683], [81.377, 25.691], [81.371, 25.696], [81.369, 25.706], [81.374, 25.715], [81.378, 25.717], [81.382, 25.723], [81.395, 25.734], [81.4, 25.741], [81.402, 25.751], [81.402, 25.76], [81.396, 25.767], [81.391, 25.771], [81.379, 25.774], [81.37, 25.773], [81.362, 25.773], [81.354, 25.78], [81.35, 25.79], [81.35, 25.802], [81.348, 25.808], [81.344, 25.81], [81.331, 25.814], [81.299, 25.826], [81.293, 25.826], [81.286, 25.833], [81.268, 25.841], [81.266, 25.847], [81.261, 25.852], [81.253, 25.855], [81.235, 25.857], [81.225, 25.861], [81.217, 25.868], [81.214, 25.878], [81.215, 25.884], [81.217, 25.888], [81.216, 25.907], [81.216, 25.915], [81.212, 25.927], [81.212, 25.94], [81.208, 25.945], [81.199, 25.947], [81.166, 25.959], [81.156, 25.962], [81.146, 25.966], [81.133, 25.967], [81.123, 25.968], [81.106, 25.974], [81.104, 25.976], [81.096, 25.992], [81.089, 26], [81.08, 26.007], [81.066, 26.014], [81.058, 26.013], [81.054, 26.017], [81.046, 26.033], [81.035, 26.05], [81.031, 26.054], [81.027, 26.063], [81.017, 26.074], [81.005, 26.076], [80.998, 26.075], [80.988, 26.07], [80.967, 26.061], [80.963, 26.057], [80.953, 26.055], [80.94, 26.055], [80.926, 26.058], [80.919, 26.055], [80.91, 26.054], [80.901, 26.056], [80.876, 26.057], [80.869, 26.054], [80.858, 26.043], [80.853, 26.034], [80.846, 26.025], [80.841, 26.022], [80.83, 26.019], [80.82, 26.021], [80.809, 26.029], [80.806, 26.033], [80.805, 26.038], [80.796, 26.046], [80.791, 26.048], [80.78, 26.06], [80.769, 26.069], [80.763, 26.072], [80.756, 26.078], [80.736, 26.077], [80.717, 26.078]], [[81.837, 25.498], [81.829, 25.493], [81.824, 25.492], [81.806, 25.49], [81.802, 25.487], [81.791, 25.472], [81.778, 25.468], [81.77, 25.467], [81.759, 25.467], [81.748, 25.468], [81.744, 25.471], [81.738, 25.483], [81.738, 25.491], [81.735, 25.497]], [[81.837, 25.498], [81.831, 25.5], [81.808, 25.504], [81.795, 25.502], [81.787, 25.497], [81.782, 25.49], [81.775, 25.485], [81.764, 25.48], [81.756, 25.48], [81.751, 25.482], [81.74, 25.494], [81.735, 25.497]], [[81.837, 25.498], [81.851, 25.503], [81.864, 25.506], [81.877, 25.505], [81.887, 25.498], [81.891, 25.493], [81.894, 25.484], [81.892, 25.468], [81.886, 25.459], [81.886, 25.452], [81.892, 25.44], [81.891, 25.43], [81.888, 25.423], [81.891, 25.414], [81.897, 25.406], [81.904, 25.401], [81.909, 25.401], [81.912, 25.398], [81.919, 25.384], [81.92, 25.38]], [[86.461, 25.376], [86.455, 25.389], [86.459, 25.398], [86.468, 25.41], [86.471, 25.412]], [[86.563, 25.373], [86.569, 25.366], [86.577, 25.348]], [[87.253, 25.343], [87.256, 25.356], [87.257, 25.365], [87.262, 25.377], [87.253, 25.404], [87.254, 25.412], [87.26, 25.421], [87.268, 25.428], [87.288, 25.442], [87.294, 25.441], [87.304, 25.441], [87.322, 25.45], [87.335, 25.454], [87.343, 25.454], [87.362, 25.454], [87.377, 25.457], [87.383, 25.458], [87.393, 25.458], [87.405, 25.453], [87.414, 25.441], [87.419, 25.432], [87.432, 25.425], [87.438, 25.416], [87.444, 25.413], [87.467, 25.408]], [[85.932, 25.402], [85.939, 25.401], [85.952, 25.398], [85.972, 25.39], [85.978, 25.385], [85.99, 25.377], [85.999, 25.375]], [[85.973, 25.403], [85.979, 25.396], [85.991, 25.391], [85.999, 25.375]], [[87.089, 25.36], [87.094, 25.361], [87.102, 25.36], [87.128, 25.346], [87.131, 25.343], [87.15, 25.335], [87.162, 25.326], [87.165, 25.314]], [[86.544, 25.385], [86.563, 25.373]], [[87.409, 25.347], [87.403, 25.347], [87.392, 25.353], [87.383, 25.352], [87.381, 25.35], [87.381, 25.344], [87.386, 25.339], [87.385, 25.334], [87.382, 25.328], [87.376, 25.328], [87.373, 25.332], [87.375, 25.347], [87.374, 25.352], [87.368, 25.359], [87.347, 25.366], [87.341, 25.365], [87.338, 25.361], [87.334, 25.36], [87.315, 25.365]], [[86.594, 25.392], [86.59, 25.385], [86.58, 25.373], [86.578, 25.366], [86.579, 25.357], [86.584, 25.343]], [[86.594, 25.392], [86.602, 25.39], [86.606, 25.387], [86.608, 25.381], [86.609, 25.369], [86.605, 25.358], [86.601, 25.356], [86.6, 25.351], [86.601, 25.345], [86.607, 25.338], [86.622, 25.336], [86.625, 25.332], [86.635, 25.329], [86.637, 25.321], [86.642, 25.322], [86.653, 25.32], [86.658, 25.323], [86.665, 25.324], [86.677, 25.323], [86.692, 25.319], [86.698, 25.313], [86.704, 25.306], [86.709, 25.295], [86.711, 25.286], [86.718, 25.279], [86.725, 25.273], [86.731, 25.271]], [[86.517, 25.396], [86.523, 25.391], [86.538, 25.383], [86.544, 25.385]], [[86.517, 25.396], [86.525, 25.401], [86.527, 25.4], [86.54, 25.39], [86.544, 25.385]], [[87.315, 25.365], [87.3, 25.362], [87.295, 25.357], [87.289, 25.353], [87.272, 25.35], [87.261, 25.344], [87.253, 25.343]], [[86.471, 25.412], [86.493, 25.405], [86.51, 25.396], [86.517, 25.396]], [[86.466, 25.412], [86.471, 25.412]], [[86.466, 25.412], [86.474, 25.423], [86.482, 25.43], [86.483, 25.434], [86.5, 25.451], [86.515, 25.46], [86.522, 25.467], [86.537, 25.477], [86.549, 25.483], [86.554, 25.485], [86.562, 25.485], [86.576, 25.483], [86.582, 25.48], [86.589, 25.475], [86.596, 25.468], [86.606, 25.449], [86.608, 25.43], [86.606, 25.419], [86.6, 25.406]], [[86.6, 25.406], [86.583, 25.396], [86.574, 25.39], [86.563, 25.373]], [[86.6, 25.406], [86.599, 25.402], [86.594, 25.392]], [[85.9, 25.444], [85.899, 25.439], [85.899, 25.427], [85.902, 25.418], [85.904, 25.415], [85.924, 25.407], [85.932, 25.402]], [[85.9, 25.444], [85.908, 25.44], [85.915, 25.433], [85.924, 25.43], [85.929, 25.426], [85.937, 25.422], [85.942, 25.418], [85.953, 25.415], [85.969, 25.404], [85.973, 25.403]], [[85.9, 25.444], [85.9, 25.445], [85.888, 25.45], [85.881, 25.457], [85.882, 25.463], [85.877, 25.472], [85.89, 25.47], [85.898, 25.467], [85.909, 25.468]], [[85.545, 25.464], [85.557, 25.461], [85.58, 25.465], [85.595, 25.464], [85.602, 25.463], [85.621, 25.464], [85.629, 25.467]], [[85.545, 25.464], [85.555, 25.472], [85.56, 25.482]], [[85.529, 25.465], [85.54, 25.463], [85.545, 25.464]], [[85.629, 25.467], [85.637, 25.466], [85.654, 25.462], [85.669, 25.463], [85.683, 25.467], [85.692, 25.467], [85.7, 25.473], [85.711, 25.494]], [[87.416, 25.396], [87.402, 25.395], [87.398, 25.396], [87.385, 25.403], [87.372, 25.404], [87.366, 25.403], [87.349, 25.388], [87.338, 25.376], [87.321, 25.367], [87.315, 25.365]], [[85.909, 25.468], [85.914, 25.456], [85.92, 25.45], [85.931, 25.442], [85.942, 25.433], [85.964, 25.422], [85.971, 25.412], [85.973, 25.403]], [[85.56, 25.482], [85.564, 25.48], [85.587, 25.476], [85.596, 25.476], [85.604, 25.474], [85.613, 25.474], [85.62, 25.472], [85.623, 25.469], [85.629, 25.467]], [[85.56, 25.482], [85.565, 25.493]], [[85.47, 25.488], [85.471, 25.483], [85.482, 25.481], [85.492, 25.478], [85.506, 25.474], [85.51, 25.475], [85.522, 25.466], [85.529, 25.465]], [[85.47, 25.488], [85.482, 25.487], [85.492, 25.493], [85.509, 25.494], [85.517, 25.491], [85.522, 25.487], [85.528, 25.48], [85.529, 25.465]], [[87.47, 25.407], [87.487, 25.4], [87.499, 25.391], [87.51, 25.389], [87.516, 25.39], [87.521, 25.394], [87.532, 25.393], [87.558, 25.388], [87.582, 25.382], [87.592, 25.381], [87.598, 25.378], [87.607, 25.361], [87.61, 25.349], [87.61, 25.342], [87.614, 25.332], [87.619, 25.324], [87.628, 25.307], [87.64, 25.279], [87.657, 25.263], [87.672, 25.258], [87.689, 25.257], [87.702, 25.261], [87.713, 25.261]], [[87.467, 25.408], [87.457, 25.403], [87.441, 25.402], [87.424, 25.398], [87.416, 25.396]], [[87.467, 25.408], [87.47, 25.407]], [[85.627, 25.486], [85.642, 25.484], [85.65, 25.485]], [[85.65, 25.485], [85.656, 25.48], [85.667, 25.476], [85.677, 25.476], [85.696, 25.481], [85.704, 25.489]], [[85.65, 25.485], [85.661, 25.491], [85.664, 25.495]], [[85.565, 25.493], [85.568, 25.501], [85.577, 25.505]], [[85.704, 25.489], [85.711, 25.494]], [[85.599, 25.496], [85.599, 25.493], [85.606, 25.49], [85.615, 25.487], [85.627, 25.486]], [[85.664, 25.495], [85.67, 25.496], [85.677, 25.499], [85.69, 25.502], [85.696, 25.497], [85.699, 25.492], [85.704, 25.489]], [[85.664, 25.495], [85.667, 25.507], [85.673, 25.511], [85.68, 25.513]], [[85.711, 25.494], [85.73, 25.507], [85.737, 25.511]], [[85.502, 25.505], [85.506, 25.502], [85.531, 25.492], [85.537, 25.485], [85.555, 25.486], [85.563, 25.496], [85.565, 25.493]], [[85.355, 25.511], [85.39, 25.513], [85.393, 25.514], [85.413, 25.513], [85.424, 25.513]], [[85.355, 25.511], [85.362, 25.515], [85.367, 25.517], [85.381, 25.524], [85.386, 25.525], [85.408, 25.525], [85.414, 25.524], [85.42, 25.52], [85.424, 25.513]], [[85.598, 25.503], [85.599, 25.496]], [[85.598, 25.503], [85.612, 25.503], [85.616, 25.501], [85.619, 25.494], [85.627, 25.486]], [[85.577, 25.505], [85.585, 25.507], [85.593, 25.503], [85.599, 25.496]], [[85.424, 25.513], [85.429, 25.508], [85.438, 25.494], [85.444, 25.49], [85.47, 25.488]], [[85.3, 25.52], [85.305, 25.514], [85.319, 25.511], [85.353, 25.51], [85.355, 25.511]], [[85.779, 25.508], [85.794, 25.506], [85.802, 25.502], [85.819, 25.491], [85.834, 25.485], [85.851, 25.469], [85.861, 25.457], [85.866, 25.448], [85.87, 25.437], [85.882, 25.42], [85.888, 25.415], [85.9, 25.408], [85.932, 25.402]], [[85.779, 25.508], [85.786, 25.511], [85.792, 25.52]], [[85.886, 25.505], [85.891, 25.503], [85.899, 25.506]], [[85.737, 25.511], [85.745, 25.511], [85.762, 25.513]], [[85.68, 25.513], [85.69, 25.513], [85.715, 25.515], [85.733, 25.511], [85.737, 25.511]], [[85.68, 25.513], [85.682, 25.516], [85.688, 25.519], [85.694, 25.524], [85.707, 25.529], [85.716, 25.531], [85.718, 25.534], [85.716, 25.543], [85.719, 25.545], [85.73, 25.545], [85.738, 25.548], [85.744, 25.552], [85.749, 25.553], [85.768, 25.553], [85.783, 25.555], [85.792, 25.554], [85.799, 25.551], [85.804, 25.545], [85.806, 25.539], [85.814, 25.529]], [[85.592, 25.517], [85.598, 25.503]], [[85.899, 25.506], [85.906, 25.499], [85.909, 25.495], [85.909, 25.49], [85.908, 25.477], [85.909, 25.468]], [[85.762, 25.513], [85.775, 25.508], [85.779, 25.508]], [[85.762, 25.513], [85.768, 25.514]], [[85.883, 25.51], [85.886, 25.505]], [[85.883, 25.51], [85.891, 25.513]], [[85.768, 25.514], [85.772, 25.514], [85.792, 25.52]], [[85.768, 25.514], [85.776, 25.522], [85.784, 25.524], [85.79, 25.523], [85.795, 25.526], [85.814, 25.529]], [[85.891, 25.513], [85.899, 25.506]], [[85.291, 25.535], [85.293, 25.526], [85.3, 25.52]], [[85.291, 25.535], [85.295, 25.533], [85.299, 25.526], [85.3, 25.52]], [[85.792, 25.52], [85.795, 25.52], [85.805, 25.518], [85.814, 25.521]], [[85.861, 25.517], [85.864, 25.512], [85.869, 25.508], [85.868, 25.504], [85.875, 25.503], [85.886, 25.505]], [[85.861, 25.517], [85.871, 25.517]], [[85.871, 25.517], [85.878, 25.511], [85.883, 25.51]], [[85.871, 25.517], [85.882, 25.517], [85.891, 25.513]], [[85.49, 25.532], [85.49, 25.519], [85.499, 25.507], [85.502, 25.505]], [[85.49, 25.532], [85.497, 25.525], [85.499, 25.521], [85.499, 25.513], [85.502, 25.505]], [[85.814, 25.521], [85.825, 25.513], [85.833, 25.513], [85.837, 25.514], [85.845, 25.522]], [[85.814, 25.521], [85.823, 25.528]], [[85.845, 25.522], [85.861, 25.517]], [[85.823, 25.528], [85.83, 25.529], [85.835, 25.528], [85.845, 25.522]], [[85.814, 25.529], [85.823, 25.528]], [[85.581, 25.54], [85.583, 25.529], [85.589, 25.521], [85.592, 25.517]], [[85.581, 25.54], [85.59, 25.532], [85.594, 25.527], [85.592, 25.517]], [[84.006, 25.601], [84.012, 25.606], [84.021, 25.61], [84.032, 25.617], [84.048, 25.623], [84.054, 25.627], [84.068, 25.64], [84.075, 25.644], [84.081, 25.652], [84.083, 25.663], [84.081, 25.672], [84.08, 25.687], [84.08, 25.691]], [[84.006, 25.601], [84.004, 25.61], [84.006, 25.613], [84.012, 25.617], [84.02, 25.627], [84.024, 25.636], [84.027, 25.643], [84.036, 25.665], [84.036, 25.673], [84.04, 25.686], [84.043, 25.692], [84.049, 25.698], [84.066, 25.696], [84.073, 25.692], [84.08, 25.691]], [[85.27, 25.566], [85.278, 25.551], [85.285, 25.544], [85.291, 25.535]], [[85.271, 25.571], [85.27, 25.566]], [[85.271, 25.571], [85.283, 25.571], [85.287, 25.566], [85.285, 25.563], [85.292, 25.56], [85.3, 25.559], [85.312, 25.563], [85.32, 25.567], [85.323, 25.576], [85.342, 25.584], [85.347, 25.584], [85.367, 25.594], [85.373, 25.596], [85.384, 25.589], [85.404, 25.581], [85.411, 25.58], [85.42, 25.575], [85.427, 25.565], [85.433, 25.562], [85.442, 25.563], [85.459, 25.568]], [[85.459, 25.568], [85.478, 25.565], [85.481, 25.563], [85.483, 25.556], [85.483, 25.542], [85.49, 25.532]], [[85.459, 25.568], [85.465, 25.572], [85.469, 25.58], [85.474, 25.585], [85.487, 25.586], [85.491, 25.585], [85.496, 25.579]], [[85.496, 25.579], [85.496, 25.573], [85.491, 25.566], [85.49, 25.552], [85.492, 25.549], [85.499, 25.548], [85.505, 25.555], [85.512, 25.557], [85.514, 25.555], [85.514, 25.549], [85.52, 25.542], [85.528, 25.535], [85.548, 25.523], [85.561, 25.512], [85.577, 25.505]], [[85.496, 25.579], [85.505, 25.574], [85.513, 25.573], [85.526, 25.573], [85.536, 25.577], [85.543, 25.578], [85.559, 25.573], [85.566, 25.569], [85.571, 25.555], [85.581, 25.54]], [[85.258, 25.592], [85.27, 25.58], [85.271, 25.571]], [[85.258, 25.592], [85.267, 25.591], [85.269, 25.594], [85.277, 25.596], [85.295, 25.597], [85.304, 25.587], [85.311, 25.584], [85.317, 25.584], [85.331, 25.588], [85.342, 25.59], [85.363, 25.596], [85.37, 25.596], [85.366, 25.602], [85.35, 25.612], [85.335, 25.623], [85.324, 25.629]], [[85.256, 25.593], [85.256, 25.587], [85.261, 25.575], [85.27, 25.566]], [[85.256, 25.593], [85.258, 25.592]], [[85.237, 25.608], [85.243, 25.601], [85.249, 25.599], [85.256, 25.593]], [[85.237, 25.608], [85.253, 25.612], [85.27, 25.613], [85.284, 25.621], [85.289, 25.623], [85.306, 25.624], [85.318, 25.63], [85.324, 25.629]], [[85.211, 25.613], [85.224, 25.607], [85.237, 25.608]], [[85.211, 25.613], [85.224, 25.618], [85.235, 25.62], [85.25, 25.624], [85.257, 25.629], [85.264, 25.635], [85.271, 25.645], [85.277, 25.649], [85.282, 25.649], [85.289, 25.641], [85.296, 25.639], [85.304, 25.638], [85.317, 25.635], [85.324, 25.631], [85.324, 25.629]], [[85.056, 25.645], [85.069, 25.651]], [[85.069, 25.651], [85.083, 25.651], [85.096, 25.65], [85.103, 25.645], [85.117, 25.633], [85.122, 25.629], [85.133, 25.624], [85.143, 25.623], [85.149, 25.625], [85.151, 25.623], [85.164, 25.623], [85.192, 25.62], [85.211, 25.613]], [[85.069, 25.651], [85.081, 25.656], [85.089, 25.661], [85.099, 25.666], [85.116, 25.671], [85.13, 25.671]], [[84.08, 25.691], [84.081, 25.698], [84.089, 25.709]], [[84.977, 25.669], [84.981, 25.663], [84.982, 25.657], [84.989, 25.653], [85.001, 25.644], [85.009, 25.641], [85.022, 25.64], [85.04, 25.639], [85.051, 25.643], [85.056, 25.645]], [[84.977, 25.669], [84.986, 25.668], [85.024, 25.673], [85.037, 25.67], [85.043, 25.663], [85.05, 25.647], [85.056, 25.645]], [[84.899, 25.673], [84.905, 25.669], [84.92, 25.666], [84.931, 25.666], [84.947, 25.666], [84.967, 25.669], [84.977, 25.669]], [[85.13, 25.671], [85.144, 25.667], [85.146, 25.665], [85.158, 25.659], [85.167, 25.652], [85.181, 25.646], [85.194, 25.641], [85.204, 25.628], [85.208, 25.617], [85.211, 25.613]], [[84.273, 25.704], [84.28, 25.702], [84.301, 25.703], [84.319, 25.706], [84.332, 25.713], [84.345, 25.718], [84.353, 25.725], [84.358, 25.734], [84.361, 25.738], [84.366, 25.748], [84.374, 25.772], [84.377, 25.774], [84.384, 25.775], [84.394, 25.774], [84.4, 25.771], [84.404, 25.763], [84.405, 25.759], [84.413, 25.743], [84.416, 25.734], [84.418, 25.73], [84.427, 25.722], [84.441, 25.715], [84.453, 25.714], [84.465, 25.709], [84.483, 25.697], [84.491, 25.688], [84.492, 25.682], [84.497, 25.676], [84.503, 25.673], [84.509, 25.667], [84.516, 25.662], [84.53, 25.66], [84.544, 25.66], [84.555, 25.666], [84.594, 25.698], [84.628, 25.737], [84.635, 25.742], [84.646, 25.747], [84.653, 25.748], [84.658, 25.745], [84.659, 25.741], [84.663, 25.739]], [[84.089, 25.709], [84.114, 25.712], [84.122, 25.716], [84.137, 25.725], [84.145, 25.725], [84.157, 25.719], [84.162, 25.713], [84.168, 25.712], [84.183, 25.711], [84.189, 25.713], [84.198, 25.718], [84.206, 25.717], [84.208, 25.719]], [[84.089, 25.709], [84.104, 25.72], [84.116, 25.728], [84.128, 25.731], [84.146, 25.731], [84.159, 25.729], [84.17, 25.725], [84.187, 25.724], [84.202, 25.719], [84.208, 25.719]], [[84.208, 25.719], [84.217, 25.716], [84.224, 25.711], [84.233, 25.7], [84.241, 25.696], [84.247, 25.696], [84.256, 25.697], [84.273, 25.704]], [[84.137, 25.733], [84.14, 25.737], [84.152, 25.742], [84.152, 25.748], [84.156, 25.752], [84.168, 25.752], [84.177, 25.754], [84.184, 25.753], [84.197, 25.749], [84.213, 25.745], [84.223, 25.74], [84.229, 25.736], [84.239, 25.73], [84.252, 25.724], [84.263, 25.717], [84.273, 25.704]], [[84.888, 25.713], [84.892, 25.708], [84.895, 25.699], [84.897, 25.695], [84.896, 25.686], [84.899, 25.673]], [[84.888, 25.713], [84.895, 25.713], [84.907, 25.717], [84.919, 25.726], [84.931, 25.735], [84.941, 25.742], [84.953, 25.743], [84.959, 25.741], [84.973, 25.729], [84.977, 25.724], [84.985, 25.718], [84.996, 25.715], [85.001, 25.715], [85.008, 25.722]], [[84.869, 25.718], [84.873, 25.715], [84.875, 25.707], [84.873, 25.698], [84.874, 25.693], [84.881, 25.685], [84.899, 25.673]], [[84.869, 25.718], [84.881, 25.717], [84.888, 25.713]], [[84.76, 25.728], [84.766, 25.725], [84.771, 25.726], [84.781, 25.734], [84.786, 25.74], [84.792, 25.742], [84.804, 25.739]], [[85.008, 25.722], [85.016, 25.725], [85.027, 25.725], [85.034, 25.722], [85.043, 25.72], [85.05, 25.721], [85.059, 25.725], [85.064, 25.733], [85.062, 25.741], [85.063, 25.747], [85.069, 25.751]], [[85.008, 25.722], [85.016, 25.732], [85.022, 25.742], [85.025, 25.745], [85.048, 25.75], [85.052, 25.752], [85.065, 25.754], [85.069, 25.751]], [[84.663, 25.739], [84.69, 25.711], [84.693, 25.706], [84.693, 25.692], [84.695, 25.685], [84.701, 25.682], [84.713, 25.679], [84.723, 25.683], [84.732, 25.693], [84.74, 25.713], [84.745, 25.723], [84.756, 25.726], [84.76, 25.728]], [[84.663, 25.739], [84.671, 25.74], [84.678, 25.738], [84.689, 25.738], [84.697, 25.737], [84.712, 25.738], [84.72, 25.738], [84.737, 25.735], [84.743, 25.735], [84.754, 25.732], [84.76, 25.728]], [[84.817, 25.735], [84.837, 25.724], [84.849, 25.719], [84.865, 25.719], [84.869, 25.718]], [[84.816, 25.735], [84.817, 25.735]], [[84.816, 25.735], [84.817, 25.735]], [[84.804, 25.739], [84.808, 25.739], [84.816, 25.735]], [[85.069, 25.751], [85.089, 25.751], [85.096, 25.75], [85.11, 25.743], [85.114, 25.731], [85.114, 25.722], [85.109, 25.712], [85.108, 25.699], [85.111, 25.688], [85.114, 25.681], [85.118, 25.677], [85.13, 25.671]], [[80.662, 26.137], [80.663, 26.126], [80.666, 26.119], [80.664, 26.111], [80.671, 26.104], [80.684, 26.097], [80.702, 26.087], [80.711, 26.079], [80.717, 26.078]], [[80.662, 26.137], [80.665, 26.137], [80.679, 26.131], [80.681, 26.122], [80.686, 26.117], [80.698, 26.118], [80.707, 26.111], [80.713, 26.109], [80.716, 26.105], [80.716, 26.095], [80.711, 26.086], [80.712, 26.081], [80.717, 26.078]], [[80.546, 26.303], [80.553, 26.292], [80.557, 26.284], [80.564, 26.279], [80.574, 26.277], [80.577, 26.27], [80.577, 26.257], [80.582, 26.244], [80.588, 26.236], [80.59, 26.227], [80.594, 26.222], [80.596, 26.212], [80.61, 26.194], [80.617, 26.19], [80.636, 26.19], [80.642, 26.188], [80.647, 26.182], [80.648, 26.167], [80.653, 26.162], [80.662, 26.137]], [[80.546, 26.303], [80.547, 26.312], [80.551, 26.321], [80.554, 26.328], [80.551, 26.345], [80.54, 26.367], [80.53, 26.372], [80.521, 26.374], [80.514, 26.381], [80.505, 26.386], [80.496, 26.394], [80.491, 26.396], [80.479, 26.398], [80.473, 26.4]], [[80.473, 26.4], [80.484, 26.383], [80.487, 26.382], [80.499, 26.373], [80.502, 26.365], [80.512, 26.358], [80.522, 26.352], [80.532, 26.338], [80.54, 26.332], [80.542, 26.325], [80.542, 26.31], [80.546, 26.303]], [[80.289, 26.599], [80.289, 26.581], [80.291, 26.574], [80.305, 26.559], [80.311, 26.554], [80.311, 26.547], [80.316, 26.534], [80.316, 26.528], [80.311, 26.517], [80.313, 26.513], [80.326, 26.503], [80.332, 26.502], [80.336, 26.499], [80.337, 26.491], [80.351, 26.485], [80.365, 26.484], [80.37, 26.48], [80.373, 26.476], [80.379, 26.471], [80.379, 26.466], [80.387, 26.452], [80.397, 26.446], [80.401, 26.441], [80.406, 26.436], [80.411, 26.435], [80.42, 26.429], [80.425, 26.421], [80.432, 26.417], [80.436, 26.416], [80.443, 26.41], [80.454, 26.406], [80.466, 26.406], [80.471, 26.404], [80.473, 26.4]], [[80.268, 26.656], [80.273, 26.652], [80.275, 26.637], [80.273, 26.629], [80.274, 26.616], [80.278, 26.61], [80.282, 26.604], [80.289, 26.599]], [[80.245, 26.69], [80.251, 26.684], [80.254, 26.669], [80.26, 26.661], [80.268, 26.656]], [[80.245, 26.69], [80.248, 26.691]], [[80.239, 26.691], [80.245, 26.69]], [[80.248, 26.691], [80.255, 26.692], [80.265, 26.691], [80.271, 26.688], [80.272, 26.676], [80.274, 26.667], [80.268, 26.66], [80.268, 26.656]], [[80.248, 26.691], [80.261, 26.696], [80.272, 26.698], [80.278, 26.696], [80.285, 26.689], [80.291, 26.686], [80.299, 26.68], [80.301, 26.672], [80.305, 26.663], [80.305, 26.659], [80.299, 26.648], [80.296, 26.643], [80.3, 26.64], [80.299, 26.632], [80.292, 26.624], [80.291, 26.618], [80.283, 26.61], [80.283, 26.607], [80.289, 26.599]], [[80.148, 26.773], [80.149, 26.772], [80.148, 26.758], [80.141, 26.743], [80.14, 26.738], [80.147, 26.728], [80.151, 26.725], [80.159, 26.723], [80.17, 26.715], [80.175, 26.71], [80.177, 26.702], [80.181, 26.693], [80.188, 26.692], [80.202, 26.693], [80.209, 26.688], [80.216, 26.686], [80.226, 26.687], [80.235, 26.688], [80.239, 26.691]], [[80.148, 26.781], [80.148, 26.773]], [[80.148, 26.781], [80.159, 26.78], [80.155, 26.776], [80.158, 26.772], [80.165, 26.77], [80.168, 26.765], [80.167, 26.757], [80.17, 26.754], [80.17, 26.747], [80.177, 26.745], [80.178, 26.729], [80.185, 26.729], [80.192, 26.727], [80.199, 26.729], [80.204, 26.728], [80.207, 26.718], [80.211, 26.713], [80.213, 26.706], [80.218, 26.702], [80.217, 26.697], [80.22, 26.694], [80.227, 26.691], [80.234, 26.692], [80.239, 26.691]], [[80.148, 26.781], [80.153, 26.788], [80.152, 26.796], [80.141, 26.798], [80.132, 26.802], [80.133, 26.808], [80.135, 26.814], [80.132, 26.823], [80.135, 26.829], [80.14, 26.828], [80.147, 26.829], [80.151, 26.832], [80.158, 26.845], [80.153, 26.849], [80.145, 26.854], [80.147, 26.862], [80.141, 26.864], [80.137, 26.867], [80.118, 26.875]], [[80.118, 26.875], [80.122, 26.87], [80.126, 26.854], [80.125, 26.841], [80.117, 26.831], [80.117, 26.826], [80.12, 26.817], [80.122, 26.806], [80.122, 26.794], [80.128, 26.785], [80.138, 26.781], [80.148, 26.773]], [[80.1, 26.882], [80.109, 26.881], [80.118, 26.875]], [[80.045, 26.925], [80.055, 26.919], [80.064, 26.919], [80.068, 26.918], [80.073, 26.911], [80.073, 26.907], [80.08, 26.893], [80.094, 26.884], [80.1, 26.882]], [[80.045, 26.925], [80.061, 26.926], [80.067, 26.923], [80.079, 26.919], [80.092, 26.911], [80.095, 26.902], [80.095, 26.898], [80.088, 26.896], [80.091, 26.891], [80.1, 26.882]], [[79.979, 27.018], [79.995, 27.005], [80, 26.979], [80.007, 26.974], [80.013, 26.96], [80.024, 26.949], [80.034, 26.936], [80.04, 26.927], [80.045, 26.925]], [[79.979, 27.018], [79.972, 27.021], [79.969, 27.028], [79.962, 27.029], [79.959, 27.031], [79.954, 27.044], [79.954, 27.05], [79.957, 27.058], [79.955, 27.062], [79.952, 27.065], [79.945, 27.066], [79.942, 27.068], [79.944, 27.075], [79.949, 27.081], [79.949, 27.086], [79.942, 27.086], [79.941, 27.09], [79.952, 27.086], [79.96, 27.091], [79.952, 27.093], [79.951, 27.104], [79.945, 27.106], [79.946, 27.11], [79.943, 27.113], [79.935, 27.117], [79.934, 27.125], [79.927, 27.128], [79.917, 27.138], [79.912, 27.138], [79.905, 27.142], [79.903, 27.146]], [[79.995, 27.046], [79.992, 27.044], [79.991, 27.036], [79.983, 27.031], [79.982, 27.024], [79.977, 27.024], [79.979, 27.018]], [[80.005, 27.089], [80.001, 27.089], [80.005, 27.078], [80.009, 27.072], [80.006, 27.057], [80.006, 27.05], [79.999, 27.049], [79.995, 27.046]], [[80.006, 27.09], [80, 27.097], [79.994, 27.103], [79.986, 27.123], [79.983, 27.124], [79.984, 27.112], [79.99, 27.104], [79.991, 27.096], [79.99, 27.091], [79.98, 27.09]], [[79.98, 27.09], [79.979, 27.087], [79.98, 27.079], [79.981, 27.062], [79.987, 27.053], [79.994, 27.051], [79.995, 27.046]], [[79.933, 27.145], [79.947, 27.136], [79.953, 27.127], [79.956, 27.12], [79.953, 27.113], [79.959, 27.108], [79.967, 27.105], [79.978, 27.105], [79.983, 27.101], [79.98, 27.09]], [[79.933, 27.145], [79.931, 27.149], [79.923, 27.152], [79.915, 27.151], [79.91, 27.147]], [[79.903, 27.146], [79.91, 27.147]], [[79.91, 27.147], [79.915, 27.146], [79.92, 27.144], [79.933, 27.145]], [[78.597, 30.145], [78.596, 30.13], [78.6, 30.126], [78.595, 30.124], [78.589, 30.123], [78.587, 30.118], [78.589, 30.113], [78.586, 30.105], [78.579, 30.104], [78.581, 30.099], [78.592, 30.089], [78.592, 30.084], [78.583, 30.076], [78.585, 30.071], [78.59, 30.072], [78.601, 30.069], [78.598, 30.065], [78.592, 30.067], [78.589, 30.063], [78.589, 30.053], [78.584, 30.053], [78.578, 30.063], [78.574, 30.063], [78.566, 30.062], [78.563, 30.069], [78.549, 30.071], [78.532, 30.076], [78.525, 30.074], [78.523, 30.066], [78.514, 30.066], [78.514, 30.06], [78.511, 30.055], [78.504, 30.058], [78.499, 30.064], [78.501, 30.073], [78.495, 30.075], [78.488, 30.059], [78.482, 30.056], [78.478, 30.057], [78.479, 30.064], [78.477, 30.066], [78.468, 30.064], [78.45, 30.069], [78.447, 30.073], [78.435, 30.08], [78.434, 30.099], [78.439, 30.111], [78.437, 30.113], [78.428, 30.113], [78.422, 30.118], [78.418, 30.13], [78.41, 30.135], [78.403, 30.138], [78.392, 30.135], [78.392, 30.124], [78.39, 30.121], [78.382, 30.122], [78.376, 30.117], [78.371, 30.117], [78.356, 30.126], [78.349, 30.129], [78.345, 30.132], [78.338, 30.135], [78.332, 30.134], [78.33, 30.126], [78.318, 30.125], [78.311, 30.121], [78.309, 30.117], [78.31, 30.109], [78.304, 30.102], [78.295, 30.102], [78.291, 30.099], [78.29, 30.095], [78.292, 30.09], [78.292, 30.081], [78.287, 30.072], [78.276, 30.056], [78.272, 30.045], [78.272, 30.04], [78.268, 30.037], [78.247, 30.031], [78.239, 30.022], [78.228, 30.016], [78.224, 30.007], [78.221, 30.003], [78.213, 30], [78.207, 29.991], [78.199, 29.99], [78.193, 29.98], [78.188, 29.976], [78.187, 29.97], [78.188, 29.961], [78.179, 29.956], [78.176, 29.948], [78.172, 29.946], [78.163, 29.942], [78.16, 29.937], [78.161, 29.933], [78.158, 29.922], [78.152, 29.915], [78.149, 29.906], [78.145, 29.903], [78.14, 29.891], [78.14, 29.886], [78.145, 29.879], [78.144, 29.863], [78.145, 29.86], [78.165, 29.848], [78.171, 29.841], [78.175, 29.829], [78.172, 29.825], [78.174, 29.817], [78.176, 29.814], [78.179, 29.807], [78.186, 29.8], [78.194, 29.797], [78.195, 29.791], [78.201, 29.787], [78.204, 29.787], [78.207, 29.779], [78.203, 29.774], [78.202, 29.768], [78.206, 29.766], [78.213, 29.764], [78.214, 29.759], [78.209, 29.75], [78.206, 29.748], [78.201, 29.741], [78.197, 29.739], [78.193, 29.736], [78.19, 29.731], [78.192, 29.72], [78.188, 29.712], [78.181, 29.705], [78.17, 29.698], [78.165, 29.684], [78.161, 29.679], [78.161, 29.673], [78.164, 29.665], [78.162, 29.662], [78.132, 29.653], [78.127, 29.651], [78.111, 29.648], [78.104, 29.635], [78.103, 29.629], [78.096, 29.622], [78.077, 29.617], [78.072, 29.608], [78.07, 29.599], [78.07, 29.594], [78.067, 29.581], [78.062, 29.576], [78.059, 29.563], [78.054, 29.552], [78.056, 29.545], [78.06, 29.517], [78.058, 29.512], [78.057, 29.504], [78.056, 29.5], [78.06, 29.494], [78.061, 29.49], [78.055, 29.48], [78.047, 29.475], [78.045, 29.467], [78.061, 29.456], [78.061, 29.446], [78.053, 29.439], [78.05, 29.433], [78.041, 29.424], [78.038, 29.416], [78.044, 29.412], [78.042, 29.407], [78.037, 29.403], [78.038, 29.395], [78.05, 29.385], [78.047, 29.381], [78.038, 29.381], [78.036, 29.371], [78.031, 29.357], [78.034, 29.345], [78.038, 29.337], [78.046, 29.332], [78.053, 29.333], [78.062, 29.341], [78.073, 29.341], [78.075, 29.326], [78.08, 29.322], [78.081, 29.317], [78.087, 29.313], [78.09, 29.303], [78.092, 29.3], [78.091, 29.296], [78.093, 29.291], [78.088, 29.281], [78.081, 29.274], [78.08, 29.268], [78.087, 29.257], [78.096, 29.245], [78.091, 29.24], [78.089, 29.233], [78.088, 29.226], [78.091, 29.217], [78.097, 29.212], [78.102, 29.204], [78.101, 29.189], [78.105, 29.183], [78.105, 29.177], [78.096, 29.166], [78.082, 29.153], [78.073, 29.15], [78.06, 29.149], [78.053, 29.144], [78.057, 29.137], [78.056, 29.133], [78.063, 29.124], [78.064, 29.115], [78.068, 29.112], [78.067, 29.101], [78.062, 29.089], [78.053, 29.083], [78.046, 29.08], [78.043, 29.072], [78.046, 29.066], [78.054, 29.061], [78.06, 29.066], [78.068, 29.068], [78.071, 29.067], [78.075, 29.06], [78.083, 29.057], [78.088, 29.043], [78.087, 29.04], [78.076, 29.026], [78.066, 29.021], [78.062, 29.018], [78.057, 29.009], [78.056, 29.004], [78.058, 28.994], [78.062, 28.984], [78.061, 28.972], [78.067, 28.972], [78.071, 28.968], [78.08, 28.969], [78.086, 28.965], [78.094, 28.953], [78.104, 28.951], [78.107, 28.947], [78.114, 28.944], [78.117, 28.938], [78.117, 28.932], [78.111, 28.926], [78.106, 28.92], [78.102, 28.911], [78.106, 28.898], [78.102, 28.895], [78.099, 28.89], [78.107, 28.886], [78.114, 28.879], [78.119, 28.876], [78.126, 28.874], [78.136, 28.869], [78.145, 28.869], [78.146, 28.862], [78.15, 28.853], [78.157, 28.843], [78.155, 28.84], [78.146, 28.837], [78.144, 28.831], [78.146, 28.826], [78.141, 28.816], [78.146, 28.808], [78.144, 28.799], [78.138, 28.793], [78.14, 28.774], [78.147, 28.759], [78.145, 28.753], [78.147, 28.746], [78.144, 28.742], [78.149, 28.739], [78.151, 28.733], [78.157, 28.725], [78.155, 28.719], [78.162, 28.719], [78.165, 28.717], [78.162, 28.712], [78.168, 28.706], [78.169, 28.702], [78.174, 28.696], [78.18, 28.698], [78.185, 28.695], [78.189, 28.689], [78.189, 28.68], [78.192, 28.674], [78.194, 28.665], [78.193, 28.645], [78.186, 28.636], [78.186, 28.63], [78.19, 28.627], [78.187, 28.618], [78.192, 28.605], [78.2, 28.603], [78.203, 28.599], [78.205, 28.592], [78.206, 28.581], [78.205, 28.575], [78.2, 28.57], [78.201, 28.561], [78.203, 28.552], [78.202, 28.548], [78.205, 28.535], [78.209, 28.525], [78.206, 28.516], [78.212, 28.506], [78.219, 28.501], [78.23, 28.501], [78.234, 28.499], [78.24, 28.493], [78.24, 28.489], [78.248, 28.48], [78.254, 28.476], [78.27, 28.468], [78.281, 28.461], [78.282, 28.444], [78.281, 28.439], [78.282, 28.434], [78.287, 28.428], [78.29, 28.419], [78.292, 28.41], [78.296, 28.404], [78.292, 28.397], [78.293, 28.393], [78.285, 28.389], [78.275, 28.376], [78.277, 28.37], [78.273, 28.367], [78.27, 28.362], [78.272, 28.354], [78.276, 28.335], [78.287, 28.319], [78.291, 28.319], [78.295, 28.315], [78.304, 28.314], [78.306, 28.308], [78.31, 28.305], [78.315, 28.303], [78.313, 28.299], [78.306, 28.293], [78.303, 28.286], [78.309, 28.28], [78.312, 28.274], [78.321, 28.27], [78.326, 28.271], [78.345, 28.274], [78.354, 28.272], [78.356, 28.263], [78.361, 28.256], [78.366, 28.25], [78.366, 28.241], [78.368, 28.234], [78.372, 28.232], [78.389, 28.203], [78.391, 28.198], [78.4, 28.184], [78.401, 28.18], [78.408, 28.176], [78.413, 28.174], [78.432, 28.164], [78.434, 28.155], [78.438, 28.148], [78.444, 28.145], [78.446, 28.137], [78.452, 28.136], [78.454, 28.126], [78.46, 28.122], [78.462, 28.115], [78.472, 28.111], [78.482, 28.107], [78.491, 28.101], [78.492, 28.097], [78.501, 28.094], [78.503, 28.09], [78.509, 28.087], [78.513, 28.08], [78.511, 28.074], [78.511, 28.07], [78.515, 28.065], [78.521, 28.064], [78.528, 28.067], [78.54, 28.064], [78.541, 28.062], [78.542, 28.052], [78.546, 28.047], [78.556, 28.041], [78.564, 28.041], [78.564, 28.033], [78.569, 28.034], [78.578, 28.031], [78.581, 28.028], [78.597, 28.022], [78.601, 28.019], [78.601, 28.011], [78.602, 28.008], [78.609, 28.004], [78.611, 28.001], [78.622, 27.996], [78.624, 27.993], [78.632, 27.994], [78.639, 27.989], [78.647, 27.987], [78.652, 27.984], [78.652, 27.981], [78.658, 27.979], [78.665, 27.984], [78.678, 27.984], [78.681, 27.982], [78.687, 27.984], [78.695, 27.991], [78.707, 27.99], [78.709, 27.993], [78.716, 27.991], [78.719, 27.986], [78.727, 27.977], [78.736, 27.978], [78.743, 27.982], [78.749, 27.99], [78.765, 27.986], [78.774, 27.976], [78.788, 27.973], [78.797, 27.967], [78.801, 27.963], [78.811, 27.961], [78.818, 27.963], [78.82, 27.966], [78.833, 27.969], [78.838, 27.967], [78.836, 27.957], [78.832, 27.953], [78.833, 27.948], [78.838, 27.943], [78.844, 27.941], [78.847, 27.938], [78.856, 27.935], [78.865, 27.929], [78.88, 27.915], [78.882, 27.905], [78.881, 27.9], [78.884, 27.893], [78.88, 27.885], [78.882, 27.88], [78.893, 27.879], [78.899, 27.876], [78.902, 27.87], [78.913, 27.868], [78.918, 27.863], [78.924, 27.859], [78.93, 27.85], [78.938, 27.848], [78.949, 27.839], [78.96, 27.833], [78.97, 27.825], [78.973, 27.821], [78.979, 27.819], [78.98, 27.816], [78.986, 27.816], [78.992, 27.81], [78.997, 27.81], [79.001, 27.806], [79.011, 27.805], [79.019, 27.8], [79.028, 27.801], [79.031, 27.805], [79.043, 27.808], [79.05, 27.802], [79.057, 27.799], [79.071, 27.798], [79.078, 27.797], [79.08, 27.793], [79.085, 27.794], [79.092, 27.801], [79.098, 27.805], [79.104, 27.805], [79.12, 27.793], [79.123, 27.788], [79.134, 27.789], [79.141, 27.784], [79.156, 27.783], [79.163, 27.783], [79.17, 27.781], [79.176, 27.775], [79.178, 27.769], [79.175, 27.762], [79.178, 27.754], [79.175, 27.738], [79.178, 27.733], [79.183, 27.73], [79.191, 27.729], [79.198, 27.735], [79.208, 27.732], [79.217, 27.721], [79.224, 27.725], [79.233, 27.723], [79.241, 27.723], [79.245, 27.725], [79.255, 27.724], [79.26, 27.72], [79.263, 27.708], [79.266, 27.704], [79.283, 27.703], [79.287, 27.701], [79.296, 27.691], [79.305, 27.688], [79.309, 27.679], [79.318, 27.669], [79.323, 27.665], [79.327, 27.66], [79.327, 27.655], [79.334, 27.649], [79.337, 27.643], [79.343, 27.638], [79.354, 27.633], [79.357, 27.626], [79.355, 27.62], [79.356, 27.617], [79.362, 27.614], [79.372, 27.62], [79.379, 27.622], [79.384, 27.619], [79.386, 27.609], [79.386, 27.602], [79.391, 27.597], [79.397, 27.595], [79.401, 27.591], [79.406, 27.59], [79.415, 27.591], [79.415, 27.594], [79.412, 27.6], [79.417, 27.607], [79.425, 27.607], [79.43, 27.611], [79.436, 27.611], [79.44, 27.608], [79.447, 27.609], [79.459, 27.608], [79.464, 27.602], [79.464, 27.594], [79.458, 27.585], [79.458, 27.582], [79.462, 27.571], [79.461, 27.563], [79.464, 27.561], [79.48, 27.554], [79.487, 27.555], [79.496, 27.55], [79.504, 27.549], [79.508, 27.545], [79.514, 27.531], [79.522, 27.527], [79.53, 27.525], [79.537, 27.515], [79.543, 27.513], [79.55, 27.515], [79.555, 27.512], [79.558, 27.508], [79.558, 27.501], [79.567, 27.496], [79.573, 27.494], [79.584, 27.492], [79.587, 27.488], [79.593, 27.485], [79.603, 27.485], [79.61, 27.478], [79.611, 27.474], [79.607, 27.466], [79.609, 27.459], [79.616, 27.45], [79.62, 27.439], [79.618, 27.433], [79.619, 27.427], [79.623, 27.414], [79.623, 27.411], [79.628, 27.402], [79.635, 27.397], [79.637, 27.385], [79.643, 27.379], [79.648, 27.372], [79.655, 27.37], [79.655, 27.362], [79.651, 27.355], [79.647, 27.351], [79.65, 27.34], [79.656, 27.335], [79.656, 27.328], [79.651, 27.311], [79.652, 27.307], [79.649, 27.296], [79.651, 27.291], [79.656, 27.291], [79.661, 27.277], [79.662, 27.268], [79.665, 27.265], [79.676, 27.263], [79.683, 27.264], [79.69, 27.26], [79.691, 27.251], [79.687, 27.247], [79.688, 27.238], [79.696, 27.234], [79.698, 27.229], [79.704, 27.227], [79.726, 27.224], [79.744, 27.217], [79.765, 27.215], [79.771, 27.212], [79.775, 27.208], [79.78, 27.194], [79.787, 27.188], [79.793, 27.179], [79.799, 27.174], [79.803, 27.174], [79.808, 27.178], [79.812, 27.178], [79.821, 27.176], [79.828, 27.177], [79.834, 27.177], [79.846, 27.173], [79.857, 27.165], [79.862, 27.164], [79.866, 27.157], [79.875, 27.161], [79.879, 27.159], [79.881, 27.153], [79.885, 27.151], [79.895, 27.15], [79.903, 27.146]]]}, "properties": {"rivname": "Ganga", "ba_name": "Ganga"}}, {"type": "Feature", "geometry": {"type": "LineString", "coordinates": [[78.62, 29.692], [78.612, 29.697], [78.604, 29.692], [78.592, 29.69], [78.59, 29.692], [78.579, 29.692], [78.572, 29.696], [78.571, 29.701]]}, "properties": {"rivname": "Ghanghas Sot", "ba_name": "Ganga"}}, {"type": "Feature", "geometry": {"type": "MultiLineString", "coordinates": [[[82.263, 16.644], [82.274, 16.641], [82.281, 16.637], [82.287, 16.629], [82.29, 16.62]], [[82.263, 16.644], [82.259, 16.643], [82.253, 16.645], [82.245, 16.646], [82.241, 16.643], [82.238, 16.636], [82.235, 16.637], [82.232, 16.643], [82.226, 16.641], [82.217, 16.635], [82.21, 16.626], [82.207, 16.618], [82.197, 16.613], [82.194, 16.605], [82.191, 16.602], [82.168, 16.609], [82.162, 16.611], [82.157, 16.618], [82.157, 16.621], [82.165, 16.625], [82.166, 16.628], [82.16, 16.637], [82.16, 16.646], [82.158, 16.653], [82.162, 16.67], [82.154, 16.677], [82.136, 16.689], [82.129, 16.699], [82.128, 16.708]], [[82.263, 16.644], [82.258, 16.647], [82.256, 16.651], [82.256, 16.659], [82.262, 16.667], [82.263, 16.677], [82.262, 16.679], [82.255, 16.701], [82.256, 16.711]], [[82.128, 16.708], [82.133, 16.708], [82.142, 16.709], [82.16, 16.72], [82.174, 16.723], [82.184, 16.723], [82.19, 16.722], [82.201, 16.718], [82.232, 16.715], [82.251, 16.712], [82.256, 16.711]], [[82.256, 16.711], [82.268, 16.707], [82.284, 16.704], [82.293, 16.704], [82.299, 16.705], [82.317, 16.713], [82.322, 16.72]], [[81.799, 16.858], [81.805, 16.851], [81.816, 16.843], [81.82, 16.834], [81.824, 16.828], [81.825, 16.821], [81.824, 16.81], [81.822, 16.802], [81.824, 16.795], [81.828, 16.793], [81.841, 16.791], [81.853, 16.788], [81.86, 16.788], [81.864, 16.784], [81.869, 16.778], [81.875, 16.777], [81.881, 16.771], [81.904, 16.748], [81.909, 16.74], [81.914, 16.735], [81.923, 16.728], [81.936, 16.723], [81.941, 16.723], [81.954, 16.725], [81.964, 16.725], [81.97, 16.723], [81.98, 16.722], [81.984, 16.716], [81.987, 16.714], [81.995, 16.715], [82, 16.719], [82.003, 16.718], [82.012, 16.712], [82.019, 16.704], [82.029, 16.698], [82.043, 16.691], [82.053, 16.684], [82.063, 16.682], [82.073, 16.682], [82.077, 16.684], [82.082, 16.702], [82.086, 16.708], [82.091, 16.71], [82.099, 16.71], [82.109, 16.708], [82.116, 16.711], [82.12, 16.711], [82.128, 16.708]], [[81.761, 16.953], [81.755, 16.953], [81.752, 16.949], [81.751, 16.945], [81.745, 16.95], [81.742, 16.949], [81.735, 16.938], [81.735, 16.929], [81.733, 16.917], [81.734, 16.904], [81.74, 16.886], [81.745, 16.874], [81.758, 16.858], [81.762, 16.854], [81.763, 16.844], [81.76, 16.837], [81.764, 16.834], [81.761, 16.826], [81.757, 16.824], [81.755, 16.815], [81.756, 16.814], [81.753, 16.805], [81.757, 16.803], [81.759, 16.792], [81.756, 16.784], [81.763, 16.777], [81.765, 16.773], [81.77, 16.768], [81.783, 16.761], [81.79, 16.753], [81.795, 16.745], [81.797, 16.739], [81.796, 16.722], [81.798, 16.703], [81.802, 16.696], [81.807, 16.691], [81.811, 16.686], [81.822, 16.679], [81.839, 16.665], [81.849, 16.637], [81.859, 16.616], [81.862, 16.605], [81.869, 16.6], [81.87, 16.593], [81.87, 16.579], [81.871, 16.559], [81.87, 16.552], [81.867, 16.547], [81.862, 16.543], [81.853, 16.535], [81.854, 16.518], [81.853, 16.512], [81.849, 16.503], [81.848, 16.497], [81.839, 16.491], [81.83, 16.49], [81.82, 16.488], [81.815, 16.486], [81.807, 16.479], [81.8, 16.476], [81.794, 16.469], [81.787, 16.454], [81.784, 16.45], [81.767, 16.431], [81.757, 16.419], [81.749, 16.418], [81.743, 16.418], [81.733, 16.423], [81.729, 16.429], [81.725, 16.439], [81.721, 16.445], [81.711, 16.442], [81.704, 16.427], [81.702, 16.42], [81.702, 16.407], [81.712, 16.388], [81.721, 16.373], [81.722, 16.368], [81.723, 16.348], [81.721, 16.332], [81.713, 16.316], [81.702, 16.305]], [[81.761, 16.953], [81.76, 16.947], [81.754, 16.932], [81.755, 16.928], [81.764, 16.922], [81.764, 16.916], [81.763, 16.903], [81.765, 16.894], [81.767, 16.885], [81.773, 16.878], [81.78, 16.873], [81.789, 16.869], [81.799, 16.858]], [[81.761, 17.002], [81.764, 16.994], [81.767, 16.988], [81.767, 16.974], [81.761, 16.953]], [[81.761, 17.002], [81.781, 16.982], [81.782, 16.976], [81.782, 16.966], [81.776, 16.95], [81.777, 16.943], [81.782, 16.938], [81.785, 16.929], [81.788, 16.911], [81.787, 16.901], [81.792, 16.885], [81.793, 16.875], [81.798, 16.867], [81.799, 16.858]], [[78.614, 18.984], [78.609, 18.984]], [[78.614, 18.984], [78.638, 18.978], [78.651, 18.992], [78.656, 18.999], [78.662, 19.012], [78.672, 19.02], [78.677, 19.027], [78.692, 19.034], [78.694, 19.034]], [[78.609, 18.984], [78.625, 18.992], [78.631, 18.991]], [[78.631, 18.991], [78.629, 18.988], [78.614, 18.984]], [[78.694, 19.034], [78.691, 19.037], [78.683, 19.038], [78.679, 19.037], [78.673, 19.041], [78.668, 19.041], [78.665, 19.036], [78.655, 19.021], [78.653, 19.014], [78.645, 19], [78.641, 19], [78.633, 18.997], [78.631, 18.991]], [[78.694, 19.034], [78.7, 19.03], [78.708, 19.03], [78.72, 19.027], [78.728, 19.022], [78.73, 19.019], [78.744, 19.013], [78.756, 19.009], [78.767, 19.014], [78.771, 19.014], [78.775, 19.017], [78.784, 19.022], [78.784, 19.025], [78.788, 19.031], [78.788, 19.042], [78.79, 19.044], [78.802, 19.04], [78.812, 19.042], [78.821, 19.048], [78.825, 19.053], [78.83, 19.065], [78.837, 19.069], [78.846, 19.071], [78.862, 19.059], [78.871, 19.058], [78.877, 19.054], [78.883, 19.049], [78.891, 19.044], [78.896, 19.038], [78.902, 19.034], [78.911, 19.03], [78.914, 19.031], [78.919, 19.036], [78.922, 19.044], [78.935, 19.062], [78.947, 19.075], [78.957, 19.076], [78.964, 19.079], [78.974, 19.079], [78.985, 19.074], [78.993, 19.074], [79, 19.079], [79.008, 19.079], [79.017, 19.074], [79.023, 19.075], [79.03, 19.072], [79.035, 19.065], [79.048, 19.059], [79.051, 19.059], [79.058, 19.054], [79.067, 19.049], [79.07, 19.045], [79.08, 19.036], [79.082, 19.028], [79.089, 19.02], [79.091, 19.013], [79.09, 19.008], [79.092, 18.995], [79.095, 18.988], [79.096, 18.981], [79.104, 18.972], [79.105, 18.966], [79.103, 18.956], [79.104, 18.951], [79.111, 18.942], [79.121, 18.932], [79.132, 18.919], [79.141, 18.914], [79.147, 18.909], [79.153, 18.906], [79.16, 18.894], [79.165, 18.893], [79.17, 18.889], [79.172, 18.88], [79.184, 18.87], [79.196, 18.869], [79.205, 18.869], [79.212, 18.866], [79.219, 18.865], [79.241, 18.855], [79.248, 18.853], [79.255, 18.843], [79.263, 18.84], [79.267, 18.834], [79.278, 18.826], [79.287, 18.821], [79.297, 18.818], [79.311, 18.816], [79.315, 18.818], [79.322, 18.819], [79.328, 18.817], [79.333, 18.817], [79.339, 18.816], [79.343, 18.819], [79.354, 18.822], [79.358, 18.821], [79.364, 18.827], [79.366, 18.836], [79.374, 18.847], [79.374, 18.852], [79.378, 18.858], [79.384, 18.863], [79.389, 18.863], [79.396, 18.862], [79.401, 18.858], [79.41, 18.856], [79.414, 18.852], [79.424, 18.848], [79.431, 18.844], [79.437, 18.843], [79.444, 18.838], [79.446, 18.835], [79.457, 18.829], [79.464, 18.826], [79.472, 18.825], [79.477, 18.822], [79.478, 18.817], [79.489, 18.808], [79.494, 18.799], [79.499, 18.792], [79.508, 18.786], [79.513, 18.784], [79.526, 18.786], [79.534, 18.783], [79.541, 18.782], [79.545, 18.778], [79.551, 18.777], [79.576, 18.758], [79.588, 18.755], [79.59, 18.752], [79.602, 18.743], [79.607, 18.742], [79.612, 18.743], [79.62, 18.739], [79.627, 18.728], [79.647, 18.716], [79.653, 18.714], [79.656, 18.701], [79.662, 18.694], [79.665, 18.686], [79.669, 18.682], [79.676, 18.68], [79.68, 18.672], [79.687, 18.672], [79.694, 18.673], [79.698, 18.68], [79.705, 18.679], [79.708, 18.684], [79.718, 18.686], [79.731, 18.683], [79.744, 18.682], [79.754, 18.681], [79.758, 18.685], [79.764, 18.69], [79.765, 18.694], [79.771, 18.697], [79.783, 18.693], [79.786, 18.693], [79.791, 18.699], [79.796, 18.702], [79.81, 18.704], [79.814, 18.719], [79.819, 18.722], [79.82, 18.725], [79.826, 18.728], [79.827, 18.734], [79.824, 18.74], [79.819, 18.744], [79.819, 18.75], [79.815, 18.755], [79.814, 18.758], [79.825, 18.77], [79.834, 18.773], [79.839, 18.778], [79.841, 18.776], [79.849, 18.78], [79.849, 18.787], [79.851, 18.79], [79.852, 18.797], [79.846, 18.802], [79.841, 18.809], [79.833, 18.813], [79.828, 18.821], [79.824, 18.825], [79.824, 18.829], [79.831, 18.844], [79.831, 18.855], [79.832, 18.86], [79.839, 18.866], [79.84, 18.869], [79.845, 18.871], [79.853, 18.87], [79.855, 18.866], [79.862, 18.856], [79.863, 18.85], [79.861, 18.837], [79.866, 18.832], [79.866, 18.828], [79.869, 18.825], [79.885, 18.827], [79.891, 18.829], [79.897, 18.827], [79.911, 18.827], [79.913, 18.817], [79.925, 18.8], [79.933, 18.791], [79.946, 18.782], [79.969, 18.775], [79.976, 18.782], [79.985, 18.784], [80.006, 18.779], [80.012, 18.773], [80.014, 18.769], [80.022, 18.763], [80.022, 18.754], [80.028, 18.747], [80.034, 18.746], [80.037, 18.742], [80.044, 18.74], [80.048, 18.737], [80.049, 18.733], [80.046, 18.725], [80.047, 18.722], [80.056, 18.72], [80.066, 18.726], [80.069, 18.725], [80.072, 18.715], [80.08, 18.713], [80.085, 18.709], [80.092, 18.707], [80.094, 18.702], [80.104, 18.692], [80.109, 18.691], [80.119, 18.692], [80.127, 18.687], [80.136, 18.688], [80.146, 18.692], [80.147, 18.696], [80.153, 18.701], [80.169, 18.703], [80.174, 18.708], [80.175, 18.713], [80.18, 18.716], [80.183, 18.715], [80.191, 18.71], [80.196, 18.7], [80.203, 18.694], [80.213, 18.695], [80.221, 18.695], [80.23, 18.698], [80.241, 18.705], [80.249, 18.709], [80.253, 18.707], [80.262, 18.716], [80.267, 18.717], [80.267, 18.721], [80.272, 18.724], [80.284, 18.718], [80.29, 18.707], [80.298, 18.699], [80.303, 18.691], [80.307, 18.682], [80.315, 18.654], [80.319, 18.643], [80.323, 18.638], [80.328, 18.635], [80.331, 18.627], [80.334, 18.614], [80.337, 18.608], [80.342, 18.602], [80.347, 18.596], [80.353, 18.594], [80.361, 18.599], [80.367, 18.607], [80.372, 18.609], [80.378, 18.609], [80.386, 18.601], [80.395, 18.587], [80.398, 18.58], [80.4, 18.578], [80.403, 18.567], [80.396, 18.559], [80.373, 18.536], [80.37, 18.531], [80.365, 18.52], [80.366, 18.509], [80.367, 18.503], [80.375, 18.488], [80.379, 18.485], [80.386, 18.475], [80.392, 18.464], [80.397, 18.459], [80.405, 18.457], [80.411, 18.458], [80.418, 18.461], [80.437, 18.461], [80.444, 18.462], [80.457, 18.462], [80.464, 18.462], [80.472, 18.458], [80.473, 18.454], [80.47, 18.449], [80.467, 18.43], [80.467, 18.421], [80.466, 18.415], [80.448, 18.386], [80.448, 18.37], [80.456, 18.365], [80.463, 18.362], [80.467, 18.358], [80.469, 18.351], [80.473, 18.343], [80.471, 18.334], [80.466, 18.325], [80.466, 18.32], [80.47, 18.317], [80.478, 18.318], [80.482, 18.316], [80.486, 18.305], [80.49, 18.302], [80.489, 18.293], [80.49, 18.288], [80.494, 18.282], [80.497, 18.268], [80.502, 18.264], [80.525, 18.263], [80.532, 18.265], [80.544, 18.265], [80.55, 18.262], [80.555, 18.256], [80.557, 18.248], [80.56, 18.245], [80.576, 18.236], [80.589, 18.228], [80.6, 18.219], [80.609, 18.215], [80.614, 18.216], [80.618, 18.212], [80.618, 18.206], [80.619, 18.201], [80.625, 18.198], [80.631, 18.192], [80.639, 18.193], [80.644, 18.189], [80.644, 18.183], [80.65, 18.177], [80.655, 18.174], [80.662, 18.173], [80.668, 18.167], [80.67, 18.163], [80.679, 18.162], [80.683, 18.157], [80.68, 18.154], [80.681, 18.15], [80.687, 18.145], [80.698, 18.145], [80.709, 18.137], [80.718, 18.127], [80.719, 18.121], [80.725, 18.121], [80.728, 18.118], [80.727, 18.113], [80.727, 18.108], [80.739, 18.088], [80.744, 18.085], [80.751, 18.072], [80.76, 18.064], [80.763, 18.055], [80.76, 18.047], [80.761, 18.042], [80.777, 18.031], [80.783, 18.023], [80.793, 18.023], [80.801, 18.021], [80.803, 18.018], [80.802, 18.008], [80.808, 18.001], [80.816, 17.995], [80.841, 17.989], [80.857, 17.989], [80.863, 17.986], [80.869, 17.979], [80.879, 17.971], [80.884, 17.962], [80.886, 17.953], [80.89, 17.936], [80.891, 17.928], [80.891, 17.897], [80.887, 17.878], [80.877, 17.867], [80.875, 17.859], [80.875, 17.852], [80.879, 17.834], [80.882, 17.821], [80.882, 17.815], [80.874, 17.81], [80.868, 17.795], [80.862, 17.786], [80.862, 17.783], [80.871, 17.768], [80.878, 17.746], [80.884, 17.74], [80.89, 17.719], [80.894, 17.709], [80.895, 17.703], [80.894, 17.697], [80.888, 17.691], [80.89, 17.681], [80.879, 17.673], [80.876, 17.662], [80.877, 17.655], [80.881, 17.648], [80.895, 17.641], [80.9, 17.642], [80.913, 17.637], [80.92, 17.637], [80.927, 17.634], [80.943, 17.635], [80.954, 17.638], [80.958, 17.644], [80.969, 17.648], [80.975, 17.651], [80.991, 17.654], [80.996, 17.653], [81.006, 17.648], [81.009, 17.644], [81.008, 17.629], [81.007, 17.624], [81.006, 17.609], [81.009, 17.601], [81.013, 17.599], [81.033, 17.598], [81.041, 17.598], [81.049, 17.601], [81.06, 17.608], [81.064, 17.609], [81.081, 17.609], [81.088, 17.612], [81.099, 17.619], [81.106, 17.622], [81.112, 17.621], [81.117, 17.617], [81.124, 17.6], [81.126, 17.588], [81.13, 17.584], [81.148, 17.577], [81.172, 17.574], [81.197, 17.573], [81.211, 17.569], [81.219, 17.563], [81.23, 17.566], [81.244, 17.573], [81.255, 17.57], [81.268, 17.563], [81.276, 17.555], [81.275, 17.549], [81.281, 17.544], [81.292, 17.525], [81.292, 17.513], [81.291, 17.507], [81.3, 17.493], [81.312, 17.489], [81.32, 17.489], [81.335, 17.495], [81.351, 17.501], [81.358, 17.501], [81.373, 17.498], [81.384, 17.49], [81.389, 17.476], [81.393, 17.472], [81.409, 17.465], [81.438, 17.464], [81.447, 17.462], [81.463, 17.467], [81.474, 17.467], [81.48, 17.469], [81.493, 17.481], [81.5, 17.482], [81.511, 17.474], [81.513, 17.472], [81.517, 17.458], [81.527, 17.444], [81.537, 17.438], [81.54, 17.437], [81.559, 17.441], [81.564, 17.44], [81.577, 17.428], [81.58, 17.414], [81.584, 17.407], [81.591, 17.406], [81.596, 17.409], [81.603, 17.411], [81.609, 17.411], [81.613, 17.409], [81.615, 17.402], [81.608, 17.391], [81.606, 17.383], [81.606, 17.371], [81.61, 17.362], [81.614, 17.356], [81.614, 17.35], [81.611, 17.343], [81.615, 17.331], [81.624, 17.326], [81.639, 17.325], [81.643, 17.323], [81.654, 17.315], [81.669, 17.31], [81.677, 17.304], [81.679, 17.299], [81.679, 17.291], [81.663, 17.283], [81.659, 17.271], [81.658, 17.263], [81.655, 17.252], [81.652, 17.246], [81.641, 17.233], [81.64, 17.228], [81.64, 17.22], [81.644, 17.205], [81.648, 17.195], [81.656, 17.184], [81.664, 17.167], [81.668, 17.147], [81.67, 17.133], [81.674, 17.123], [81.682, 17.112], [81.693, 17.104], [81.704, 17.099], [81.708, 17.094], [81.72, 17.092], [81.722, 17.087], [81.724, 17.078], [81.731, 17.07], [81.733, 17.057], [81.737, 17.052], [81.74, 17.039], [81.744, 17.034], [81.762, 17.015], [81.763, 17.011], [81.761, 17.002]], [[73.524, 19.915], [73.525, 19.924], [73.531, 19.93], [73.539, 19.94], [73.538, 19.943], [73.546, 19.946], [73.551, 19.949], [73.553, 19.955], [73.558, 19.958], [73.559, 19.963], [73.57, 19.972], [73.567, 19.974], [73.57, 19.979], [73.566, 19.987], [73.561, 19.991], [73.559, 19.996], [73.561, 20.001], [73.556, 20.003], [73.565, 20.009], [73.573, 20.004], [73.578, 20.008], [73.581, 20.001], [73.585, 20.004], [73.594, 20.004], [73.598, 19.997], [73.604, 19.996], [73.605, 20.006], [73.611, 20.007], [73.613, 20.004], [73.62, 20.002], [73.627, 20.006], [73.631, 20.005], [73.639, 20], [73.643, 19.999], [73.643, 20.007], [73.649, 20.012], [73.665, 20.028], [73.673, 20.038], [73.685, 20.037], [73.688, 20.039], [73.697, 20.039], [73.706, 20.035], [73.712, 20.039], [73.717, 20.038], [73.722, 20.033], [73.724, 20.028], [73.729, 20.023], [73.737, 20.023], [73.743, 20.017], [73.752, 20.022], [73.763, 20.023], [73.769, 20.02], [73.775, 20.01], [73.779, 20.009], [73.788, 20.01], [73.792, 20.007], [73.796, 20.002], [73.806, 20.002], [73.816, 19.999], [73.816, 19.995], [73.823, 19.99], [73.838, 19.984], [73.845, 19.99], [73.853, 19.99], [73.862, 19.983], [73.868, 19.987], [73.885, 19.988], [73.893, 19.987], [73.9, 19.995], [73.904, 19.994], [73.909, 19.995], [73.917, 19.992], [73.922, 19.993], [73.924, 19.996], [73.933, 19.996], [73.937, 19.998], [73.945, 19.989], [73.944, 19.982], [73.951, 19.981], [73.951, 19.975], [73.964, 19.97], [73.969, 19.971], [73.979, 19.977], [73.981, 19.983], [73.979, 19.994], [73.983, 19.999], [73.994, 19.997], [73.996, 20.002], [74.005, 20.009], [74.004, 20.014], [73.999, 20.017], [74, 20.02], [74.011, 20.02], [74.015, 20.023], [74.017, 20.028], [74.025, 20.036], [74.028, 20.037], [74.033, 20.033], [74.039, 20.045], [74.047, 20.051], [74.053, 20.051], [74.057, 20.05], [74.059, 20.044], [74.069, 20.043], [74.07, 20.04], [74.067, 20.031], [74.068, 20.025], [74.074, 20.022], [74.087, 20.029], [74.092, 20.034], [74.099, 20.034], [74.106, 20.026], [74.117, 20.016], [74.123, 20.012], [74.13, 20.012], [74.133, 20.01], [74.138, 20.012], [74.149, 20.01], [74.149, 19.997], [74.153, 19.991], [74.161, 19.987], [74.167, 19.988], [74.174, 19.993], [74.179, 19.993], [74.189, 19.991], [74.224, 19.966], [74.233, 19.966], [74.241, 19.963], [74.257, 19.962], [74.27, 19.962], [74.277, 19.96], [74.286, 19.953], [74.294, 19.953], [74.305, 19.947], [74.318, 19.945], [74.323, 19.939], [74.326, 19.931], [74.33, 19.927], [74.336, 19.929], [74.335, 19.937], [74.34, 19.938], [74.348, 19.932], [74.353, 19.93], [74.365, 19.932], [74.379, 19.925], [74.39, 19.917], [74.392, 19.916], [74.401, 19.922], [74.404, 19.923], [74.41, 19.92], [74.412, 19.911], [74.416, 19.903], [74.415, 19.894], [74.42, 19.888], [74.431, 19.886], [74.432, 19.884], [74.433, 19.872], [74.438, 19.869], [74.442, 19.869], [74.449, 19.863], [74.454, 19.861], [74.46, 19.868], [74.468, 19.872], [74.472, 19.873], [74.482, 19.877], [74.486, 19.885], [74.49, 19.887], [74.499, 19.886], [74.514, 19.877], [74.525, 19.862], [74.527, 19.854], [74.53, 19.849], [74.544, 19.837], [74.547, 19.835], [74.556, 19.835], [74.559, 19.833], [74.56, 19.824], [74.563, 19.818], [74.564, 19.812], [74.56, 19.803], [74.561, 19.799], [74.567, 19.799], [74.584, 19.791], [74.588, 19.786], [74.592, 19.776], [74.606, 19.769], [74.613, 19.772], [74.616, 19.778], [74.624, 19.788], [74.633, 19.793], [74.637, 19.793], [74.646, 19.787], [74.652, 19.778], [74.654, 19.777], [74.668, 19.776], [74.678, 19.767], [74.689, 19.768], [74.691, 19.766], [74.69, 19.759], [74.694, 19.755], [74.698, 19.757], [74.709, 19.765], [74.718, 19.762], [74.721, 19.757], [74.727, 19.754], [74.731, 19.757], [74.733, 19.763], [74.738, 19.764], [74.743, 19.756], [74.75, 19.749], [74.755, 19.749], [74.762, 19.755], [74.765, 19.754], [74.767, 19.75], [74.766, 19.74], [74.77, 19.736], [74.781, 19.737], [74.786, 19.732], [74.786, 19.719], [74.789, 19.714], [74.797, 19.707], [74.806, 19.703], [74.812, 19.704], [74.814, 19.699], [74.81, 19.691], [74.81, 19.687], [74.819, 19.679], [74.823, 19.668], [74.828, 19.664], [74.836, 19.664], [74.839, 19.662], [74.845, 19.649], [74.848, 19.647], [74.857, 19.647], [74.866, 19.651], [74.873, 19.65], [74.883, 19.655], [74.887, 19.652], [74.885, 19.645], [74.889, 19.639], [74.901, 19.642], [74.907, 19.647], [74.915, 19.649], [74.921, 19.646], [74.926, 19.647], [74.93, 19.645], [74.929, 19.64], [74.933, 19.637], [74.941, 19.645], [74.944, 19.646], [74.954, 19.646], [74.961, 19.648], [74.965, 19.647], [74.973, 19.643], [74.983, 19.64], [74.986, 19.634], [74.998, 19.625], [75.026, 19.624], [75.035, 19.626], [75.041, 19.624], [75.04, 19.617], [75.041, 19.612], [75.045, 19.61], [75.059, 19.606], [75.077, 19.609], [75.088, 19.613], [75.095, 19.607], [75.102, 19.604], [75.113, 19.604], [75.119, 19.6], [75.132, 19.592], [75.138, 19.59], [75.149, 19.59], [75.159, 19.592], [75.171, 19.597], [75.176, 19.602], [75.178, 19.607], [75.188, 19.602], [75.194, 19.596], [75.203, 19.584], [75.209, 19.572], [75.23, 19.546], [75.243, 19.521], [75.251, 19.518], [75.278, 19.506], [75.294, 19.5], [75.322, 19.496], [75.355, 19.491], [75.373, 19.484], [75.376, 19.48], [75.382, 19.469], [75.38, 19.462], [75.384, 19.459], [75.393, 19.465], [75.405, 19.467], [75.408, 19.469], [75.416, 19.468], [75.423, 19.461], [75.431, 19.46], [75.434, 19.457], [75.433, 19.452], [75.435, 19.437], [75.442, 19.43], [75.441, 19.417], [75.444, 19.414], [75.45, 19.414], [75.455, 19.416], [75.466, 19.415], [75.472, 19.42], [75.474, 19.427], [75.477, 19.431], [75.479, 19.439], [75.484, 19.442], [75.489, 19.441], [75.495, 19.435], [75.5, 19.432], [75.507, 19.432], [75.506, 19.425], [75.513, 19.421], [75.518, 19.416], [75.516, 19.407], [75.522, 19.402], [75.533, 19.398], [75.543, 19.393], [75.551, 19.387], [75.562, 19.383], [75.576, 19.382], [75.584, 19.379], [75.59, 19.38], [75.6, 19.385], [75.603, 19.385], [75.611, 19.38], [75.623, 19.374], [75.629, 19.374], [75.638, 19.382], [75.644, 19.379], [75.649, 19.369], [75.657, 19.367], [75.67, 19.368], [75.676, 19.363], [75.676, 19.359], [75.679, 19.356], [75.687, 19.355], [75.697, 19.359], [75.702, 19.359], [75.711, 19.356], [75.716, 19.355], [75.722, 19.357], [75.739, 19.359], [75.75, 19.358], [75.753, 19.359], [75.756, 19.366], [75.761, 19.374], [75.761, 19.381], [75.757, 19.387], [75.764, 19.393], [75.785, 19.399], [75.791, 19.399], [75.817, 19.384], [75.822, 19.38], [75.83, 19.375], [75.84, 19.371], [75.854, 19.375], [75.871, 19.382], [75.883, 19.382], [75.89, 19.379], [75.905, 19.39], [75.913, 19.392], [75.923, 19.385], [75.923, 19.38], [75.917, 19.371], [75.917, 19.365], [75.915, 19.361], [75.909, 19.357], [75.906, 19.35], [75.904, 19.336], [75.906, 19.317], [75.91, 19.311], [75.919, 19.301], [75.936, 19.293], [75.945, 19.293], [75.953, 19.298], [75.966, 19.303], [75.978, 19.306], [75.987, 19.313], [75.997, 19.322], [76, 19.323], [76.01, 19.336], [76.019, 19.339], [76.024, 19.335], [76.021, 19.328], [76.021, 19.324], [76.026, 19.312], [76.026, 19.298], [76.032, 19.289], [76.042, 19.284], [76.058, 19.284], [76.068, 19.279], [76.076, 19.279], [76.084, 19.28], [76.089, 19.282], [76.091, 19.286], [76.096, 19.305], [76.103, 19.308], [76.111, 19.304], [76.113, 19.296], [76.115, 19.296], [76.124, 19.303], [76.13, 19.303], [76.132, 19.294], [76.137, 19.291], [76.142, 19.29], [76.153, 19.296], [76.158, 19.297], [76.162, 19.294], [76.16, 19.287], [76.163, 19.283], [76.172, 19.283], [76.177, 19.287], [76.181, 19.288], [76.196, 19.285], [76.202, 19.282], [76.212, 19.272], [76.214, 19.269], [76.214, 19.262], [76.225, 19.258], [76.225, 19.252], [76.221, 19.245], [76.227, 19.243], [76.238, 19.246], [76.242, 19.245], [76.246, 19.241], [76.251, 19.241], [76.255, 19.244], [76.259, 19.254], [76.265, 19.257], [76.271, 19.258], [76.277, 19.263], [76.287, 19.266], [76.297, 19.262], [76.305, 19.265], [76.313, 19.263], [76.32, 19.255], [76.327, 19.252], [76.34, 19.252], [76.344, 19.25], [76.359, 19.24], [76.364, 19.233], [76.363, 19.217], [76.362, 19.209], [76.359, 19.203], [76.35, 19.194], [76.357, 19.184], [76.358, 19.18], [76.354, 19.17], [76.355, 19.164], [76.36, 19.161], [76.36, 19.154], [76.35, 19.144], [76.343, 19.142], [76.333, 19.138], [76.329, 19.13], [76.328, 19.122], [76.319, 19.117], [76.319, 19.111], [76.324, 19.105], [76.334, 19.1], [76.349, 19.098], [76.359, 19.108], [76.364, 19.12], [76.371, 19.128], [76.375, 19.13], [76.381, 19.13], [76.388, 19.126], [76.395, 19.111], [76.401, 19.105], [76.408, 19.094], [76.418, 19.091], [76.421, 19.092], [76.424, 19.099], [76.434, 19.098], [76.439, 19.089], [76.438, 19.083], [76.434, 19.073], [76.44, 19.062], [76.447, 19.054], [76.454, 19.05], [76.463, 19.051], [76.467, 19.055], [76.469, 19.06], [76.477, 19.072], [76.482, 19.074], [76.485, 19.079], [76.484, 19.084], [76.486, 19.088], [76.494, 19.089], [76.501, 19.092], [76.506, 19.099], [76.511, 19.103], [76.522, 19.099], [76.53, 19.101], [76.537, 19.11], [76.542, 19.111], [76.544, 19.108], [76.56, 19.102], [76.564, 19.102], [76.569, 19.105], [76.574, 19.111], [76.582, 19.108], [76.589, 19.101], [76.602, 19.089], [76.607, 19.079], [76.611, 19.075], [76.617, 19.076], [76.625, 19.08], [76.635, 19.077], [76.643, 19.056], [76.645, 19.047], [76.643, 19.039], [76.636, 19.031], [76.627, 19.028], [76.624, 19.024], [76.625, 19.017], [76.632, 19.014], [76.645, 19.004], [76.659, 18.999], [76.666, 18.994], [76.674, 18.994], [76.688, 18.998], [76.697, 18.999], [76.698, 19.011], [76.701, 19.019], [76.705, 19.023], [76.712, 19.027], [76.716, 19.02], [76.737, 19.022], [76.746, 19.019], [76.747, 19.01], [76.741, 19.001], [76.739, 18.991], [76.741, 18.983], [76.745, 18.979], [76.755, 18.98], [76.761, 18.982], [76.768, 18.988], [76.777, 18.993], [76.779, 19.003], [76.781, 19.006], [76.796, 19.011], [76.798, 19.02], [76.789, 19.026], [76.787, 19.036], [76.789, 19.044], [76.789, 19.053], [76.791, 19.056], [76.803, 19.056], [76.82, 19.044], [76.825, 19.041], [76.832, 19.04], [76.835, 19.042], [76.833, 19.055], [76.838, 19.065], [76.843, 19.065], [76.855, 19.062], [76.863, 19.068], [76.869, 19.068], [76.877, 19.056], [76.88, 19.055], [76.885, 19.061], [76.891, 19.065], [76.898, 19.064], [76.901, 19.061], [76.908, 19.05], [76.913, 19.047], [76.92, 19.048], [76.928, 19.056], [76.951, 19.071], [76.97, 19.081], [76.979, 19.082], [76.98, 19.085], [76.978, 19.094], [76.981, 19.102], [76.985, 19.106], [76.991, 19.107], [77.007, 19.095], [77.013, 19.095], [77.026, 19.108], [77.032, 19.109], [77.036, 19.106], [77.042, 19.096], [77.051, 19.092], [77.056, 19.09], [77.066, 19.092], [77.07, 19.096], [77.069, 19.104], [77.063, 19.111], [77.062, 19.119], [77.068, 19.122], [77.082, 19.123], [77.096, 19.128], [77.1, 19.128], [77.105, 19.119], [77.102, 19.113], [77.101, 19.109], [77.103, 19.104], [77.103, 19.095], [77.09, 19.09], [77.088, 19.088], [77.085, 19.08], [77.086, 19.074], [77.091, 19.068], [77.101, 19.069], [77.118, 19.079], [77.123, 19.08], [77.128, 19.077], [77.13, 19.073], [77.137, 19.071], [77.142, 19.071], [77.144, 19.075], [77.155, 19.082], [77.163, 19.096], [77.163, 19.104], [77.162, 19.11], [77.162, 19.117], [77.165, 19.122], [77.17, 19.123], [77.175, 19.119], [77.178, 19.11], [77.181, 19.106], [77.188, 19.104], [77.199, 19.106], [77.216, 19.11], [77.229, 19.112], [77.258, 19.122], [77.264, 19.122], [77.275, 19.118], [77.28, 19.118], [77.283, 19.121], [77.279, 19.135], [77.279, 19.142], [77.286, 19.147], [77.299, 19.146], [77.305, 19.148], [77.31, 19.147], [77.326, 19.14], [77.333, 19.14], [77.342, 19.147], [77.354, 19.151], [77.361, 19.162], [77.373, 19.164], [77.378, 19.167], [77.402, 19.157], [77.408, 19.151], [77.408, 19.149], [77.406, 19.14], [77.408, 19.134], [77.407, 19.129], [77.397, 19.12], [77.391, 19.111], [77.386, 19.097], [77.386, 19.092], [77.389, 19.088], [77.41, 19.08], [77.418, 19.066], [77.422, 19.059], [77.434, 19.056], [77.448, 19.048], [77.461, 19.04], [77.468, 19.033], [77.473, 19.019], [77.476, 19.016], [77.483, 19.013], [77.491, 19.013], [77.503, 19.014], [77.521, 19.009], [77.53, 18.994], [77.541, 18.993], [77.551, 18.998], [77.558, 18.997], [77.563, 18.994], [77.579, 18.984], [77.586, 18.975], [77.591, 18.967], [77.591, 18.957], [77.594, 18.942], [77.599, 18.931], [77.601, 18.929], [77.61, 18.929], [77.621, 18.937], [77.627, 18.935], [77.632, 18.927], [77.639, 18.914], [77.641, 18.912], [77.651, 18.91], [77.66, 18.908], [77.662, 18.905], [77.668, 18.898], [77.676, 18.897], [77.686, 18.899], [77.691, 18.899], [77.699, 18.895], [77.704, 18.886], [77.705, 18.875], [77.714, 18.87], [77.729, 18.868], [77.739, 18.863], [77.755, 18.865], [77.773, 18.868], [77.782, 18.865], [77.802, 18.855], [77.821, 18.853], [77.837, 18.857], [77.843, 18.854], [77.846, 18.844], [77.849, 18.837], [77.862, 18.828], [77.87, 18.82], [77.874, 18.818], [77.879, 18.818], [77.898, 18.826], [77.907, 18.828], [77.913, 18.828], [77.929, 18.823], [77.941, 18.826], [77.947, 18.829], [77.948, 18.833], [77.947, 18.844], [77.95, 18.85], [77.956, 18.855], [77.96, 18.865], [77.971, 18.874], [77.985, 18.879], [78.002, 18.883], [78.014, 18.884], [78.018, 18.883], [78.027, 18.877], [78.036, 18.876], [78.038, 18.881], [78.038, 18.892], [78.039, 18.902], [78.042, 18.915], [78.049, 18.939], [78.053, 18.942], [78.059, 18.942], [78.07, 18.94], [78.087, 18.941], [78.092, 18.942], [78.097, 18.946], [78.108, 18.957], [78.115, 18.961], [78.129, 18.96], [78.138, 18.961], [78.146, 18.965], [78.15, 18.968], [78.158, 18.978], [78.164, 18.993], [78.173, 18.998], [78.186, 18.997], [78.192, 18.998], [78.202, 19.002], [78.22, 19.005], [78.232, 19.01], [78.235, 19.014], [78.243, 19.017], [78.25, 19.013], [78.261, 19.004], [78.28, 18.99], [78.31, 18.973], [78.325, 18.966], [78.335, 18.965], [78.339, 18.966], [78.349, 18.978], [78.36, 18.988], [78.375, 18.996], [78.389, 18.998], [78.397, 18.997], [78.404, 18.999], [78.41, 18.998], [78.418, 18.994], [78.42, 18.99], [78.425, 18.976], [78.431, 18.97], [78.438, 18.967], [78.452, 18.965], [78.456, 18.957], [78.458, 18.955], [78.467, 18.959], [78.47, 18.957], [78.478, 18.959], [78.483, 18.963], [78.484, 18.967], [78.492, 18.973], [78.503, 18.974], [78.507, 18.973], [78.519, 18.964], [78.522, 18.957], [78.526, 18.953], [78.537, 18.947], [78.54, 18.943], [78.548, 18.943], [78.552, 18.954], [78.552, 18.964], [78.555, 18.974], [78.559, 18.98], [78.571, 18.991], [78.578, 18.995], [78.583, 18.995], [78.587, 18.989], [78.592, 18.989], [78.595, 18.986], [78.602, 18.986], [78.609, 18.984]]]}, "properties": {"rivname": "Godavari", "ba_name": "Godavari"}}, {"type": "Feature", "geometry": {"type": "LineString", "coordinates": [[81.808, 16.751], [81.813, 16.748], [81.819, 16.748], [81.821, 16.739], [81.828, 16.734], [81.828, 16.731], [81.834, 16.726], [81.849, 16.709], [81.859, 16.694], [81.87, 16.669], [81.873, 16.666], [81.872, 16.661], [81.875, 16.654], [81.882, 16.649], [81.883, 16.636], [81.889, 16.633], [81.893, 16.626], [81.897, 16.608], [81.898, 16.605], [81.905, 16.596], [81.914, 16.596], [81.916, 16.587], [81.921, 16.581], [81.919, 16.577], [81.925, 16.567]]}, "properties": {"rivname": "Gorinkala Drain", "ba_name": "Godavari"}}, {"type": "Feature", "geometry": {"type": "LineString", "coordinates": [[73.62, 26.093], [73.607, 26.087], [73.598, 26.085], [73.593, 26.086], [73.588, 26.081], [73.585, 26.073], [73.581, 26.071], [73.569, 26.056], [73.566, 26.055], [73.564, 26.049], [73.553, 26.044], [73.552, 26.041], [73.531, 26.035], [73.524, 26.031], [73.518, 26.031], [73.515, 26.033], [73.503, 26.031], [73.497, 26.032], [73.49, 26.03], [73.486, 26.032], [73.48, 26.03], [73.478, 26.026], [73.472, 26.022], [73.473, 26.017], [73.469, 26.016], [73.458, 26.017], [73.451, 26.014], [73.438, 26.013], [73.433, 26.015], [73.425, 26.01], [73.418, 26.007], [73.413, 26.008], [73.405, 26.004], [73.398, 25.998], [73.389, 25.985], [73.387, 25.98], [73.382, 25.975], [73.377, 25.973], [73.363, 25.973], [73.355, 25.975], [73.349, 25.98], [73.346, 25.985], [73.342, 25.986], [73.331, 25.987], [73.324, 25.984], [73.32, 25.979], [73.312, 25.975], [73.302, 25.967], [73.296, 25.959], [73.287, 25.955], [73.278, 25.95], [73.267, 25.95], [73.258, 25.941], [73.248, 25.939], [73.242, 25.94], [73.234, 25.938], [73.228, 25.93], [73.22, 25.927], [73.211, 25.928], [73.204, 25.924], [73.201, 25.918], [73.195, 25.917], [73.189, 25.907], [73.18, 25.905], [73.169, 25.898], [73.159, 25.906], [73.153, 25.907], [73.148, 25.909], [73.141, 25.909], [73.135, 25.907], [73.13, 25.911], [73.124, 25.908], [73.119, 25.909], [73.114, 25.913], [73.098, 25.907], [73.09, 25.908], [73.089, 25.901], [73.082, 25.9], [73.072, 25.901], [73.062, 25.904], [73.057, 25.907], [73.048, 25.908], [73.037, 25.905], [73.032, 25.905], [73.03, 25.908], [73.017, 25.906], [73.001, 25.91], [72.996, 25.913], [72.993, 25.91], [72.979, 25.912], [72.972, 25.91], [72.965, 25.912], [72.962, 25.917], [72.954, 25.918], [72.95, 25.916], [72.949, 25.911], [72.943, 25.909], [72.941, 25.906], [72.931, 25.9]]}, "properties": {"rivname": "Guhiya", "ba_name": "West flowing rivers of Kutch and Saurashtra including Luni"}}, {"type": "Feature", "geometry": {"type": "MultiLineString", "coordinates": [[[80.866, 19.108], [80.859, 19.106], [80.853, 19.107], [80.845, 19.107], [80.84, 19.115], [80.84, 19.118], [80.833, 19.121], [80.833, 19.124], [80.827, 19.127], [80.823, 19.127], [80.815, 19.133], [80.816, 19.14], [80.81, 19.143], [80.799, 19.141], [80.793, 19.144], [80.787, 19.143], [80.781, 19.139], [80.769, 19.142], [80.765, 19.148], [80.756, 19.158], [80.756, 19.161]], [[80.866, 19.108], [80.859, 19.11], [80.851, 19.114], [80.848, 19.12], [80.843, 19.123], [80.839, 19.123], [80.827, 19.131], [80.824, 19.143], [80.819, 19.145], [80.818, 19.154], [80.816, 19.155], [80.81, 19.154], [80.804, 19.156], [80.794, 19.156], [80.789, 19.158], [80.781, 19.156], [80.777, 19.157], [80.77, 19.154], [80.761, 19.156], [80.756, 19.161]], [[80.331, 19.141], [80.328, 19.137], [80.328, 19.129], [80.327, 19.124], [80.33, 19.119], [80.33, 19.116], [80.334, 19.111], [80.335, 19.1], [80.328, 19.092], [80.331, 19.08], [80.329, 19.076], [80.33, 19.07], [80.323, 19.067], [80.313, 19.061], [80.309, 19.057], [80.3, 19.052], [80.297, 19.049], [80.298, 19.042], [80.301, 19.041], [80.306, 19.033], [80.305, 19.023], [80.299, 19.019], [80.291, 19.009], [80.286, 19.007], [80.283, 19.002], [80.274, 18.996], [80.272, 18.989], [80.274, 18.971], [80.273, 18.964], [80.268, 18.947], [80.269, 18.941], [80.274, 18.931], [80.301, 18.91], [80.302, 18.907], [80.306, 18.902], [80.31, 18.893], [80.319, 18.885], [80.323, 18.884], [80.331, 18.874], [80.34, 18.862], [80.344, 18.854], [80.352, 18.843], [80.355, 18.828], [80.352, 18.816], [80.349, 18.814], [80.339, 18.81], [80.332, 18.803], [80.325, 18.798], [80.318, 18.799], [80.305, 18.797], [80.295, 18.787], [80.288, 18.779], [80.289, 18.774], [80.277, 18.767], [80.273, 18.767], [80.261, 18.771], [80.253, 18.769], [80.245, 18.761], [80.246, 18.755], [80.255, 18.749], [80.261, 18.742], [80.265, 18.733], [80.272, 18.724]], [[80.756, 19.161], [80.752, 19.171]], [[80.752, 19.171], [80.747, 19.179], [80.746, 19.184], [80.749, 19.19], [80.745, 19.197], [80.749, 19.202], [80.749, 19.212], [80.751, 19.216]], [[80.752, 19.171], [80.753, 19.173], [80.752, 19.18], [80.754, 19.184], [80.752, 19.19], [80.756, 19.198], [80.755, 19.21], [80.751, 19.216]], [[80.379, 19.178], [80.368, 19.174], [80.36, 19.173], [80.347, 19.167], [80.341, 19.161], [80.333, 19.15], [80.331, 19.141]], [[80.379, 19.178], [80.359, 19.167], [80.354, 19.167], [80.346, 19.159], [80.348, 19.152], [80.341, 19.147], [80.336, 19.146], [80.331, 19.141]], [[80.751, 19.216], [80.747, 19.226], [80.728, 19.239], [80.728, 19.244], [80.724, 19.252], [80.724, 19.256], [80.717, 19.262]], [[80.724, 19.252], [80.718, 19.256], [80.717, 19.262]], [[80.444, 19.262], [80.435, 19.256], [80.421, 19.253], [80.41, 19.248], [80.402, 19.248], [80.395, 19.246], [80.391, 19.237], [80.387, 19.235], [80.386, 19.226], [80.384, 19.223], [80.384, 19.213], [80.392, 19.202], [80.395, 19.197], [80.394, 19.188], [80.385, 19.18], [80.379, 19.178]], [[80.717, 19.262], [80.708, 19.27], [80.692, 19.277], [80.689, 19.28], [80.688, 19.291], [80.69, 19.302], [80.693, 19.312], [80.693, 19.318], [80.689, 19.321]], [[80.689, 19.321], [80.686, 19.327], [80.678, 19.331], [80.674, 19.331], [80.667, 19.327], [80.658, 19.324], [80.653, 19.321], [80.649, 19.316], [80.643, 19.315], [80.634, 19.316], [80.633, 19.31], [80.625, 19.308], [80.62, 19.311], [80.616, 19.314], [80.612, 19.323], [80.613, 19.329], [80.605, 19.333], [80.595, 19.351], [80.594, 19.363], [80.59, 19.371], [80.595, 19.372], [80.598, 19.38], [80.593, 19.384]], [[80.689, 19.321], [80.677, 19.321], [80.673, 19.318], [80.662, 19.307], [80.656, 19.309], [80.652, 19.306], [80.643, 19.306], [80.635, 19.3], [80.625, 19.3], [80.624, 19.302], [80.617, 19.304], [80.612, 19.309], [80.605, 19.311], [80.602, 19.321], [80.602, 19.328], [80.592, 19.34], [80.591, 19.343], [80.584, 19.352], [80.586, 19.361], [80.586, 19.373], [80.58, 19.382], [80.581, 19.389], [80.575, 19.401], [80.569, 19.402]], [[80.53, 19.361], [80.527, 19.357], [80.525, 19.349], [80.522, 19.342], [80.52, 19.34], [80.508, 19.338], [80.505, 19.336], [80.493, 19.338], [80.489, 19.338], [80.481, 19.332], [80.481, 19.324], [80.477, 19.315], [80.478, 19.312], [80.469, 19.302], [80.467, 19.296], [80.464, 19.292], [80.46, 19.285], [80.457, 19.282], [80.452, 19.267], [80.444, 19.262]], [[80.59, 19.371], [80.593, 19.376], [80.593, 19.384]], [[80.534, 19.382], [80.528, 19.371], [80.526, 19.363], [80.524, 19.358], [80.511, 19.35], [80.506, 19.348], [80.497, 19.348], [80.487, 19.345], [80.486, 19.342], [80.475, 19.335], [80.47, 19.325], [80.469, 19.315], [80.465, 19.311], [80.459, 19.302], [80.455, 19.292], [80.453, 19.291], [80.456, 19.281], [80.45, 19.272], [80.446, 19.267], [80.444, 19.262]], [[80.534, 19.382], [80.531, 19.374], [80.531, 19.363], [80.53, 19.361]], [[80.593, 19.384], [80.593, 19.387], [80.582, 19.404], [80.576, 19.406], [80.569, 19.402]], [[80.564, 19.399], [80.562, 19.393], [80.558, 19.394], [80.552, 19.388], [80.547, 19.381], [80.545, 19.373], [80.535, 19.366], [80.535, 19.362], [80.53, 19.361]], [[80.569, 19.402], [80.558, 19.396], [80.552, 19.394], [80.547, 19.389], [80.534, 19.382]], [[83.065, 19.566], [83.057, 19.564], [83.049, 19.565], [83.043, 19.568], [83.041, 19.573], [83.037, 19.574], [83.033, 19.581], [83.025, 19.589], [83.019, 19.589], [83.015, 19.592], [83.004, 19.596], [82.994, 19.588], [82.989, 19.587], [82.985, 19.582], [82.983, 19.576], [82.979, 19.572], [82.978, 19.564], [82.972, 19.557], [82.972, 19.555], [82.964, 19.552], [82.962, 19.545], [82.962, 19.538], [82.964, 19.533], [82.959, 19.529], [82.959, 19.522], [82.954, 19.506], [82.958, 19.502], [82.958, 19.496], [82.955, 19.492], [82.954, 19.483], [82.948, 19.476], [82.948, 19.471], [82.943, 19.468], [82.943, 19.464], [82.938, 19.45], [82.933, 19.451], [82.932, 19.447], [82.926, 19.444], [82.921, 19.439], [82.92, 19.43], [82.915, 19.429], [82.912, 19.42], [82.908, 19.417], [82.91, 19.413], [82.91, 19.408], [82.904, 19.402], [82.897, 19.404], [82.891, 19.394], [82.889, 19.39], [82.873, 19.388], [82.872, 19.382], [82.876, 19.374], [82.87, 19.351], [82.867, 19.342], [82.864, 19.339], [82.855, 19.336], [82.853, 19.329], [82.854, 19.323], [82.849, 19.318], [82.843, 19.308], [82.843, 19.302], [82.837, 19.291], [82.834, 19.291], [82.833, 19.284], [82.829, 19.282], [82.83, 19.277], [82.828, 19.267], [82.824, 19.262], [82.825, 19.257], [82.821, 19.255], [82.816, 19.257], [82.815, 19.251], [82.809, 19.246], [82.804, 19.237], [82.8, 19.237], [82.796, 19.234], [82.792, 19.232], [82.787, 19.229], [82.784, 19.233], [82.778, 19.236], [82.769, 19.237], [82.764, 19.234], [82.762, 19.238], [82.756, 19.236], [82.75, 19.239], [82.745, 19.239], [82.741, 19.234], [82.733, 19.24], [82.728, 19.238], [82.721, 19.24], [82.715, 19.23], [82.717, 19.223], [82.713, 19.22], [82.704, 19.22], [82.701, 19.217], [82.702, 19.214], [82.696, 19.208], [82.698, 19.204], [82.694, 19.192], [82.686, 19.186], [82.682, 19.189], [82.681, 19.197], [82.678, 19.197], [82.669, 19.184], [82.66, 19.186], [82.656, 19.188], [82.652, 19.187], [82.642, 19.176], [82.637, 19.173], [82.641, 19.17], [82.64, 19.165], [82.642, 19.16], [82.641, 19.15], [82.639, 19.149], [82.629, 19.153], [82.623, 19.151], [82.615, 19.161], [82.616, 19.167], [82.616, 19.182], [82.613, 19.183], [82.604, 19.181], [82.602, 19.188], [82.598, 19.193], [82.592, 19.193], [82.59, 19.195], [82.59, 19.202], [82.587, 19.202], [82.584, 19.195], [82.58, 19.194], [82.577, 19.198], [82.577, 19.21], [82.571, 19.209], [82.572, 19.203], [82.571, 19.199], [82.565, 19.197], [82.56, 19.201], [82.551, 19.204], [82.547, 19.201], [82.552, 19.196], [82.55, 19.194], [82.537, 19.198], [82.531, 19.204], [82.526, 19.198], [82.52, 19.202], [82.515, 19.201], [82.511, 19.196], [82.502, 19.189], [82.488, 19.18], [82.478, 19.181], [82.473, 19.177], [82.468, 19.179], [82.464, 19.183], [82.459, 19.184], [82.455, 19.181], [82.453, 19.175], [82.443, 19.174], [82.441, 19.171], [82.435, 19.17], [82.423, 19.179], [82.41, 19.184], [82.41, 19.179], [82.413, 19.171], [82.41, 19.168], [82.402, 19.165], [82.398, 19.165], [82.392, 19.168], [82.38, 19.178], [82.376, 19.176], [82.374, 19.171], [82.37, 19.171], [82.366, 19.179], [82.357, 19.181], [82.353, 19.184], [82.35, 19.181], [82.35, 19.174], [82.346, 19.169], [82.34, 19.168], [82.33, 19.17], [82.322, 19.178], [82.312, 19.178], [82.308, 19.176], [82.3, 19.166], [82.294, 19.162], [82.292, 19.157], [82.292, 19.152], [82.289, 19.148], [82.281, 19.149], [82.277, 19.156], [82.268, 19.155], [82.264, 19.152], [82.259, 19.141], [82.252, 19.141], [82.242, 19.145], [82.236, 19.143], [82.229, 19.143], [82.226, 19.139], [82.228, 19.131], [82.235, 19.123], [82.235, 19.121], [82.227, 19.121], [82.221, 19.115], [82.218, 19.114], [82.212, 19.118], [82.206, 19.124], [82.197, 19.121], [82.192, 19.128], [82.182, 19.13], [82.181, 19.125], [82.178, 19.123], [82.177, 19.118], [82.171, 19.119], [82.169, 19.13], [82.166, 19.132], [82.159, 19.134], [82.154, 19.125], [82.15, 19.125], [82.149, 19.133], [82.152, 19.137], [82.149, 19.142], [82.14, 19.145], [82.136, 19.149], [82.123, 19.151], [82.113, 19.147], [82.107, 19.142], [82.107, 19.139], [82.115, 19.14], [82.117, 19.132], [82.114, 19.127], [82.115, 19.12], [82.112, 19.115], [82.103, 19.113], [82.095, 19.121], [82.089, 19.121], [82.085, 19.126], [82.079, 19.129], [82.074, 19.127], [82.067, 19.128], [82.061, 19.123], [82.056, 19.114], [82.052, 19.102], [82.044, 19.1], [82.031, 19.094], [82.026, 19.096], [82.025, 19.106], [82.017, 19.111], [82.008, 19.112], [82.011, 19.116], [82.011, 19.123], [82.017, 19.137], [82.016, 19.14], [82.006, 19.136], [81.996, 19.137], [81.992, 19.141], [81.983, 19.14], [81.973, 19.134], [81.968, 19.126], [81.964, 19.113], [81.956, 19.104], [81.936, 19.105], [81.932, 19.107], [81.924, 19.124], [81.912, 19.127], [81.901, 19.126], [81.891, 19.13], [81.888, 19.139], [81.888, 19.154], [81.891, 19.16], [81.895, 19.172], [81.898, 19.192], [81.896, 19.196], [81.89, 19.201], [81.88, 19.205], [81.869, 19.205], [81.86, 19.202], [81.855, 19.192], [81.856, 19.183], [81.858, 19.175], [81.859, 19.163], [81.856, 19.157], [81.847, 19.148], [81.843, 19.146], [81.828, 19.149], [81.82, 19.153], [81.816, 19.163], [81.817, 19.178], [81.809, 19.187], [81.803, 19.191], [81.799, 19.192], [81.793, 19.195], [81.781, 19.195], [81.768, 19.191], [81.748, 19.18], [81.744, 19.179], [81.739, 19.183], [81.737, 19.191], [81.728, 19.201], [81.717, 19.206], [81.706, 19.209], [81.688, 19.205], [81.684, 19.197], [81.68, 19.194], [81.672, 19.194], [81.666, 19.187], [81.655, 19.179], [81.632, 19.187], [81.625, 19.191], [81.616, 19.202], [81.615, 19.208], [81.612, 19.213], [81.611, 19.22], [81.602, 19.23], [81.599, 19.241], [81.591, 19.245], [81.58, 19.246], [81.574, 19.24], [81.574, 19.234], [81.565, 19.226], [81.555, 19.212], [81.549, 19.211], [81.539, 19.216], [81.526, 19.213], [81.521, 19.208], [81.513, 19.204], [81.507, 19.203], [81.487, 19.21], [81.484, 19.209], [81.474, 19.212], [81.464, 19.209], [81.458, 19.198], [81.453, 19.186], [81.442, 19.187], [81.433, 19.192], [81.416, 19.194], [81.413, 19.193], [81.409, 19.194], [81.4, 19.186], [81.39, 19.19], [81.384, 19.187], [81.372, 19.175], [81.368, 19.166], [81.361, 19.16], [81.358, 19.161], [81.346, 19.152], [81.343, 19.146], [81.343, 19.141], [81.337, 19.137], [81.342, 19.126], [81.338, 19.119], [81.339, 19.108], [81.335, 19.105], [81.335, 19.1], [81.33, 19.093], [81.32, 19.085], [81.311, 19.084], [81.304, 19.081], [81.299, 19.082], [81.295, 19.089], [81.285, 19.095], [81.281, 19.101], [81.268, 19.105], [81.258, 19.101], [81.254, 19.101], [81.249, 19.097], [81.241, 19.087], [81.243, 19.077], [81.237, 19.063], [81.232, 19.058], [81.227, 19.046], [81.223, 19.043], [81.221, 19.038], [81.216, 19.031], [81.202, 19.021], [81.197, 19.021], [81.193, 19.017], [81.179, 19.014], [81.176, 19.011], [81.16, 19.007], [81.155, 19.003], [81.146, 19.001], [81.138, 19.008], [81.119, 19.014], [81.109, 19.022], [81.108, 19.026], [81.101, 19.034], [81.095, 19.039], [81.096, 19.043], [81.09, 19.049], [81.079, 19.054], [81.075, 19.058], [81.071, 19.074], [81.062, 19.079], [81.058, 19.091], [81.046, 19.098], [81.04, 19.1], [81.032, 19.095], [81.028, 19.096], [81.024, 19.093], [81.019, 19.095], [81.016, 19.098], [80.997, 19.114], [80.989, 19.119], [80.973, 19.118], [80.97, 19.12], [80.964, 19.13], [80.957, 19.134], [80.955, 19.132], [80.938, 19.129], [80.934, 19.127], [80.92, 19.112], [80.917, 19.11], [80.916, 19.102], [80.912, 19.101], [80.907, 19.096], [80.902, 19.095], [80.89, 19.099], [80.881, 19.099], [80.866, 19.108]]]}, "properties": {"rivname": "Indravati", "ba_name": "Godavari"}}, {"type": "Feature", "geometry": {"type": "LineString", "coordinates": [[88.648, 24.083], [88.655, 24.079], [88.657, 24.074], [88.651, 24.069], [88.648, 24.063], [88.647, 24.053], [88.643, 24.046], [88.632, 24.035], [88.631, 24.031], [88.633, 24.024], [88.643, 24.023], [88.649, 24.018], [88.65, 24.012], [88.648, 24.006], [88.642, 24.004], [88.637, 23.993], [88.63, 23.986], [88.623, 23.983], [88.617, 23.983], [88.611, 23.986], [88.596, 24], [88.592, 24.006], [88.589, 24.023], [88.582, 24.03], [88.577, 24.033], [88.569, 24.035], [88.561, 24.04], [88.553, 24.041], [88.549, 24.037], [88.549, 24.021], [88.544, 24.001], [88.537, 23.994], [88.531, 23.993], [88.519, 23.995], [88.513, 23.994], [88.511, 23.989], [88.515, 23.981], [88.519, 23.978], [88.524, 23.966], [88.525, 23.958], [88.523, 23.951], [88.52, 23.951], [88.513, 23.957], [88.509, 23.951], [88.506, 23.949], [88.497, 23.95], [88.497, 23.943], [88.492, 23.936], [88.485, 23.935], [88.478, 23.935], [88.474, 23.938], [88.471, 23.943], [88.466, 23.94], [88.457, 23.928], [88.458, 23.924], [88.466, 23.919], [88.477, 23.915], [88.489, 23.914], [88.504, 23.909], [88.511, 23.9], [88.511, 23.89], [88.504, 23.884], [88.5, 23.885], [88.496, 23.892], [88.49, 23.897], [88.486, 23.903], [88.482, 23.903], [88.469, 23.892], [88.463, 23.888], [88.472, 23.875], [88.475, 23.868], [88.477, 23.858], [88.476, 23.847], [88.473, 23.84], [88.474, 23.836], [88.478, 23.83], [88.478, 23.822], [88.473, 23.82], [88.468, 23.824], [88.458, 23.825], [88.45, 23.824], [88.446, 23.827], [88.458, 23.837], [88.459, 23.843], [88.453, 23.853], [88.449, 23.857], [88.442, 23.853], [88.436, 23.844], [88.435, 23.838], [88.43, 23.829], [88.427, 23.82], [88.422, 23.812], [88.417, 23.801], [88.411, 23.797], [88.414, 23.794], [88.418, 23.794], [88.424, 23.797], [88.435, 23.806], [88.438, 23.806], [88.449, 23.798], [88.464, 23.79], [88.47, 23.783], [88.472, 23.769], [88.467, 23.766], [88.451, 23.769], [88.462, 23.762], [88.468, 23.755], [88.48, 23.751], [88.487, 23.751], [88.495, 23.747], [88.501, 23.741], [88.509, 23.744], [88.516, 23.745], [88.523, 23.744], [88.524, 23.741], [88.52, 23.73], [88.518, 23.727], [88.511, 23.725], [88.489, 23.724], [88.476, 23.726], [88.473, 23.718], [88.473, 23.713], [88.477, 23.707], [88.485, 23.702], [88.49, 23.701], [88.509, 23.708], [88.519, 23.709], [88.526, 23.708], [88.532, 23.703], [88.532, 23.697], [88.528, 23.694], [88.514, 23.692], [88.505, 23.689], [88.502, 23.686], [88.501, 23.679], [88.496, 23.668], [88.498, 23.664], [88.512, 23.66], [88.514, 23.657], [88.516, 23.65], [88.51, 23.647], [88.497, 23.648], [88.491, 23.647], [88.484, 23.641], [88.474, 23.631], [88.467, 23.632], [88.464, 23.642], [88.454, 23.641], [88.449, 23.636], [88.448, 23.632], [88.449, 23.626], [88.455, 23.625], [88.472, 23.624], [88.477, 23.623], [88.487, 23.624], [88.498, 23.628], [88.512, 23.627], [88.517, 23.625], [88.526, 23.617], [88.526, 23.613], [88.516, 23.597], [88.503, 23.585], [88.503, 23.578], [88.507, 23.573], [88.513, 23.568], [88.507, 23.564], [88.498, 23.566], [88.491, 23.565], [88.483, 23.558], [88.482, 23.554], [88.486, 23.545], [88.494, 23.534], [88.507, 23.523], [88.512, 23.52], [88.531, 23.515], [88.541, 23.509], [88.548, 23.507], [88.55, 23.501], [88.543, 23.496], [88.539, 23.496], [88.522, 23.504], [88.514, 23.507], [88.505, 23.507], [88.501, 23.505], [88.498, 23.502], [88.493, 23.49], [88.486, 23.488], [88.477, 23.491], [88.475, 23.486], [88.479, 23.479], [88.487, 23.477], [88.49, 23.474], [88.487, 23.467], [88.487, 23.462], [88.493, 23.459], [88.502, 23.464], [88.519, 23.465], [88.532, 23.471], [88.537, 23.471], [88.541, 23.466], [88.542, 23.459], [88.539, 23.455], [88.53, 23.452], [88.524, 23.454], [88.514, 23.46], [88.505, 23.461], [88.502, 23.459], [88.495, 23.45], [88.485, 23.443], [88.487, 23.438], [88.495, 23.433], [88.503, 23.425], [88.504, 23.418], [88.5, 23.416], [88.483, 23.42], [88.473, 23.419], [88.473, 23.415], [88.466, 23.411], [88.46, 23.41], [88.453, 23.412], [88.448, 23.421], [88.449, 23.427], [88.455, 23.437], [88.455, 23.447], [88.452, 23.45], [88.446, 23.45], [88.439, 23.448], [88.431, 23.446], [88.427, 23.443], [88.419, 23.434], [88.414, 23.43], [88.395, 23.416], [88.387, 23.415], [88.378, 23.411]]}, "properties": {"rivname": "Jalangi", "ba_name": "Ganga"}}, {"type": "Feature", "geometry": {"type": "LineString", "coordinates": [[74.338, 15.158], [74.335, 15.171], [74.336, 15.174], [74.336, 15.183], [74.331, 15.19], [74.333, 15.194], [74.338, 15.194], [74.346, 15.199], [74.346, 15.204], [74.35, 15.211], [74.348, 15.213], [74.342, 15.214], [74.335, 15.221], [74.332, 15.232], [74.342, 15.234], [74.346, 15.237], [74.349, 15.244], [74.358, 15.246], [74.359, 15.249], [74.365, 15.249], [74.368, 15.254], [74.373, 15.256], [74.378, 15.261], [74.377, 15.268], [74.383, 15.274], [74.391, 15.278], [74.395, 15.275], [74.406, 15.275], [74.411, 15.271], [74.419, 15.273], [74.432, 15.27], [74.439, 15.27], [74.445, 15.268], [74.449, 15.263], [74.46, 15.261], [74.468, 15.262], [74.474, 15.266], [74.478, 15.267], [74.488, 15.266], [74.496, 15.263], [74.504, 15.264], [74.512, 15.273], [74.528, 15.276], [74.535, 15.279], [74.54, 15.273], [74.541, 15.263], [74.545, 15.261], [74.553, 15.265], [74.56, 15.266], [74.565, 15.263], [74.57, 15.252], [74.584, 15.251], [74.587, 15.253], [74.595, 15.256], [74.604, 15.25], [74.607, 15.241], [74.612, 15.236], [74.619, 15.235], [74.621, 15.24], [74.628, 15.241], [74.633, 15.245], [74.643, 15.238], [74.652, 15.234], [74.66, 15.235], [74.667, 15.23], [74.666, 15.224], [74.67, 15.219], [74.678, 15.218], [74.689, 15.205], [74.698, 15.204], [74.7, 15.198], [74.697, 15.193], [74.686, 15.186], [74.685, 15.183], [74.687, 15.176], [74.686, 15.168], [74.689, 15.162], [74.698, 15.164], [74.7, 15.165], [74.707, 15.165], [74.713, 15.167], [74.719, 15.166], [74.721, 15.154], [74.717, 15.148], [74.717, 15.143], [74.721, 15.136], [74.722, 15.131], [74.727, 15.124], [74.728, 15.114], [74.73, 15.112], [74.728, 15.097], [74.732, 15.094], [74.732, 15.089], [74.73, 15.083], [74.726, 15.085], [74.719, 15.081], [74.713, 15.086], [74.709, 15.091], [74.708, 15.097], [74.702, 15.105], [74.697, 15.105], [74.692, 15.097], [74.689, 15.098], [74.683, 15.093], [74.679, 15.094], [74.677, 15.098], [74.67, 15.098], [74.665, 15.094], [74.665, 15.087], [74.662, 15.083], [74.651, 15.078], [74.644, 15.078], [74.642, 15.082], [74.637, 15.083], [74.634, 15.076], [74.63, 15.074], [74.621, 15.066], [74.608, 15.065], [74.603, 15.063], [74.601, 15.055], [74.6, 15.044], [74.603, 15.034], [74.601, 15.029], [74.596, 15.024], [74.584, 15.018], [74.579, 15.014], [74.582, 15.001], [74.58, 14.997], [74.573, 14.989], [74.57, 14.982], [74.566, 14.978], [74.567, 14.972], [74.567, 14.959], [74.563, 14.949], [74.557, 14.945], [74.549, 14.944], [74.544, 14.94], [74.542, 14.935], [74.542, 14.927], [74.541, 14.923], [74.536, 14.919], [74.531, 14.92], [74.523, 14.924], [74.517, 14.924], [74.508, 14.921], [74.501, 14.921], [74.492, 14.914], [74.486, 14.901], [74.479, 14.895], [74.465, 14.892], [74.458, 14.886], [74.454, 14.88], [74.448, 14.877], [74.441, 14.88], [74.433, 14.882], [74.425, 14.875], [74.414, 14.871], [74.401, 14.871], [74.39, 14.876], [74.377, 14.886], [74.364, 14.896], [74.356, 14.897], [74.344, 14.903], [74.331, 14.904], [74.32, 14.905], [74.283, 14.892], [74.271, 14.894], [74.264, 14.894], [74.251, 14.898], [74.247, 14.893], [74.248, 14.888], [74.252, 14.883], [74.252, 14.88], [74.247, 14.873], [74.241, 14.867], [74.236, 14.865], [74.229, 14.865], [74.219, 14.873], [74.206, 14.876], [74.2, 14.875], [74.182, 14.867], [74.166, 14.861], [74.141, 14.845], [74.126, 14.843], [74.121, 14.842]]}, "properties": {"rivname": "Kalinadi", "ba_name": "West flowing rivers from Tapi to Tadri"}}, {"type": "Feature", "geometry": {"type": "LineString", "coordinates": [[77.223, 8.813], [77.225, 8.824], [77.228, 8.828], [77.236, 8.833], [77.235, 8.844], [77.23, 8.845], [77.228, 8.85], [77.209, 8.86], [77.2, 8.867], [77.199, 8.872], [77.192, 8.875], [77.184, 8.887], [77.172, 8.896], [77.158, 8.902], [77.121, 8.923], [77.104, 8.93], [77.093, 8.935], [77.084, 8.942], [77.079, 8.95], [77.075, 8.953], [77.069, 8.955], [77.06, 8.959], [77.057, 8.964], [77.052, 8.965], [77.038, 8.976], [77.027, 8.981], [77.021, 8.987], [77.018, 8.985], [77.011, 8.984], [77.006, 8.982], [77, 8.985], [76.994, 8.986], [76.983, 8.992], [76.972, 8.998], [76.961, 8.999], [76.959, 8.992], [76.946, 8.998], [76.943, 8.998], [76.929, 9.004], [76.931, 9.009], [76.927, 9.02], [76.927, 9.023], [76.922, 9.034], [76.921, 9.041], [76.915, 9.034], [76.908, 9.037], [76.903, 9.038], [76.902, 9.041], [76.898, 9.045], [76.894, 9.044], [76.891, 9.048], [76.878, 9.049], [76.87, 9.056], [76.871, 9.067], [76.868, 9.074], [76.87, 9.077], [76.866, 9.083], [76.862, 9.078], [76.854, 9.078], [76.851, 9.073], [76.847, 9.074], [76.836, 9.073], [76.829, 9.079], [76.823, 9.08], [76.82, 9.077], [76.804, 9.09], [76.797, 9.09], [76.791, 9.087], [76.788, 9.09], [76.781, 9.089], [76.779, 9.081], [76.772, 9.079], [76.772, 9.074], [76.757, 9.073], [76.757, 9.086], [76.753, 9.088], [76.75, 9.082], [76.745, 9.08], [76.738, 9.086], [76.735, 9.082], [76.728, 9.083], [76.723, 9.081], [76.714, 9.085], [76.719, 9.074], [76.723, 9.069], [76.725, 9.065], [76.718, 9.065], [76.714, 9.059], [76.706, 9.059], [76.702, 9.064], [76.695, 9.063], [76.687, 9.062], [76.686, 9.058], [76.69, 9.056], [76.684, 9.044], [76.677, 9.042], [76.678, 9.027], [76.674, 9.029], [76.663, 9.025], [76.658, 9.027], [76.648, 9.028], [76.646, 9.022], [76.647, 9.016], [76.641, 9.018], [76.632, 9.014], [76.634, 9.009], [76.631, 9.006], [76.617, 9], [76.61, 9.001], [76.603, 8.999], [76.594, 9.002], [76.585, 8.998], [76.583, 8.994], [76.586, 8.988], [76.587, 8.975], [76.582, 8.964], [76.578, 8.956], [76.571, 8.947], [76.566, 8.943], [76.56, 8.945], [76.554, 8.944], [76.547, 8.935], [76.541, 8.935]]}, "properties": {"rivname": "Kallada", "ba_name": "West flowing rivers from Tadri to Kanyakumari"}}, {"type": "Feature", "geometry": {"type": "LineString", "coordinates": [[92.651, 23.058], [92.654, 23.049], [92.655, 23.039], [92.653, 23.038], [92.657, 23.032], [92.657, 23.026], [92.66, 23.021], [92.66, 23.017], [92.663, 23.01], [92.666, 23.001], [92.663, 22.995], [92.666, 22.985], [92.661, 22.981], [92.669, 22.954], [92.67, 22.945], [92.668, 22.939], [92.661, 22.935], [92.658, 22.936], [92.646, 22.936], [92.641, 22.942], [92.632, 22.943], [92.629, 22.941], [92.621, 22.941], [92.623, 22.945], [92.62, 22.947], [92.618, 22.952], [92.61, 22.949], [92.606, 22.945], [92.597, 22.948], [92.59, 22.947], [92.589, 22.942], [92.583, 22.942], [92.572, 22.939], [92.568, 22.936], [92.558, 22.932], [92.556, 22.927], [92.549, 22.929], [92.542, 22.925], [92.542, 22.934], [92.539, 22.942], [92.533, 22.941], [92.53, 22.946], [92.526, 22.943], [92.527, 22.939], [92.523, 22.937]]}, "properties": {"rivname": "Deh", "ba_name": "Minor rivers draining into Myanmar and Bangladesh"}}, {"type": "Feature", "geometry": {"type": "LineString", "coordinates": [[92.638, 24.828], [92.639, 24.821], [92.645, 24.821], [92.646, 24.815], [92.659, 24.817], [92.663, 24.814], [92.661, 24.809], [92.664, 24.805], [92.661, 24.802], [92.655, 24.802], [92.657, 24.795], [92.652, 24.792], [92.65, 24.789], [92.651, 24.782], [92.647, 24.78], [92.642, 24.772], [92.641, 24.766], [92.643, 24.761], [92.635, 24.751], [92.635, 24.747], [92.641, 24.735], [92.64, 24.731], [92.632, 24.73], [92.631, 24.727], [92.636, 24.72], [92.636, 24.713], [92.627, 24.708], [92.626, 24.703], [92.627, 24.698], [92.622, 24.695], [92.626, 24.691], [92.625, 24.685], [92.623, 24.682], [92.622, 24.676], [92.617, 24.672], [92.621, 24.669], [92.621, 24.665], [92.624, 24.653], [92.616, 24.648], [92.61, 24.65], [92.608, 24.646], [92.613, 24.638], [92.611, 24.636], [92.604, 24.639], [92.6, 24.636], [92.595, 24.64], [92.591, 24.639], [92.597, 24.63], [92.593, 24.628], [92.596, 24.624], [92.591, 24.614], [92.587, 24.617], [92.58, 24.615], [92.58, 24.607], [92.585, 24.61], [92.593, 24.608], [92.61, 24.611], [92.617, 24.604], [92.623, 24.61], [92.628, 24.604], [92.635, 24.608], [92.639, 24.605], [92.64, 24.599], [92.636, 24.593], [92.642, 24.589], [92.64, 24.582], [92.635, 24.575], [92.636, 24.567], [92.633, 24.563], [92.634, 24.558], [92.632, 24.553], [92.627, 24.552], [92.62, 24.547], [92.62, 24.541], [92.616, 24.529], [92.617, 24.524], [92.612, 24.518], [92.608, 24.511], [92.609, 24.506], [92.604, 24.503], [92.602, 24.499], [92.596, 24.493], [92.595, 24.487], [92.592, 24.478], [92.587, 24.477], [92.582, 24.482], [92.578, 24.479]]}, "properties": {"rivname": "Katakhal", "ba_name": "Barak and Others"}}, {"type": "Feature", "geometry": {"type": "LineString", "coordinates": [[92.794, 25.21], [92.803, 25.217], [92.8, 25.221], [92.789, 25.226], [92.783, 25.23], [92.772, 25.231], [92.771, 25.237], [92.763, 25.246], [92.767, 25.252], [92.774, 25.251], [92.777, 25.258], [92.769, 25.265], [92.769, 25.269], [92.776, 25.27], [92.779, 25.274], [92.787, 25.274], [92.792, 25.284], [92.788, 25.29], [92.788, 25.295], [92.784, 25.3], [92.782, 25.308], [92.788, 25.315], [92.786, 25.319], [92.783, 25.334], [92.771, 25.338], [92.766, 25.334], [92.762, 25.335], [92.755, 25.342], [92.749, 25.344], [92.749, 25.352], [92.746, 25.358], [92.74, 25.361], [92.738, 25.367], [92.732, 25.369], [92.733, 25.374], [92.738, 25.38], [92.731, 25.38], [92.722, 25.378], [92.719, 25.373], [92.709, 25.385], [92.703, 25.385], [92.697, 25.387], [92.692, 25.399], [92.687, 25.403], [92.678, 25.407], [92.674, 25.414], [92.667, 25.414], [92.664, 25.407], [92.661, 25.406], [92.653, 25.416], [92.651, 25.422], [92.652, 25.434], [92.641, 25.422], [92.636, 25.42], [92.635, 25.426], [92.627, 25.435], [92.625, 25.432], [92.627, 25.424], [92.624, 25.421], [92.617, 25.423], [92.613, 25.417], [92.606, 25.414], [92.605, 25.421], [92.607, 25.427], [92.603, 25.435], [92.603, 25.445], [92.605, 25.448], [92.597, 25.451], [92.6, 25.464], [92.596, 25.47], [92.589, 25.47], [92.584, 25.466], [92.58, 25.472], [92.575, 25.467], [92.569, 25.464], [92.565, 25.466], [92.565, 25.475], [92.569, 25.483], [92.572, 25.485], [92.576, 25.493], [92.599, 25.507], [92.616, 25.515], [92.633, 25.529], [92.638, 25.53], [92.643, 25.535], [92.642, 25.542], [92.643, 25.548], [92.646, 25.557], [92.657, 25.561], [92.657, 25.57], [92.682, 25.575], [92.679, 25.58], [92.681, 25.586], [92.689, 25.593], [92.7, 25.6], [92.712, 25.599], [92.715, 25.595], [92.715, 25.59], [92.723, 25.588], [92.733, 25.593], [92.741, 25.593], [92.75, 25.601], [92.749, 25.607], [92.752, 25.612], [92.756, 25.615], [92.763, 25.614], [92.769, 25.619], [92.762, 25.622], [92.758, 25.626], [92.76, 25.631], [92.767, 25.632], [92.772, 25.64], [92.784, 25.647], [92.79, 25.659], [92.79, 25.661], [92.781, 25.666], [92.774, 25.672], [92.778, 25.68], [92.785, 25.682], [92.801, 25.692], [92.801, 25.697], [92.804, 25.699], [92.814, 25.702], [92.815, 25.708], [92.82, 25.715], [92.822, 25.723], [92.821, 25.74], [92.831, 25.742], [92.835, 25.746], [92.844, 25.751], [92.852, 25.753], [92.856, 25.752], [92.867, 25.754], [92.878, 25.754], [92.891, 25.76], [92.894, 25.76], [92.902, 25.765], [92.908, 25.765], [92.921, 25.77], [92.928, 25.776], [92.93, 25.782], [92.928, 25.792], [92.933, 25.8], [92.929, 25.807], [92.921, 25.809], [92.915, 25.807], [92.907, 25.802], [92.904, 25.802], [92.908, 25.822], [92.89, 25.831], [92.886, 25.846], [92.885, 25.855], [92.886, 25.874], [92.879, 25.877], [92.875, 25.875], [92.87, 25.868], [92.866, 25.865], [92.862, 25.865], [92.858, 25.871], [92.865, 25.879], [92.863, 25.886], [92.854, 25.891], [92.85, 25.897], [92.848, 25.907], [92.846, 25.914], [92.842, 25.92], [92.839, 25.914], [92.835, 25.914], [92.824, 25.918], [92.815, 25.926], [92.809, 25.927], [92.805, 25.923], [92.801, 25.917], [92.796, 25.92], [92.797, 25.935], [92.79, 25.944], [92.789, 25.95], [92.794, 25.954], [92.8, 25.955], [92.804, 25.958], [92.801, 25.963], [92.795, 25.966], [92.79, 25.965], [92.784, 25.958], [92.777, 25.949], [92.772, 25.951], [92.768, 25.958], [92.76, 25.965], [92.761, 25.97], [92.767, 25.976], [92.774, 25.979], [92.771, 25.986], [92.76, 25.988], [92.759, 25.993], [92.761, 26.001], [92.759, 26.005], [92.767, 26.008], [92.783, 26.006], [92.784, 26.009], [92.779, 26.015], [92.77, 26.018], [92.756, 26.017], [92.754, 26.024], [92.758, 26.026], [92.765, 26.026], [92.768, 26.03], [92.766, 26.034], [92.754, 26.035], [92.75, 26.038], [92.745, 26.045], [92.744, 26.049], [92.748, 26.051], [92.757, 26.05], [92.76, 26.054], [92.757, 26.058], [92.753, 26.073], [92.745, 26.076], [92.736, 26.073], [92.734, 26.076], [92.739, 26.082], [92.742, 26.087], [92.742, 26.093], [92.736, 26.105], [92.733, 26.105], [92.726, 26.099], [92.72, 26.098], [92.716, 26.102], [92.72, 26.106], [92.729, 26.104], [92.732, 26.111], [92.73, 26.118], [92.71, 26.126], [92.702, 26.127], [92.7, 26.129], [92.701, 26.134], [92.707, 26.141], [92.705, 26.146], [92.691, 26.146], [92.683, 26.144], [92.677, 26.141], [92.673, 26.143], [92.675, 26.148], [92.684, 26.154], [92.681, 26.159], [92.673, 26.16], [92.662, 26.155], [92.654, 26.153], [92.648, 26.153], [92.645, 26.156], [92.643, 26.163], [92.629, 26.161], [92.625, 26.164], [92.622, 26.172], [92.616, 26.176], [92.603, 26.173], [92.602, 26.182], [92.596, 26.183], [92.591, 26.179], [92.591, 26.186], [92.605, 26.198], [92.598, 26.198], [92.591, 26.191], [92.586, 26.189], [92.575, 26.194], [92.565, 26.193], [92.559, 26.198], [92.555, 26.19], [92.548, 26.187], [92.547, 26.192], [92.54, 26.196], [92.538, 26.203], [92.53, 26.198], [92.521, 26.198], [92.517, 26.196], [92.511, 26.2], [92.51, 26.19], [92.505, 26.186], [92.496, 26.183], [92.493, 26.185], [92.48, 26.184], [92.479, 26.174], [92.469, 26.173], [92.466, 26.176], [92.454, 26.173], [92.446, 26.183], [92.432, 26.178], [92.428, 26.182], [92.422, 26.181], [92.417, 26.185], [92.41, 26.18], [92.401, 26.179], [92.395, 26.182], [92.389, 26.179], [92.389, 26.175], [92.383, 26.172], [92.373, 26.169], [92.362, 26.169], [92.348, 26.163], [92.343, 26.156], [92.337, 26.158], [92.332, 26.155], [92.325, 26.153], [92.321, 26.148], [92.31, 26.145], [92.309, 26.151], [92.301, 26.151], [92.302, 26.156], [92.298, 26.16], [92.291, 26.158], [92.289, 26.163], [92.284, 26.167], [92.28, 26.167], [92.278, 26.16], [92.272, 26.162], [92.271, 26.166], [92.266, 26.171], [92.258, 26.173], [92.252, 26.171], [92.239, 26.169], [92.236, 26.17], [92.227, 26.18], [92.221, 26.179], [92.21, 26.175], [92.207, 26.179], [92.21, 26.186], [92.206, 26.19], [92.201, 26.188], [92.184, 26.178], [92.184, 26.168], [92.182, 26.166], [92.173, 26.169], [92.169, 26.168], [92.164, 26.163], [92.161, 26.164], [92.156, 26.171], [92.152, 26.169], [92.149, 26.161], [92.132, 26.173], [92.129, 26.181], [92.124, 26.179], [92.113, 26.175], [92.105, 26.172], [92.089, 26.177], [92.081, 26.178], [92.093, 26.185], [92.089, 26.189], [92.085, 26.186], [92.081, 26.185], [92.079, 26.194], [92.071, 26.197], [92.063, 26.195], [92.059, 26.198], [92.049, 26.213], [92.045, 26.211], [92.045, 26.2], [92.039, 26.199], [92.037, 26.206], [92.031, 26.21], [92.027, 26.209], [92.026, 26.203], [92.018, 26.201], [92.014, 26.208], [91.999, 26.205], [91.98, 26.218], [91.966, 26.229], [91.962, 26.229], [91.958, 26.236], [91.958, 26.248], [91.953, 26.252]]}, "properties": {"rivname": "Kopili", "ba_name": "Brahamaputra"}}, {"type": "Feature", "geometry": {"type": "LineString", "coordinates": [[77.114, 10.69], [77.108, 10.69], [77.091, 10.688], [77.087, 10.684], [77.068, 10.685], [77.068, 10.688], [77.06, 10.688], [77.054, 10.694], [77.045, 10.699], [77.042, 10.703], [77.036, 10.707], [77.031, 10.702], [77.024, 10.7], [77.015, 10.701], [77.014, 10.705], [77.006, 10.711], [77.002, 10.711], [76.996, 10.714], [76.985, 10.714], [76.973, 10.722], [76.968, 10.722], [76.964, 10.726], [76.959, 10.725], [76.96, 10.719], [76.955, 10.718], [76.948, 10.719], [76.945, 10.719], [76.941, 10.722], [76.924, 10.718], [76.918, 10.718], [76.911, 10.715], [76.901, 10.715], [76.899, 10.719], [76.892, 10.716], [76.887, 10.718], [76.883, 10.717], [76.876, 10.719], [76.875, 10.727], [76.87, 10.729], [76.867, 10.728], [76.859, 10.732], [76.85, 10.74], [76.841, 10.74], [76.83, 10.748], [76.828, 10.751], [76.823, 10.751], [76.82, 10.757], [76.82, 10.763], [76.816, 10.767], [76.815, 10.769], [76.809, 10.769], [76.806, 10.772], [76.798, 10.772], [76.794, 10.77], [76.787, 10.772], [76.783, 10.775], [76.776, 10.776], [76.775, 10.781], [76.769, 10.784], [76.765, 10.783], [76.759, 10.786], [76.755, 10.785], [76.748, 10.788], [76.742, 10.784], [76.732, 10.785], [76.729, 10.788], [76.719, 10.788], [76.718, 10.793], [76.714, 10.799], [76.707, 10.804], [76.704, 10.802], [76.699, 10.805], [76.698, 10.811], [76.693, 10.812], [76.69, 10.808], [76.685, 10.808], [76.679, 10.804], [76.671, 10.804], [76.667, 10.808], [76.659, 10.803], [76.654, 10.803], [76.649, 10.796], [76.642, 10.793], [76.642, 10.791], [76.634, 10.787], [76.625, 10.786], [76.623, 10.788], [76.615, 10.791], [76.612, 10.793], [76.597, 10.799], [76.577, 10.801], [76.574, 10.798], [76.563, 10.8], [76.557, 10.795]]}, "properties": {"rivname": "Koraiyar", "ba_name": "West flowing rivers from Tadri to Kanyakumari"}}, {"type": "Feature", "geometry": {"type": "LineString", "coordinates": [[78.412, 29.808], [78.406, 29.797], [78.401, 29.793], [78.396, 29.792], [78.386, 29.793], [78.374, 29.796], [78.368, 29.795], [78.365, 29.798], [78.353, 29.802], [78.351, 29.799], [78.344, 29.801], [78.339, 29.799], [78.334, 29.794], [78.33, 29.786], [78.325, 29.784], [78.322, 29.777], [78.312, 29.772], [78.309, 29.767], [78.301, 29.766], [78.294, 29.763], [78.291, 29.758], [78.282, 29.758], [78.272, 29.751], [78.269, 29.747], [78.265, 29.745], [78.249, 29.735], [78.244, 29.736], [78.242, 29.741], [78.237, 29.742], [78.232, 29.737], [78.221, 29.739], [78.219, 29.74], [78.211, 29.739], [78.205, 29.735], [78.197, 29.739]]}, "properties": {"rivname": "Kotawali Rao", "ba_name": "Ganga"}}, {"type": "Feature", "geometry": {"type": "LineString", "coordinates": [[95.116, 26.29], [95.117, 26.287], [95.111, 26.279], [95.104, 26.275], [95.102, 26.271], [95.095, 26.269], [95.083, 26.257], [95.084, 26.254], [95.08, 26.25], [95.081, 26.245], [95.068, 26.232], [95.069, 26.225], [95.059, 26.217], [95.057, 26.207], [95.058, 26.204], [95.05, 26.203], [95.046, 26.199], [95.047, 26.193], [95.042, 26.192], [95.037, 26.188], [95.031, 26.178], [95.025, 26.175], [95.019, 26.176], [95.011, 26.162], [95.01, 26.155], [95.004, 26.154], [95, 26.151], [94.996, 26.144], [94.989, 26.139], [94.984, 26.138], [94.982, 26.132], [94.979, 26.127], [94.981, 26.123], [94.976, 26.117], [94.977, 26.113], [94.974, 26.111], [94.966, 26.103], [94.964, 26.097], [94.96, 26.095], [94.953, 26.094], [94.949, 26.09], [94.948, 26.086], [94.939, 26.08], [94.928, 26.07], [94.926, 26.066], [94.926, 26.056], [94.931, 26.048]]}, "properties": {"rivname": "Langnvu", "ba_name": "Minor rivers draining into Myanmar and Bangladesh"}}, {"type": "Feature", "geometry": {"type": "LineString", "coordinates": [[72.822, 22.244], [72.829, 22.245], [72.838, 22.243], [72.843, 22.241], [72.861, 22.234], [72.872, 22.235], [72.878, 22.233], [72.89, 22.236], [72.899, 22.239], [72.908, 22.246], [72.917, 22.262], [72.916, 22.268], [72.912, 22.276], [72.908, 22.283], [72.908, 22.29], [72.909, 22.298], [72.915, 22.302], [72.928, 22.308], [72.934, 22.308], [72.943, 22.299], [72.949, 22.287], [72.949, 22.266], [72.951, 22.259], [72.954, 22.254], [72.959, 22.251], [72.966, 22.251], [72.979, 22.253], [73.001, 22.264], [73.012, 22.269], [73.019, 22.277], [73.023, 22.284], [73.03, 22.29], [73.037, 22.294], [73.042, 22.3], [73.058, 22.309], [73.063, 22.317], [73.062, 22.324], [73.056, 22.335], [73.048, 22.355], [73.047, 22.36], [73.047, 22.365], [73.054, 22.373], [73.065, 22.383], [73.07, 22.389], [73.072, 22.399], [73.066, 22.42], [73.065, 22.425], [73.067, 22.431], [73.072, 22.437], [73.092, 22.453], [73.093, 22.459], [73.091, 22.477], [73.088, 22.494], [73.089, 22.506], [73.097, 22.513], [73.103, 22.514], [73.114, 22.518], [73.117, 22.519], [73.128, 22.522], [73.136, 22.529], [73.143, 22.541], [73.152, 22.564], [73.154, 22.568], [73.153, 22.58], [73.157, 22.588], [73.16, 22.593], [73.178, 22.6], [73.189, 22.606], [73.197, 22.614], [73.204, 22.619], [73.213, 22.62], [73.221, 22.624], [73.232, 22.639], [73.242, 22.649], [73.259, 22.659], [73.267, 22.669], [73.267, 22.681], [73.263, 22.694], [73.259, 22.698], [73.253, 22.711], [73.252, 22.723], [73.252, 22.737], [73.257, 22.749], [73.256, 22.758], [73.257, 22.765], [73.259, 22.771], [73.264, 22.775], [73.271, 22.778], [73.284, 22.781], [73.295, 22.782], [73.311, 22.783], [73.317, 22.782], [73.327, 22.783], [73.338, 22.786], [73.349, 22.79], [73.359, 22.797], [73.363, 22.801], [73.36, 22.809], [73.36, 22.812], [73.368, 22.822], [73.371, 22.828], [73.373, 22.834], [73.383, 22.853], [73.386, 22.862], [73.384, 22.869], [73.371, 22.883], [73.367, 22.891], [73.368, 22.899], [73.374, 22.906], [73.396, 22.926], [73.407, 22.933], [73.429, 22.948], [73.437, 22.957], [73.446, 22.963], [73.448, 22.968], [73.447, 22.979], [73.439, 22.995], [73.434, 23.006], [73.434, 23.015], [73.436, 23.028], [73.438, 23.036], [73.442, 23.042], [73.451, 23.048], [73.458, 23.05], [73.467, 23.051], [73.475, 23.055], [73.489, 23.059], [73.498, 23.066], [73.503, 23.068], [73.508, 23.076], [73.514, 23.082], [73.535, 23.089], [73.547, 23.092], [73.55, 23.097], [73.551, 23.108], [73.547, 23.113], [73.543, 23.12], [73.548, 23.136], [73.549, 23.149], [73.554, 23.157], [73.557, 23.16], [73.561, 23.17], [73.567, 23.188], [73.572, 23.194], [73.592, 23.205], [73.605, 23.209], [73.61, 23.208], [73.622, 23.202], [73.628, 23.201], [73.642, 23.205], [73.655, 23.211], [73.66, 23.217], [73.66, 23.23], [73.658, 23.234], [73.659, 23.241], [73.662, 23.246], [73.667, 23.25], [73.678, 23.252], [73.685, 23.255], [73.692, 23.265], [73.699, 23.266], [73.705, 23.264], [73.709, 23.261], [73.716, 23.258], [73.721, 23.259], [73.734, 23.265], [73.741, 23.271], [73.751, 23.276], [73.756, 23.277], [73.766, 23.274], [73.774, 23.273], [73.793, 23.279], [73.8, 23.277], [73.81, 23.271], [73.82, 23.272], [73.826, 23.278], [73.83, 23.286], [73.831, 23.295], [73.829, 23.3], [73.822, 23.309], [73.822, 23.314], [73.825, 23.32], [73.83, 23.323], [73.836, 23.331], [73.857, 23.35], [73.873, 23.35], [73.881, 23.355], [73.896, 23.355], [73.907, 23.348], [73.911, 23.338], [73.916, 23.336], [73.93, 23.339], [73.937, 23.344], [73.937, 23.352], [73.935, 23.366], [73.937, 23.369], [73.951, 23.376], [73.96, 23.384], [73.965, 23.389], [73.978, 23.396], [73.981, 23.411], [73.997, 23.421], [74.008, 23.435], [74.013, 23.445], [74.014, 23.453], [74.01, 23.466], [74.011, 23.471], [74.018, 23.483], [74.019, 23.495], [74.02, 23.51], [74.026, 23.521], [74.03, 23.538], [74.03, 23.546], [74.036, 23.553], [74.054, 23.562], [74.061, 23.569], [74.065, 23.579], [74.066, 23.588], [74.069, 23.598], [74.071, 23.602], [74.077, 23.605], [74.093, 23.606], [74.105, 23.605], [74.114, 23.608], [74.119, 23.62], [74.123, 23.632], [74.128, 23.647], [74.128, 23.663], [74.127, 23.673], [74.127, 23.679], [74.132, 23.687], [74.133, 23.695], [74.132, 23.7], [74.121, 23.714], [74.119, 23.724], [74.127, 23.733], [74.131, 23.74], [74.133, 23.759], [74.138, 23.772], [74.146, 23.783], [74.153, 23.789], [74.17, 23.794], [74.184, 23.798], [74.197, 23.801], [74.205, 23.804], [74.215, 23.812], [74.22, 23.814], [74.229, 23.814], [74.236, 23.816], [74.246, 23.821], [74.265, 23.833], [74.278, 23.837], [74.286, 23.841], [74.294, 23.853], [74.301, 23.856], [74.313, 23.857], [74.32, 23.862], [74.336, 23.879], [74.34, 23.881], [74.355, 23.884], [74.358, 23.889], [74.355, 23.896], [74.359, 23.902], [74.365, 23.902], [74.371, 23.9], [74.376, 23.9], [74.379, 23.904], [74.384, 23.905], [74.397, 23.901], [74.401, 23.902], [74.413, 23.909], [74.429, 23.905], [74.436, 23.908], [74.445, 23.919], [74.451, 23.921], [74.461, 23.922], [74.474, 23.926], [74.481, 23.924], [74.485, 23.918], [74.489, 23.902], [74.493, 23.897], [74.506, 23.889], [74.515, 23.886], [74.523, 23.88], [74.525, 23.871], [74.524, 23.864], [74.515, 23.849], [74.513, 23.844], [74.516, 23.834], [74.522, 23.83], [74.528, 23.828], [74.543, 23.829], [74.551, 23.826], [74.556, 23.82], [74.557, 23.816], [74.554, 23.798], [74.556, 23.782], [74.551, 23.764], [74.552, 23.754], [74.558, 23.741], [74.555, 23.736], [74.551, 23.735], [74.539, 23.736], [74.532, 23.736], [74.527, 23.733], [74.526, 23.729], [74.531, 23.716], [74.533, 23.71], [74.533, 23.704], [74.529, 23.692], [74.529, 23.685], [74.532, 23.675], [74.532, 23.671], [74.527, 23.661], [74.517, 23.648], [74.515, 23.64], [74.519, 23.635], [74.525, 23.633], [74.537, 23.634], [74.545, 23.632], [74.55, 23.62], [74.549, 23.617], [74.542, 23.611], [74.54, 23.606], [74.543, 23.602], [74.559, 23.599], [74.562, 23.595], [74.56, 23.591], [74.55, 23.582], [74.551, 23.578], [74.557, 23.57], [74.558, 23.56], [74.555, 23.559], [74.546, 23.563], [74.539, 23.563], [74.531, 23.558], [74.528, 23.552], [74.527, 23.545], [74.527, 23.534], [74.528, 23.531], [74.535, 23.527], [74.545, 23.525], [74.557, 23.52], [74.559, 23.512], [74.556, 23.504], [74.56, 23.496], [74.571, 23.487], [74.579, 23.473], [74.583, 23.463], [74.596, 23.46], [74.609, 23.455], [74.608, 23.447], [74.599, 23.437], [74.599, 23.427], [74.6, 23.424], [74.608, 23.422], [74.621, 23.423], [74.626, 23.422], [74.631, 23.416], [74.633, 23.403], [74.641, 23.395], [74.649, 23.392], [74.658, 23.387], [74.659, 23.384], [74.657, 23.373], [74.66, 23.364], [74.667, 23.362], [74.671, 23.369], [74.68, 23.373], [74.685, 23.372], [74.693, 23.361], [74.708, 23.349], [74.715, 23.351], [74.721, 23.349], [74.725, 23.344], [74.721, 23.337], [74.709, 23.332], [74.708, 23.323], [74.712, 23.318], [74.726, 23.312], [74.754, 23.306], [74.763, 23.301], [74.766, 23.296], [74.761, 23.288], [74.751, 23.281], [74.741, 23.273], [74.739, 23.267], [74.74, 23.265], [74.751, 23.256], [74.752, 23.245], [74.755, 23.239], [74.765, 23.236], [74.771, 23.236], [74.782, 23.244], [74.788, 23.245], [74.791, 23.242], [74.791, 23.237], [74.782, 23.231], [74.779, 23.219], [74.78, 23.214], [74.786, 23.207], [74.787, 23.203], [74.78, 23.195], [74.768, 23.188], [74.768, 23.178], [74.772, 23.174], [74.795, 23.173], [74.801, 23.17], [74.801, 23.164], [74.795, 23.163], [74.79, 23.165], [74.782, 23.161], [74.78, 23.156], [74.782, 23.15], [74.786, 23.148], [74.794, 23.147], [74.795, 23.142], [74.798, 23.14], [74.807, 23.139], [74.819, 23.133], [74.823, 23.135], [74.83, 23.141], [74.834, 23.142], [74.853, 23.142], [74.867, 23.138], [74.88, 23.138], [74.887, 23.137], [74.894, 23.14], [74.902, 23.152], [74.913, 23.16], [74.92, 23.162], [74.928, 23.161], [74.937, 23.154], [74.943, 23.153], [74.953, 23.158], [74.958, 23.157], [74.974, 23.145], [74.994, 23.142], [74.993, 23.136], [74.99, 23.126], [74.991, 23.121], [74.993, 23.117], [75.007, 23.109], [75.009, 23.105], [75.01, 23.099], [75.015, 23.09], [75.016, 23.086], [75.007, 23.078], [75.005, 23.064], [75.003, 23.061], [75.004, 23.054], [75.009, 23.049], [75.014, 23.043], [75.015, 23.037], [75.007, 23.026], [75.008, 23.019], [75.012, 23.015], [75.012, 23.011], [75.008, 23], [75.009, 22.991], [75.008, 22.984], [75.004, 22.972], [75.008, 22.962], [75.002, 22.956], [75.002, 22.952], [75.006, 22.945], [75.007, 22.939], [75.006, 22.935], [75.001, 22.931], [74.999, 22.923], [75.003, 22.917], [75.001, 22.909], [74.991, 22.899], [74.986, 22.893], [74.985, 22.887], [74.987, 22.876], [74.985, 22.867], [74.982, 22.863], [74.966, 22.852], [74.956, 22.839], [74.952, 22.835], [74.951, 22.827], [74.954, 22.822], [74.95, 22.811], [74.951, 22.808], [74.958, 22.801], [74.959, 22.796], [74.963, 22.785], [74.966, 22.784], [74.971, 22.774], [74.971, 22.766], [74.978, 22.756], [74.977, 22.749], [74.975, 22.743], [74.976, 22.729], [74.983, 22.722], [74.981, 22.712], [74.982, 22.701], [74.976, 22.692], [74.973, 22.68], [74.969, 22.674], [74.972, 22.666], [74.973, 22.661], [74.978, 22.656], [74.976, 22.653], [74.978, 22.639], [74.975, 22.632], [74.979, 22.629], [74.98, 22.62], [74.982, 22.618], [74.979, 22.608], [74.99, 22.599], [75.004, 22.598], [75.013, 22.588], [75.017, 22.584], [75.026, 22.581], [75.029, 22.582], [75.036, 22.573], [75.043, 22.568]]}, "properties": {"rivname": "Mahi", "ba_name": "Mahi"}}, {"type": "Feature", "geometry": {"type": "MultiLineString", "coordinates": [[[77.934, 18.173], [77.927, 18.18], [77.923, 18.189], [77.924, 18.204], [77.927, 18.206], [77.928, 18.21], [77.92, 18.215], [77.916, 18.22], [77.919, 18.224], [77.926, 18.227], [77.929, 18.231]], [[77.934, 18.173], [77.932, 18.183], [77.934, 18.193], [77.939, 18.204], [77.941, 18.216], [77.934, 18.219], [77.929, 18.231]], [[77.929, 18.231], [77.934, 18.24], [77.932, 18.255], [77.929, 18.258], [77.924, 18.257], [77.914, 18.259], [77.905, 18.264], [77.897, 18.269]], [[77.897, 18.269], [77.89, 18.27], [77.877, 18.277], [77.881, 18.292], [77.874, 18.3], [77.871, 18.306], [77.868, 18.308], [77.869, 18.314], [77.872, 18.318], [77.87, 18.322], [77.875, 18.332]], [[77.897, 18.269], [77.893, 18.277], [77.894, 18.281], [77.893, 18.292], [77.889, 18.298], [77.889, 18.304], [77.884, 18.312], [77.884, 18.317], [77.878, 18.323], [77.879, 18.326], [77.875, 18.332]], [[77.875, 18.332], [77.87, 18.334], [77.87, 18.345], [77.868, 18.352], [77.849, 18.366], [77.833, 18.376], [77.828, 18.387], [77.827, 18.397], [77.819, 18.402], [77.799, 18.404], [77.791, 18.404], [77.787, 18.406], [77.784, 18.41], [77.784, 18.416], [77.79, 18.424], [77.786, 18.438], [77.787, 18.446], [77.781, 18.454], [77.772, 18.461], [77.767, 18.468], [77.766, 18.477], [77.764, 18.479], [77.766, 18.486], [77.764, 18.489], [77.759, 18.49], [77.756, 18.494], [77.759, 18.505], [77.756, 18.511], [77.757, 18.519], [77.76, 18.522], [77.761, 18.532], [77.754, 18.533], [77.756, 18.539], [77.76, 18.542], [77.759, 18.546], [77.761, 18.556], [77.757, 18.562], [77.757, 18.565], [77.754, 18.569], [77.754, 18.575], [77.756, 18.577], [77.753, 18.585], [77.752, 18.594], [77.756, 18.6], [77.754, 18.608], [77.747, 18.615], [77.744, 18.622], [77.74, 18.626], [77.741, 18.632], [77.736, 18.638], [77.734, 18.643], [77.729, 18.645], [77.727, 18.653], [77.73, 18.659], [77.734, 18.664], [77.739, 18.666], [77.74, 18.671], [77.738, 18.677], [77.745, 18.684], [77.751, 18.685], [77.755, 18.695], [77.758, 18.696], [77.756, 18.704], [77.759, 18.707], [77.766, 18.705], [77.769, 18.707], [77.775, 18.705], [77.781, 18.697], [77.786, 18.696], [77.796, 18.699], [77.797, 18.703], [77.804, 18.711], [77.804, 18.726], [77.805, 18.731], [77.822, 18.744], [77.823, 18.745], [77.818, 18.751], [77.818, 18.757], [77.83, 18.767], [77.825, 18.778], [77.828, 18.785], [77.833, 18.786], [77.84, 18.798], [77.84, 18.805], [77.842, 18.808], [77.866, 18.816], [77.871, 18.816], [77.874, 18.818]], [[75.399, 18.897], [75.393, 18.888], [75.392, 18.882], [75.385, 18.875], [75.388, 18.868], [75.391, 18.865], [75.391, 18.859], [75.397, 18.853], [75.393, 18.844], [75.396, 18.834], [75.403, 18.827], [75.417, 18.822], [75.421, 18.818], [75.422, 18.813], [75.439, 18.797], [75.442, 18.793], [75.447, 18.795], [75.447, 18.798], [75.453, 18.798], [75.459, 18.801], [75.469, 18.801], [75.478, 18.803], [75.487, 18.805], [75.494, 18.797], [75.5, 18.796], [75.501, 18.787], [75.5, 18.779], [75.502, 18.775], [75.501, 18.76], [75.504, 18.756], [75.508, 18.755], [75.515, 18.75], [75.516, 18.744], [75.513, 18.738], [75.516, 18.733], [75.525, 18.734], [75.53, 18.733], [75.536, 18.728], [75.536, 18.72], [75.538, 18.716], [75.548, 18.712], [75.564, 18.702], [75.572, 18.704], [75.576, 18.698], [75.588, 18.698], [75.598, 18.691], [75.608, 18.686], [75.611, 18.676], [75.612, 18.667], [75.614, 18.663], [75.623, 18.663], [75.638, 18.651], [75.648, 18.648], [75.654, 18.647], [75.665, 18.649], [75.67, 18.654], [75.676, 18.657], [75.68, 18.661], [75.681, 18.664], [75.687, 18.665], [75.695, 18.672], [75.714, 18.67], [75.727, 18.675], [75.733, 18.682], [75.737, 18.681], [75.744, 18.683], [75.747, 18.679], [75.753, 18.679], [75.757, 18.681], [75.761, 18.677], [75.765, 18.677], [75.765, 18.672], [75.773, 18.668], [75.776, 18.663], [75.779, 18.664], [75.781, 18.659], [75.788, 18.654], [75.796, 18.655], [75.804, 18.651], [75.806, 18.655], [75.814, 18.656], [75.829, 18.656], [75.834, 18.658], [75.847, 18.655], [75.852, 18.65], [75.864, 18.65], [75.872, 18.654], [75.882, 18.646], [75.888, 18.648], [75.892, 18.645], [75.904, 18.647], [75.908, 18.649], [75.915, 18.647], [75.921, 18.643], [75.929, 18.644], [75.933, 18.641], [75.941, 18.64], [75.944, 18.635], [75.944, 18.63], [75.946, 18.626], [75.942, 18.621], [75.943, 18.613], [75.946, 18.607], [75.949, 18.605], [75.958, 18.605], [75.959, 18.607], [75.968, 18.611], [75.977, 18.613], [75.983, 18.618], [75.991, 18.619], [75.996, 18.614], [75.996, 18.607], [75.989, 18.603], [75.983, 18.595], [75.982, 18.591], [75.987, 18.589], [75.989, 18.586], [75.995, 18.583], [76.002, 18.583], [76.014, 18.588], [76.023, 18.583], [76.03, 18.589], [76.037, 18.592], [76.043, 18.591], [76.045, 18.588], [76.049, 18.575], [76.058, 18.572], [76.068, 18.576], [76.085, 18.58], [76.097, 18.585], [76.122, 18.587], [76.138, 18.586], [76.15, 18.58], [76.153, 18.576], [76.153, 18.565], [76.159, 18.556], [76.167, 18.559], [76.173, 18.565], [76.18, 18.569], [76.187, 18.571], [76.193, 18.577], [76.21, 18.578], [76.219, 18.574], [76.229, 18.575], [76.237, 18.574], [76.243, 18.572], [76.259, 18.577], [76.269, 18.574], [76.273, 18.575], [76.286, 18.574], [76.29, 18.576], [76.294, 18.575], [76.302, 18.569], [76.313, 18.565], [76.323, 18.57], [76.328, 18.565], [76.334, 18.562], [76.346, 18.558], [76.352, 18.553], [76.359, 18.555], [76.365, 18.553], [76.368, 18.543], [76.38, 18.542], [76.387, 18.544], [76.391, 18.542], [76.394, 18.55], [76.4, 18.552], [76.401, 18.547], [76.407, 18.547], [76.416, 18.552], [76.422, 18.552], [76.43, 18.549], [76.431, 18.543], [76.435, 18.544], [76.443, 18.541], [76.445, 18.539], [76.452, 18.537], [76.458, 18.531], [76.46, 18.516], [76.466, 18.512], [76.466, 18.508], [76.462, 18.506], [76.469, 18.5], [76.466, 18.495], [76.472, 18.494], [76.483, 18.489], [76.49, 18.473], [76.505, 18.479], [76.507, 18.471], [76.511, 18.469], [76.518, 18.472], [76.533, 18.474], [76.539, 18.477], [76.546, 18.475], [76.552, 18.468], [76.556, 18.468], [76.561, 18.473], [76.567, 18.469], [76.575, 18.467], [76.578, 18.46], [76.584, 18.463], [76.601, 18.454], [76.606, 18.455], [76.612, 18.467], [76.624, 18.466], [76.627, 18.458], [76.633, 18.458], [76.64, 18.453], [76.651, 18.452], [76.654, 18.456], [76.662, 18.454], [76.667, 18.447], [76.67, 18.431], [76.678, 18.415], [76.677, 18.412], [76.67, 18.407], [76.665, 18.407], [76.663, 18.404], [76.668, 18.402], [76.666, 18.395], [76.67, 18.383], [76.678, 18.381], [76.684, 18.381], [76.682, 18.37], [76.686, 18.364], [76.686, 18.354], [76.685, 18.35], [76.679, 18.348], [76.678, 18.341], [76.684, 18.333], [76.692, 18.334], [76.694, 18.331], [76.698, 18.316], [76.707, 18.312], [76.707, 18.307], [76.704, 18.303], [76.708, 18.293], [76.71, 18.281], [76.718, 18.276], [76.726, 18.27], [76.734, 18.27], [76.744, 18.274], [76.75, 18.28], [76.754, 18.28], [76.755, 18.286], [76.762, 18.289], [76.769, 18.282], [76.77, 18.274], [76.787, 18.275], [76.794, 18.273], [76.803, 18.269], [76.808, 18.273], [76.813, 18.269], [76.814, 18.263], [76.824, 18.258], [76.827, 18.245], [76.83, 18.243], [76.837, 18.242], [76.844, 18.238], [76.848, 18.238], [76.853, 18.234], [76.857, 18.232], [76.871, 18.232], [76.875, 18.245], [76.882, 18.252], [76.896, 18.247], [76.905, 18.241], [76.907, 18.236], [76.901, 18.227], [76.893, 18.226], [76.892, 18.22], [76.885, 18.211], [76.886, 18.204], [76.892, 18.201], [76.898, 18.204], [76.904, 18.204], [76.908, 18.2], [76.904, 18.195], [76.904, 18.187], [76.922, 18.184], [76.924, 18.181], [76.924, 18.173], [76.928, 18.166], [76.932, 18.162], [76.928, 18.152], [76.924, 18.147], [76.925, 18.142], [76.931, 18.135], [76.919, 18.125], [76.921, 18.119], [76.934, 18.113], [76.939, 18.115], [76.957, 18.11], [76.958, 18.105], [76.966, 18.098], [76.965, 18.092], [76.96, 18.089], [76.947, 18.085], [76.945, 18.082], [76.948, 18.073], [76.951, 18.066], [76.951, 18.059], [76.943, 18.048], [76.944, 18.045], [76.951, 18.045], [76.954, 18.051], [76.962, 18.053], [76.968, 18.05], [76.976, 18.052], [76.989, 18.046], [76.991, 18.048], [76.992, 18.065], [76.997, 18.067], [77.003, 18.066], [77.005, 18.063], [77.017, 18.063], [77.031, 18.077], [77.041, 18.083], [77.059, 18.072], [77.067, 18.073], [77.073, 18.076], [77.075, 18.079], [77.074, 18.088], [77.071, 18.092], [77.069, 18.104], [77.07, 18.11], [77.074, 18.119], [77.073, 18.123], [77.069, 18.126], [77.056, 18.129], [77.05, 18.127], [77.037, 18.12], [77.034, 18.121], [77.03, 18.127], [77.029, 18.135], [77.031, 18.138], [77.031, 18.146], [77.034, 18.151], [77.04, 18.152], [77.047, 18.16], [77.05, 18.161], [77.056, 18.159], [77.064, 18.151], [77.083, 18.151], [77.093, 18.157], [77.102, 18.158], [77.107, 18.155], [77.112, 18.157], [77.116, 18.17], [77.114, 18.175], [77.098, 18.194], [77.101, 18.199], [77.109, 18.203], [77.129, 18.208], [77.135, 18.205], [77.138, 18.2], [77.133, 18.19], [77.133, 18.182], [77.141, 18.171], [77.149, 18.155], [77.153, 18.153], [77.16, 18.157], [77.168, 18.168], [77.175, 18.171], [77.181, 18.17], [77.183, 18.158], [77.183, 18.15], [77.186, 18.14], [77.197, 18.14], [77.203, 18.144], [77.209, 18.155], [77.211, 18.164], [77.213, 18.168], [77.218, 18.167], [77.221, 18.162], [77.22, 18.155], [77.226, 18.148], [77.234, 18.15], [77.237, 18.16], [77.25, 18.159], [77.261, 18.155], [77.261, 18.151], [77.266, 18.143], [77.271, 18.134], [77.273, 18.132], [77.291, 18.135], [77.303, 18.127], [77.313, 18.122], [77.319, 18.12], [77.326, 18.124], [77.333, 18.124], [77.348, 18.12], [77.353, 18.108], [77.369, 18.1], [77.37, 18.105], [77.385, 18.104], [77.394, 18.105], [77.401, 18.104], [77.401, 18.096], [77.397, 18.089], [77.387, 18.078], [77.386, 18.07], [77.394, 18.052], [77.398, 18.051], [77.405, 18.052], [77.406, 18.055], [77.412, 18.057], [77.421, 18.064], [77.422, 18.067], [77.422, 18.078], [77.43, 18.086], [77.434, 18.086], [77.442, 18.077], [77.445, 18.071], [77.445, 18.065], [77.442, 18.057], [77.45, 18.046], [77.451, 18.042], [77.457, 18.039], [77.467, 18.038], [77.471, 18.036], [77.473, 18.031], [77.477, 18.025], [77.482, 18.022], [77.487, 18.025], [77.49, 18.035], [77.495, 18.04], [77.5, 18.043], [77.5, 18.046], [77.496, 18.058], [77.498, 18.06], [77.513, 18.058], [77.519, 18.048], [77.533, 18.041], [77.541, 18.04], [77.547, 18.036], [77.559, 18.036], [77.573, 18.033], [77.578, 18.033], [77.584, 18.026], [77.586, 18.014], [77.59, 18.012], [77.597, 18.013], [77.601, 18.019], [77.608, 18.017], [77.607, 18.012], [77.609, 18.008], [77.619, 18.006], [77.627, 17.997], [77.64, 17.997], [77.646, 17.999], [77.65, 17.998], [77.652, 17.994], [77.652, 17.987], [77.648, 17.981], [77.651, 17.974], [77.656, 17.968], [77.65, 17.96], [77.649, 17.948], [77.643, 17.943], [77.648, 17.94], [77.661, 17.946], [77.672, 17.948], [77.686, 17.953], [77.702, 17.953], [77.707, 17.952], [77.71, 17.941], [77.706, 17.936], [77.695, 17.929], [77.692, 17.924], [77.692, 17.92], [77.702, 17.913], [77.709, 17.911], [77.715, 17.914], [77.721, 17.927], [77.729, 17.932], [77.735, 17.933], [77.74, 17.926], [77.743, 17.917], [77.746, 17.911], [77.751, 17.908], [77.757, 17.909], [77.761, 17.913], [77.766, 17.921], [77.774, 17.923], [77.78, 17.918], [77.79, 17.903], [77.8, 17.885], [77.809, 17.88], [77.823, 17.878], [77.826, 17.876], [77.839, 17.863], [77.844, 17.863], [77.854, 17.865], [77.857, 17.865], [77.862, 17.858], [77.862, 17.832], [77.869, 17.824], [77.885, 17.818], [77.899, 17.817], [77.905, 17.814], [77.909, 17.809], [77.91, 17.796], [77.907, 17.779], [77.912, 17.763], [77.928, 17.75], [77.934, 17.743], [77.938, 17.734], [77.937, 17.72], [77.938, 17.716], [77.948, 17.712], [77.953, 17.712], [77.962, 17.719], [77.97, 17.717], [77.976, 17.721], [77.98, 17.722], [77.994, 17.716], [77.996, 17.709], [77.994, 17.7], [77.996, 17.698], [78.002, 17.697], [78.009, 17.693], [78.029, 17.689], [78.035, 17.686], [78.036, 17.682], [78.033, 17.675], [78.035, 17.671], [78.045, 17.668], [78.055, 17.66], [78.063, 17.658], [78.07, 17.658], [78.078, 17.655], [78.092, 17.657], [78.115, 17.649], [78.12, 17.651], [78.122, 17.656], [78.122, 17.663], [78.127, 17.667], [78.132, 17.663], [78.135, 17.65], [78.142, 17.648], [78.145, 17.649], [78.149, 17.656], [78.153, 17.662], [78.154, 17.666], [78.15, 17.67], [78.14, 17.675], [78.142, 17.681], [78.142, 17.69], [78.147, 17.693], [78.156, 17.7], [78.156, 17.707], [78.148, 17.719], [78.142, 17.715], [78.136, 17.715], [78.131, 17.718], [78.129, 17.726], [78.134, 17.73], [78.132, 17.735], [78.11, 17.732], [78.106, 17.734], [78.111, 17.752], [78.114, 17.756], [78.118, 17.766], [78.115, 17.774], [78.109, 17.783], [78.111, 17.788], [78.116, 17.793], [78.116, 17.8], [78.11, 17.809], [78.101, 17.812], [78.097, 17.818], [78.097, 17.825], [78.094, 17.834], [78.096, 17.845], [78.095, 17.858], [78.088, 17.865], [78.073, 17.868], [78.072, 17.874], [78.075, 17.882], [78.076, 17.898], [78.079, 17.904], [78.079, 17.907], [78.075, 17.913], [78.071, 17.921], [78.065, 17.924], [78.06, 17.93], [78.055, 17.932], [78.06, 17.94], [78.069, 17.947], [78.075, 17.957], [78.076, 17.962], [78.08, 17.968], [78.093, 17.972], [78.104, 17.969], [78.106, 17.974], [78.113, 17.977], [78.127, 17.966], [78.142, 17.963], [78.15, 17.972], [78.159, 17.988], [78.162, 17.991], [78.167, 17.992], [78.173, 17.997], [78.182, 18], [78.186, 17.999], [78.199, 18], [78.208, 18.007], [78.21, 18.011], [78.21, 18.022], [78.209, 18.031], [78.213, 18.043], [78.211, 18.048], [78.212, 18.057], [78.209, 18.064], [78.204, 18.066], [78.195, 18.067], [78.177, 18.076], [78.168, 18.077], [78.158, 18.083], [78.152, 18.084], [78.146, 18.071], [78.143, 18.069], [78.135, 18.071], [78.121, 18.071], [78.116, 18.074], [78.116, 18.086], [78.114, 18.091], [78.106, 18.094], [78.101, 18.091], [78.099, 18.074], [78.095, 18.068], [78.09, 18.068], [78.08, 18.075], [78.068, 18.078], [78.051, 18.085], [78.03, 18.095], [78.024, 18.109], [78.021, 18.112], [78, 18.113], [77.997, 18.112], [77.991, 18.115], [77.977, 18.118], [77.966, 18.118], [77.964, 18.12], [77.964, 18.135], [77.967, 18.141], [77.968, 18.147], [77.952, 18.163], [77.934, 18.173]]]}, "properties": {"rivname": "Manjra", "ba_name": "Godavari"}}, {"type": "Feature", "geometry": {"type": "LineString", "coordinates": [[79.956, 18.085], [79.957, 18.073], [79.948, 18.068], [79.945, 18.068], [79.94, 18.072], [79.934, 18.067], [79.929, 18.056], [79.925, 18.054], [79.918, 18.049], [79.919, 18.038], [79.916, 18.036], [79.915, 18.03], [79.909, 18.026], [79.903, 18.001], [79.895, 17.99], [79.895, 17.985], [79.899, 17.975], [79.903, 17.971], [79.903, 17.966], [79.9, 17.961], [79.893, 17.957], [79.892, 17.95], [79.876, 17.928], [79.871, 17.912], [79.871, 17.907], [79.874, 17.904], [79.881, 17.904], [79.881, 17.897], [79.885, 17.894], [79.887, 17.888], [79.885, 17.885], [79.889, 17.866], [79.895, 17.86], [79.9, 17.861], [79.908, 17.854], [79.909, 17.851], [79.922, 17.847], [79.926, 17.85], [79.93, 17.846], [79.934, 17.846], [79.94, 17.838], [79.94, 17.834], [79.944, 17.834], [79.949, 17.83], [79.954, 17.823], [79.958, 17.821], [79.958, 17.816], [79.961, 17.811], [79.963, 17.803], [79.969, 17.796], [79.971, 17.787], [79.97, 17.781], [79.975, 17.778], [79.977, 17.766], [79.975, 17.762], [79.976, 17.755], [79.975, 17.749], [79.97, 17.744], [79.975, 17.733], [79.972, 17.725], [79.968, 17.721], [79.969, 17.711], [79.969, 17.704], [79.974, 17.699], [79.979, 17.697], [79.986, 17.696], [80.001, 17.7], [80.004, 17.695], [80.009, 17.69], [80.014, 17.681], [80.013, 17.676], [80.018, 17.668], [80.017, 17.657], [80.019, 17.655], [80.029, 17.648], [80.026, 17.636], [80.024, 17.633], [80.025, 17.618], [80.034, 17.608], [80.04, 17.606], [80.052, 17.592], [80.057, 17.591], [80.064, 17.586], [80.078, 17.585], [80.088, 17.575], [80.088, 17.57], [80.085, 17.566], [80.084, 17.556], [80.086, 17.55], [80.095, 17.545], [80.097, 17.537], [80.101, 17.533], [80.102, 17.525], [80.11, 17.519], [80.113, 17.514], [80.123, 17.507], [80.13, 17.501], [80.134, 17.495], [80.131, 17.482], [80.131, 17.469], [80.128, 17.454], [80.129, 17.449], [80.134, 17.439], [80.132, 17.423], [80.135, 17.417], [80.142, 17.409], [80.137, 17.402], [80.138, 17.398], [80.147, 17.391], [80.153, 17.384], [80.163, 17.374], [80.166, 17.365], [80.166, 17.358], [80.161, 17.355], [80.154, 17.343], [80.146, 17.332], [80.142, 17.329], [80.137, 17.32], [80.133, 17.308], [80.136, 17.299], [80.132, 17.278], [80.132, 17.263], [80.126, 17.244], [80.123, 17.234], [80.124, 17.227], [80.134, 17.221], [80.147, 17.204], [80.148, 17.201], [80.158, 17.191], [80.16, 17.182], [80.161, 17.167], [80.16, 17.151], [80.159, 17.141], [80.162, 17.136], [80.163, 17.127], [80.167, 17.121], [80.171, 17.108], [80.173, 17.091], [80.166, 17.081], [80.164, 17.073], [80.159, 17.07], [80.156, 17.063], [80.158, 17.055], [80.161, 17.051], [80.161, 17.046], [80.167, 17.035], [80.17, 17.026], [80.169, 17.019], [80.166, 17.014], [80.169, 17.01], [80.168, 17.003], [80.172, 16.996], [80.177, 16.993], [80.184, 16.992], [80.188, 16.989], [80.191, 16.982], [80.195, 16.979], [80.197, 16.975], [80.204, 16.969], [80.205, 16.965], [80.213, 16.959], [80.217, 16.95], [80.223, 16.944], [80.23, 16.942], [80.233, 16.937], [80.233, 16.931], [80.236, 16.918], [80.248, 16.91], [80.252, 16.91], [80.257, 16.898], [80.264, 16.89], [80.27, 16.888], [80.274, 16.881], [80.272, 16.875], [80.278, 16.87], [80.28, 16.866], [80.278, 16.857], [80.28, 16.851], [80.285, 16.846], [80.283, 16.836], [80.292, 16.83], [80.294, 16.826], [80.297, 16.821], [80.299, 16.815], [80.299, 16.807], [80.301, 16.805], [80.299, 16.799], [80.296, 16.794], [80.295, 16.789], [80.297, 16.785], [80.296, 16.777], [80.301, 16.775], [80.306, 16.769], [80.311, 16.761], [80.31, 16.756], [80.312, 16.75], [80.311, 16.743], [80.314, 16.737], [80.317, 16.733], [80.316, 16.726], [80.319, 16.719], [80.315, 16.713], [80.315, 16.709], [80.312, 16.705], [80.312, 16.701], [80.307, 16.693], [80.307, 16.688], [80.302, 16.683], [80.295, 16.678], [80.296, 16.673], [80.299, 16.669], [80.303, 16.657], [80.306, 16.652], [80.315, 16.644], [80.311, 16.638], [80.315, 16.628], [80.319, 16.626], [80.324, 16.614], [80.324, 16.605], [80.329, 16.604], [80.327, 16.599], [80.323, 16.594]]}, "properties": {"rivname": "Muneru", "ba_name": "Krishna"}}, {"type": "Feature", "geometry": {"type": "LineString", "coordinates": [[83.246, 19.699], [83.244, 19.703], [83.246, 19.709], [83.251, 19.71], [83.252, 19.707], [83.258, 19.705], [83.261, 19.695], [83.265, 19.687], [83.264, 19.68], [83.26, 19.679], [83.255, 19.672], [83.259, 19.665], [83.265, 19.664], [83.269, 19.66], [83.27, 19.655], [83.273, 19.652], [83.274, 19.645], [83.278, 19.643], [83.277, 19.639], [83.28, 19.633], [83.292, 19.63], [83.29, 19.62], [83.292, 19.613], [83.296, 19.606], [83.302, 19.598], [83.303, 19.591], [83.3, 19.589], [83.301, 19.584], [83.307, 19.576], [83.312, 19.57], [83.31, 19.552], [83.311, 19.544], [83.315, 19.536], [83.313, 19.529], [83.316, 19.527], [83.313, 19.522], [83.313, 19.516], [83.316, 19.508], [83.31, 19.505], [83.313, 19.496], [83.309, 19.495], [83.306, 19.482], [83.306, 19.476], [83.312, 19.477], [83.311, 19.465], [83.313, 19.458], [83.31, 19.453], [83.314, 19.449], [83.312, 19.444], [83.314, 19.439], [83.313, 19.431], [83.311, 19.428], [83.311, 19.422], [83.314, 19.419], [83.313, 19.415], [83.323, 19.41], [83.326, 19.412], [83.329, 19.404], [83.338, 19.4], [83.34, 19.397], [83.35, 19.399], [83.354, 19.396], [83.36, 19.396], [83.364, 19.4], [83.37, 19.396], [83.368, 19.391], [83.369, 19.383], [83.365, 19.378], [83.367, 19.369], [83.374, 19.365], [83.373, 19.359], [83.375, 19.356], [83.381, 19.359], [83.383, 19.353], [83.387, 19.351], [83.386, 19.346], [83.39, 19.342], [83.397, 19.339], [83.397, 19.327], [83.403, 19.324], [83.405, 19.319], [83.413, 19.314], [83.416, 19.308], [83.421, 19.309], [83.424, 19.306], [83.423, 19.302], [83.433, 19.303], [83.428, 19.289], [83.422, 19.286], [83.421, 19.28], [83.418, 19.276], [83.417, 19.263], [83.419, 19.255], [83.427, 19.246], [83.426, 19.24], [83.43, 19.231], [83.424, 19.225], [83.423, 19.22], [83.424, 19.206], [83.426, 19.202], [83.43, 19.2], [83.429, 19.193], [83.432, 19.19], [83.432, 19.185], [83.429, 19.18], [83.429, 19.173], [83.434, 19.169], [83.429, 19.164], [83.426, 19.155], [83.43, 19.148], [83.429, 19.143], [83.426, 19.136], [83.429, 19.13], [83.43, 19.125], [83.426, 19.112], [83.42, 19.102], [83.42, 19.095], [83.422, 19.087], [83.418, 19.083], [83.415, 19.077], [83.417, 19.074], [83.424, 19.075], [83.426, 19.071], [83.426, 19.066], [83.435, 19.055], [83.436, 19.049], [83.444, 19.049], [83.446, 19.039], [83.45, 19.022], [83.452, 19.013], [83.451, 19.004], [83.456, 18.995], [83.453, 18.983], [83.453, 18.974], [83.451, 18.969], [83.447, 18.966], [83.445, 18.96], [83.448, 18.958], [83.456, 18.955], [83.46, 18.952], [83.456, 18.946], [83.465, 18.945], [83.46, 18.938], [83.467, 18.935], [83.466, 18.931], [83.469, 18.924], [83.464, 18.918], [83.465, 18.915], [83.471, 18.91], [83.469, 18.9], [83.471, 18.894], [83.476, 18.891], [83.475, 18.883], [83.479, 18.879], [83.477, 18.872], [83.472, 18.866], [83.481, 18.861], [83.484, 18.854], [83.486, 18.849], [83.485, 18.842], [83.49, 18.833], [83.493, 18.821], [83.492, 18.815], [83.489, 18.809], [83.493, 18.796], [83.495, 18.792], [83.495, 18.786], [83.499, 18.784], [83.507, 18.783], [83.507, 18.779], [83.499, 18.772], [83.5, 18.768], [83.498, 18.761], [83.502, 18.751], [83.511, 18.751], [83.517, 18.748], [83.525, 18.739], [83.524, 18.731], [83.527, 18.727], [83.528, 18.721], [83.533, 18.717], [83.533, 18.713], [83.538, 18.711], [83.545, 18.711], [83.554, 18.703], [83.565, 18.701], [83.573, 18.693], [83.573, 18.691], [83.572, 18.677], [83.575, 18.674], [83.585, 18.67], [83.585, 18.664], [83.589, 18.661], [83.599, 18.66], [83.605, 18.656], [83.605, 18.649], [83.607, 18.647], [83.615, 18.647], [83.619, 18.643], [83.622, 18.63], [83.625, 18.626], [83.632, 18.622], [83.636, 18.611], [83.638, 18.602], [83.647, 18.598], [83.647, 18.591], [83.65, 18.588], [83.656, 18.588], [83.668, 18.58], [83.682, 18.584], [83.687, 18.584], [83.692, 18.581], [83.696, 18.576], [83.703, 18.57], [83.713, 18.569], [83.726, 18.57], [83.732, 18.568], [83.738, 18.57], [83.748, 18.584], [83.757, 18.582], [83.759, 18.571], [83.764, 18.567], [83.775, 18.566], [83.777, 18.564], [83.781, 18.554], [83.781, 18.547], [83.785, 18.54], [83.788, 18.54], [83.792, 18.544], [83.799, 18.548], [83.804, 18.547], [83.804, 18.54], [83.794, 18.533], [83.791, 18.528], [83.79, 18.522], [83.791, 18.511], [83.789, 18.5], [83.796, 18.494], [83.806, 18.491], [83.82, 18.477], [83.82, 18.467], [83.819, 18.457], [83.815, 18.455], [83.812, 18.448], [83.813, 18.44], [83.817, 18.433], [83.819, 18.428], [83.829, 18.424], [83.837, 18.418], [83.838, 18.412], [83.834, 18.408], [83.825, 18.404], [83.824, 18.4], [83.831, 18.393], [83.839, 18.392], [83.85, 18.394], [83.855, 18.391], [83.854, 18.387], [83.848, 18.379], [83.849, 18.371], [83.862, 18.358], [83.867, 18.351], [83.872, 18.347], [83.873, 18.338], [83.886, 18.328], [83.888, 18.319], [83.883, 18.31], [83.892, 18.3], [83.888, 18.284], [83.891, 18.281], [83.892, 18.275], [83.9, 18.269], [83.904, 18.259], [83.908, 18.254], [83.919, 18.247], [83.921, 18.239], [83.92, 18.232], [83.92, 18.226], [83.924, 18.221], [83.933, 18.217]]}, "properties": {"rivname": "Nagavali", "ba_name": "East flowing rivers between Mahanadi and Pennar"}}, {"type": "Feature", "geometry": {"type": "MultiLineString", "coordinates": [[[72.84, 21.672], [72.835, 21.668], [72.814, 21.663], [72.802, 21.657], [72.785, 21.656], [72.771, 21.66], [72.742, 21.674], [72.731, 21.678], [72.716, 21.677], [72.709, 21.671], [72.697, 21.667], [72.663, 21.665], [72.647, 21.657], [72.633, 21.648], [72.616, 21.644], [72.594, 21.635]], [[72.919, 21.676], [72.911, 21.675], [72.907, 21.673], [72.9, 21.664], [72.893, 21.661], [72.883, 21.662], [72.867, 21.664], [72.86, 21.664], [72.845, 21.672], [72.84, 21.672]], [[72.919, 21.676], [72.899, 21.682], [72.875, 21.686], [72.866, 21.687], [72.851, 21.684], [72.841, 21.675], [72.84, 21.672]], [[73.042, 21.713], [73.02, 21.703], [73.011, 21.698], [72.999, 21.688], [72.985, 21.678], [72.971, 21.676], [72.938, 21.675], [72.919, 21.676]], [[73.122, 21.732], [73.113, 21.725], [73.105, 21.718], [73.096, 21.715], [73.082, 21.713], [73.071, 21.714], [73.062, 21.716], [73.052, 21.717], [73.042, 21.713]], [[73.122, 21.732], [73.107, 21.73], [73.096, 21.73], [73.085, 21.735], [73.077, 21.734], [73.071, 21.74], [73.063, 21.738], [73.046, 21.717], [73.042, 21.713]], [[73.136, 21.748], [73.127, 21.737], [73.122, 21.732]], [[73.136, 21.748], [73.143, 21.751], [73.15, 21.756], [73.162, 21.767], [73.173, 21.784], [73.176, 21.794], [73.173, 21.799], [73.164, 21.805], [73.159, 21.806], [73.15, 21.813], [73.147, 21.817], [73.14, 21.82]], [[73.138, 21.811], [73.139, 21.8], [73.138, 21.753], [73.136, 21.748]], [[73.14, 21.82], [73.138, 21.811]], [[77.378, 22.609], [77.373, 22.609], [77.36, 22.606], [77.355, 22.602], [77.349, 22.589], [77.342, 22.57], [77.335, 22.563], [77.322, 22.557], [77.317, 22.556], [77.297, 22.561], [77.291, 22.561], [77.283, 22.578], [77.278, 22.597], [77.271, 22.606], [77.267, 22.608], [77.256, 22.603], [77.249, 22.596], [77.239, 22.583], [77.22, 22.569], [77.215, 22.567], [77.206, 22.568], [77.2, 22.569], [77.174, 22.581], [77.167, 22.583], [77.16, 22.583], [77.154, 22.58], [77.145, 22.572], [77.14, 22.562], [77.126, 22.553], [77.113, 22.539], [77.11, 22.537], [77.098, 22.524], [77.091, 22.519], [77.084, 22.51], [77.074, 22.508], [77.053, 22.5], [77.02, 22.493], [77.014, 22.493], [77.003, 22.494], [76.995, 22.491], [76.983, 22.492], [76.973, 22.49], [76.953, 22.492], [76.94, 22.493], [76.936, 22.491], [76.922, 22.49], [76.901, 22.485], [76.889, 22.479], [76.876, 22.472], [76.863, 22.46], [76.839, 22.452], [76.825, 22.448], [76.82, 22.446], [76.805, 22.435], [76.793, 22.429], [76.79, 22.424], [76.789, 22.419], [76.791, 22.406], [76.791, 22.397], [76.786, 22.385], [76.781, 22.375], [76.78, 22.359], [76.776, 22.344], [76.77, 22.328], [76.762, 22.317], [76.75, 22.305], [76.72, 22.278], [76.704, 22.27], [76.663, 22.25], [76.647, 22.242], [76.633, 22.24], [76.621, 22.24], [76.612, 22.238], [76.594, 22.234], [76.578, 22.231], [76.571, 22.231], [76.555, 22.233], [76.543, 22.233], [76.529, 22.235], [76.513, 22.242], [76.504, 22.248], [76.5, 22.253], [76.498, 22.261], [76.49, 22.276], [76.484, 22.281], [76.462, 22.286], [76.459, 22.292], [76.469, 22.301], [76.467, 22.312], [76.468, 22.319], [76.464, 22.323], [76.445, 22.328], [76.439, 22.332], [76.423, 22.337], [76.415, 22.338], [76.405, 22.338], [76.395, 22.335], [76.379, 22.326], [76.357, 22.318], [76.351, 22.314], [76.348, 22.308], [76.341, 22.304], [76.326, 22.298], [76.316, 22.297], [76.307, 22.295], [76.291, 22.294], [76.265, 22.293], [76.25, 22.29], [76.237, 22.286], [76.224, 22.284], [76.208, 22.28], [76.205, 22.277], [76.203, 22.27], [76.202, 22.254], [76.2, 22.247], [76.197, 22.241], [76.189, 22.236], [76.178, 22.235], [76.169, 22.237], [76.16, 22.248], [76.157, 22.256], [76.147, 22.256], [76.14, 22.258], [76.124, 22.256], [76.115, 22.254], [76.096, 22.248], [76.089, 22.244], [76.065, 22.228], [76.057, 22.226], [76.042, 22.227], [76.032, 22.226], [76.021, 22.222], [76.016, 22.218], [76.006, 22.207], [75.996, 22.2], [75.99, 22.198], [75.973, 22.194], [75.956, 22.188], [75.949, 22.188], [75.938, 22.191], [75.928, 22.193], [75.912, 22.192], [75.871, 22.18], [75.856, 22.176], [75.846, 22.175], [75.821, 22.181], [75.812, 22.182], [75.804, 22.181], [75.777, 22.177], [75.768, 22.172], [75.759, 22.162], [75.754, 22.159], [75.745, 22.155], [75.734, 22.154], [75.711, 22.152], [75.699, 22.153], [75.683, 22.159], [75.655, 22.171], [75.642, 22.172], [75.614, 22.168], [75.584, 22.168], [75.567, 22.168], [75.552, 22.17], [75.548, 22.163], [75.542, 22.158], [75.531, 22.158], [75.521, 22.16], [75.513, 22.159], [75.503, 22.156], [75.484, 22.152], [75.469, 22.153], [75.462, 22.152], [75.447, 22.149], [75.422, 22.145], [75.401, 22.137], [75.395, 22.136], [75.386, 22.137], [75.38, 22.141], [75.373, 22.142], [75.352, 22.14], [75.33, 22.137], [75.313, 22.136], [75.297, 22.127], [75.288, 22.125], [75.279, 22.124], [75.253, 22.125], [75.247, 22.125], [75.231, 22.122], [75.214, 22.116], [75.2, 22.108], [75.188, 22.104], [75.166, 22.104], [75.153, 22.102], [75.134, 22.101], [75.095, 22.094], [75.088, 22.095], [75.063, 22.095], [75.028, 22.089], [75.008, 22.088], [74.988, 22.087], [74.971, 22.085], [74.961, 22.083], [74.948, 22.083], [74.923, 22.084], [74.916, 22.084], [74.89, 22.08], [74.877, 22.077], [74.847, 22.064], [74.834, 22.063], [74.822, 22.065], [74.814, 22.068], [74.794, 22.076], [74.786, 22.079], [74.776, 22.078], [74.765, 22.073], [74.751, 22.069], [74.73, 22.059], [74.707, 22.053], [74.695, 22.049], [74.683, 22.038], [74.672, 22.035], [74.666, 22.035], [74.641, 22.036], [74.626, 22.033], [74.613, 22.028], [74.59, 22.023], [74.564, 22.022], [74.56, 22.024], [74.555, 22.029], [74.541, 22.048], [74.538, 22.051], [74.528, 22.052], [74.499, 22.044], [74.475, 22.041], [74.451, 22.035], [74.427, 22.029], [74.416, 22.025], [74.395, 22.022], [74.386, 22.019], [74.382, 22.014], [74.379, 22.006], [74.353, 21.979], [74.347, 21.976], [74.337, 21.974], [74.319, 21.974], [74.305, 21.97], [74.297, 21.965], [74.295, 21.959], [74.292, 21.944], [74.289, 21.939], [74.282, 21.935], [74.27, 21.933], [74.24, 21.931], [74.225, 21.929], [74.193, 21.926], [74.186, 21.927], [74.18, 21.931], [74.166, 21.945], [74.155, 21.951], [74.144, 21.951], [74.133, 21.95], [74.112, 21.945], [74.098, 21.94], [74.088, 21.936], [74.07, 21.932], [74.056, 21.928], [74.036, 21.918], [74.034, 21.915], [74.024, 21.91], [74, 21.898], [73.973, 21.887], [73.941, 21.871], [73.926, 21.862], [73.918, 21.86], [73.902, 21.857], [73.89, 21.857], [73.886, 21.855], [73.88, 21.846], [73.871, 21.841], [73.865, 21.841], [73.852, 21.844], [73.832, 21.843], [73.811, 21.839], [73.801, 21.829], [73.79, 21.822], [73.777, 21.824], [73.767, 21.828], [73.759, 21.829], [73.744, 21.831], [73.741, 21.832], [73.732, 21.83], [73.719, 21.837], [73.71, 21.842], [73.698, 21.854], [73.695, 21.859], [73.693, 21.868], [73.687, 21.877], [73.68, 21.882], [73.668, 21.886], [73.659, 21.885], [73.639, 21.888], [73.624, 21.891], [73.605, 21.898], [73.599, 21.905], [73.593, 21.923], [73.591, 21.941], [73.588, 21.946], [73.583, 21.95], [73.57, 21.954], [73.566, 21.956], [73.552, 21.968], [73.548, 21.976], [73.541, 21.98], [73.536, 21.98], [73.528, 21.977], [73.515, 21.965], [73.508, 21.963], [73.498, 21.965], [73.486, 21.969], [73.479, 21.973], [73.468, 21.982], [73.464, 21.983], [73.452, 21.983], [73.444, 21.98], [73.44, 21.974], [73.439, 21.959], [73.443, 21.943], [73.44, 21.93], [73.438, 21.925], [73.432, 21.92], [73.419, 21.911], [73.411, 21.909], [73.4, 21.912], [73.384, 21.922], [73.376, 21.928], [73.368, 21.931], [73.36, 21.93], [73.354, 21.927], [73.346, 21.919], [73.345, 21.914], [73.344, 21.902], [73.346, 21.887], [73.345, 21.878], [73.334, 21.874], [73.326, 21.875], [73.318, 21.879], [73.292, 21.896], [73.285, 21.9], [73.275, 21.909], [73.273, 21.919], [73.265, 21.927], [73.258, 21.934], [73.249, 21.936], [73.242, 21.934], [73.235, 21.93], [73.228, 21.923], [73.223, 21.915], [73.222, 21.911], [73.222, 21.901], [73.225, 21.893], [73.234, 21.879], [73.248, 21.865], [73.249, 21.861], [73.248, 21.851], [73.245, 21.843], [73.238, 21.837], [73.223, 21.826], [73.217, 21.823], [73.203, 21.822], [73.197, 21.824], [73.181, 21.833], [73.16, 21.857], [73.154, 21.861], [73.146, 21.865], [73.142, 21.865], [73.137, 21.862], [73.13, 21.851], [73.131, 21.841], [73.139, 21.825], [73.14, 21.82]], [[77.378, 22.609], [77.391, 22.61], [77.4, 22.614], [77.409, 22.616]], [[77.409, 22.616], [77.406, 22.61], [77.398, 22.604], [77.391, 22.603], [77.378, 22.609]], [[81.751, 22.659], [81.755, 22.659], [81.758, 22.665], [81.759, 22.672], [81.752, 22.68], [81.747, 22.684], [81.738, 22.689], [81.73, 22.697], [81.723, 22.7], [81.716, 22.701], [81.711, 22.699], [81.694, 22.706], [81.692, 22.712], [81.699, 22.723], [81.701, 22.731], [81.704, 22.735], [81.704, 22.745], [81.695, 22.758], [81.693, 22.772], [81.694, 22.776], [81.686, 22.781], [81.676, 22.784], [81.673, 22.783], [81.665, 22.785], [81.658, 22.784], [81.656, 22.787], [81.651, 22.786], [81.642, 22.788], [81.634, 22.782], [81.629, 22.782], [81.626, 22.774], [81.618, 22.771], [81.615, 22.772], [81.607, 22.768], [81.606, 22.765], [81.597, 22.76], [81.594, 22.755], [81.586, 22.759], [81.581, 22.758], [81.577, 22.755], [81.57, 22.756], [81.564, 22.755], [81.563, 22.76], [81.551, 22.759], [81.544, 22.751], [81.536, 22.753], [81.521, 22.754], [81.52, 22.759], [81.515, 22.758], [81.509, 22.765], [81.504, 22.766], [81.501, 22.76], [81.496, 22.763], [81.491, 22.759], [81.484, 22.761], [81.478, 22.758], [81.468, 22.762], [81.467, 22.768], [81.463, 22.772], [81.459, 22.769], [81.453, 22.771], [81.453, 22.777], [81.445, 22.789], [81.451, 22.794], [81.44, 22.799], [81.435, 22.806], [81.434, 22.81], [81.438, 22.817], [81.437, 22.822], [81.43, 22.828], [81.43, 22.835], [81.424, 22.84], [81.419, 22.843], [81.411, 22.843], [81.403, 22.847], [81.405, 22.851], [81.402, 22.854], [81.395, 22.852], [81.39, 22.855], [81.379, 22.856], [81.37, 22.856], [81.366, 22.852], [81.36, 22.851], [81.35, 22.852], [81.346, 22.858], [81.341, 22.858], [81.336, 22.862], [81.33, 22.862], [81.325, 22.863], [81.32, 22.868], [81.316, 22.877], [81.312, 22.877], [81.3, 22.882], [81.287, 22.879], [81.278, 22.88], [81.266, 22.89], [81.259, 22.9], [81.256, 22.902], [81.241, 22.901], [81.232, 22.906], [81.215, 22.915], [81.211, 22.916], [81.201, 22.911], [81.195, 22.923], [81.191, 22.929], [81.193, 22.938], [81.191, 22.945], [81.186, 22.947], [81.175, 22.944], [81.172, 22.942], [81.159, 22.941], [81.151, 22.943], [81.135, 22.941], [81.12, 22.943], [81.113, 22.945], [81.103, 22.947], [81.097, 22.945], [81.085, 22.945], [81.079, 22.947], [81.073, 22.952], [81.067, 22.964], [81.063, 22.967], [81.046, 22.968], [81.032, 22.971], [81.03, 22.97], [81.027, 22.962], [81.026, 22.951], [81.023, 22.943], [81.028, 22.933], [81.024, 22.93], [81.009, 22.931], [81, 22.93], [80.993, 22.927], [80.984, 22.932], [80.98, 22.94], [80.974, 22.941], [80.958, 22.937], [80.942, 22.944], [80.931, 22.944], [80.928, 22.946], [80.922, 22.955], [80.914, 22.958], [80.907, 22.956], [80.902, 22.95], [80.903, 22.942], [80.9, 22.937], [80.895, 22.936], [80.889, 22.939], [80.887, 22.943], [80.889, 22.948], [80.899, 22.962], [80.895, 22.979], [80.895, 22.982], [80.902, 22.994], [80.901, 23.005], [80.904, 23.01], [80.903, 23.016], [80.891, 23.014], [80.883, 23.017], [80.874, 23.025], [80.87, 23.035], [80.862, 23.045], [80.849, 23.052], [80.827, 23.06], [80.82, 23.057], [80.82, 23.05], [80.825, 23.044], [80.822, 23.032], [80.827, 23.02], [80.822, 23.018], [80.812, 23.022], [80.806, 23.02], [80.804, 23.017], [80.811, 22.999], [80.809, 22.993], [80.804, 22.988], [80.799, 22.989], [80.795, 22.996], [80.795, 23.001], [80.785, 23.01], [80.78, 23.017], [80.775, 23.028], [80.769, 23.03], [80.766, 23.026], [80.765, 23.021], [80.767, 23.015], [80.766, 23.009], [80.763, 23.002], [80.756, 22.999], [80.748, 22.997], [80.741, 23], [80.737, 23.006], [80.732, 23.007], [80.725, 23.007], [80.719, 23.005], [80.713, 23.005], [80.699, 23], [80.683, 23.005], [80.68, 23.001], [80.679, 22.99], [80.675, 22.987], [80.671, 22.991], [80.668, 22.998], [80.664, 23.002], [80.657, 23.004], [80.653, 23.003], [80.647, 22.997], [80.646, 22.991], [80.65, 22.982], [80.657, 22.978], [80.66, 22.972], [80.655, 22.965], [80.651, 22.964], [80.648, 22.969], [80.64, 22.976], [80.631, 22.978], [80.628, 22.975], [80.628, 22.97], [80.631, 22.963], [80.633, 22.953], [80.63, 22.949], [80.622, 22.952], [80.619, 22.963], [80.612, 22.969], [80.604, 22.97], [80.596, 22.963], [80.59, 22.961], [80.588, 22.965], [80.595, 22.971], [80.595, 22.977], [80.592, 22.98], [80.587, 22.983], [80.581, 22.982], [80.576, 22.978], [80.576, 22.974], [80.572, 22.963], [80.566, 22.956], [80.554, 22.959], [80.546, 22.964], [80.542, 22.959], [80.54, 22.954], [80.54, 22.947], [80.533, 22.944], [80.524, 22.948], [80.518, 22.954], [80.514, 22.953], [80.509, 22.948], [80.511, 22.945], [80.52, 22.938], [80.528, 22.937], [80.533, 22.934], [80.536, 22.93], [80.54, 22.922], [80.541, 22.916], [80.539, 22.9], [80.535, 22.896], [80.527, 22.875], [80.521, 22.87], [80.507, 22.865], [80.499, 22.864], [80.495, 22.861], [80.492, 22.855], [80.485, 22.847], [80.476, 22.844], [80.468, 22.837], [80.469, 22.832], [80.472, 22.829], [80.48, 22.83], [80.487, 22.827], [80.491, 22.823], [80.496, 22.811], [80.495, 22.806], [80.498, 22.803], [80.506, 22.804], [80.515, 22.802], [80.519, 22.798], [80.517, 22.794], [80.504, 22.783], [80.504, 22.779], [80.507, 22.768], [80.504, 22.761], [80.492, 22.758], [80.487, 22.754], [80.486, 22.746], [80.492, 22.74], [80.499, 22.738], [80.505, 22.742], [80.511, 22.74], [80.519, 22.724], [80.519, 22.712], [80.511, 22.705], [80.505, 22.703], [80.502, 22.697], [80.502, 22.686], [80.496, 22.678], [80.485, 22.674], [80.476, 22.674], [80.474, 22.671], [80.479, 22.668], [80.489, 22.657], [80.497, 22.66], [80.502, 22.66], [80.507, 22.653], [80.502, 22.648], [80.501, 22.644], [80.504, 22.638], [80.504, 22.626], [80.508, 22.622], [80.51, 22.618], [80.506, 22.613], [80.499, 22.612], [80.493, 22.616], [80.486, 22.612], [80.482, 22.609], [80.476, 22.598], [80.474, 22.588], [80.467, 22.587], [80.457, 22.592], [80.452, 22.591], [80.45, 22.587], [80.456, 22.583], [80.458, 22.578], [80.452, 22.574], [80.45, 22.579], [80.446, 22.579], [80.437, 22.573], [80.425, 22.567], [80.416, 22.568], [80.409, 22.58], [80.405, 22.583], [80.4, 22.583], [80.391, 22.586], [80.39, 22.593], [80.387, 22.596], [80.379, 22.598], [80.375, 22.595], [80.371, 22.586], [80.367, 22.588], [80.366, 22.594], [80.362, 22.601], [80.361, 22.608], [80.358, 22.611], [80.351, 22.612], [80.343, 22.62], [80.337, 22.619], [80.336, 22.634], [80.332, 22.639], [80.331, 22.648], [80.329, 22.651], [80.322, 22.653], [80.316, 22.658], [80.316, 22.662], [80.32, 22.676], [80.328, 22.689], [80.331, 22.696], [80.331, 22.703], [80.326, 22.719], [80.322, 22.724], [80.316, 22.727], [80.31, 22.728], [80.299, 22.723], [80.293, 22.723], [80.286, 22.728], [80.285, 22.731], [80.283, 22.751], [80.279, 22.76], [80.278, 22.766], [80.281, 22.778], [80.281, 22.784], [80.278, 22.789], [80.258, 22.796], [80.24, 22.796], [80.228, 22.799], [80.218, 22.8], [80.21, 22.798], [80.206, 22.793], [80.205, 22.78], [80.201, 22.776], [80.192, 22.774], [80.185, 22.767], [80.178, 22.765], [80.168, 22.767], [80.155, 22.767], [80.139, 22.765], [80.127, 22.766], [80.105, 22.769], [80.096, 22.769], [80.082, 22.765], [80.067, 22.765], [80.061, 22.767], [80.052, 22.772], [80.032, 22.782], [80.026, 22.788], [80.02, 22.805], [80.01, 22.823], [80.006, 22.827], [80, 22.83], [79.99, 22.83], [79.983, 22.835], [79.98, 22.838], [79.965, 22.849], [79.949, 22.854], [79.936, 22.863], [79.933, 22.867], [79.931, 22.879], [79.931, 22.886], [79.934, 22.908], [79.933, 22.92], [79.931, 22.928], [79.925, 22.94], [79.917, 22.945], [79.909, 22.958], [79.905, 22.974], [79.902, 22.987], [79.903, 22.993], [79.912, 22.996], [79.92, 23.002], [79.929, 23.015], [79.928, 23.028], [79.931, 23.035], [79.942, 23.05], [79.947, 23.057], [79.951, 23.06], [79.962, 23.065], [79.965, 23.068], [79.964, 23.075], [79.959, 23.078], [79.957, 23.083], [79.949, 23.09], [79.943, 23.099], [79.938, 23.104], [79.929, 23.103], [79.918, 23.106], [79.913, 23.105], [79.904, 23.108], [79.893, 23.113], [79.886, 23.113], [79.874, 23.108], [79.864, 23.109], [79.853, 23.109], [79.839, 23.104], [79.828, 23.105], [79.827, 23.109], [79.819, 23.118], [79.817, 23.124], [79.812, 23.126], [79.801, 23.125], [79.796, 23.128], [79.799, 23.133], [79.798, 23.138], [79.79, 23.139], [79.783, 23.136], [79.778, 23.133], [79.762, 23.125], [79.745, 23.115], [79.728, 23.109], [79.721, 23.108], [79.708, 23.111], [79.701, 23.107], [79.697, 23.103], [79.692, 23.101], [79.677, 23.104], [79.672, 23.099], [79.668, 23.092], [79.664, 23.091], [79.657, 23.097], [79.653, 23.105], [79.649, 23.107], [79.639, 23.104], [79.629, 23.107], [79.61, 23.106], [79.601, 23.108], [79.595, 23.111], [79.587, 23.111], [79.58, 23.112], [79.579, 23.115], [79.577, 23.129], [79.572, 23.134], [79.565, 23.137], [79.556, 23.136], [79.543, 23.14], [79.534, 23.14], [79.52, 23.143], [79.515, 23.144], [79.508, 23.14], [79.501, 23.134], [79.497, 23.128], [79.48, 23.119], [79.477, 23.116], [79.464, 23.101], [79.458, 23.097], [79.453, 23.098], [79.446, 23.102], [79.442, 23.107], [79.433, 23.108], [79.422, 23.105], [79.412, 23.103], [79.402, 23.1], [79.396, 23.103], [79.389, 23.11], [79.385, 23.113], [79.377, 23.113], [79.364, 23.105], [79.347, 23.107], [79.34, 23.102], [79.33, 23.098], [79.311, 23.1], [79.306, 23.095], [79.295, 23.09], [79.282, 23.09], [79.274, 23.094], [79.257, 23.094], [79.248, 23.088], [79.24, 23.081], [79.234, 23.08], [79.22, 23.08], [79.204, 23.075], [79.19, 23.072], [79.176, 23.069], [79.156, 23.068], [79.149, 23.067], [79.145, 23.074], [79.138, 23.075], [79.133, 23.078], [79.124, 23.076], [79.118, 23.071], [79.114, 23.066], [79.104, 23.055], [79.094, 23.042], [79.089, 23.039], [79.092, 23.031], [79.092, 23.02], [79.09, 23.015], [79.083, 23.012], [79.076, 23.01], [79.069, 23.012], [79.064, 23.016], [79.059, 23.018], [79.049, 23.017], [79.035, 23.019], [79.028, 23.024], [79.025, 23.029], [79.01, 23.03], [79, 23.036], [78.993, 23.037], [78.981, 23.046], [78.979, 23.056], [78.97, 23.056], [78.96, 23.054], [78.951, 23.051], [78.943, 23.049], [78.934, 23.053], [78.93, 23.049], [78.914, 23.052], [78.898, 23.053], [78.889, 23.053], [78.873, 23.054], [78.865, 23.052], [78.86, 23.047], [78.855, 23.044], [78.844, 23.048], [78.832, 23.05], [78.824, 23.055], [78.818, 23.057], [78.81, 23.055], [78.799, 23.05], [78.795, 23.047], [78.787, 23.048], [78.777, 23.052], [78.769, 23.046], [78.759, 23.047], [78.755, 23.051], [78.752, 23.059], [78.748, 23.062], [78.742, 23.062], [78.736, 23.056], [78.735, 23.049], [78.733, 23.044], [78.728, 23.042], [78.72, 23.043], [78.71, 23.042], [78.693, 23.035], [78.686, 23.036], [78.679, 23.039], [78.668, 23.037], [78.662, 23.033], [78.655, 23.024], [78.651, 23.021], [78.645, 23.021], [78.641, 23.023], [78.63, 23.03], [78.626, 23.031], [78.617, 23.029], [78.61, 23.018], [78.598, 23.011], [78.585, 23.01], [78.576, 23.014], [78.566, 23.017], [78.557, 23.018], [78.55, 23.017], [78.531, 23.01], [78.515, 23.012], [78.507, 23.011], [78.495, 23.006], [78.472, 23.007], [78.46, 23.002], [78.447, 22.99], [78.44, 22.985], [78.43, 22.976], [78.422, 22.971], [78.404, 22.967], [78.397, 22.964], [78.39, 22.958], [78.386, 22.952], [78.379, 22.939], [78.37, 22.932], [78.362, 22.928], [78.349, 22.918], [78.345, 22.917], [78.333, 22.92], [78.326, 22.92], [78.32, 22.917], [78.311, 22.907], [78.3, 22.89], [78.292, 22.884], [78.289, 22.876], [78.284, 22.867], [78.279, 22.866], [78.268, 22.873], [78.263, 22.877], [78.259, 22.877], [78.252, 22.875], [78.239, 22.867], [78.235, 22.867], [78.227, 22.875], [78.223, 22.883], [78.22, 22.894], [78.216, 22.897], [78.206, 22.897], [78.201, 22.896], [78.192, 22.89], [78.186, 22.881], [78.182, 22.869], [78.177, 22.868], [78.16, 22.864], [78.157, 22.862], [78.143, 22.847], [78.126, 22.836], [78.123, 22.828], [78.126, 22.815], [78.129, 22.808], [78.129, 22.802], [78.123, 22.792], [78.116, 22.789], [78.106, 22.788], [78.098, 22.79], [78.09, 22.795], [78.07, 22.812], [78.061, 22.816], [78.054, 22.814], [78.045, 22.809], [78.031, 22.799], [78.025, 22.801], [78.012, 22.813], [78.003, 22.823], [77.996, 22.826], [77.984, 22.826], [77.972, 22.828], [77.959, 22.827], [77.949, 22.821], [77.94, 22.811], [77.929, 22.805], [77.921, 22.808], [77.915, 22.819], [77.916, 22.825], [77.924, 22.833], [77.932, 22.838], [77.932, 22.847], [77.924, 22.858], [77.919, 22.86], [77.911, 22.857], [77.886, 22.834], [77.877, 22.827], [77.869, 22.83], [77.863, 22.835], [77.862, 22.84], [77.865, 22.851], [77.872, 22.862], [77.868, 22.868], [77.855, 22.873], [77.847, 22.873], [77.843, 22.871], [77.837, 22.867], [77.828, 22.858], [77.821, 22.851], [77.808, 22.846], [77.797, 22.84], [77.787, 22.824], [77.782, 22.813], [77.778, 22.802], [77.779, 22.794], [77.751, 22.771], [77.744, 22.764], [77.737, 22.759], [77.729, 22.757], [77.723, 22.762], [77.712, 22.767], [77.703, 22.768], [77.695, 22.768], [77.69, 22.765], [77.683, 22.756], [77.677, 22.742], [77.677, 22.738], [77.669, 22.732], [77.659, 22.733], [77.641, 22.744], [77.634, 22.747], [77.628, 22.747], [77.624, 22.745], [77.614, 22.737], [77.61, 22.726], [77.591, 22.699], [77.59, 22.692], [77.585, 22.681], [77.581, 22.675], [77.574, 22.671], [77.564, 22.668], [77.556, 22.668], [77.545, 22.67], [77.535, 22.669], [77.524, 22.667], [77.52, 22.664], [77.516, 22.653], [77.509, 22.649], [77.491, 22.643], [77.48, 22.647], [77.468, 22.647], [77.459, 22.645], [77.446, 22.638], [77.435, 22.629], [77.431, 22.626], [77.422, 22.623], [77.415, 22.618], [77.409, 22.616]]]}, "properties": {"rivname": "Narmada", "ba_name": "Narmada"}}, {"type": "Feature", "geometry": {"type": "LineString", "coordinates": [[75.324, 13.134], [75.326, 13.138], [75.331, 13.142], [75.336, 13.15], [75.345, 13.162], [75.346, 13.168], [75.35, 13.17], [75.359, 13.165], [75.363, 13.164], [75.368, 13.156], [75.369, 13.145], [75.367, 13.142], [75.37, 13.134], [75.37, 13.127], [75.368, 13.119], [75.369, 13.114], [75.367, 13.096], [75.368, 13.089], [75.363, 13.081], [75.365, 13.077], [75.363, 13.07], [75.362, 13.063], [75.356, 13.057], [75.361, 13.054], [75.36, 13.051], [75.364, 13.046], [75.36, 13.038], [75.361, 13.035], [75.358, 13.024], [75.351, 13.01], [75.36, 13.006], [75.364, 13.001], [75.369, 12.987], [75.367, 12.984], [75.37, 12.973], [75.37, 12.966], [75.366, 12.965], [75.363, 12.959], [75.357, 12.956], [75.36, 12.947], [75.364, 12.943], [75.372, 12.938], [75.365, 12.927], [75.358, 12.918], [75.355, 12.915], [75.351, 12.909], [75.348, 12.908], [75.347, 12.902], [75.345, 12.899], [75.341, 12.899], [75.335, 12.888], [75.332, 12.876], [75.332, 12.87], [75.328, 12.863], [75.325, 12.856], [75.319, 12.855], [75.312, 12.85], [75.303, 12.849], [75.294, 12.845], [75.29, 12.841], [75.283, 12.843], [75.27, 12.842], [75.265, 12.837], [75.261, 12.837], [75.251, 12.842], [75.242, 12.84], [75.231, 12.839], [75.227, 12.838], [75.216, 12.843], [75.2, 12.848], [75.191, 12.843], [75.181, 12.848], [75.168, 12.85], [75.163, 12.853], [75.148, 12.855], [75.139, 12.854], [75.13, 12.859], [75.128, 12.862], [75.118, 12.865], [75.109, 12.869], [75.107, 12.876], [75.094, 12.88], [75.089, 12.883], [75.083, 12.884], [75.073, 12.896], [75.063, 12.899], [75.047, 12.898], [75.043, 12.893], [75.041, 12.886], [75.041, 12.876], [75.038, 12.872], [75.026, 12.869], [75.012, 12.872], [75.003, 12.872], [74.998, 12.87], [74.996, 12.862], [74.989, 12.86], [74.982, 12.864], [74.974, 12.862], [74.97, 12.857], [74.964, 12.856], [74.96, 12.859], [74.958, 12.871], [74.947, 12.87], [74.94, 12.862], [74.938, 12.858], [74.932, 12.858], [74.912, 12.864], [74.905, 12.863], [74.895, 12.852], [74.89, 12.848], [74.867, 12.841], [74.85, 12.839], [74.842, 12.841], [74.835, 12.846], [74.825, 12.845]]}, "properties": {"rivname": "Netravati", "ba_name": "West flowing rivers from Tadri to Kanyakumari"}}, {"type": "Feature", "geometry": {"type": "MultiLineString", "coordinates": [[[70.093, 21.391], [70.106, 21.388], [70.116, 21.39], [70.118, 21.393], [70.124, 21.396], [70.129, 21.394], [70.137, 21.394], [70.139, 21.397], [70.149, 21.399], [70.157, 21.408], [70.172, 21.413], [70.174, 21.408]], [[70.093, 21.391], [70.077, 21.388], [70.07, 21.388], [70.066, 21.382], [70.053, 21.382], [70.046, 21.385], [70.034, 21.383], [70.026, 21.385], [70.019, 21.379], [70.009, 21.379], [70.005, 21.369], [70.008, 21.369], [70.013, 21.36], [70.013, 21.354], [70.003, 21.345], [69.997, 21.343], [69.994, 21.345], [69.985, 21.346], [69.977, 21.354], [69.977, 21.358], [69.971, 21.365], [69.969, 21.373], [69.963, 21.379], [69.963, 21.383], [69.953, 21.384], [69.943, 21.391], [69.945, 21.395], [69.934, 21.397], [69.928, 21.399], [69.927, 21.402], [69.915, 21.415], [69.911, 21.416], [69.908, 21.423], [69.902, 21.424], [69.899, 21.421], [69.896, 21.424], [69.89, 21.436], [69.888, 21.442], [69.88, 21.448], [69.876, 21.448], [69.867, 21.457], [69.862, 21.457], [69.856, 21.453], [69.847, 21.455], [69.834, 21.454], [69.82, 21.451], [69.808, 21.451], [69.8, 21.453]], [[70.174, 21.408], [70.174, 21.402], [70.161, 21.395], [70.158, 21.395], [70.15, 21.39], [70.146, 21.386], [70.135, 21.385], [70.128, 21.391], [70.121, 21.388], [70.116, 21.389], [70.11, 21.386], [70.1, 21.386], [70.093, 21.391]], [[70.824, 21.554], [70.814, 21.55], [70.809, 21.544], [70.798, 21.543], [70.787, 21.524], [70.781, 21.523], [70.769, 21.515], [70.769, 21.51], [70.764, 21.502], [70.76, 21.501], [70.753, 21.495], [70.748, 21.484], [70.741, 21.483], [70.739, 21.478], [70.725, 21.474], [70.719, 21.469], [70.715, 21.462], [70.711, 21.452], [70.708, 21.449], [70.711, 21.438], [70.711, 21.435], [70.702, 21.426], [70.693, 21.42], [70.689, 21.413], [70.682, 21.408], [70.671, 21.407], [70.668, 21.406], [70.658, 21.396], [70.655, 21.388], [70.651, 21.386], [70.64, 21.386], [70.635, 21.39], [70.629, 21.387], [70.624, 21.383], [70.619, 21.381], [70.611, 21.385], [70.597, 21.383], [70.594, 21.381], [70.587, 21.381], [70.576, 21.388], [70.564, 21.395], [70.557, 21.393], [70.55, 21.393], [70.531, 21.395], [70.525, 21.4], [70.507, 21.4], [70.494, 21.399], [70.488, 21.402], [70.481, 21.413], [70.472, 21.413], [70.465, 21.416], [70.459, 21.423], [70.45, 21.428], [70.436, 21.428], [70.43, 21.431], [70.421, 21.437], [70.411, 21.436], [70.401, 21.44], [70.386, 21.453], [70.373, 21.459], [70.361, 21.458], [70.356, 21.457], [70.334, 21.457], [70.323, 21.459], [70.31, 21.465], [70.302, 21.467], [70.297, 21.467], [70.294, 21.46], [70.285, 21.46], [70.277, 21.454], [70.274, 21.449], [70.263, 21.442], [70.246, 21.434], [70.241, 21.437], [70.234, 21.436], [70.23, 21.429], [70.225, 21.426], [70.216, 21.421], [70.21, 21.422], [70.19, 21.413], [70.186, 21.409], [70.174, 21.408]]]}, "properties": {"rivname": "Ojat", "ba_name": "West flowing rivers of Kutch and Saurashtra including Luni"}}, {"type": "Feature", "geometry": {"type": "LineString", "coordinates": [[76.556, 22.79], [76.559, 22.796], [76.568, 22.795], [76.575, 22.8], [76.583, 22.799], [76.585, 22.801], [76.593, 22.805], [76.597, 22.812], [76.594, 22.815], [76.596, 22.825], [76.593, 22.833], [76.595, 22.837], [76.599, 22.835], [76.606, 22.842], [76.608, 22.847], [76.614, 22.847], [76.617, 22.854], [76.624, 22.861], [76.628, 22.861], [76.632, 22.866], [76.638, 22.87], [76.642, 22.876], [76.645, 22.876], [76.651, 22.881], [76.657, 22.892], [76.659, 22.905], [76.656, 22.908], [76.659, 22.914], [76.658, 22.924], [76.671, 22.932], [76.673, 22.942], [76.676, 22.95], [76.679, 22.951], [76.677, 22.957], [76.678, 22.964], [76.673, 22.973], [76.675, 22.98], [76.679, 22.987], [76.678, 22.992], [76.683, 22.997], [76.681, 23.002], [76.683, 23.005], [76.69, 23.011], [76.696, 23.01], [76.699, 23.013], [76.703, 23.013], [76.709, 23.015], [76.711, 23.02], [76.715, 23.021], [76.727, 23.025], [76.736, 23.034], [76.736, 23.038], [76.74, 23.044], [76.744, 23.058], [76.752, 23.069], [76.752, 23.077], [76.763, 23.084], [76.782, 23.088], [76.786, 23.09], [76.788, 23.097], [76.802, 23.104], [76.808, 23.103], [76.812, 23.106], [76.821, 23.109], [76.822, 23.12], [76.826, 23.127], [76.823, 23.133], [76.825, 23.137], [76.833, 23.146], [76.834, 23.152], [76.838, 23.153], [76.84, 23.157], [76.844, 23.172], [76.851, 23.175], [76.855, 23.18], [76.859, 23.177], [76.862, 23.184], [76.868, 23.186], [76.875, 23.183], [76.883, 23.184], [76.889, 23.187], [76.893, 23.193], [76.892, 23.2], [76.889, 23.204], [76.9, 23.211], [76.903, 23.22], [76.902, 23.228], [76.908, 23.232], [76.922, 23.231], [76.934, 23.234], [76.94, 23.237], [76.946, 23.244], [76.957, 23.255], [76.967, 23.26], [76.97, 23.263], [76.969, 23.268], [76.972, 23.276], [76.975, 23.279], [76.986, 23.284], [76.988, 23.289], [76.987, 23.301], [76.978, 23.311], [76.982, 23.326], [76.983, 23.334], [76.98, 23.344], [76.981, 23.35], [76.986, 23.353], [76.989, 23.359], [76.989, 23.369], [76.993, 23.38], [76.993, 23.384], [76.988, 23.389], [76.988, 23.395], [76.993, 23.403], [77, 23.415], [77.009, 23.424], [77.012, 23.43], [77.012, 23.44], [77.02, 23.448], [77.027, 23.448], [77.043, 23.455], [77.044, 23.461], [77.055, 23.472], [77.068, 23.481], [77.072, 23.482], [77.081, 23.481], [77.086, 23.485], [77.095, 23.489], [77.097, 23.493], [77.101, 23.497], [77.101, 23.503], [77.105, 23.512], [77.105, 23.519], [77.114, 23.529], [77.117, 23.536], [77.123, 23.543], [77.128, 23.546], [77.136, 23.546], [77.139, 23.549], [77.139, 23.565], [77.136, 23.57], [77.136, 23.577], [77.141, 23.581], [77.144, 23.586], [77.142, 23.596], [77.132, 23.6], [77.128, 23.606], [77.127, 23.612], [77.127, 23.619], [77.132, 23.63], [77.137, 23.638], [77.142, 23.643], [77.146, 23.649], [77.158, 23.663], [77.162, 23.672], [77.167, 23.674], [77.17, 23.679], [77.166, 23.683], [77.166, 23.685], [77.176, 23.694], [77.178, 23.7], [77.182, 23.708], [77.186, 23.72], [77.187, 23.724], [77.192, 23.743], [77.202, 23.756], [77.204, 23.76], [77.205, 23.771], [77.208, 23.778], [77.215, 23.782], [77.218, 23.787], [77.214, 23.797], [77.216, 23.806], [77.223, 23.811], [77.223, 23.822], [77.225, 23.83], [77.225, 23.833], [77.218, 23.836], [77.207, 23.844], [77.205, 23.848], [77.195, 23.851], [77.188, 23.858], [77.186, 23.865], [77.184, 23.883], [77.189, 23.89], [77.191, 23.9], [77.189, 23.906], [77.188, 23.921], [77.186, 23.929], [77.181, 23.937], [77.175, 23.937], [77.168, 23.941], [77.166, 23.95], [77.171, 23.954], [77.173, 23.958], [77.175, 23.969], [77.173, 23.972], [77.174, 23.983], [77.181, 23.985], [77.184, 24.001], [77.178, 24.012], [77.176, 24.017], [77.178, 24.022], [77.187, 24.027], [77.187, 24.032], [77.179, 24.043], [77.178, 24.049], [77.183, 24.058], [77.184, 24.071], [77.183, 24.081], [77.178, 24.091], [77.183, 24.096], [77.185, 24.102], [77.184, 24.109], [77.177, 24.123], [77.177, 24.127], [77.172, 24.141], [77.167, 24.145], [77.161, 24.164], [77.156, 24.172], [77.148, 24.176], [77.145, 24.181], [77.149, 24.192], [77.147, 24.201], [77.141, 24.203], [77.139, 24.212], [77.135, 24.218], [77.131, 24.22], [77.127, 24.225], [77.123, 24.235], [77.126, 24.244], [77.131, 24.254], [77.122, 24.264], [77.117, 24.28], [77.115, 24.297], [77.111, 24.303], [77.11, 24.311], [77.114, 24.326], [77.118, 24.332], [77.119, 24.338], [77.116, 24.344], [77.107, 24.349], [77.104, 24.356], [77.1, 24.36], [77.099, 24.366], [77.102, 24.368], [77.101, 24.374], [77.102, 24.388], [77.101, 24.4], [77.105, 24.413], [77.106, 24.418], [77.103, 24.428], [77.101, 24.449], [77.099, 24.458], [77.1, 24.472], [77.098, 24.478], [77.089, 24.486], [77.086, 24.497], [77.083, 24.501], [77.077, 24.506], [77.067, 24.51], [77.058, 24.519], [77.056, 24.526], [77.058, 24.532], [77.058, 24.54], [77.066, 24.55], [77.071, 24.571], [77.07, 24.583], [77.066, 24.592], [77.066, 24.6], [77.068, 24.606], [77.067, 24.617], [77.068, 24.626], [77.065, 24.642], [77.063, 24.65], [77.057, 24.654], [77.053, 24.664], [77.045, 24.675], [77.041, 24.686], [77.042, 24.698], [77.04, 24.702], [77.031, 24.713], [77.026, 24.714], [77.012, 24.713], [77.005, 24.715], [76.999, 24.718], [76.998, 24.728], [76.993, 24.735], [76.986, 24.736], [76.979, 24.733], [76.972, 24.734], [76.968, 24.74], [76.968, 24.747], [76.962, 24.756], [76.953, 24.76], [76.948, 24.759], [76.943, 24.756], [76.932, 24.745], [76.922, 24.743], [76.914, 24.74], [76.905, 24.74], [76.898, 24.741], [76.888, 24.747], [76.875, 24.746], [76.869, 24.744], [76.859, 24.743], [76.853, 24.744], [76.849, 24.749], [76.849, 24.765], [76.844, 24.771], [76.833, 24.779], [76.826, 24.79], [76.817, 24.797], [76.811, 24.811], [76.807, 24.815], [76.806, 24.82], [76.801, 24.823], [76.8, 24.827], [76.794, 24.83], [76.792, 24.833], [76.786, 24.837], [76.78, 24.837], [76.772, 24.843], [76.766, 24.845], [76.754, 24.847], [76.741, 24.852], [76.737, 24.858], [76.727, 24.869], [76.724, 24.873], [76.714, 24.883], [76.704, 24.89], [76.699, 24.896], [76.686, 24.904], [76.678, 24.912], [76.675, 24.918], [76.666, 24.929], [76.666, 24.939], [76.667, 24.96], [76.659, 24.967], [76.657, 24.972], [76.655, 24.985], [76.645, 25.004], [76.636, 25.016], [76.629, 25.036], [76.621, 25.047], [76.622, 25.051], [76.62, 25.062], [76.617, 25.064], [76.61, 25.076], [76.604, 25.091], [76.605, 25.099], [76.61, 25.103], [76.61, 25.118], [76.612, 25.127], [76.607, 25.14], [76.606, 25.152], [76.615, 25.165], [76.616, 25.169], [76.616, 25.187], [76.622, 25.199], [76.616, 25.209], [76.609, 25.213], [76.609, 25.218], [76.612, 25.223], [76.61, 25.239], [76.608, 25.247], [76.6, 25.25], [76.595, 25.26], [76.581, 25.252], [76.574, 25.253], [76.571, 25.255], [76.569, 25.264], [76.562, 25.276], [76.562, 25.281], [76.569, 25.293], [76.574, 25.306], [76.574, 25.314], [76.566, 25.324], [76.565, 25.328], [76.567, 25.343], [76.573, 25.35], [76.574, 25.359], [76.584, 25.377], [76.598, 25.389], [76.599, 25.392], [76.599, 25.403], [76.593, 25.422], [76.589, 25.43], [76.584, 25.435], [76.58, 25.438], [76.575, 25.439], [76.567, 25.442], [76.557, 25.452], [76.555, 25.46], [76.558, 25.47], [76.555, 25.482], [76.546, 25.492], [76.54, 25.503], [76.539, 25.509], [76.535, 25.515], [76.523, 25.52], [76.517, 25.529], [76.517, 25.534], [76.52, 25.545], [76.516, 25.559], [76.507, 25.574], [76.505, 25.579], [76.505, 25.588], [76.51, 25.598], [76.512, 25.605], [76.511, 25.615], [76.506, 25.637], [76.498, 25.642], [76.497, 25.651], [76.5, 25.66], [76.503, 25.665], [76.503, 25.676], [76.483, 25.683], [76.476, 25.69], [76.473, 25.705], [76.474, 25.709], [76.481, 25.717], [76.49, 25.72], [76.502, 25.729], [76.505, 25.73], [76.52, 25.73], [76.525, 25.733], [76.523, 25.739], [76.525, 25.743], [76.518, 25.757], [76.518, 25.764], [76.517, 25.779], [76.517, 25.784], [76.525, 25.8], [76.527, 25.806], [76.534, 25.816], [76.54, 25.824], [76.553, 25.831], [76.563, 25.842], [76.569, 25.853]]}, "properties": {"rivname": "Parbati", "ba_name": "Ganga"}}, {"type": "Feature", "geometry": {"type": "LineString", "coordinates": [[77.674, 13.404], [77.672, 13.401], [77.663, 13.399], [77.655, 13.394], [77.647, 13.392], [77.637, 13.395], [77.626, 13.395], [77.622, 13.388], [77.617, 13.387], [77.607, 13.405], [77.607, 13.414], [77.617, 13.42], [77.617, 13.423], [77.622, 13.427], [77.624, 13.431], [77.624, 13.441], [77.628, 13.445], [77.628, 13.451], [77.621, 13.454], [77.619, 13.458], [77.609, 13.467], [77.608, 13.48], [77.606, 13.486], [77.607, 13.49], [77.601, 13.492], [77.598, 13.499], [77.593, 13.504], [77.592, 13.509], [77.582, 13.515], [77.575, 13.513], [77.57, 13.523], [77.571, 13.53], [77.567, 13.532], [77.563, 13.542], [77.556, 13.544], [77.551, 13.548], [77.543, 13.548], [77.541, 13.555], [77.533, 13.558], [77.53, 13.561], [77.527, 13.572], [77.524, 13.575], [77.52, 13.573], [77.518, 13.585], [77.518, 13.597], [77.517, 13.603], [77.523, 13.609], [77.522, 13.615], [77.519, 13.619], [77.513, 13.623], [77.513, 13.633], [77.507, 13.646], [77.509, 13.654], [77.503, 13.661], [77.504, 13.664], [77.5, 13.671], [77.494, 13.677], [77.494, 13.685], [77.491, 13.694], [77.486, 13.701], [77.484, 13.708], [77.483, 13.721], [77.485, 13.729], [77.485, 13.739], [77.48, 13.745], [77.48, 13.751], [77.477, 13.758], [77.477, 13.762], [77.481, 13.768], [77.477, 13.776], [77.478, 13.785], [77.475, 13.795], [77.474, 13.805], [77.472, 13.811], [77.469, 13.814], [77.464, 13.827], [77.469, 13.83], [77.473, 13.835], [77.474, 13.843], [77.477, 13.847], [77.487, 13.853], [77.493, 13.855], [77.496, 13.859], [77.499, 13.871], [77.499, 13.881], [77.501, 13.889], [77.5, 13.897], [77.492, 13.906], [77.49, 13.911], [77.481, 13.925], [77.479, 13.931], [77.48, 13.942], [77.478, 13.945], [77.465, 13.954], [77.458, 13.951], [77.452, 13.956], [77.45, 13.959], [77.439, 13.963], [77.437, 13.966], [77.439, 13.976], [77.437, 13.981], [77.429, 13.982], [77.427, 13.986], [77.43, 13.996], [77.428, 14.008], [77.431, 14.017], [77.431, 14.023], [77.427, 14.027], [77.43, 14.037], [77.434, 14.04], [77.438, 14.044], [77.438, 14.051], [77.433, 14.058], [77.435, 14.064], [77.442, 14.07], [77.442, 14.078], [77.439, 14.082], [77.437, 14.093], [77.428, 14.1], [77.424, 14.106], [77.425, 14.118], [77.419, 14.129], [77.414, 14.14], [77.413, 14.153], [77.407, 14.16], [77.401, 14.16], [77.396, 14.163], [77.396, 14.167], [77.393, 14.175], [77.394, 14.183], [77.391, 14.185], [77.38, 14.185], [77.373, 14.183], [77.371, 14.193], [77.367, 14.199], [77.373, 14.205], [77.37, 14.214], [77.373, 14.22], [77.369, 14.227], [77.361, 14.231], [77.36, 14.239], [77.361, 14.245], [77.364, 14.254], [77.362, 14.26], [77.357, 14.262], [77.35, 14.267], [77.349, 14.277], [77.346, 14.281], [77.35, 14.291], [77.351, 14.299], [77.349, 14.318], [77.346, 14.326], [77.354, 14.334], [77.35, 14.347], [77.347, 14.349], [77.336, 14.352], [77.327, 14.359], [77.315, 14.363], [77.316, 14.371], [77.321, 14.377], [77.325, 14.386], [77.324, 14.391], [77.307, 14.396], [77.308, 14.405], [77.3, 14.413], [77.295, 14.421], [77.295, 14.43], [77.292, 14.438], [77.29, 14.441], [77.283, 14.445], [77.283, 14.448], [77.284, 14.456], [77.283, 14.462], [77.283, 14.468], [77.291, 14.476], [77.306, 14.48], [77.314, 14.476], [77.321, 14.479], [77.322, 14.486], [77.316, 14.501], [77.31, 14.508], [77.309, 14.516], [77.32, 14.522], [77.317, 14.527], [77.311, 14.528], [77.307, 14.533], [77.309, 14.543], [77.301, 14.547], [77.297, 14.552], [77.298, 14.556], [77.306, 14.567], [77.306, 14.573], [77.299, 14.578], [77.292, 14.579], [77.28, 14.579], [77.276, 14.583], [77.277, 14.59], [77.287, 14.599], [77.293, 14.603], [77.293, 14.608], [77.287, 14.613], [77.287, 14.621], [77.286, 14.632], [77.28, 14.643], [77.278, 14.649], [77.28, 14.66], [77.274, 14.67], [77.274, 14.673], [77.281, 14.682], [77.285, 14.69], [77.288, 14.691], [77.299, 14.692], [77.301, 14.695], [77.298, 14.702], [77.295, 14.711], [77.289, 14.714], [77.284, 14.717], [77.283, 14.722], [77.29, 14.729], [77.293, 14.736], [77.293, 14.746], [77.296, 14.756], [77.296, 14.766], [77.297, 14.784], [77.298, 14.792], [77.305, 14.797], [77.31, 14.805], [77.309, 14.811], [77.314, 14.819], [77.32, 14.829], [77.326, 14.849], [77.331, 14.855], [77.334, 14.858], [77.344, 14.857], [77.348, 14.858], [77.36, 14.866], [77.364, 14.869], [77.372, 14.868], [77.379, 14.876], [77.383, 14.877], [77.395, 14.871], [77.401, 14.869], [77.411, 14.871], [77.417, 14.873], [77.426, 14.882], [77.432, 14.885], [77.445, 14.885], [77.449, 14.883], [77.457, 14.884], [77.462, 14.886], [77.466, 14.891], [77.469, 14.902], [77.473, 14.907], [77.477, 14.908], [77.495, 14.903], [77.502, 14.902], [77.53, 14.906], [77.536, 14.909], [77.546, 14.909], [77.551, 14.91], [77.563, 14.922], [77.566, 14.927], [77.57, 14.929], [77.574, 14.936], [77.578, 14.938], [77.583, 14.937], [77.59, 14.94], [77.599, 14.939], [77.608, 14.941], [77.611, 14.943], [77.632, 14.947], [77.64, 14.946], [77.647, 14.939], [77.655, 14.938], [77.662, 14.934], [77.673, 14.931], [77.683, 14.931], [77.69, 14.929], [77.693, 14.93], [77.701, 14.927], [77.704, 14.923], [77.716, 14.917], [77.721, 14.912], [77.726, 14.912], [77.733, 14.905], [77.735, 14.908], [77.74, 14.902], [77.747, 14.899], [77.764, 14.892], [77.778, 14.894], [77.781, 14.899], [77.786, 14.901], [77.794, 14.901], [77.8, 14.909], [77.807, 14.914], [77.813, 14.914], [77.818, 14.912], [77.828, 14.917], [77.83, 14.927], [77.837, 14.933], [77.842, 14.933], [77.854, 14.929], [77.859, 14.93], [77.864, 14.937], [77.864, 14.944], [77.866, 14.95], [77.872, 14.957], [77.884, 14.956], [77.898, 14.96], [77.905, 14.96], [77.915, 14.958], [77.93, 14.958], [77.947, 14.953], [77.953, 14.949], [77.96, 14.947], [77.965, 14.94], [77.973, 14.935], [77.981, 14.925], [77.985, 14.917], [77.989, 14.914], [77.997, 14.914], [78.009, 14.918], [78.013, 14.922], [78.022, 14.921], [78.03, 14.918], [78.035, 14.911], [78.04, 14.907], [78.049, 14.903], [78.052, 14.899], [78.059, 14.894], [78.07, 14.888], [78.076, 14.881], [78.082, 14.862], [78.088, 14.858], [78.101, 14.855], [78.106, 14.855], [78.123, 14.848], [78.147, 14.847], [78.163, 14.855], [78.17, 14.854], [78.179, 14.846], [78.183, 14.844], [78.195, 14.83], [78.211, 14.816], [78.219, 14.815], [78.223, 14.811], [78.229, 14.808], [78.233, 14.802], [78.24, 14.798], [78.243, 14.798], [78.246, 14.803], [78.254, 14.809], [78.267, 14.81], [78.275, 14.816], [78.278, 14.825], [78.284, 14.824], [78.289, 14.819], [78.296, 14.816], [78.305, 14.819], [78.315, 14.827], [78.317, 14.832], [78.32, 14.843], [78.327, 14.849], [78.35, 14.85], [78.357, 14.857], [78.363, 14.858], [78.371, 14.857], [78.376, 14.852], [78.376, 14.849], [78.372, 14.842], [78.371, 14.831], [78.373, 14.828], [78.379, 14.821], [78.407, 14.799], [78.424, 14.79], [78.432, 14.785], [78.45, 14.78], [78.453, 14.778], [78.461, 14.771], [78.472, 14.766], [78.483, 14.756], [78.505, 14.75], [78.532, 14.738], [78.545, 14.723], [78.565, 14.706], [78.575, 14.692], [78.588, 14.678], [78.597, 14.672], [78.61, 14.669], [78.626, 14.663], [78.64, 14.655], [78.652, 14.651], [78.656, 14.648], [78.66, 14.641], [78.67, 14.632], [78.682, 14.627], [78.689, 14.62], [78.69, 14.611], [78.695, 14.605], [78.706, 14.604], [78.722, 14.603], [78.73, 14.607], [78.737, 14.607], [78.742, 14.604], [78.749, 14.598], [78.757, 14.6], [78.76, 14.596], [78.759, 14.591], [78.765, 14.585], [78.772, 14.578], [78.782, 14.579], [78.797, 14.571], [78.804, 14.566], [78.808, 14.565], [78.817, 14.558], [78.823, 14.555], [78.829, 14.555], [78.838, 14.56], [78.842, 14.559], [78.844, 14.555], [78.847, 14.543], [78.852, 14.54], [78.859, 14.535], [78.868, 14.534], [78.873, 14.531], [78.878, 14.523], [78.878, 14.51], [78.881, 14.501], [78.886, 14.497], [78.898, 14.497], [78.905, 14.492], [78.92, 14.474], [78.92, 14.47], [78.925, 14.468], [78.932, 14.468], [78.942, 14.465], [78.952, 14.463], [78.958, 14.466], [78.964, 14.465], [78.97, 14.462], [78.981, 14.463], [78.984, 14.461], [78.992, 14.461], [79, 14.459], [79.003, 14.455], [79.014, 14.454], [79.024, 14.455], [79.04, 14.448], [79.049, 14.448], [79.061, 14.452], [79.067, 14.46], [79.072, 14.462], [79.08, 14.463], [79.09, 14.468], [79.106, 14.478], [79.11, 14.477], [79.117, 14.472], [79.119, 14.463], [79.117, 14.45], [79.123, 14.441], [79.134, 14.428], [79.14, 14.423], [79.148, 14.422], [79.155, 14.423], [79.165, 14.429], [79.174, 14.43], [79.182, 14.437], [79.188, 14.443], [79.194, 14.455], [79.197, 14.459], [79.208, 14.466], [79.221, 14.47], [79.253, 14.47], [79.26, 14.47], [79.285, 14.476], [79.303, 14.487], [79.306, 14.491], [79.315, 14.494], [79.331, 14.503], [79.34, 14.505], [79.352, 14.505], [79.358, 14.507], [79.361, 14.513], [79.365, 14.515], [79.37, 14.521], [79.375, 14.522], [79.381, 14.525], [79.396, 14.537], [79.4, 14.538], [79.408, 14.535], [79.42, 14.539], [79.427, 14.544], [79.434, 14.546], [79.442, 14.553], [79.449, 14.553], [79.459, 14.556], [79.462, 14.561], [79.471, 14.559], [79.477, 14.563], [79.483, 14.563], [79.488, 14.561], [79.498, 14.562], [79.51, 14.57], [79.515, 14.571], [79.531, 14.567], [79.537, 14.571], [79.543, 14.571], [79.55, 14.569], [79.552, 14.565], [79.559, 14.566], [79.564, 14.568], [79.573, 14.566], [79.579, 14.559], [79.585, 14.559], [79.593, 14.553], [79.6, 14.55], [79.609, 14.554], [79.615, 14.553], [79.623, 14.561], [79.637, 14.566], [79.641, 14.568], [79.647, 14.577], [79.655, 14.581], [79.66, 14.582], [79.669, 14.588], [79.676, 14.59], [79.685, 14.595], [79.691, 14.595], [79.696, 14.591], [79.701, 14.59], [79.707, 14.585], [79.722, 14.586], [79.735, 14.579], [79.743, 14.579], [79.746, 14.577], [79.754, 14.578], [79.758, 14.575], [79.762, 14.569], [79.763, 14.563], [79.768, 14.557], [79.776, 14.554], [79.779, 14.551], [79.787, 14.549], [79.791, 14.541], [79.804, 14.532], [79.811, 14.531], [79.816, 14.522], [79.82, 14.516], [79.825, 14.514], [79.824, 14.507], [79.829, 14.504], [79.832, 14.5], [79.835, 14.491], [79.839, 14.485], [79.84, 14.478], [79.847, 14.476], [79.854, 14.479], [79.861, 14.479], [79.866, 14.476], [79.883, 14.48], [79.888, 14.478], [79.899, 14.477], [79.907, 14.478], [79.915, 14.477], [79.923, 14.48], [79.924, 14.487], [79.929, 14.489], [79.935, 14.487], [79.948, 14.478], [79.954, 14.477], [79.961, 14.469], [79.971, 14.467], [79.977, 14.469], [79.984, 14.468], [79.988, 14.472], [79.997, 14.473], [80.003, 14.471], [80.011, 14.474], [80.019, 14.479], [80.023, 14.483], [80.03, 14.487], [80.035, 14.487], [80.042, 14.494], [80.047, 14.499], [80.05, 14.505], [80.049, 14.512], [80.053, 14.519], [80.057, 14.529], [80.066, 14.534], [80.09, 14.535], [80.101, 14.537], [80.114, 14.543], [80.129, 14.556], [80.13, 14.565], [80.146, 14.574], [80.154, 14.571]]}, "properties": {"rivname": "Pennar", "ba_name": "Pennar"}}, {"type": "Feature", "geometry": {"type": "LineString", "coordinates": [[79.79, 19.597], [79.791, 19.593], [79.797, 19.585], [79.817, 19.574], [79.819, 19.572], [79.82, 19.565], [79.824, 19.562], [79.831, 19.553], [79.837, 19.546], [79.848, 19.532], [79.853, 19.524], [79.855, 19.523], [79.863, 19.514], [79.871, 19.507], [79.884, 19.504], [79.894, 19.503], [79.904, 19.501], [79.916, 19.496], [79.917, 19.493], [79.926, 19.486], [79.929, 19.482], [79.935, 19.475], [79.948, 19.468], [79.951, 19.463], [79.948, 19.455], [79.951, 19.443], [79.966, 19.426], [79.974, 19.417], [79.972, 19.413], [79.974, 19.403], [79.975, 19.39], [79.969, 19.379], [79.968, 19.372], [79.971, 19.366], [79.968, 19.358], [79.964, 19.349], [79.963, 19.343], [79.959, 19.336], [79.958, 19.329], [79.962, 19.323], [79.966, 19.299], [79.954, 19.296], [79.95, 19.291], [79.948, 19.283], [79.938, 19.267], [79.932, 19.253], [79.929, 19.25], [79.928, 19.237], [79.925, 19.234], [79.924, 19.225], [79.922, 19.218], [79.927, 19.199], [79.935, 19.19], [79.941, 19.187], [79.944, 19.181], [79.943, 19.177], [79.945, 19.17], [79.942, 19.164], [79.93, 19.153], [79.917, 19.144], [79.906, 19.142], [79.9, 19.138], [79.893, 19.137], [79.881, 19.132], [79.87, 19.124], [79.857, 19.097], [79.862, 19.077], [79.865, 19.074], [79.866, 19.061], [79.868, 19.052], [79.872, 19.044], [79.878, 19.039], [79.884, 19.037], [79.893, 19.038], [79.897, 19.04], [79.902, 19.046], [79.911, 19.049], [79.915, 19.048], [79.921, 19.051], [79.926, 19.055], [79.93, 19.048], [79.939, 19.041], [79.942, 19.031], [79.94, 19.018], [79.937, 19.013], [79.937, 18.996], [79.94, 18.986], [79.95, 18.975], [79.954, 18.964], [79.955, 18.953], [79.953, 18.949], [79.955, 18.943], [79.954, 18.933], [79.957, 18.929], [79.955, 18.924], [79.959, 18.914], [79.958, 18.905], [79.958, 18.899], [79.956, 18.892], [79.962, 18.869], [79.961, 18.86], [79.959, 18.856], [79.948, 18.847], [79.942, 18.843], [79.927, 18.837], [79.92, 18.835], [79.912, 18.831], [79.911, 18.827]]}, "properties": {"rivname": "Pranhitha", "ba_name": "Godavari"}}, {"type": "Feature", "geometry": {"type": "LineString", "coordinates": [[75.184, 20.354], [75.188, 20.36], [75.198, 20.365], [75.2, 20.368], [75.209, 20.365], [75.212, 20.367], [75.223, 20.367], [75.229, 20.371], [75.232, 20.37], [75.237, 20.374], [75.241, 20.372], [75.243, 20.368], [75.255, 20.377], [75.259, 20.376], [75.262, 20.379], [75.269, 20.377], [75.269, 20.381], [75.274, 20.38], [75.29, 20.382], [75.296, 20.384], [75.296, 20.388], [75.303, 20.387], [75.304, 20.39], [75.309, 20.392], [75.314, 20.391], [75.328, 20.392], [75.332, 20.39], [75.344, 20.393], [75.347, 20.39], [75.356, 20.392], [75.359, 20.389], [75.366, 20.389], [75.366, 20.394], [75.369, 20.396], [75.372, 20.392], [75.377, 20.392], [75.379, 20.396], [75.392, 20.396], [75.4, 20.394], [75.408, 20.387], [75.411, 20.386], [75.416, 20.375], [75.423, 20.375], [75.425, 20.373], [75.43, 20.374], [75.437, 20.372], [75.443, 20.364], [75.45, 20.361], [75.454, 20.364], [75.467, 20.361], [75.472, 20.362], [75.484, 20.359], [75.489, 20.361], [75.493, 20.359], [75.493, 20.345], [75.503, 20.343], [75.507, 20.337], [75.523, 20.33], [75.529, 20.331], [75.534, 20.328], [75.54, 20.329], [75.544, 20.326], [75.546, 20.322], [75.551, 20.321], [75.552, 20.318], [75.558, 20.31], [75.568, 20.305], [75.575, 20.31], [75.581, 20.309], [75.586, 20.306], [75.598, 20.302], [75.6, 20.299], [75.608, 20.295], [75.61, 20.288], [75.624, 20.28], [75.631, 20.269], [75.635, 20.267], [75.635, 20.261], [75.637, 20.253], [75.642, 20.249], [75.648, 20.248], [75.648, 20.242], [75.661, 20.237], [75.665, 20.237], [75.668, 20.232], [75.678, 20.23], [75.682, 20.227], [75.694, 20.226], [75.693, 20.219], [75.697, 20.215], [75.702, 20.216], [75.712, 20.212], [75.716, 20.216], [75.725, 20.218], [75.732, 20.211], [75.733, 20.206], [75.73, 20.202], [75.734, 20.197], [75.741, 20.194], [75.742, 20.191], [75.739, 20.186], [75.741, 20.182], [75.746, 20.18], [75.749, 20.173], [75.754, 20.172], [75.763, 20.165], [75.769, 20.163], [75.777, 20.167], [75.787, 20.162], [75.792, 20.164], [75.796, 20.16], [75.801, 20.161], [75.804, 20.159], [75.803, 20.154], [75.81, 20.154], [75.814, 20.151], [75.825, 20.151], [75.833, 20.158], [75.842, 20.157], [75.846, 20.15], [75.853, 20.146], [75.858, 20.145], [75.867, 20.145], [75.871, 20.15], [75.878, 20.153], [75.888, 20.16], [75.893, 20.161], [75.901, 20.168], [75.909, 20.169], [75.919, 20.173], [75.924, 20.169], [75.933, 20.17], [75.941, 20.172], [75.947, 20.172], [75.953, 20.168], [75.96, 20.168], [75.968, 20.173], [75.975, 20.17], [75.977, 20.165], [75.981, 20.169], [75.986, 20.171], [75.994, 20.172], [76.001, 20.176], [76.001, 20.181], [76.003, 20.185], [76.022, 20.183], [76.026, 20.184], [76.036, 20.184], [76.044, 20.188], [76.049, 20.185], [76.058, 20.183], [76.067, 20.187], [76.079, 20.189], [76.086, 20.189], [76.092, 20.186], [76.092, 20.181], [76.088, 20.176], [76.091, 20.169], [76.09, 20.159], [76.093, 20.157], [76.101, 20.156], [76.107, 20.151], [76.109, 20.145], [76.114, 20.142], [76.12, 20.136], [76.122, 20.127], [76.116, 20.118], [76.115, 20.112], [76.115, 20.093], [76.119, 20.09], [76.126, 20.089], [76.137, 20.09], [76.146, 20.083], [76.148, 20.077], [76.151, 20.074], [76.164, 20.071], [76.171, 20.071], [76.176, 20.07], [76.181, 20.065], [76.193, 20.059], [76.195, 20.053], [76.199, 20.051], [76.206, 20.052], [76.211, 20.057], [76.227, 20.057], [76.231, 20.055], [76.237, 20.05], [76.245, 20.054], [76.255, 20.048], [76.257, 20.039], [76.264, 20.034], [76.274, 20.022], [76.274, 20.018], [76.27, 20.01], [76.273, 20.001], [76.276, 19.997], [76.282, 19.999], [76.287, 19.997], [76.302, 19.995], [76.307, 19.989], [76.312, 19.981], [76.31, 19.973], [76.31, 19.968], [76.313, 19.958], [76.324, 19.95], [76.334, 19.949], [76.338, 19.946], [76.34, 19.941], [76.343, 19.939], [76.36, 19.941], [76.367, 19.938], [76.369, 19.927], [76.376, 19.923], [76.385, 19.916], [76.389, 19.907], [76.391, 19.905], [76.4, 19.907], [76.401, 19.904], [76.399, 19.894], [76.409, 19.886], [76.415, 19.883], [76.42, 19.879], [76.421, 19.869], [76.42, 19.863], [76.427, 19.863], [76.434, 19.865], [76.442, 19.869], [76.445, 19.868], [76.45, 19.859], [76.445, 19.852], [76.448, 19.846], [76.462, 19.852], [76.471, 19.847], [76.479, 19.84], [76.493, 19.842], [76.497, 19.834], [76.503, 19.83], [76.508, 19.824], [76.515, 19.824], [76.521, 19.821], [76.535, 19.823], [76.54, 19.818], [76.551, 19.822], [76.558, 19.82], [76.563, 19.816], [76.566, 19.816], [76.57, 19.826], [76.585, 19.827], [76.59, 19.83], [76.596, 19.829], [76.598, 19.822], [76.606, 19.812], [76.606, 19.809], [76.598, 19.804], [76.597, 19.799], [76.601, 19.796], [76.61, 19.793], [76.61, 19.789], [76.602, 19.786], [76.594, 19.785], [76.592, 19.781], [76.598, 19.776], [76.609, 19.776], [76.616, 19.781], [76.624, 19.783], [76.629, 19.789], [76.626, 19.799], [76.628, 19.803], [76.635, 19.803], [76.641, 19.781], [76.643, 19.774], [76.649, 19.773], [76.662, 19.778], [76.673, 19.776], [76.681, 19.772], [76.685, 19.768], [76.688, 19.759], [76.696, 19.759], [76.705, 19.767], [76.717, 19.768], [76.721, 19.763], [76.725, 19.742], [76.729, 19.737], [76.735, 19.734], [76.737, 19.728], [76.732, 19.722], [76.732, 19.715], [76.742, 19.713], [76.748, 19.705], [76.748, 19.699], [76.75, 19.695], [76.761, 19.686], [76.77, 19.692], [76.773, 19.697], [76.772, 19.705], [76.767, 19.716], [76.767, 19.719], [76.773, 19.725], [76.778, 19.732], [76.783, 19.733], [76.79, 19.724], [76.79, 19.72], [76.786, 19.713], [76.783, 19.704], [76.787, 19.689], [76.786, 19.676], [76.791, 19.671], [76.799, 19.673], [76.804, 19.681], [76.81, 19.683], [76.814, 19.679], [76.816, 19.672], [76.822, 19.671], [76.825, 19.677], [76.825, 19.683], [76.821, 19.691], [76.814, 19.699], [76.815, 19.704], [76.82, 19.707], [76.829, 19.704], [76.842, 19.703], [76.847, 19.706], [76.852, 19.705], [76.854, 19.693], [76.859, 19.686], [76.86, 19.681], [76.864, 19.675], [76.861, 19.67], [76.851, 19.664], [76.85, 19.66], [76.851, 19.651], [76.852, 19.647], [76.859, 19.645], [76.87, 19.646], [76.875, 19.637], [76.868, 19.626], [76.869, 19.623], [76.877, 19.621], [76.885, 19.626], [76.894, 19.64], [76.9, 19.645], [76.909, 19.645], [76.912, 19.642], [76.913, 19.635], [76.913, 19.622], [76.917, 19.618], [76.926, 19.619], [76.932, 19.622], [76.94, 19.624], [76.945, 19.618], [76.944, 19.602], [76.947, 19.597], [76.96, 19.587], [76.96, 19.58], [76.952, 19.577], [76.951, 19.574], [76.957, 19.573], [76.963, 19.563], [76.967, 19.561], [76.968, 19.552], [76.97, 19.548], [76.968, 19.533], [76.965, 19.527], [76.968, 19.521], [76.96, 19.516], [76.958, 19.513], [76.959, 19.507], [76.956, 19.502], [76.957, 19.497], [76.952, 19.492], [76.947, 19.491], [76.948, 19.484], [76.944, 19.479], [76.937, 19.475], [76.931, 19.468], [76.931, 19.46], [76.925, 19.451], [76.921, 19.452], [76.921, 19.442], [76.924, 19.439], [76.925, 19.435], [76.921, 19.426], [76.917, 19.425], [76.92, 19.416], [76.91, 19.41], [76.909, 19.402], [76.905, 19.4], [76.901, 19.385], [76.892, 19.381], [76.892, 19.375], [76.894, 19.366], [76.888, 19.354], [76.894, 19.344], [76.899, 19.34], [76.901, 19.323], [76.892, 19.311], [76.892, 19.307], [76.897, 19.305], [76.9, 19.3], [76.901, 19.292], [76.904, 19.287], [76.908, 19.284], [76.912, 19.278], [76.913, 19.271], [76.909, 19.261], [76.911, 19.256], [76.92, 19.257], [76.924, 19.253], [76.927, 19.248], [76.937, 19.24], [76.953, 19.233], [76.966, 19.228], [76.969, 19.227], [76.973, 19.223], [76.975, 19.215], [76.988, 19.216], [76.993, 19.21], [76.992, 19.206], [76.997, 19.204], [77.008, 19.193], [77.012, 19.187], [77.013, 19.179], [77.011, 19.172], [77.002, 19.162], [77, 19.158], [77.003, 19.148], [77.007, 19.148], [77.014, 19.151], [77.018, 19.15], [77.023, 19.142], [77.023, 19.133], [77.026, 19.117], [77.026, 19.108]]}, "properties": {"rivname": "Purna", "ba_name": "Godavari"}}, {"type": "Feature", "geometry": {"type": "LineString", "coordinates": [[75.854, 27.409], [75.864, 27.414], [75.87, 27.411], [75.877, 27.405], [75.882, 27.397], [75.888, 27.4], [75.894, 27.407], [75.9, 27.412], [75.906, 27.415], [75.91, 27.425], [75.919, 27.426], [75.931, 27.429], [75.938, 27.436], [75.947, 27.437], [75.958, 27.437], [75.971, 27.433], [75.978, 27.435], [75.985, 27.431], [75.996, 27.428], [76, 27.429], [76.009, 27.444], [76.018, 27.442], [76.019, 27.445], [76.027, 27.447], [76.033, 27.45], [76.044, 27.458], [76.052, 27.461], [76.062, 27.475], [76.065, 27.485], [76.07, 27.489], [76.077, 27.505], [76.08, 27.523], [76.089, 27.527], [76.094, 27.535], [76.094, 27.54], [76.097, 27.551], [76.092, 27.559], [76.093, 27.561], [76.093, 27.572], [76.098, 27.579], [76.093, 27.588], [76.103, 27.591], [76.107, 27.593], [76.112, 27.591], [76.117, 27.597], [76.122, 27.598], [76.129, 27.601], [76.137, 27.602], [76.139, 27.604], [76.149, 27.602], [76.157, 27.606], [76.16, 27.606], [76.171, 27.612], [76.18, 27.615], [76.187, 27.613], [76.196, 27.614], [76.198, 27.622], [76.204, 27.62], [76.207, 27.624], [76.213, 27.624], [76.221, 27.626], [76.224, 27.621], [76.231, 27.62], [76.243, 27.625], [76.246, 27.629], [76.246, 27.639], [76.243, 27.642], [76.249, 27.644], [76.247, 27.649], [76.249, 27.653], [76.246, 27.662], [76.238, 27.662], [76.235, 27.664], [76.238, 27.67], [76.246, 27.67], [76.247, 27.675], [76.239, 27.68], [76.241, 27.685], [76.251, 27.687], [76.254, 27.691], [76.254, 27.698], [76.252, 27.704], [76.251, 27.71], [76.248, 27.714], [76.253, 27.726], [76.252, 27.732], [76.249, 27.737], [76.239, 27.743], [76.238, 27.754], [76.244, 27.763], [76.255, 27.763], [76.262, 27.769], [76.262, 27.777], [76.266, 27.779], [76.273, 27.793], [76.281, 27.798], [76.289, 27.8], [76.298, 27.797], [76.308, 27.802], [76.324, 27.801], [76.329, 27.803], [76.331, 27.81], [76.337, 27.816], [76.339, 27.825], [76.334, 27.832], [76.336, 27.836], [76.334, 27.84], [76.339, 27.846], [76.35, 27.851], [76.356, 27.851], [76.361, 27.856], [76.371, 27.854], [76.377, 27.855], [76.388, 27.853], [76.401, 27.85], [76.403, 27.853], [76.402, 27.86], [76.407, 27.863], [76.404, 27.877], [76.399, 27.886], [76.403, 27.887], [76.405, 27.891], [76.402, 27.897], [76.4, 27.907], [76.408, 27.916], [76.417, 27.915], [76.423, 27.92], [76.43, 27.919], [76.434, 27.92], [76.441, 27.918], [76.448, 27.926], [76.456, 27.927], [76.46, 27.936], [76.46, 27.94], [76.466, 27.946], [76.48, 27.948], [76.49, 27.952], [76.497, 27.951], [76.503, 27.953], [76.512, 27.949], [76.518, 27.952], [76.528, 27.954], [76.543, 27.964], [76.547, 27.97], [76.551, 27.971], [76.558, 27.976], [76.566, 27.974], [76.583, 27.972], [76.594, 27.977], [76.603, 27.98], [76.623, 27.981], [76.632, 27.981], [76.634, 27.989], [76.638, 27.994], [76.643, 27.997], [76.652, 27.996], [76.658, 28], [76.666, 28.001], [76.678, 28.001], [76.695, 28.009], [76.698, 28.014], [76.703, 28.019], [76.713, 28.021], [76.715, 28.026], [76.715, 28.03], [76.717, 28.033], [76.72, 28.043], [76.727, 28.047], [76.74, 28.052], [76.754, 28.055], [76.758, 28.058], [76.758, 28.064], [76.75, 28.072], [76.751, 28.081], [76.753, 28.087], [76.745, 28.092], [76.75, 28.1], [76.746, 28.105], [76.735, 28.105], [76.733, 28.109], [76.734, 28.113], [76.73, 28.117], [76.733, 28.126], [76.732, 28.133], [76.722, 28.144], [76.729, 28.15], [76.734, 28.16], [76.741, 28.164], [76.74, 28.18], [76.741, 28.185], [76.739, 28.19], [76.749, 28.196], [76.742, 28.201], [76.735, 28.211], [76.734, 28.217], [76.738, 28.22], [76.742, 28.229], [76.735, 28.239], [76.739, 28.25], [76.734, 28.262], [76.733, 28.272], [76.736, 28.28], [76.741, 28.287], [76.746, 28.286], [76.75, 28.289], [76.755, 28.297], [76.76, 28.302], [76.761, 28.305], [76.757, 28.308], [76.755, 28.313], [76.755, 28.32], [76.753, 28.326], [76.747, 28.336], [76.748, 28.343], [76.738, 28.349], [76.735, 28.357], [76.732, 28.36], [76.726, 28.378], [76.728, 28.385], [76.724, 28.392], [76.725, 28.395], [76.72, 28.399], [76.718, 28.406], [76.724, 28.407], [76.724, 28.413], [76.729, 28.417], [76.73, 28.421], [76.736, 28.42], [76.742, 28.427], [76.744, 28.439], [76.749, 28.445], [76.747, 28.449], [76.739, 28.456], [76.74, 28.459], [76.735, 28.464], [76.744, 28.476], [76.748, 28.484], [76.758, 28.491], [76.756, 28.494], [76.765, 28.501], [76.764, 28.508]]}, "properties": {"rivname": "Sahibi / Sabi", "ba_name": "Ganga"}}, {"type": "Feature", "geometry": {"type": "LineString", "coordinates": [[79.417, 31.071], [79.408, 31.061], [79.401, 31.05], [79.398, 31.043], [79.387, 31.037], [79.38, 31.025], [79.38, 31.02], [79.377, 31.017], [79.376, 31.005], [79.38, 30.992], [79.395, 30.983], [79.397, 30.979], [79.408, 30.971], [79.415, 30.958], [79.426, 30.95], [79.437, 30.939], [79.438, 30.936], [79.446, 30.927], [79.453, 30.91], [79.461, 30.903], [79.46, 30.892], [79.465, 30.881], [79.466, 30.874], [79.463, 30.863], [79.468, 30.858], [79.47, 30.853], [79.478, 30.848], [79.484, 30.842], [79.49, 30.831], [79.491, 30.817], [79.493, 30.807], [79.494, 30.798], [79.495, 30.796], [79.492, 30.785], [79.491, 30.778], [79.495, 30.77]]}, "properties": {"rivname": "Saraswati", "ba_name": "Ganga"}}, {"type": "Feature", "geometry": {"type": "LineString", "coordinates": [[73.68, 17.203], [73.678, 17.203], [73.66, 17.209], [73.652, 17.205], [73.647, 17.207], [73.642, 17.212], [73.637, 17.208], [73.633, 17.214], [73.628, 17.212], [73.627, 17.208], [73.621, 17.207], [73.613, 17.208], [73.608, 17.206], [73.599, 17.207], [73.595, 17.202], [73.59, 17.205], [73.588, 17.201], [73.584, 17.201], [73.577, 17.193], [73.558, 17.189], [73.551, 17.19], [73.551, 17.186], [73.539, 17.179], [73.532, 17.171], [73.526, 17.169], [73.516, 17.168], [73.51, 17.169], [73.505, 17.166], [73.494, 17.165], [73.489, 17.161], [73.485, 17.159], [73.483, 17.162], [73.471, 17.17], [73.47, 17.175], [73.471, 17.186], [73.47, 17.19], [73.467, 17.194], [73.455, 17.192], [73.447, 17.194], [73.444, 17.2], [73.436, 17.205], [73.427, 17.206], [73.421, 17.211], [73.411, 17.211], [73.399, 17.215], [73.388, 17.216], [73.375, 17.214], [73.37, 17.218], [73.369, 17.227], [73.366, 17.235], [73.361, 17.237], [73.353, 17.23], [73.345, 17.228], [73.338, 17.231], [73.337, 17.237], [73.339, 17.246], [73.338, 17.256], [73.337, 17.26], [73.333, 17.266], [73.324, 17.267], [73.309, 17.266], [73.298, 17.269], [73.296, 17.272], [73.294, 17.284], [73.292, 17.29], [73.289, 17.291], [73.281, 17.287], [73.274, 17.289], [73.268, 17.294], [73.258, 17.294], [73.242, 17.289], [73.233, 17.289], [73.228, 17.292], [73.228, 17.3]]}, "properties": {"rivname": "Shastri", "ba_name": "West flowing rivers from Tapi to Tadri"}}, {"type": "Feature", "geometry": {"type": "LineString", "coordinates": [[70.944, 21.183], [70.929, 21.183], [70.922, 21.188], [70.923, 21.191], [70.918, 21.197], [70.914, 21.209], [70.911, 21.212], [70.909, 21.219], [70.912, 21.225], [70.909, 21.229], [70.908, 21.235], [70.904, 21.24], [70.906, 21.245], [70.905, 21.249], [70.905, 21.254], [70.911, 21.261], [70.912, 21.268], [70.918, 21.272], [70.923, 21.283], [70.931, 21.291], [70.936, 21.291], [70.939, 21.296], [70.948, 21.301], [70.951, 21.304], [70.961, 21.309], [70.972, 21.309], [70.979, 21.307], [70.981, 21.304], [70.99, 21.302], [71.001, 21.312], [71.01, 21.328], [71.022, 21.334], [71.026, 21.334], [71.033, 21.339], [71.043, 21.351], [71.046, 21.358], [71.049, 21.367], [71.061, 21.383], [71.059, 21.386], [71.053, 21.39], [71.045, 21.398], [71.041, 21.406], [71.044, 21.413], [71.047, 21.417], [71.057, 21.424], [71.059, 21.429], [71.058, 21.435], [71.06, 21.444], [71.065, 21.447], [71.071, 21.455], [71.079, 21.462], [71.082, 21.468], [71.092, 21.474], [71.096, 21.478], [71.098, 21.486], [71.104, 21.497], [71.11, 21.505], [71.115, 21.515], [71.127, 21.522], [71.131, 21.528], [71.132, 21.534], [71.141, 21.535], [71.152, 21.533], [71.156, 21.534], [71.16, 21.54], [71.168, 21.54], [71.183, 21.533], [71.19, 21.535], [71.2, 21.53], [71.208, 21.529], [71.218, 21.523], [71.225, 21.526], [71.238, 21.524], [71.251, 21.518], [71.255, 21.512], [71.268, 21.512], [71.282, 21.506], [71.288, 21.501], [71.295, 21.498], [71.303, 21.499], [71.31, 21.497], [71.316, 21.493], [71.32, 21.484], [71.331, 21.482], [71.362, 21.469], [71.369, 21.47], [71.375, 21.465], [71.382, 21.467], [71.396, 21.46], [71.403, 21.459], [71.408, 21.456], [71.415, 21.458], [71.418, 21.454], [71.422, 21.455], [71.423, 21.459], [71.434, 21.457], [71.441, 21.463], [71.453, 21.451], [71.457, 21.445], [71.468, 21.436], [71.478, 21.431], [71.487, 21.43], [71.495, 21.432], [71.507, 21.434], [71.509, 21.437], [71.514, 21.438], [71.522, 21.438], [71.531, 21.44], [71.533, 21.443], [71.556, 21.443], [71.566, 21.446], [71.58, 21.444], [71.593, 21.445], [71.601, 21.443], [71.604, 21.441], [71.612, 21.44], [71.616, 21.441], [71.631, 21.44], [71.633, 21.442], [71.647, 21.44], [71.661, 21.44], [71.665, 21.438], [71.672, 21.439], [71.681, 21.438], [71.69, 21.432], [71.704, 21.417], [71.718, 21.412], [71.726, 21.41], [71.742, 21.41], [71.757, 21.411], [71.768, 21.416], [71.776, 21.423], [71.777, 21.429], [71.781, 21.434], [71.795, 21.438], [71.803, 21.445], [71.812, 21.451], [71.82, 21.458], [71.837, 21.463], [71.854, 21.471], [71.869, 21.478], [71.877, 21.474], [71.884, 21.474], [71.903, 21.477], [71.915, 21.477], [71.926, 21.473], [71.94, 21.463], [71.945, 21.454], [71.958, 21.443], [71.966, 21.435], [71.977, 21.427], [71.989, 21.42], [71.998, 21.41], [72.009, 21.395], [72.017, 21.391], [72.019, 21.388], [72.033, 21.378], [72.037, 21.372], [72.042, 21.368], [72.043, 21.36], [72.045, 21.357], [72.059, 21.349], [72.061, 21.347], [72.065, 21.337], [72.072, 21.329], [72.08, 21.326], [72.085, 21.316], [72.089, 21.313], [72.105, 21.31], [72.106, 21.299], [72.111, 21.299]]}, "properties": {"rivname": "Shetrunji", "ba_name": "West flowing rivers of Kutch and Saurashtra including Luni"}}, {"type": "Feature", "geometry": {"type": "LineString", "coordinates": [[85.214, 23.335], [85.213, 23.33], [85.203, 23.328], [85.205, 23.323], [85.22, 23.309], [85.223, 23.304], [85.222, 23.3], [85.229, 23.301], [85.237, 23.297], [85.244, 23.297], [85.247, 23.291], [85.256, 23.288], [85.259, 23.28], [85.265, 23.285], [85.273, 23.284], [85.281, 23.278], [85.29, 23.279], [85.292, 23.281], [85.299, 23.28], [85.306, 23.283], [85.314, 23.283], [85.32, 23.285], [85.329, 23.292], [85.34, 23.297], [85.339, 23.302], [85.344, 23.307], [85.349, 23.307], [85.354, 23.31], [85.353, 23.314], [85.358, 23.325], [85.358, 23.331], [85.361, 23.335], [85.359, 23.338], [85.361, 23.346], [85.369, 23.35], [85.371, 23.356], [85.376, 23.357], [85.381, 23.365], [85.385, 23.362], [85.393, 23.362], [85.394, 23.365], [85.4, 23.369], [85.405, 23.367], [85.411, 23.368], [85.42, 23.373], [85.424, 23.379], [85.428, 23.382], [85.438, 23.386], [85.441, 23.397], [85.439, 23.407], [85.444, 23.409], [85.45, 23.408], [85.454, 23.413], [85.448, 23.416], [85.446, 23.42], [85.448, 23.432], [85.45, 23.435], [85.458, 23.433], [85.463, 23.434], [85.468, 23.441], [85.475, 23.434], [85.482, 23.436], [85.481, 23.441], [85.486, 23.448], [85.504, 23.445], [85.518, 23.453], [85.541, 23.459], [85.545, 23.459], [85.559, 23.456], [85.572, 23.456], [85.576, 23.453], [85.584, 23.453], [85.594, 23.456], [85.6, 23.454], [85.603, 23.456], [85.617, 23.454], [85.626, 23.455], [85.637, 23.452], [85.64, 23.453], [85.665, 23.45], [85.67, 23.453], [85.674, 23.451], [85.695, 23.449], [85.698, 23.447], [85.711, 23.447], [85.715, 23.444], [85.72, 23.444], [85.725, 23.452], [85.731, 23.455], [85.734, 23.45], [85.74, 23.452], [85.746, 23.458], [85.755, 23.463], [85.763, 23.463], [85.771, 23.461], [85.778, 23.462], [85.781, 23.457], [85.794, 23.457], [85.796, 23.451], [85.803, 23.453], [85.804, 23.457], [85.815, 23.458], [85.823, 23.455], [85.828, 23.451], [85.829, 23.44], [85.838, 23.434], [85.841, 23.428], [85.842, 23.424], [85.845, 23.423], [85.855, 23.427], [85.86, 23.431], [85.881, 23.431], [85.886, 23.428], [85.887, 23.425], [85.88, 23.422], [85.891, 23.413], [85.892, 23.409], [85.887, 23.405], [85.897, 23.406], [85.902, 23.401], [85.9, 23.394], [85.891, 23.397], [85.88, 23.393], [85.874, 23.392], [85.871, 23.386], [85.877, 23.384], [85.878, 23.381], [85.875, 23.375], [85.876, 23.368], [85.875, 23.361], [85.876, 23.357], [85.882, 23.354], [85.882, 23.349], [85.872, 23.343], [85.865, 23.34], [85.868, 23.331], [85.863, 23.328], [85.86, 23.323], [85.852, 23.318], [85.847, 23.309], [85.839, 23.307], [85.827, 23.28], [85.82, 23.268], [85.825, 23.257], [85.837, 23.248], [85.839, 23.244], [85.837, 23.238], [85.839, 23.23], [85.837, 23.221], [85.84, 23.22], [85.847, 23.222], [85.866, 23.221], [85.877, 23.205], [85.882, 23.199], [85.883, 23.191], [85.881, 23.172], [85.883, 23.167], [85.889, 23.162], [85.895, 23.154], [85.898, 23.144], [85.899, 23.132], [85.902, 23.13], [85.922, 23.128], [85.929, 23.125], [85.931, 23.117], [85.926, 23.108], [85.925, 23.102], [85.928, 23.098], [85.937, 23.09], [85.944, 23.088], [85.955, 23.081], [85.958, 23.071], [85.964, 23.067], [85.974, 23.065], [85.982, 23.068], [86.003, 23.068], [86.008, 23.061], [86.008, 23.047], [86.01, 23.042], [86.016, 23.033], [86.021, 23.021], [86.026, 23.007], [86.026, 22.999], [86.022, 22.991], [86.02, 22.977], [86.025, 22.963], [86.016, 22.954], [86.016, 22.95], [86.011, 22.948], [86.01, 22.945], [86.014, 22.94], [86.019, 22.938], [86.019, 22.934], [86.014, 22.927], [86.014, 22.92], [86.026, 22.919], [86.03, 22.917], [86.039, 22.908], [86.043, 22.9], [86.047, 22.898], [86.059, 22.899], [86.073, 22.898], [86.084, 22.892], [86.092, 22.892], [86.111, 22.885], [86.116, 22.883], [86.128, 22.884], [86.129, 22.877], [86.136, 22.872], [86.139, 22.86], [86.138, 22.853], [86.135, 22.847], [86.13, 22.843], [86.128, 22.839], [86.136, 22.836], [86.144, 22.837], [86.151, 22.842], [86.158, 22.841], [86.161, 22.837], [86.178, 22.831], [86.183, 22.825], [86.192, 22.82], [86.201, 22.817], [86.208, 22.818], [86.219, 22.815], [86.226, 22.815], [86.233, 22.821], [86.241, 22.817], [86.251, 22.809], [86.267, 22.803], [86.276, 22.804], [86.289, 22.798], [86.301, 22.795], [86.303, 22.789], [86.297, 22.781], [86.297, 22.775], [86.299, 22.772], [86.307, 22.772], [86.315, 22.77], [86.318, 22.765], [86.315, 22.755], [86.311, 22.749], [86.309, 22.737], [86.314, 22.733], [86.323, 22.73], [86.334, 22.73], [86.341, 22.731], [86.349, 22.737], [86.355, 22.736], [86.357, 22.727], [86.368, 22.718], [86.378, 22.711], [86.38, 22.705], [86.378, 22.695], [86.372, 22.689], [86.371, 22.684], [86.371, 22.679], [86.378, 22.665], [86.38, 22.652], [86.383, 22.648], [86.394, 22.647], [86.403, 22.643], [86.415, 22.632], [86.422, 22.624], [86.429, 22.619], [86.433, 22.615], [86.434, 22.606], [86.443, 22.595], [86.457, 22.588], [86.478, 22.575], [86.482, 22.567], [86.48, 22.562], [86.475, 22.56], [86.47, 22.554], [86.473, 22.547], [86.49, 22.538], [86.498, 22.532], [86.5, 22.524], [86.496, 22.519], [86.487, 22.513], [86.489, 22.507], [86.501, 22.505], [86.511, 22.502], [86.515, 22.497], [86.525, 22.489], [86.532, 22.478], [86.537, 22.474], [86.54, 22.469], [86.548, 22.464], [86.554, 22.452], [86.567, 22.441], [86.577, 22.437], [86.584, 22.431], [86.594, 22.426], [86.596, 22.421], [86.595, 22.415], [86.588, 22.408], [86.581, 22.402], [86.582, 22.397], [86.59, 22.394], [86.597, 22.39], [86.6, 22.383], [86.599, 22.374], [86.604, 22.364], [86.612, 22.358], [86.616, 22.357], [86.632, 22.351], [86.641, 22.344], [86.643, 22.338], [86.645, 22.336], [86.645, 22.331], [86.65, 22.326], [86.658, 22.315], [86.66, 22.307], [86.659, 22.298], [86.661, 22.292], [86.659, 22.283], [86.656, 22.278], [86.665, 22.268], [86.663, 22.258], [86.66, 22.25], [86.656, 22.246], [86.655, 22.238], [86.658, 22.236], [86.663, 22.238], [86.666, 22.243], [86.673, 22.24], [86.674, 22.234], [86.677, 22.23], [86.686, 22.222], [86.701, 22.221], [86.708, 22.224], [86.715, 22.22], [86.721, 22.221], [86.727, 22.216], [86.736, 22.215], [86.741, 22.212], [86.747, 22.205], [86.754, 22.206], [86.762, 22.213], [86.767, 22.215], [86.775, 22.212], [86.779, 22.206], [86.789, 22.204], [86.801, 22.2], [86.806, 22.203], [86.813, 22.212], [86.817, 22.231], [86.828, 22.23], [86.835, 22.227], [86.845, 22.212], [86.846, 22.208], [86.853, 22.202], [86.856, 22.201], [86.869, 22.208], [86.878, 22.218], [86.884, 22.223], [86.898, 22.223], [86.903, 22.219], [86.909, 22.211], [86.921, 22.208], [86.932, 22.21], [86.943, 22.213], [86.963, 22.223], [86.972, 22.223], [86.979, 22.215], [86.986, 22.203], [86.985, 22.196], [86.986, 22.188], [86.989, 22.185], [86.994, 22.183], [86.999, 22.178], [87.002, 22.17], [87.007, 22.167], [87.024, 22.163], [87.037, 22.163], [87.045, 22.165], [87.055, 22.161], [87.064, 22.153], [87.071, 22.139], [87.076, 22.136], [87.093, 22.133], [87.1, 22.136], [87.109, 22.132], [87.118, 22.132], [87.119, 22.122], [87.122, 22.118], [87.126, 22.101], [87.131, 22.097], [87.134, 22.089], [87.139, 22.086], [87.149, 22.084], [87.162, 22.085], [87.165, 22.079], [87.164, 22.074], [87.166, 22.07], [87.172, 22.067], [87.175, 22.06], [87.178, 22.056], [87.19, 22.049], [87.191, 22.043], [87.2, 22.035], [87.205, 22.026], [87.212, 22.025], [87.214, 22.016], [87.21, 22.002], [87.213, 21.997], [87.22, 21.994], [87.224, 21.986], [87.223, 21.978], [87.219, 21.973], [87.219, 21.966], [87.232, 21.955], [87.237, 21.952], [87.236, 21.948], [87.242, 21.94], [87.241, 21.935], [87.243, 21.93], [87.25, 21.928], [87.252, 21.926], [87.25, 21.916], [87.244, 21.915], [87.24, 21.906], [87.236, 21.906], [87.235, 21.902], [87.242, 21.894], [87.243, 21.888], [87.249, 21.878], [87.254, 21.873], [87.254, 21.867], [87.25, 21.859], [87.246, 21.855], [87.24, 21.853], [87.226, 21.859], [87.221, 21.856], [87.215, 21.852], [87.211, 21.845], [87.209, 21.839], [87.209, 21.832], [87.211, 21.823], [87.214, 21.82], [87.219, 21.809], [87.215, 21.801], [87.203, 21.792], [87.19, 21.791], [87.178, 21.797], [87.169, 21.793], [87.161, 21.784], [87.16, 21.774], [87.164, 21.764], [87.175, 21.757], [87.184, 21.755], [87.193, 21.749], [87.197, 21.751], [87.217, 21.748], [87.217, 21.741], [87.212, 21.734], [87.196, 21.723], [87.196, 21.72], [87.209, 21.714], [87.221, 21.715], [87.227, 21.715], [87.232, 21.704], [87.231, 21.696], [87.239, 21.687], [87.244, 21.685], [87.255, 21.687], [87.262, 21.69], [87.272, 21.689], [87.282, 21.684], [87.283, 21.679], [87.287, 21.679], [87.293, 21.682], [87.305, 21.693], [87.31, 21.693], [87.315, 21.685], [87.316, 21.676], [87.309, 21.66], [87.309, 21.656], [87.314, 21.653], [87.327, 21.655], [87.338, 21.652], [87.344, 21.639], [87.345, 21.63], [87.344, 21.623], [87.34, 21.616], [87.331, 21.607], [87.323, 21.601], [87.311, 21.6], [87.304, 21.595], [87.302, 21.59], [87.305, 21.582], [87.308, 21.58], [87.321, 21.577], [87.334, 21.578], [87.34, 21.578]]}, "properties": {"rivname": "Subarnarekha", "ba_name": "Subernarekha"}}, {"type": "Feature", "geometry": {"type": "LineString", "coordinates": [[78.262, 21.783], [78.26, 21.779], [78.254, 21.776], [78.25, 21.769], [78.244, 21.766], [78.238, 21.76], [78.232, 21.76], [78.229, 21.756], [78.219, 21.748], [78.215, 21.742], [78.208, 21.736], [78.203, 21.728], [78.204, 21.723], [78.202, 21.715], [78.197, 21.703], [78.193, 21.699], [78.186, 21.697], [78.183, 21.698], [78.171, 21.699], [78.162, 21.695], [78.149, 21.696], [78.143, 21.692], [78.131, 21.694], [78.121, 21.693], [78.113, 21.687], [78.102, 21.686], [78.098, 21.688], [78.093, 21.683], [78.091, 21.676], [78.084, 21.673], [78.071, 21.677], [78.062, 21.671], [78.056, 21.674], [78.057, 21.679], [78.054, 21.685], [78.048, 21.686], [78.038, 21.682], [78.025, 21.671], [78.019, 21.67], [78.014, 21.673], [78.01, 21.673], [78.003, 21.671], [77.998, 21.674], [77.997, 21.682], [77.985, 21.686], [77.98, 21.692], [77.969, 21.691], [77.961, 21.694], [77.957, 21.701], [77.949, 21.709], [77.949, 21.721], [77.943, 21.722], [77.935, 21.717], [77.931, 21.722], [77.932, 21.727], [77.929, 21.735], [77.923, 21.737], [77.918, 21.735], [77.919, 21.723], [77.916, 21.723], [77.913, 21.726], [77.908, 21.726], [77.903, 21.723], [77.892, 21.726], [77.886, 21.726], [77.881, 21.723], [77.873, 21.726], [77.869, 21.723], [77.874, 21.718], [77.874, 21.714], [77.868, 21.714], [77.864, 21.722], [77.86, 21.725], [77.855, 21.725], [77.851, 21.72], [77.847, 21.72], [77.837, 21.723], [77.833, 21.722], [77.823, 21.716], [77.819, 21.718], [77.816, 21.725], [77.812, 21.729], [77.808, 21.726], [77.804, 21.721], [77.799, 21.72], [77.795, 21.723], [77.799, 21.727], [77.804, 21.73], [77.804, 21.742], [77.808, 21.744], [77.817, 21.742], [77.821, 21.75], [77.814, 21.757], [77.809, 21.757], [77.806, 21.753], [77.802, 21.752], [77.797, 21.756], [77.797, 21.762], [77.803, 21.765], [77.81, 21.767], [77.813, 21.772], [77.81, 21.775], [77.803, 21.775], [77.798, 21.778], [77.788, 21.781], [77.784, 21.786], [77.786, 21.794], [77.793, 21.802], [77.793, 21.806], [77.79, 21.809], [77.785, 21.811], [77.782, 21.816], [77.772, 21.815], [77.761, 21.818], [77.755, 21.815], [77.75, 21.809], [77.742, 21.809], [77.729, 21.817], [77.723, 21.816], [77.718, 21.811], [77.712, 21.81], [77.709, 21.811], [77.696, 21.805], [77.685, 21.806], [77.674, 21.81], [77.668, 21.807], [77.66, 21.808], [77.646, 21.811], [77.637, 21.808], [77.634, 21.805], [77.63, 21.798], [77.627, 21.798], [77.625, 21.804], [77.618, 21.809], [77.614, 21.807], [77.611, 21.801], [77.608, 21.8], [77.599, 21.809], [77.596, 21.81], [77.587, 21.797], [77.584, 21.795], [77.579, 21.797], [77.575, 21.802], [77.565, 21.808], [77.56, 21.807], [77.548, 21.811], [77.543, 21.806], [77.538, 21.805], [77.529, 21.808], [77.525, 21.808], [77.517, 21.817], [77.511, 21.816], [77.504, 21.812], [77.496, 21.821], [77.489, 21.815], [77.487, 21.811], [77.489, 21.802], [77.485, 21.799], [77.479, 21.802], [77.478, 21.806], [77.471, 21.807], [77.46, 21.811], [77.448, 21.813], [77.441, 21.811], [77.427, 21.8], [77.424, 21.794], [77.419, 21.79], [77.414, 21.792], [77.415, 21.798], [77.412, 21.799], [77.403, 21.806], [77.398, 21.806], [77.388, 21.802], [77.38, 21.804], [77.375, 21.804], [77.371, 21.797], [77.367, 21.798], [77.365, 21.804], [77.36, 21.809], [77.353, 21.808], [77.355, 21.797], [77.353, 21.794], [77.348, 21.794], [77.34, 21.798], [77.334, 21.806], [77.331, 21.812], [77.325, 21.813], [77.317, 21.812], [77.312, 21.817], [77.306, 21.815], [77.298, 21.818], [77.289, 21.813], [77.286, 21.809], [77.288, 21.804], [77.294, 21.797], [77.298, 21.79], [77.298, 21.782], [77.295, 21.776], [77.287, 21.775], [77.282, 21.776], [77.27, 21.776], [77.266, 21.77], [77.258, 21.767], [77.247, 21.764], [77.241, 21.761], [77.234, 21.76], [77.23, 21.761], [77.226, 21.759], [77.228, 21.748], [77.215, 21.742], [77.21, 21.734], [77.211, 21.726], [77.204, 21.721], [77.195, 21.722], [77.191, 21.721], [77.186, 21.723], [77.181, 21.723], [77.176, 21.726], [77.17, 21.723], [77.17, 21.715], [77.163, 21.711], [77.153, 21.711], [77.146, 21.713], [77.139, 21.72], [77.131, 21.722], [77.117, 21.722], [77.101, 21.717], [77.087, 21.715], [77.083, 21.716], [77.079, 21.72], [77.074, 21.72], [77.07, 21.717], [77.064, 21.711], [77.062, 21.706], [77.05, 21.704], [77.04, 21.698], [77.035, 21.693], [77.027, 21.69], [77.014, 21.682], [77.009, 21.68], [76.995, 21.671], [76.991, 21.664], [76.976, 21.657], [76.973, 21.65], [76.962, 21.645], [76.952, 21.642], [76.943, 21.633], [76.931, 21.625], [76.928, 21.625], [76.918, 21.615], [76.91, 21.609], [76.908, 21.605], [76.904, 21.599], [76.898, 21.596], [76.893, 21.599], [76.885, 21.6], [76.874, 21.605], [76.868, 21.61], [76.855, 21.614], [76.846, 21.609], [76.843, 21.607], [76.84, 21.594], [76.836, 21.59], [76.828, 21.589], [76.815, 21.592], [76.806, 21.593], [76.799, 21.596], [76.795, 21.595], [76.79, 21.582], [76.784, 21.576], [76.781, 21.569], [76.781, 21.55], [76.789, 21.541], [76.79, 21.536], [76.781, 21.529], [76.769, 21.527], [76.757, 21.515], [76.747, 21.502], [76.745, 21.499], [76.735, 21.496], [76.733, 21.493], [76.725, 21.488], [76.723, 21.484], [76.723, 21.478], [76.721, 21.472], [76.715, 21.469], [76.711, 21.462], [76.703, 21.46], [76.698, 21.46], [76.689, 21.464], [76.681, 21.472], [76.668, 21.477], [76.663, 21.476], [76.657, 21.47], [76.656, 21.463], [76.662, 21.457], [76.659, 21.453], [76.651, 21.45], [76.642, 21.449], [76.637, 21.449], [76.629, 21.441], [76.63, 21.437], [76.625, 21.432], [76.616, 21.426], [76.609, 21.417], [76.604, 21.415], [76.596, 21.416], [76.588, 21.42], [76.583, 21.427], [76.578, 21.433], [76.57, 21.438], [76.557, 21.437], [76.548, 21.438], [76.529, 21.431], [76.522, 21.43], [76.512, 21.43], [76.502, 21.434], [76.498, 21.446], [76.488, 21.449], [76.477, 21.445], [76.469, 21.444], [76.452, 21.439], [76.438, 21.434], [76.433, 21.429], [76.428, 21.428], [76.421, 21.43], [76.398, 21.431], [76.38, 21.416], [76.372, 21.411], [76.365, 21.412], [76.347, 21.405], [76.339, 21.401], [76.319, 21.386], [76.317, 21.379], [76.319, 21.375], [76.314, 21.371], [76.308, 21.359], [76.303, 21.356], [76.291, 21.353], [76.282, 21.347], [76.274, 21.336], [76.269, 21.332], [76.261, 21.327], [76.254, 21.318], [76.25, 21.315], [76.24, 21.314], [76.238, 21.301], [76.226, 21.293], [76.22, 21.28], [76.219, 21.271], [76.215, 21.264], [76.213, 21.257], [76.208, 21.255], [76.2, 21.257], [76.198, 21.261], [76.188, 21.265], [76.182, 21.259], [76.169, 21.255], [76.163, 21.25], [76.16, 21.244], [76.156, 21.242], [76.15, 21.244], [76.141, 21.242], [76.139, 21.238], [76.142, 21.227], [76.138, 21.217], [76.14, 21.208], [76.139, 21.201], [76.121, 21.2], [76.111, 21.205], [76.105, 21.202], [76.102, 21.196], [76.099, 21.174], [76.093, 21.17], [76.087, 21.172], [76.08, 21.173], [76.068, 21.171], [76.061, 21.167], [76.058, 21.163], [76.06, 21.157], [76.067, 21.149], [76.074, 21.146], [76.075, 21.141], [76.072, 21.139], [76.059, 21.139], [76.049, 21.127], [76.023, 21.112], [76.017, 21.108], [76.009, 21.097], [76, 21.097], [75.994, 21.101], [75.988, 21.102], [75.982, 21.102], [75.966, 21.094], [75.959, 21.081], [75.953, 21.075], [75.947, 21.073], [75.931, 21.071], [75.913, 21.071], [75.905, 21.069], [75.892, 21.062], [75.882, 21.06], [75.876, 21.059], [75.866, 21.062], [75.853, 21.064], [75.842, 21.059], [75.839, 21.059], [75.823, 21.065], [75.817, 21.066], [75.809, 21.065], [75.801, 21.063], [75.793, 21.064], [75.78, 21.068], [75.769, 21.07], [75.76, 21.074], [75.754, 21.079], [75.748, 21.081], [75.74, 21.079], [75.731, 21.082], [75.727, 21.084], [75.724, 21.089], [75.718, 21.091], [75.714, 21.088], [75.71, 21.095], [75.705, 21.096], [75.693, 21.096], [75.684, 21.1], [75.678, 21.111], [75.672, 21.115], [75.664, 21.116], [75.657, 21.109], [75.65, 21.108], [75.643, 21.109], [75.638, 21.111], [75.621, 21.127], [75.611, 21.127], [75.601, 21.121], [75.59, 21.119], [75.579, 21.12], [75.573, 21.122], [75.559, 21.13], [75.551, 21.141], [75.546, 21.142], [75.538, 21.142], [75.524, 21.144], [75.515, 21.144], [75.501, 21.148], [75.495, 21.151], [75.491, 21.158], [75.486, 21.16], [75.464, 21.159], [75.46, 21.16], [75.454, 21.165], [75.451, 21.174], [75.448, 21.177], [75.441, 21.179], [75.419, 21.176], [75.415, 21.177], [75.392, 21.174], [75.384, 21.172], [75.378, 21.172], [75.37, 21.174], [75.364, 21.175], [75.357, 21.17], [75.35, 21.164], [75.344, 21.162], [75.336, 21.157], [75.333, 21.151], [75.334, 21.142], [75.33, 21.138], [75.326, 21.137], [75.319, 21.143], [75.308, 21.143], [75.3, 21.145], [75.288, 21.154], [75.276, 21.155], [75.267, 21.149], [75.26, 21.147], [75.254, 21.146], [75.247, 21.148], [75.228, 21.15], [75.214, 21.155], [75.202, 21.166], [75.194, 21.172], [75.186, 21.182], [75.181, 21.184], [75.173, 21.184], [75.167, 21.18], [75.163, 21.171], [75.156, 21.167], [75.15, 21.166], [75.139, 21.173], [75.13, 21.175], [75.116, 21.174], [75.112, 21.176], [75.099, 21.181], [75.088, 21.181], [75.074, 21.175], [75.064, 21.175], [75.055, 21.181], [75.043, 21.187], [75.039, 21.187], [75.035, 21.183], [75.022, 21.187], [75.004, 21.187], [75, 21.188], [74.992, 21.193], [74.984, 21.202], [74.976, 21.219], [74.971, 21.223], [74.967, 21.224], [74.96, 21.222], [74.95, 21.221], [74.943, 21.228], [74.941, 21.234], [74.94, 21.239], [74.946, 21.244], [74.948, 21.254], [74.941, 21.258], [74.919, 21.259], [74.905, 21.263], [74.883, 21.276], [74.874, 21.281], [74.858, 21.281], [74.847, 21.28], [74.832, 21.282], [74.82, 21.286], [74.805, 21.3], [74.795, 21.308], [74.794, 21.315], [74.797, 21.32], [74.805, 21.324], [74.806, 21.332], [74.803, 21.336], [74.789, 21.335], [74.784, 21.336], [74.782, 21.34], [74.776, 21.355], [74.775, 21.362], [74.767, 21.367], [74.753, 21.367], [74.747, 21.367], [74.734, 21.376], [74.724, 21.378], [74.715, 21.375], [74.705, 21.377], [74.702, 21.387], [74.691, 21.401], [74.686, 21.404], [74.68, 21.406], [74.669, 21.407], [74.657, 21.407], [74.64, 21.402], [74.634, 21.403], [74.626, 21.407], [74.618, 21.412], [74.608, 21.414], [74.598, 21.415], [74.592, 21.414], [74.576, 21.403], [74.569, 21.403], [74.564, 21.407], [74.558, 21.414], [74.539, 21.424], [74.525, 21.429], [74.512, 21.43], [74.503, 21.427], [74.49, 21.427], [74.474, 21.435], [74.46, 21.44], [74.45, 21.446], [74.446, 21.447], [74.432, 21.447], [74.422, 21.438], [74.417, 21.437], [74.409, 21.439], [74.398, 21.45], [74.395, 21.455], [74.393, 21.464], [74.384, 21.476], [74.378, 21.481], [74.369, 21.483], [74.365, 21.487], [74.359, 21.495], [74.356, 21.505], [74.347, 21.512], [74.337, 21.511], [74.33, 21.513], [74.323, 21.521], [74.314, 21.528], [74.309, 21.531], [74.299, 21.529], [74.29, 21.521], [74.285, 21.517], [74.272, 21.512], [74.254, 21.509], [74.24, 21.513], [74.223, 21.522], [74.208, 21.526], [74.204, 21.523], [74.196, 21.514], [74.188, 21.512], [74.18, 21.514], [74.165, 21.525], [74.155, 21.525], [74.144, 21.516], [74.138, 21.512], [74.129, 21.51], [74.117, 21.507], [74.107, 21.504], [74.095, 21.498], [74.087, 21.497], [74.036, 21.495], [74.026, 21.494], [74.014, 21.492], [73.997, 21.486], [73.99, 21.482], [73.978, 21.468], [73.968, 21.459], [73.957, 21.457], [73.947, 21.459], [73.941, 21.458], [73.928, 21.452], [73.914, 21.448], [73.907, 21.448], [73.899, 21.451], [73.888, 21.45], [73.88, 21.446], [73.846, 21.431], [73.836, 21.423], [73.83, 21.417], [73.824, 21.408], [73.82, 21.399], [73.818, 21.393], [73.819, 21.374], [73.813, 21.364], [73.805, 21.358], [73.8, 21.355], [73.787, 21.354], [73.769, 21.347], [73.762, 21.342], [73.754, 21.338], [73.74, 21.334], [73.731, 21.329], [73.716, 21.321], [73.71, 21.315], [73.705, 21.306], [73.704, 21.291], [73.709, 21.28], [73.709, 21.273], [73.701, 21.259], [73.697, 21.252], [73.688, 21.243], [73.682, 21.24], [73.675, 21.238], [73.652, 21.238], [73.643, 21.241], [73.607, 21.247], [73.593, 21.247], [73.586, 21.25], [73.584, 21.258], [73.554, 21.263], [73.546, 21.265], [73.529, 21.271], [73.523, 21.273], [73.504, 21.272], [73.495, 21.27], [73.475, 21.268], [73.454, 21.264], [73.442, 21.267], [73.435, 21.272], [73.425, 21.276], [73.413, 21.278], [73.401, 21.277], [73.373, 21.27], [73.363, 21.268], [73.357, 21.269], [73.35, 21.273], [73.343, 21.272], [73.339, 21.257], [73.331, 21.245], [73.317, 21.242], [73.307, 21.242], [73.297, 21.251], [73.289, 21.255], [73.284, 21.255], [73.275, 21.253], [73.257, 21.244], [73.251, 21.239], [73.234, 21.232], [73.227, 21.228], [73.221, 21.224], [73.21, 21.219], [73.193, 21.221], [73.184, 21.223], [73.179, 21.223], [73.176, 21.225], [73.169, 21.221], [73.161, 21.224], [73.153, 21.228], [73.148, 21.237], [73.139, 21.246], [73.125, 21.256], [73.124, 21.264], [73.122, 21.264], [73.118, 21.273], [73.113, 21.278], [73.1, 21.283], [73.079, 21.282], [73.075, 21.283], [73.065, 21.29], [73.058, 21.291], [73.047, 21.288], [73.035, 21.292], [73.016, 21.302], [73, 21.305], [72.981, 21.316], [72.977, 21.317], [72.965, 21.308], [72.965, 21.301], [72.968, 21.294], [72.968, 21.287], [72.961, 21.283], [72.955, 21.283], [72.943, 21.284], [72.936, 21.284], [72.922, 21.279], [72.918, 21.275], [72.91, 21.262], [72.908, 21.251], [72.906, 21.246], [72.88, 21.227], [72.872, 21.224], [72.86, 21.225], [72.854, 21.227], [72.846, 21.232], [72.842, 21.238], [72.832, 21.247], [72.82, 21.257], [72.815, 21.257], [72.81, 21.254], [72.794, 21.242], [72.792, 21.238], [72.793, 21.231], [72.805, 21.216], [72.816, 21.208], [72.818, 21.204], [72.817, 21.198], [72.812, 21.192], [72.804, 21.186], [72.797, 21.181], [72.779, 21.178], [72.77, 21.172], [72.765, 21.162], [72.752, 21.151], [72.744, 21.146], [72.735, 21.141], [72.727, 21.141], [72.721, 21.142]]}, "properties": {"rivname": "Tapi", "ba_name": "Tapi"}}, {"type": "Feature", "geometry": {"type": "LineString", "coordinates": [[94.552, 25.507], [94.556, 25.511], [94.557, 25.516], [94.554, 25.529], [94.561, 25.536], [94.558, 25.537], [94.564, 25.547], [94.564, 25.552], [94.558, 25.553], [94.556, 25.556], [94.562, 25.561], [94.559, 25.568], [94.561, 25.574], [94.556, 25.575], [94.552, 25.581], [94.557, 25.582], [94.56, 25.588], [94.557, 25.59], [94.561, 25.596], [94.567, 25.598], [94.565, 25.603], [94.571, 25.607], [94.577, 25.616], [94.575, 25.624], [94.58, 25.628], [94.584, 25.631], [94.593, 25.638]]}, "properties": {"rivname": "Ther", "ba_name": "Minor rivers draining into Myanmar and Bangladesh"}}, {"type": "Feature", "geometry": {"type": "LineString", "coordinates": [[94.318, 25.236], [94.314, 25.223], [94.313, 25.205], [94.311, 25.199], [94.311, 25.192], [94.312, 25.179], [94.307, 25.166], [94.308, 25.163], [94.306, 25.157], [94.301, 25.155], [94.301, 25.145], [94.295, 25.141], [94.295, 25.136], [94.291, 25.132], [94.287, 25.123], [94.287, 25.118], [94.284, 25.115], [94.277, 25.112], [94.278, 25.106], [94.272, 25.097], [94.281, 25.089], [94.277, 25.084], [94.278, 25.079], [94.273, 25.076], [94.278, 25.07], [94.276, 25.062], [94.277, 25.056], [94.275, 25.048], [94.268, 25.046], [94.27, 25.043], [94.269, 25.038], [94.265, 25.036], [94.266, 25.03], [94.264, 25.023], [94.261, 25.017], [94.25, 25.009], [94.244, 25.01], [94.242, 25.005], [94.236, 24.997], [94.229, 24.996], [94.229, 24.992], [94.223, 24.989], [94.222, 24.983], [94.231, 24.974], [94.227, 24.969], [94.219, 24.968], [94.215, 24.955], [94.205, 24.95], [94.192, 24.947], [94.184, 24.951], [94.178, 24.95], [94.173, 24.942], [94.166, 24.936], [94.168, 24.924], [94.166, 24.915], [94.159, 24.917], [94.16, 24.909], [94.156, 24.901], [94.159, 24.897], [94.155, 24.891], [94.154, 24.883], [94.148, 24.884], [94.146, 24.872], [94.144, 24.871], [94.144, 24.86], [94.138, 24.857], [94.142, 24.853], [94.148, 24.841], [94.144, 24.839], [94.147, 24.833], [94.143, 24.818], [94.138, 24.814], [94.134, 24.803], [94.135, 24.799], [94.127, 24.788], [94.137, 24.785], [94.136, 24.78], [94.131, 24.774], [94.127, 24.775], [94.12, 24.771], [94.119, 24.768], [94.124, 24.764], [94.124, 24.76], [94.129, 24.752], [94.124, 24.747], [94.119, 24.746], [94.119, 24.742], [94.122, 24.735], [94.128, 24.736], [94.129, 24.73], [94.125, 24.728], [94.123, 24.724], [94.126, 24.721], [94.122, 24.715], [94.124, 24.705], [94.114, 24.702], [94.107, 24.699], [94.1, 24.693], [94.091, 24.693], [94.071, 24.685], [94.063, 24.686], [94.06, 24.682], [94.056, 24.683], [94.052, 24.68], [94.039, 24.678], [94.041, 24.675], [94.027, 24.672], [94.025, 24.668], [94.02, 24.667], [94.021, 24.658], [94.012, 24.657], [94.011, 24.651], [94.007, 24.652], [94.005, 24.648], [93.992, 24.642], [93.988, 24.647], [93.983, 24.65], [93.983, 24.66], [93.973, 24.661], [93.968, 24.658], [93.965, 24.65], [93.959, 24.652], [93.954, 24.646], [93.946, 24.647], [93.944, 24.642], [93.947, 24.637], [93.944, 24.636], [93.939, 24.638], [93.932, 24.632], [93.926, 24.637], [93.929, 24.641], [93.921, 24.642], [93.919, 24.64]]}, "properties": {"rivname": "Thoubal", "ba_name": "Minor rivers draining into Myanmar and Bangladesh"}}, {"type": "Feature", "geometry": {"type": "LineString", "coordinates": [[80.448, 23.981], [80.443, 23.988], [80.446, 24.002], [80.458, 24.007], [80.467, 24.014], [80.471, 24.02], [80.487, 24.032], [80.487, 24.034], [80.501, 24.042], [80.514, 24.048], [80.52, 24.056], [80.527, 24.06], [80.526, 24.062], [80.533, 24.064], [80.533, 24.067], [80.541, 24.07], [80.544, 24.075], [80.557, 24.078], [80.567, 24.081], [80.57, 24.086], [80.576, 24.088], [80.583, 24.093], [80.587, 24.093], [80.593, 24.1], [80.592, 24.104], [80.598, 24.108], [80.602, 24.107], [80.604, 24.111], [80.613, 24.114], [80.619, 24.12], [80.627, 24.12], [80.632, 24.125], [80.651, 24.135], [80.653, 24.142], [80.66, 24.145], [80.667, 24.143], [80.676, 24.149], [80.68, 24.149], [80.686, 24.152], [80.697, 24.151], [80.7, 24.155], [80.711, 24.155], [80.717, 24.159], [80.724, 24.161], [80.739, 24.167], [80.742, 24.177], [80.748, 24.183], [80.756, 24.185], [80.764, 24.184], [80.773, 24.193], [80.775, 24.199], [80.786, 24.204], [80.789, 24.206], [80.793, 24.216], [80.793, 24.225], [80.8, 24.228], [80.801, 24.235], [80.806, 24.237], [80.808, 24.247], [80.811, 24.249], [80.804, 24.257], [80.809, 24.261], [80.808, 24.268], [80.803, 24.271], [80.804, 24.279], [80.801, 24.287], [80.803, 24.29], [80.801, 24.299], [80.803, 24.308], [80.796, 24.309], [80.795, 24.318], [80.797, 24.319], [80.8, 24.325], [80.799, 24.33], [80.806, 24.332], [80.811, 24.337], [80.814, 24.343], [80.816, 24.342], [80.822, 24.345], [80.826, 24.35], [80.83, 24.353], [80.833, 24.361], [80.838, 24.363], [80.84, 24.371], [80.844, 24.371], [80.846, 24.375], [80.851, 24.379], [80.854, 24.386], [80.854, 24.39], [80.857, 24.397], [80.858, 24.403], [80.853, 24.407], [80.858, 24.418], [80.864, 24.418], [80.864, 24.422], [80.869, 24.432], [80.877, 24.437], [80.878, 24.444], [80.872, 24.447], [80.873, 24.455], [80.876, 24.46], [80.883, 24.463], [80.885, 24.471], [80.877, 24.476], [80.873, 24.481], [80.874, 24.486], [80.88, 24.489], [80.879, 24.498], [80.878, 24.502], [80.873, 24.503], [80.876, 24.508], [80.875, 24.514], [80.888, 24.526], [80.889, 24.53], [80.888, 24.542], [80.894, 24.55], [80.895, 24.555], [80.901, 24.56], [80.907, 24.56], [80.908, 24.567], [80.911, 24.57], [80.916, 24.569], [80.921, 24.564], [80.926, 24.567], [80.927, 24.571], [80.931, 24.573], [80.937, 24.571], [80.945, 24.571], [80.949, 24.581], [80.952, 24.585], [80.959, 24.586], [80.973, 24.584], [80.984, 24.587], [80.99, 24.587], [81.011, 24.593], [81.014, 24.597], [81.012, 24.604], [81.013, 24.606], [81.019, 24.606], [81.025, 24.609], [81.021, 24.614], [81.023, 24.62], [81.029, 24.621], [81.034, 24.629], [81.043, 24.634], [81.046, 24.639], [81.052, 24.653], [81.061, 24.658], [81.062, 24.666], [81.071, 24.667], [81.078, 24.677], [81.082, 24.679], [81.088, 24.678], [81.097, 24.679], [81.099, 24.683], [81.106, 24.684], [81.109, 24.689], [81.12, 24.688], [81.127, 24.692], [81.134, 24.691], [81.139, 24.693], [81.145, 24.701], [81.153, 24.704], [81.157, 24.707], [81.162, 24.707], [81.177, 24.701], [81.189, 24.699], [81.198, 24.701], [81.206, 24.708], [81.21, 24.717], [81.215, 24.725], [81.226, 24.738], [81.232, 24.745], [81.243, 24.751], [81.242, 24.755], [81.235, 24.762], [81.234, 24.769], [81.237, 24.773], [81.243, 24.778], [81.249, 24.78], [81.263, 24.773], [81.269, 24.776], [81.269, 24.779], [81.264, 24.784], [81.264, 24.792], [81.277, 24.791], [81.285, 24.799], [81.292, 24.8], [81.303, 24.805], [81.31, 24.814], [81.327, 24.819], [81.328, 24.821], [81.322, 24.83], [81.32, 24.839], [81.31, 24.85], [81.31, 24.857], [81.312, 24.859], [81.312, 24.872], [81.32, 24.888], [81.329, 24.895], [81.339, 24.899], [81.344, 24.905], [81.353, 24.912], [81.362, 24.914], [81.364, 24.918], [81.365, 24.923], [81.378, 24.922], [81.381, 24.924], [81.394, 24.924], [81.418, 24.931], [81.419, 24.938], [81.428, 24.937], [81.434, 24.943], [81.44, 24.943], [81.445, 24.946], [81.454, 24.949], [81.459, 24.953], [81.468, 24.953], [81.478, 24.959], [81.484, 24.959], [81.496, 24.956], [81.504, 24.957], [81.507, 24.95], [81.513, 24.949], [81.522, 24.952], [81.529, 24.946], [81.535, 24.948], [81.544, 24.956], [81.549, 24.956], [81.563, 24.951], [81.574, 24.955], [81.587, 24.947], [81.591, 24.947], [81.595, 24.954], [81.598, 24.956], [81.606, 24.957], [81.617, 24.955], [81.621, 24.957], [81.626, 24.962], [81.633, 24.974], [81.638, 24.98], [81.64, 24.985], [81.637, 24.99], [81.632, 24.996], [81.631, 25.001], [81.637, 25.008], [81.635, 25.014], [81.637, 25.018], [81.644, 25.021], [81.646, 25.025], [81.654, 25.032], [81.662, 25.036], [81.663, 25.038], [81.658, 25.05], [81.66, 25.053], [81.667, 25.054], [81.672, 25.06], [81.677, 25.062], [81.686, 25.059], [81.688, 25.053], [81.685, 25.043], [81.691, 25.039], [81.709, 25.036], [81.722, 25.039], [81.733, 25.032], [81.747, 25.032], [81.755, 25.034], [81.76, 25.042], [81.762, 25.05], [81.772, 25.057], [81.78, 25.059], [81.784, 25.063], [81.797, 25.064], [81.802, 25.068], [81.808, 25.075], [81.81, 25.083], [81.806, 25.088], [81.8, 25.088], [81.795, 25.092], [81.79, 25.101], [81.79, 25.106], [81.795, 25.123], [81.798, 25.127], [81.807, 25.134], [81.818, 25.138], [81.822, 25.143], [81.822, 25.149], [81.824, 25.154], [81.83, 25.154], [81.843, 25.149], [81.852, 25.147], [81.864, 25.152], [81.867, 25.151], [81.88, 25.152], [81.887, 25.151], [81.895, 25.148], [81.904, 25.147], [81.909, 25.15], [81.918, 25.151], [81.925, 25.157], [81.931, 25.165], [81.932, 25.178], [81.937, 25.186], [81.941, 25.188], [81.946, 25.185], [81.945, 25.175], [81.949, 25.169], [81.96, 25.169], [81.966, 25.168], [81.973, 25.162], [81.977, 25.157], [81.982, 25.153], [81.989, 25.153], [82.005, 25.162], [82.019, 25.168], [82.024, 25.173], [82.029, 25.187], [82.036, 25.201], [82.04, 25.201], [82.043, 25.193], [82.048, 25.185], [82.057, 25.182], [82.063, 25.188], [82.064, 25.2], [82.061, 25.215], [82.057, 25.218], [82.051, 25.218], [82.041, 25.223], [82.038, 25.231], [82.04, 25.245], [82.045, 25.247], [82.051, 25.245], [82.054, 25.246], [82.058, 25.25], [82.057, 25.255], [82.045, 25.259], [82.042, 25.265], [82.045, 25.268], [82.056, 25.272], [82.076, 25.275], [82.093, 25.276]]}, "properties": {"rivname": "Tons", "ba_name": "Ganga"}}, {"type": "Feature", "geometry": {"type": "LineString", "coordinates": [[93.119, 23.737], [93.121, 23.738], [93.128, 23.73], [93.132, 23.724], [93.132, 23.72], [93.126, 23.714], [93.125, 23.71], [93.127, 23.701], [93.125, 23.694], [93.126, 23.687], [93.118, 23.683], [93.117, 23.677], [93.12, 23.671], [93.117, 23.662], [93.117, 23.656], [93.12, 23.649], [93.122, 23.64], [93.121, 23.633], [93.114, 23.624], [93.112, 23.618], [93.104, 23.613], [93.102, 23.608], [93.107, 23.601], [93.107, 23.597], [93.103, 23.593], [93.103, 23.585], [93.106, 23.584], [93.105, 23.575], [93.101, 23.569], [93.104, 23.565], [93.101, 23.557], [93.1, 23.546], [93.098, 23.542], [93.1, 23.536], [93.097, 23.534], [93.101, 23.525], [93.097, 23.519], [93.096, 23.511], [93.1, 23.506], [93.101, 23.501], [93.098, 23.497], [93.095, 23.49], [93.087, 23.484], [93.08, 23.481], [93.077, 23.474], [93.08, 23.47], [93.077, 23.467], [93.071, 23.469], [93.069, 23.465], [93.076, 23.457], [93.083, 23.456], [93.098, 23.449], [93.098, 23.445], [93.087, 23.435], [93.085, 23.431], [93.085, 23.421], [93.079, 23.407], [93.074, 23.402], [93.068, 23.398], [93.062, 23.397], [93.054, 23.402], [93.038, 23.401], [93.032, 23.397], [93.035, 23.391], [93.037, 23.385], [93.047, 23.374], [93.047, 23.368], [93.041, 23.357], [93.04, 23.351], [93.037, 23.347], [93.033, 23.329], [93.025, 23.321], [93.018, 23.318], [93.006, 23.305], [93.005, 23.291], [93.007, 23.282], [93.01, 23.275], [93.018, 23.268], [93.026, 23.267], [93.03, 23.265], [93.032, 23.255], [93.041, 23.25], [93.039, 23.246], [93.031, 23.244], [93.027, 23.247], [93.02, 23.248], [93.013, 23.254], [93, 23.256], [92.996, 23.255], [92.971, 23.266], [92.968, 23.27], [92.956, 23.272], [92.956, 23.267], [92.949, 23.266], [92.945, 23.263], [92.934, 23.266], [92.922, 23.263], [92.915, 23.256], [92.918, 23.254], [92.927, 23.252], [92.931, 23.249], [92.925, 23.244], [92.93, 23.24], [92.929, 23.235], [92.926, 23.228], [92.933, 23.226], [92.938, 23.22], [92.944, 23.221], [92.945, 23.217], [92.949, 23.215], [92.955, 23.203], [92.95, 23.195], [92.941, 23.193], [92.935, 23.19], [92.932, 23.174], [92.938, 23.169], [92.941, 23.171], [92.953, 23.166], [92.956, 23.159], [92.955, 23.151], [92.957, 23.149], [92.956, 23.144], [92.958, 23.135], [92.958, 23.119], [92.951, 23.115], [92.948, 23.111], [92.937, 23.109], [92.935, 23.106], [92.942, 23.101], [92.95, 23.098], [92.958, 23.089], [92.957, 23.065], [92.946, 23.066], [92.937, 23.059], [92.933, 23.05], [92.94, 23.043], [92.946, 23.042], [92.948, 23.039], [92.957, 23.041], [92.966, 23.033], [92.965, 23.03], [92.953, 23.019], [92.944, 23.01], [92.949, 23.003], [92.947, 23], [92.95, 22.994], [92.954, 22.992], [92.946, 22.988], [92.944, 22.983], [92.941, 22.982], [92.943, 22.972], [92.951, 22.966], [92.955, 22.962], [92.954, 22.954], [92.956, 22.946], [92.959, 22.94], [92.969, 22.93]]}, "properties": {"rivname": "Trichang", "ba_name": "Minor rivers draining into Myanmar and Bangladesh"}}, {"type": "Feature", "geometry": {"type": "LineString", "coordinates": [[92.64, 22.34], [92.634, 22.343], [92.637, 22.348], [92.636, 22.357], [92.643, 22.363], [92.649, 22.365], [92.645, 22.37], [92.649, 22.374], [92.646, 22.382], [92.647, 22.388], [92.638, 22.391], [92.637, 22.396], [92.64, 22.404], [92.638, 22.412], [92.643, 22.411], [92.653, 22.421], [92.644, 22.429], [92.641, 22.434], [92.636, 22.438], [92.639, 22.444], [92.637, 22.449], [92.647, 22.456], [92.64, 22.462], [92.638, 22.466], [92.63, 22.467], [92.629, 22.476], [92.627, 22.485], [92.628, 22.491], [92.637, 22.495], [92.637, 22.497], [92.631, 22.499], [92.623, 22.514], [92.625, 22.521], [92.628, 22.524], [92.623, 22.529], [92.625, 22.533], [92.624, 22.54], [92.622, 22.546], [92.622, 22.551], [92.628, 22.569], [92.63, 22.572], [92.625, 22.577], [92.628, 22.58], [92.628, 22.601], [92.638, 22.595], [92.638, 22.603], [92.633, 22.61], [92.642, 22.608], [92.645, 22.61], [92.643, 22.617], [92.644, 22.621], [92.639, 22.623], [92.646, 22.633], [92.644, 22.637], [92.645, 22.647], [92.642, 22.649], [92.638, 22.657], [92.628, 22.658], [92.626, 22.662], [92.629, 22.666], [92.626, 22.671], [92.617, 22.671], [92.616, 22.681], [92.607, 22.682], [92.604, 22.692], [92.598, 22.694], [92.596, 22.702], [92.593, 22.709], [92.598, 22.713], [92.601, 22.717], [92.593, 22.727], [92.596, 22.731], [92.589, 22.733], [92.586, 22.74], [92.586, 22.745], [92.579, 22.754], [92.585, 22.755], [92.583, 22.763], [92.577, 22.775], [92.581, 22.785], [92.582, 22.793], [92.578, 22.792], [92.572, 22.793], [92.57, 22.796], [92.57, 22.803], [92.568, 22.807], [92.563, 22.81], [92.565, 22.814], [92.558, 22.825], [92.56, 22.836], [92.556, 22.841], [92.553, 22.85], [92.549, 22.846], [92.546, 22.849], [92.55, 22.854], [92.545, 22.861], [92.539, 22.865], [92.546, 22.869], [92.544, 22.881], [92.54, 22.88], [92.539, 22.874], [92.534, 22.876], [92.537, 22.885], [92.541, 22.884], [92.536, 22.897], [92.532, 22.899], [92.531, 22.907], [92.528, 22.917], [92.523, 22.921], [92.517, 22.922], [92.522, 22.927], [92.521, 22.932], [92.523, 22.937]]}, "properties": {"rivname": "Tuichawng", "ba_name": "Minor rivers draining into Myanmar and Bangladesh"}}, {"type": "Feature", "geometry": {"type": "LineString", "coordinates": [[75.676, 14.015], [75.682, 14.032], [75.689, 14.038], [75.693, 14.045], [75.707, 14.057], [75.716, 14.054], [75.721, 14.054], [75.734, 14.057], [75.738, 14.06], [75.736, 14.067], [75.724, 14.082], [75.71, 14.091], [75.704, 14.103], [75.7, 14.106], [75.691, 14.106], [75.687, 14.11], [75.687, 14.116], [75.693, 14.124], [75.696, 14.126], [75.704, 14.125], [75.714, 14.129], [75.716, 14.136], [75.719, 14.142], [75.718, 14.15], [75.704, 14.148], [75.701, 14.144], [75.696, 14.142], [75.69, 14.141], [75.685, 14.143], [75.681, 14.153], [75.675, 14.164], [75.676, 14.167], [75.679, 14.171], [75.682, 14.178], [75.677, 14.187], [75.668, 14.197], [75.669, 14.203], [75.674, 14.208], [75.685, 14.209], [75.689, 14.208], [75.703, 14.208], [75.707, 14.213], [75.706, 14.218], [75.697, 14.227], [75.687, 14.231], [75.68, 14.231], [75.677, 14.234], [75.67, 14.238], [75.659, 14.237], [75.651, 14.242], [75.648, 14.249], [75.645, 14.252], [75.645, 14.261], [75.643, 14.27], [75.648, 14.277], [75.647, 14.281], [75.64, 14.284], [75.635, 14.289], [75.633, 14.294], [75.635, 14.298], [75.636, 14.305], [75.634, 14.31], [75.635, 14.321], [75.633, 14.327], [75.629, 14.329], [75.625, 14.336], [75.623, 14.343], [75.625, 14.372], [75.63, 14.376], [75.63, 14.383], [75.633, 14.385], [75.636, 14.393], [75.639, 14.409], [75.641, 14.415], [75.642, 14.429], [75.644, 14.435], [75.651, 14.444], [75.666, 14.455], [75.672, 14.461], [75.68, 14.474], [75.685, 14.486], [75.686, 14.491], [75.69, 14.494], [75.697, 14.494], [75.703, 14.49], [75.709, 14.474], [75.717, 14.472], [75.724, 14.479], [75.73, 14.487], [75.735, 14.496], [75.75, 14.506], [75.753, 14.512], [75.76, 14.516], [75.77, 14.519], [75.777, 14.52], [75.79, 14.511], [75.794, 14.51], [75.8, 14.512], [75.797, 14.525], [75.796, 14.531], [75.798, 14.538], [75.803, 14.547], [75.813, 14.556], [75.82, 14.564], [75.82, 14.575], [75.816, 14.579], [75.813, 14.587], [75.807, 14.593], [75.804, 14.6], [75.806, 14.613], [75.81, 14.623], [75.81, 14.632], [75.812, 14.639], [75.812, 14.653], [75.809, 14.658], [75.802, 14.663], [75.798, 14.671], [75.8, 14.68], [75.796, 14.684], [75.79, 14.684], [75.781, 14.677], [75.776, 14.676], [75.763, 14.675], [75.757, 14.679], [75.751, 14.679], [75.743, 14.683], [75.738, 14.684], [75.737, 14.69], [75.741, 14.702], [75.748, 14.707], [75.756, 14.718], [75.761, 14.719], [75.765, 14.723], [75.765, 14.729], [75.763, 14.735], [75.758, 14.74], [75.752, 14.739], [75.744, 14.732], [75.732, 14.728], [75.719, 14.719], [75.713, 14.718], [75.707, 14.722], [75.701, 14.73], [75.704, 14.735], [75.712, 14.74], [75.721, 14.753], [75.725, 14.768], [75.724, 14.771], [75.719, 14.776], [75.711, 14.781], [75.7, 14.783], [75.693, 14.782], [75.685, 14.79], [75.678, 14.799], [75.668, 14.799], [75.664, 14.804], [75.666, 14.81], [75.67, 14.815], [75.672, 14.821], [75.675, 14.832], [75.682, 14.847], [75.694, 14.86], [75.705, 14.864], [75.701, 14.881], [75.698, 14.885], [75.697, 14.891], [75.691, 14.901], [75.684, 14.924], [75.683, 14.936], [75.685, 14.943], [75.69, 14.945], [75.696, 14.946], [75.701, 14.945], [75.709, 14.947], [75.713, 14.95], [75.725, 14.95], [75.736, 14.944], [75.741, 14.944], [75.752, 14.954], [75.761, 14.966], [75.768, 14.972], [75.778, 14.976], [75.781, 14.981], [75.78, 14.989], [75.781, 14.994], [75.785, 15.004], [75.795, 15.011], [75.804, 15.022], [75.815, 15.027], [75.828, 15.027], [75.835, 15.031], [75.838, 15.042], [75.846, 15.045], [75.85, 15.044], [75.859, 15.037], [75.866, 15.035], [75.874, 15.038], [75.882, 15.052], [75.886, 15.055], [75.901, 15.055], [75.906, 15.059], [75.91, 15.075], [75.906, 15.082], [75.89, 15.095], [75.887, 15.099], [75.885, 15.107], [75.89, 15.114], [75.9, 15.122], [75.904, 15.133], [75.907, 15.135], [75.917, 15.136], [75.93, 15.141], [75.936, 15.141], [75.946, 15.137], [75.952, 15.137], [75.961, 15.139], [75.968, 15.143], [75.972, 15.148], [75.978, 15.151], [75.987, 15.151], [75.994, 15.148], [76.001, 15.146], [76.011, 15.148], [76.029, 15.142], [76.043, 15.144], [76.05, 15.149], [76.055, 15.155], [76.06, 15.158], [76.07, 15.16], [76.088, 15.161], [76.095, 15.163], [76.103, 15.169], [76.106, 15.174], [76.107, 15.187], [76.113, 15.199], [76.116, 15.202], [76.127, 15.204], [76.141, 15.201], [76.154, 15.196], [76.159, 15.197], [76.161, 15.201], [76.158, 15.208], [76.159, 15.214], [76.163, 15.219], [76.168, 15.221], [76.181, 15.233], [76.186, 15.236], [76.193, 15.237], [76.204, 15.233], [76.226, 15.232], [76.231, 15.23], [76.233, 15.225], [76.226, 15.212], [76.219, 15.204], [76.217, 15.199], [76.219, 15.194], [76.228, 15.189], [76.233, 15.188], [76.246, 15.19], [76.252, 15.192], [76.255, 15.197], [76.273, 15.214], [76.282, 15.222], [76.303, 15.236], [76.307, 15.24], [76.313, 15.25], [76.325, 15.258], [76.334, 15.264], [76.333, 15.272], [76.335, 15.274], [76.334, 15.28], [76.34, 15.283], [76.343, 15.298], [76.345, 15.297], [76.351, 15.303], [76.349, 15.307], [76.354, 15.315], [76.362, 15.323], [76.382, 15.33], [76.405, 15.324], [76.408, 15.329], [76.424, 15.336], [76.43, 15.338], [76.44, 15.337], [76.443, 15.34], [76.461, 15.338], [76.466, 15.336], [76.469, 15.341], [76.472, 15.341], [76.474, 15.346], [76.481, 15.348], [76.487, 15.345], [76.495, 15.346], [76.496, 15.351], [76.499, 15.354], [76.511, 15.359], [76.523, 15.368], [76.529, 15.374], [76.542, 15.383], [76.547, 15.386], [76.556, 15.394], [76.57, 15.399], [76.571, 15.403], [76.581, 15.408], [76.584, 15.408], [76.592, 15.411], [76.596, 15.417], [76.597, 15.425], [76.609, 15.44], [76.616, 15.443], [76.625, 15.442], [76.644, 15.446], [76.651, 15.45], [76.656, 15.451], [76.659, 15.448], [76.665, 15.449], [76.669, 15.451], [76.674, 15.457], [76.678, 15.46], [76.687, 15.474], [76.702, 15.483], [76.707, 15.488], [76.72, 15.492], [76.732, 15.494], [76.743, 15.491], [76.75, 15.491], [76.754, 15.493], [76.766, 15.492], [76.776, 15.492], [76.787, 15.495], [76.788, 15.497], [76.796, 15.501], [76.811, 15.513], [76.813, 15.517], [76.808, 15.523], [76.81, 15.531], [76.81, 15.544], [76.813, 15.551], [76.826, 15.56], [76.831, 15.56], [76.835, 15.565], [76.836, 15.57], [76.834, 15.589], [76.832, 15.595], [76.826, 15.604], [76.822, 15.609], [76.821, 15.616], [76.829, 15.622], [76.833, 15.627], [76.845, 15.634], [76.848, 15.638], [76.858, 15.643], [76.86, 15.651], [76.865, 15.653], [76.868, 15.659], [76.879, 15.669], [76.886, 15.678], [76.888, 15.685], [76.891, 15.688], [76.896, 15.688], [76.904, 15.693], [76.908, 15.7], [76.91, 15.709], [76.916, 15.715], [76.918, 15.72], [76.921, 15.724], [76.921, 15.727], [76.925, 15.732], [76.926, 15.737], [76.934, 15.746], [76.943, 15.762], [76.948, 15.765], [76.958, 15.769], [76.968, 15.776], [76.976, 15.786], [76.982, 15.794], [76.99, 15.799], [76.995, 15.804], [77, 15.812], [77.007, 15.82], [77.015, 15.824], [77.017, 15.829], [77.025, 15.834], [77.028, 15.841], [77.032, 15.843], [77.037, 15.868], [77.04, 15.872], [77.052, 15.879], [77.053, 15.883], [77.062, 15.891], [77.066, 15.899], [77.075, 15.907], [77.081, 15.919], [77.103, 15.934], [77.112, 15.938], [77.121, 15.938], [77.127, 15.934], [77.134, 15.936], [77.141, 15.939], [77.15, 15.945], [77.168, 15.95], [77.185, 15.957], [77.202, 15.958], [77.221, 15.959], [77.229, 15.956], [77.235, 15.957], [77.248, 15.963], [77.267, 15.957], [77.278, 15.956], [77.287, 15.954], [77.295, 15.959], [77.3, 15.96], [77.316, 15.956], [77.322, 15.952], [77.333, 15.949], [77.351, 15.951], [77.363, 15.949], [77.369, 15.949], [77.373, 15.945], [77.379, 15.941], [77.384, 15.939], [77.397, 15.944], [77.403, 15.944], [77.413, 15.941], [77.421, 15.946], [77.427, 15.948], [77.433, 15.949], [77.448, 15.945], [77.466, 15.934], [77.47, 15.934], [77.477, 15.935], [77.484, 15.935], [77.49, 15.934], [77.497, 15.933], [77.506, 15.93], [77.515, 15.926], [77.547, 15.92], [77.564, 15.921], [77.572, 15.919], [77.582, 15.917], [77.588, 15.914], [77.595, 15.913], [77.608, 15.918], [77.618, 15.915], [77.627, 15.908], [77.64, 15.895], [77.654, 15.888], [77.677, 15.884], [77.685, 15.884], [77.696, 15.881], [77.71, 15.893], [77.716, 15.895], [77.726, 15.896], [77.734, 15.893], [77.74, 15.888], [77.753, 15.885], [77.767, 15.886], [77.773, 15.884], [77.782, 15.877], [77.803, 15.876], [77.818, 15.876], [77.835, 15.881], [77.848, 15.88], [77.853, 15.884], [77.859, 15.883], [77.866, 15.891], [77.877, 15.9], [77.883, 15.906], [77.894, 15.905], [77.915, 15.892], [77.928, 15.886], [77.938, 15.883], [77.947, 15.884], [77.968, 15.885], [77.983, 15.878], [77.992, 15.871], [77.999, 15.869], [78.016, 15.857], [78.027, 15.849], [78.045, 15.846], [78.054, 15.84], [78.06, 15.832], [78.063, 15.824], [78.067, 15.821], [78.074, 15.82], [78.103, 15.817], [78.118, 15.82], [78.128, 15.825], [78.134, 15.836], [78.135, 15.845], [78.134, 15.85], [78.129, 15.857], [78.127, 15.864], [78.132, 15.871], [78.15, 15.886], [78.155, 15.888], [78.165, 15.888], [78.171, 15.892], [78.178, 15.897], [78.185, 15.904], [78.193, 15.91], [78.199, 15.918], [78.214, 15.921], [78.225, 15.923], [78.245, 15.933], [78.248, 15.944], [78.249, 15.964]]}, "properties": {"rivname": "Tungabhadra", "ba_name": "Krishna"}}, {"type": "Feature", "geometry": {"type": "LineString", "coordinates": [[77.376, 9.528], [77.38, 9.54], [77.385, 9.548], [77.394, 9.556], [77.394, 9.562], [77.4, 9.565], [77.41, 9.579], [77.415, 9.581], [77.426, 9.592], [77.437, 9.59], [77.439, 9.598], [77.439, 9.607], [77.444, 9.613], [77.446, 9.62], [77.452, 9.623], [77.447, 9.627], [77.448, 9.632], [77.452, 9.631], [77.45, 9.638], [77.455, 9.641], [77.456, 9.646], [77.46, 9.651], [77.469, 9.652], [77.473, 9.649], [77.477, 9.651], [77.481, 9.657], [77.486, 9.659], [77.481, 9.669], [77.477, 9.669], [77.478, 9.676], [77.482, 9.678], [77.484, 9.687], [77.497, 9.695], [77.503, 9.697], [77.513, 9.706], [77.512, 9.711], [77.515, 9.716], [77.511, 9.719], [77.511, 9.723], [77.515, 9.727], [77.513, 9.734], [77.514, 9.742], [77.521, 9.741], [77.521, 9.745], [77.526, 9.752], [77.523, 9.758], [77.525, 9.76], [77.515, 9.766], [77.514, 9.769], [77.509, 9.774], [77.51, 9.782], [77.514, 9.784], [77.512, 9.791], [77.503, 9.798], [77.499, 9.808], [77.493, 9.816], [77.49, 9.818], [77.49, 9.822], [77.498, 9.829], [77.503, 9.83], [77.502, 9.836], [77.496, 9.838], [77.498, 9.844], [77.499, 9.849], [77.504, 9.85], [77.505, 9.854], [77.508, 9.855], [77.51, 9.865], [77.504, 9.868], [77.503, 9.873], [77.499, 9.875], [77.5, 9.882], [77.496, 9.889], [77.501, 9.897], [77.501, 9.9], [77.505, 9.905], [77.508, 9.909], [77.506, 9.913], [77.506, 9.918], [77.51, 9.919], [77.512, 9.923], [77.514, 9.937], [77.517, 9.941], [77.507, 9.959], [77.51, 9.964], [77.507, 9.968], [77.511, 9.981], [77.512, 9.992], [77.509, 9.997], [77.511, 10.001], [77.517, 10.004], [77.518, 10.009], [77.525, 10.012], [77.528, 10.01], [77.534, 10.014], [77.532, 10.019], [77.538, 10.024], [77.544, 10.025], [77.546, 10.028], [77.547, 10.035], [77.545, 10.04], [77.547, 10.046], [77.553, 10.049], [77.553, 10.052], [77.563, 10.054], [77.575, 10.054], [77.587, 10.055], [77.591, 10.052], [77.594, 10.047], [77.605, 10.044], [77.618, 10.048], [77.627, 10.049], [77.634, 10.043], [77.642, 10.048], [77.65, 10.048], [77.656, 10.054], [77.659, 10.054], [77.66, 10.06], [77.665, 10.064], [77.668, 10.07], [77.676, 10.073], [77.678, 10.08], [77.688, 10.081], [77.697, 10.086], [77.708, 10.082], [77.714, 10.081], [77.725, 10.085], [77.731, 10.094], [77.738, 10.096], [77.746, 10.095], [77.748, 10.1], [77.761, 10.105], [77.77, 10.102], [77.776, 10.102], [77.78, 10.106], [77.782, 10.11], [77.788, 10.115], [77.794, 10.113], [77.798, 10.107], [77.806, 10.103], [77.815, 10.1], [77.819, 10.097], [77.823, 10.087], [77.832, 10.081], [77.845, 10.081], [77.85, 10.09], [77.862, 10.084], [77.869, 10.084], [77.873, 10.083], [77.875, 10.08], [77.884, 10.074], [77.892, 10.077], [77.895, 10.076], [77.9, 10.066], [77.902, 10.066], [77.91, 10.069], [77.917, 10.066], [77.918, 10.058], [77.92, 10.055], [77.928, 10.05], [77.931, 10.044], [77.94, 10.034], [77.948, 10.03], [77.95, 10.031], [77.957, 10.024], [77.957, 10.021], [77.961, 10.013], [77.968, 10.01], [77.983, 10.001], [77.987, 9.996], [77.985, 9.992], [77.986, 9.986], [77.996, 9.982], [77.998, 9.984], [78.006, 9.985], [78.012, 9.984], [78.015, 9.98], [78.028, 9.973], [78.036, 9.966], [78.042, 9.966], [78.055, 9.963], [78.066, 9.957], [78.066, 9.954], [78.073, 9.949], [78.083, 9.944], [78.091, 9.944], [78.099, 9.94], [78.104, 9.938], [78.11, 9.933], [78.12, 9.931], [78.122, 9.929], [78.135, 9.92], [78.142, 9.919], [78.151, 9.913], [78.155, 9.913], [78.158, 9.907], [78.179, 9.895], [78.181, 9.888], [78.188, 9.877], [78.198, 9.873], [78.204, 9.874], [78.216, 9.867], [78.223, 9.863], [78.226, 9.855], [78.231, 9.85], [78.241, 9.845], [78.243, 9.841], [78.249, 9.835], [78.264, 9.826], [78.268, 9.825], [78.271, 9.822], [78.288, 9.817], [78.292, 9.817], [78.301, 9.814], [78.318, 9.802], [78.323, 9.8], [78.33, 9.8], [78.342, 9.797], [78.347, 9.797], [78.352, 9.794], [78.357, 9.793], [78.362, 9.788], [78.366, 9.773], [78.374, 9.763], [78.385, 9.756], [78.394, 9.749], [78.398, 9.744], [78.406, 9.739], [78.414, 9.737], [78.422, 9.732], [78.425, 9.728], [78.428, 9.714], [78.435, 9.707], [78.448, 9.702], [78.451, 9.698], [78.461, 9.68], [78.466, 9.675], [78.467, 9.664], [78.465, 9.654], [78.463, 9.65], [78.462, 9.643], [78.466, 9.637], [78.475, 9.629], [78.481, 9.612], [78.489, 9.602], [78.501, 9.597], [78.511, 9.591], [78.518, 9.581], [78.521, 9.578], [78.529, 9.577], [78.532, 9.576], [78.55, 9.571], [78.556, 9.572], [78.567, 9.569], [78.573, 9.561], [78.576, 9.558], [78.589, 9.552], [78.602, 9.542], [78.607, 9.535], [78.612, 9.533], [78.622, 9.534], [78.628, 9.529], [78.635, 9.526], [78.643, 9.524], [78.648, 9.52], [78.649, 9.51], [78.651, 9.505], [78.663, 9.497], [78.667, 9.49], [78.671, 9.489], [78.68, 9.492], [78.686, 9.489], [78.696, 9.493], [78.706, 9.491], [78.71, 9.486], [78.72, 9.487], [78.722, 9.481], [78.721, 9.474], [78.724, 9.467], [78.721, 9.46], [78.726, 9.449], [78.732, 9.448], [78.736, 9.45], [78.747, 9.445], [78.749, 9.438], [78.753, 9.438], [78.758, 9.437], [78.762, 9.44], [78.774, 9.44], [78.778, 9.438], [78.781, 9.431], [78.787, 9.423], [78.8, 9.418], [78.807, 9.419], [78.811, 9.416], [78.823, 9.423], [78.827, 9.42], [78.84, 9.419], [78.848, 9.412], [78.853, 9.416], [78.857, 9.414], [78.86, 9.408], [78.866, 9.41], [78.878, 9.411], [78.883, 9.409], [78.886, 9.405], [78.886, 9.396], [78.889, 9.391], [78.897, 9.385], [78.907, 9.373], [78.914, 9.369], [78.924, 9.365], [78.929, 9.361], [78.937, 9.353], [78.949, 9.348], [78.953, 9.343], [78.959, 9.341], [78.968, 9.336], [78.986, 9.328], [78.996, 9.328], [79.002, 9.33], [79.002, 9.334], [78.996, 9.338], [78.995, 9.342], [78.999, 9.345]]}, "properties": {"rivname": "Vaigai", "ba_name": "East flowing rivers between Pennar and Kanyakumari"}}, {"type": "Feature", "geometry": {"type": "LineString", "coordinates": [[77.695, 9.3], [77.704, 9.305], [77.71, 9.31], [77.715, 9.312], [77.716, 9.318], [77.726, 9.321], [77.731, 9.32], [77.738, 9.326], [77.74, 9.332], [77.744, 9.336], [77.756, 9.333], [77.761, 9.334], [77.769, 9.331], [77.774, 9.334], [77.778, 9.332], [77.784, 9.335], [77.789, 9.333], [77.799, 9.336], [77.807, 9.333], [77.814, 9.335], [77.823, 9.334], [77.835, 9.338], [77.841, 9.338], [77.849, 9.336], [77.857, 9.337], [77.864, 9.341], [77.87, 9.34], [77.881, 9.34], [77.892, 9.344], [77.897, 9.348], [77.899, 9.352], [77.902, 9.353], [77.912, 9.351], [77.921, 9.348], [77.929, 9.349], [77.933, 9.345], [77.937, 9.343], [77.947, 9.343], [77.954, 9.34], [77.962, 9.34], [77.974, 9.338], [77.99, 9.328], [77.993, 9.322], [78, 9.321], [78.003, 9.318], [78.005, 9.311], [78.012, 9.304], [78.014, 9.291], [78.011, 9.279], [78.012, 9.266], [78.018, 9.257], [78.023, 9.253], [78.029, 9.251], [78.037, 9.245], [78.041, 9.24], [78.048, 9.238], [78.051, 9.235], [78.063, 9.233], [78.073, 9.228], [78.084, 9.219], [78.089, 9.21], [78.102, 9.2], [78.103, 9.192], [78.107, 9.187], [78.114, 9.187], [78.118, 9.183], [78.12, 9.174], [78.122, 9.17], [78.139, 9.159], [78.15, 9.147], [78.152, 9.135], [78.157, 9.129], [78.172, 9.121], [78.183, 9.114], [78.191, 9.104], [78.192, 9.086], [78.198, 9.076], [78.194, 9.064], [78.195, 9.057], [78.204, 9.055], [78.214, 9.047], [78.215, 9.041], [78.221, 9.032], [78.232, 9.033]]}, "properties": {"rivname": "Vaippar", "ba_name": "East flowing rivers between Pennar and Kanyakumari"}}, {"type": "Feature", "geometry": {"type": "LineString", "coordinates": [[77.064, 10.921], [77.06, 10.91], [77.048, 10.903], [77.043, 10.898], [77.036, 10.897], [77.031, 10.891], [77.026, 10.892], [77.021, 10.895], [77.017, 10.894], [77.011, 10.888], [77.005, 10.887], [77.004, 10.883], [76.996, 10.88], [76.991, 10.874], [76.983, 10.87], [76.979, 10.86], [76.974, 10.855], [76.968, 10.856], [76.966, 10.853], [76.968, 10.845], [76.97, 10.842], [76.971, 10.835], [76.969, 10.829], [76.958, 10.819], [76.943, 10.816], [76.938, 10.807], [76.936, 10.797], [76.941, 10.794], [76.931, 10.785], [76.925, 10.786], [76.92, 10.781], [76.914, 10.781], [76.913, 10.776], [76.909, 10.772], [76.903, 10.772], [76.902, 10.766], [76.893, 10.763], [76.884, 10.757], [76.874, 10.762], [76.868, 10.76], [76.865, 10.762], [76.861, 10.758], [76.856, 10.762], [76.842, 10.761], [76.838, 10.758], [76.83, 10.764], [76.828, 10.764], [76.821, 10.767], [76.816, 10.767]]}, "properties": {"rivname": "Varattar", "ba_name": "West flowing rivers from Tadri to Kanyakumari"}}, {"type": "Feature", "geometry": {"type": "LineString", "coordinates": [[79.817, 19.574], [79.815, 19.578], [79.804, 19.59], [79.803, 19.599], [79.797, 19.604], [79.794, 19.611], [79.793, 19.604], [79.79, 19.597]]}, "properties": {"rivname": "Wainganga", "ba_name": "Godavari"}}, {"type": "Feature", "geometry": {"type": "LineString", "coordinates": [[79.532, 21.92], [79.54, 21.929], [79.542, 21.936], [79.546, 21.939], [79.55, 21.946], [79.546, 21.954], [79.548, 21.958], [79.545, 21.968], [79.541, 21.971], [79.541, 21.979], [79.536, 21.987], [79.532, 21.989], [79.529, 22.001], [79.531, 22.004], [79.529, 22.008], [79.53, 22.015], [79.522, 22.025], [79.522, 22.029], [79.518, 22.037], [79.514, 22.04], [79.513, 22.047], [79.504, 22.07], [79.504, 22.079], [79.508, 22.085], [79.514, 22.086], [79.517, 22.09], [79.516, 22.093], [79.505, 22.098], [79.5, 22.095], [79.494, 22.096], [79.483, 22.087], [79.477, 22.091], [79.471, 22.1], [79.473, 22.107], [79.473, 22.112], [79.47, 22.119], [79.466, 22.122], [79.467, 22.132], [79.462, 22.136], [79.464, 22.141], [79.462, 22.148], [79.459, 22.156], [79.455, 22.16], [79.455, 22.168], [79.457, 22.172], [79.457, 22.183], [79.471, 22.19], [79.477, 22.192], [79.484, 22.198], [79.491, 22.2], [79.495, 22.206], [79.494, 22.211], [79.495, 22.215], [79.503, 22.215], [79.508, 22.217], [79.507, 22.226], [79.513, 22.231], [79.523, 22.231], [79.527, 22.234], [79.529, 22.24], [79.519, 22.25], [79.523, 22.261], [79.533, 22.266], [79.534, 22.269], [79.529, 22.276], [79.53, 22.284], [79.523, 22.287], [79.517, 22.286], [79.509, 22.288], [79.509, 22.292], [79.515, 22.297], [79.519, 22.305], [79.516, 22.308], [79.51, 22.306], [79.497, 22.306], [79.494, 22.313], [79.485, 22.315], [79.474, 22.314], [79.469, 22.318], [79.469, 22.33], [79.473, 22.331], [79.474, 22.337], [79.479, 22.339], [79.486, 22.347], [79.487, 22.35], [79.481, 22.361], [79.489, 22.363], [79.496, 22.372], [79.5, 22.373], [79.51, 22.379], [79.511, 22.389], [79.513, 22.391], [79.524, 22.391], [79.529, 22.387], [79.534, 22.387], [79.54, 22.389], [79.553, 22.379], [79.556, 22.374], [79.558, 22.365], [79.566, 22.349], [79.568, 22.342], [79.571, 22.338], [79.577, 22.339], [79.587, 22.348], [79.598, 22.354], [79.608, 22.359], [79.628, 22.365], [79.645, 22.373], [79.663, 22.376], [79.667, 22.379], [79.668, 22.385], [79.666, 22.388], [79.661, 22.391], [79.661, 22.4], [79.656, 22.402], [79.655, 22.407], [79.649, 22.411], [79.644, 22.41], [79.64, 22.413], [79.64, 22.418], [79.642, 22.425], [79.634, 22.432], [79.633, 22.434], [79.641, 22.438], [79.652, 22.436], [79.659, 22.44], [79.661, 22.446], [79.669, 22.456], [79.681, 22.455], [79.69, 22.458], [79.699, 22.456], [79.705, 22.452], [79.711, 22.445], [79.721, 22.444], [79.727, 22.438], [79.729, 22.431], [79.737, 22.427], [79.743, 22.42], [79.74, 22.417], [79.74, 22.411], [79.742, 22.403], [79.749, 22.401], [79.753, 22.404], [79.759, 22.403], [79.764, 22.406], [79.77, 22.406], [79.77, 22.39], [79.775, 22.384], [79.782, 22.387], [79.782, 22.391], [79.786, 22.394], [79.798, 22.394], [79.803, 22.39], [79.816, 22.39], [79.821, 22.386], [79.821, 22.382], [79.818, 22.377], [79.82, 22.371], [79.824, 22.366], [79.832, 22.364], [79.839, 22.365], [79.849, 22.364], [79.855, 22.369], [79.862, 22.37], [79.869, 22.373], [79.877, 22.381], [79.88, 22.382], [79.895, 22.378], [79.905, 22.386], [79.914, 22.386], [79.921, 22.382], [79.921, 22.377], [79.927, 22.369], [79.938, 22.37], [79.946, 22.372], [79.95, 22.372], [79.954, 22.369], [79.961, 22.37], [79.964, 22.372], [79.965, 22.38], [79.968, 22.383], [79.974, 22.382], [79.988, 22.383], [79.992, 22.385], [79.996, 22.4], [79.998, 22.402], [80.004, 22.4], [80.009, 22.395], [80.019, 22.389], [80.024, 22.385], [80.034, 22.393], [80.045, 22.394], [80.047, 22.385], [80.052, 22.384], [80.067, 22.378], [80.07, 22.376], [80.07, 22.369], [80.077, 22.36], [80.076, 22.351], [80.084, 22.344], [80.097, 22.339], [80.101, 22.334], [80.1, 22.327], [80.092, 22.321], [80.089, 22.314], [80.091, 22.31], [80.087, 22.303], [80.081, 22.296], [80.085, 22.293], [80.094, 22.278], [80.093, 22.274], [80.086, 22.273], [80.087, 22.269], [80.094, 22.267], [80.098, 22.251], [80.1, 22.248], [80.095, 22.24], [80.087, 22.236], [80.083, 22.23], [80.089, 22.227], [80.088, 22.223], [80.075, 22.218], [80.07, 22.217], [80.065, 22.214], [80.06, 22.214], [80.056, 22.205], [80.037, 22.188], [80.032, 22.18], [80.039, 22.171], [80.043, 22.158], [80.043, 22.146], [80.044, 22.138], [80.048, 22.122], [80.053, 22.118], [80.06, 22.115], [80.063, 22.109], [80.06, 22.103], [80.064, 22.102], [80.066, 22.098], [80.066, 22.079], [80.071, 22.071], [80.069, 22.063], [80.07, 22.057], [80.083, 22.046], [80.084, 22.042], [80.083, 22.035], [80.085, 22.03], [80.095, 22.03], [80.103, 22.029], [80.105, 22.027], [80.105, 22.019], [80.107, 22.01], [80.109, 22.006], [80.117, 22], [80.118, 21.996], [80.116, 21.989], [80.111, 21.984], [80.106, 21.973], [80.107, 21.97], [80.109, 21.949], [80.117, 21.94], [80.129, 21.94], [80.134, 21.939], [80.142, 21.934], [80.146, 21.928], [80.148, 21.919], [80.152, 21.914], [80.159, 21.908], [80.17, 21.905], [80.175, 21.903], [80.177, 21.895], [80.175, 21.878], [80.171, 21.874], [80.169, 21.864], [80.174, 21.86], [80.176, 21.856], [80.167, 21.852], [80.165, 21.846], [80.17, 21.838], [80.17, 21.83], [80.165, 21.827], [80.161, 21.822], [80.16, 21.818], [80.161, 21.812], [80.158, 21.805], [80.161, 21.799], [80.166, 21.797], [80.182, 21.794], [80.189, 21.791], [80.194, 21.779], [80.194, 21.776], [80.191, 21.77], [80.187, 21.768], [80.183, 21.77], [80.172, 21.768], [80.171, 21.764], [80.177, 21.756], [80.181, 21.743], [80.181, 21.736], [80.185, 21.732], [80.182, 21.723], [80.173, 21.717], [80.174, 21.712], [80.179, 21.705], [80.183, 21.704], [80.187, 21.699], [80.187, 21.694], [80.184, 21.684], [80.181, 21.679], [80.18, 21.667], [80.188, 21.654], [80.193, 21.654], [80.195, 21.649], [80.194, 21.635], [80.188, 21.628], [80.174, 21.622], [80.164, 21.619], [80.161, 21.616], [80.157, 21.608], [80.153, 21.605], [80.145, 21.604], [80.137, 21.606], [80.134, 21.609], [80.124, 21.611], [80.117, 21.61], [80.116, 21.608], [80.117, 21.594], [80.115, 21.591], [80.109, 21.587], [80.099, 21.59], [80.096, 21.586], [80.092, 21.576], [80.08, 21.567], [80.073, 21.558], [80.066, 21.553], [80.061, 21.551], [80.055, 21.552], [80.042, 21.558], [80.032, 21.558], [80.023, 21.552], [80.014, 21.542], [80.009, 21.538], [80.001, 21.537], [79.995, 21.533], [79.989, 21.534], [79.98, 21.548], [79.971, 21.558], [79.966, 21.56], [79.954, 21.559], [79.95, 21.556], [79.943, 21.554], [79.931, 21.556], [79.923, 21.544], [79.924, 21.536], [79.922, 21.523], [79.924, 21.512], [79.929, 21.507], [79.93, 21.496], [79.92, 21.482], [79.914, 21.476], [79.907, 21.467], [79.9, 21.467], [79.896, 21.462], [79.895, 21.458], [79.888, 21.456], [79.886, 21.446], [79.88, 21.44], [79.88, 21.434], [79.883, 21.429], [79.882, 21.426], [79.87, 21.419], [79.857, 21.415], [79.85, 21.415], [79.841, 21.41], [79.836, 21.403], [79.834, 21.398], [79.828, 21.392], [79.817, 21.386], [79.806, 21.384], [79.802, 21.382], [79.797, 21.383], [79.792, 21.38], [79.795, 21.372], [79.795, 21.366], [79.798, 21.361], [79.799, 21.356], [79.795, 21.352], [79.791, 21.344], [79.787, 21.34], [79.788, 21.337], [79.785, 21.317], [79.781, 21.311], [79.78, 21.305], [79.774, 21.297], [79.772, 21.29], [79.767, 21.284], [79.759, 21.282], [79.756, 21.276], [79.758, 21.27], [79.756, 21.266], [79.748, 21.258], [79.747, 21.249], [79.743, 21.242], [79.737, 21.241], [79.727, 21.243], [79.724, 21.242], [79.72, 21.236], [79.713, 21.229], [79.699, 21.223], [79.694, 21.224], [79.689, 21.222], [79.687, 21.215], [79.686, 21.206], [79.688, 21.201], [79.693, 21.196], [79.693, 21.191], [79.689, 21.186], [79.688, 21.174], [79.686, 21.166], [79.685, 21.158], [79.681, 21.153], [79.672, 21.152], [79.666, 21.148], [79.656, 21.146], [79.646, 21.139], [79.635, 21.137], [79.629, 21.132], [79.624, 21.123], [79.611, 21.11], [79.601, 21.101], [79.602, 21.093], [79.603, 21.076], [79.6, 21.068], [79.602, 21.06], [79.608, 21.049], [79.616, 21.029], [79.625, 21.013], [79.633, 21], [79.638, 20.989], [79.642, 20.984], [79.65, 20.979], [79.656, 20.97], [79.657, 20.959], [79.654, 20.944], [79.648, 20.929], [79.639, 20.917], [79.631, 20.913], [79.618, 20.907], [79.613, 20.904], [79.61, 20.895], [79.608, 20.882], [79.608, 20.878], [79.612, 20.867], [79.618, 20.86], [79.626, 20.847], [79.624, 20.842], [79.633, 20.828], [79.632, 20.814], [79.636, 20.803], [79.64, 20.799], [79.657, 20.787], [79.663, 20.786], [79.667, 20.781], [79.679, 20.773], [79.685, 20.767], [79.693, 20.765], [79.709, 20.756], [79.713, 20.751], [79.728, 20.749], [79.735, 20.747], [79.738, 20.743], [79.748, 20.738], [79.758, 20.733], [79.785, 20.727], [79.793, 20.721], [79.798, 20.714], [79.798, 20.702], [79.8, 20.698], [79.813, 20.693], [79.824, 20.685], [79.833, 20.679], [79.852, 20.676], [79.857, 20.676], [79.866, 20.682], [79.876, 20.692], [79.89, 20.693], [79.896, 20.69], [79.899, 20.683], [79.912, 20.678], [79.918, 20.679], [79.927, 20.674], [79.934, 20.663], [79.938, 20.655], [79.941, 20.64], [79.944, 20.63], [79.942, 20.622], [79.938, 20.609], [79.936, 20.593], [79.937, 20.583], [79.933, 20.577], [79.931, 20.564], [79.926, 20.552], [79.929, 20.546], [79.938, 20.543], [79.945, 20.539], [79.952, 20.533], [79.953, 20.525], [79.951, 20.521], [79.949, 20.509], [79.949, 20.495], [79.946, 20.487], [79.939, 20.477], [79.939, 20.47], [79.943, 20.461], [79.944, 20.457], [79.94, 20.445], [79.939, 20.438], [79.948, 20.428], [79.958, 20.422], [79.964, 20.41], [79.961, 20.4], [79.96, 20.376], [79.969, 20.366], [79.974, 20.357], [79.973, 20.349], [79.971, 20.343], [79.958, 20.333], [79.951, 20.329], [79.947, 20.325], [79.945, 20.319], [79.943, 20.307], [79.943, 20.3], [79.941, 20.294], [79.943, 20.283], [79.946, 20.278], [79.961, 20.269], [79.967, 20.256], [79.971, 20.252], [79.982, 20.245], [79.989, 20.241], [79.993, 20.234], [79.996, 20.222], [79.993, 20.216], [79.984, 20.208], [79.974, 20.205], [79.968, 20.207], [79.959, 20.205], [79.958, 20.202], [79.953, 20.198], [79.948, 20.199], [79.927, 20.184], [79.922, 20.176], [79.917, 20.169], [79.917, 20.16], [79.911, 20.154], [79.91, 20.145], [79.912, 20.142], [79.92, 20.138], [79.921, 20.134], [79.933, 20.127], [79.945, 20.128], [79.957, 20.124], [79.965, 20.12], [79.971, 20.113], [79.973, 20.106], [79.977, 20.101], [79.977, 20.094], [79.981, 20.088], [79.982, 20.078], [79.982, 20.064], [79.986, 20.058], [79.991, 20.045], [79.991, 20.041], [79.986, 20.035], [79.983, 20.027], [79.98, 20.023], [79.974, 20.019], [79.962, 20.006], [79.957, 19.998], [79.952, 19.991], [79.921, 19.97], [79.905, 19.967], [79.892, 19.97], [79.884, 19.976], [79.875, 19.98], [79.87, 19.986], [79.867, 20], [79.868, 20.009], [79.866, 20.016], [79.862, 20.024], [79.852, 20.031], [79.844, 20.032], [79.834, 20.029], [79.821, 20.03], [79.812, 20.027], [79.799, 20.017], [79.796, 20.015], [79.786, 20.009], [79.778, 19.995], [79.775, 19.987], [79.771, 19.975], [79.771, 19.964], [79.774, 19.955], [79.778, 19.95], [79.784, 19.946], [79.789, 19.936], [79.789, 19.928], [79.79, 19.924], [79.799, 19.913], [79.802, 19.902], [79.803, 19.891], [79.801, 19.887], [79.79, 19.88], [79.787, 19.876], [79.785, 19.867], [79.78, 19.86], [79.768, 19.858], [79.761, 19.852], [79.754, 19.843], [79.747, 19.837], [79.741, 19.827], [79.741, 19.82], [79.742, 19.8], [79.743, 19.792], [79.749, 19.776], [79.752, 19.763], [79.757, 19.755], [79.764, 19.745], [79.766, 19.739], [79.773, 19.729], [79.78, 19.725], [79.784, 19.717], [79.785, 19.7], [79.786, 19.681], [79.785, 19.669], [79.786, 19.655], [79.788, 19.648], [79.788, 19.634], [79.79, 19.624], [79.794, 19.611]]}, "properties": {"rivname": "Wainganga", "ba_name": "Godavari"}}, {"type": "Feature", "geometry": {"type": "LineString", "coordinates": [[78.426, 21.82], [78.421, 21.816], [78.414, 21.817], [78.407, 21.811], [78.402, 21.808], [78.395, 21.801], [78.394, 21.795], [78.391, 21.792], [78.384, 21.78], [78.381, 21.77], [78.376, 21.764], [78.377, 21.759], [78.377, 21.754], [78.38, 21.748], [78.378, 21.743], [78.37, 21.743], [78.362, 21.739], [78.36, 21.731], [78.355, 21.724], [78.358, 21.717], [78.365, 21.716], [78.364, 21.713], [78.358, 21.711], [78.35, 21.714], [78.349, 21.712], [78.35, 21.705], [78.347, 21.702], [78.341, 21.71], [78.336, 21.714], [78.331, 21.714], [78.325, 21.708], [78.319, 21.71], [78.314, 21.722], [78.307, 21.718], [78.306, 21.713], [78.314, 21.707], [78.308, 21.702], [78.304, 21.696], [78.307, 21.685], [78.302, 21.678], [78.303, 21.674], [78.3, 21.672], [78.291, 21.671], [78.302, 21.659], [78.305, 21.65], [78.302, 21.646], [78.308, 21.644], [78.315, 21.649], [78.318, 21.649], [78.321, 21.645], [78.327, 21.647], [78.338, 21.638], [78.337, 21.634], [78.344, 21.634], [78.349, 21.626], [78.357, 21.625], [78.364, 21.62], [78.367, 21.612], [78.389, 21.615], [78.392, 21.614], [78.393, 21.609], [78.397, 21.607], [78.408, 21.609], [78.416, 21.602], [78.419, 21.6], [78.427, 21.599], [78.419, 21.586], [78.419, 21.58], [78.421, 21.57], [78.425, 21.566], [78.426, 21.56], [78.429, 21.559], [78.426, 21.552], [78.424, 21.543], [78.428, 21.542], [78.435, 21.534], [78.434, 21.53], [78.43, 21.526], [78.432, 21.521], [78.437, 21.519], [78.435, 21.51], [78.435, 21.499], [78.43, 21.495], [78.434, 21.492], [78.43, 21.486], [78.428, 21.475], [78.439, 21.471], [78.436, 21.466], [78.44, 21.462], [78.439, 21.457], [78.442, 21.453], [78.441, 21.448], [78.443, 21.443], [78.438, 21.442], [78.441, 21.436], [78.442, 21.429], [78.442, 21.421], [78.451, 21.412], [78.448, 21.403], [78.441, 21.401], [78.438, 21.402], [78.432, 21.401], [78.424, 21.397], [78.419, 21.396], [78.42, 21.391], [78.415, 21.389], [78.406, 21.387], [78.407, 21.381], [78.399, 21.384], [78.397, 21.384], [78.391, 21.39], [78.387, 21.391], [78.383, 21.387], [78.377, 21.389], [78.375, 21.395], [78.372, 21.396], [78.366, 21.393], [78.364, 21.39], [78.364, 21.382], [78.359, 21.383], [78.354, 21.38], [78.343, 21.38], [78.337, 21.374], [78.33, 21.372], [78.327, 21.368], [78.321, 21.369], [78.308, 21.361], [78.308, 21.357], [78.301, 21.356], [78.286, 21.35], [78.274, 21.353], [78.271, 21.35], [78.269, 21.346], [78.261, 21.344], [78.251, 21.338], [78.25, 21.332], [78.245, 21.33], [78.24, 21.33], [78.231, 21.328], [78.216, 21.333], [78.21, 21.334], [78.196, 21.331], [78.187, 21.333], [78.156, 21.332], [78.151, 21.334], [78.151, 21.34], [78.146, 21.343], [78.141, 21.343], [78.13, 21.347], [78.122, 21.348], [78.112, 21.352], [78.092, 21.361], [78.086, 21.36], [78.078, 21.356], [78.074, 21.352], [78.073, 21.338], [78.065, 21.314], [78.064, 21.301], [78.064, 21.289], [78.059, 21.273], [78.058, 21.264], [78.053, 21.258], [78.054, 21.251], [78.057, 21.246], [78.057, 21.242], [78.06, 21.239], [78.065, 21.24], [78.071, 21.237], [78.073, 21.23], [78.069, 21.227], [78.07, 21.221], [78.075, 21.217], [78.084, 21.214], [78.086, 21.211], [78.097, 21.2], [78.099, 21.189], [78.092, 21.182], [78.092, 21.179], [78.097, 21.176], [78.105, 21.167], [78.115, 21.162], [78.118, 21.156], [78.124, 21.154], [78.129, 21.149], [78.133, 21.148], [78.143, 21.137], [78.136, 21.131], [78.135, 21.123], [78.128, 21.115], [78.132, 21.105], [78.138, 21.104], [78.143, 21.105], [78.146, 21.101], [78.144, 21.097], [78.147, 21.09], [78.148, 21.081], [78.151, 21.076], [78.149, 21.069], [78.149, 21.064], [78.147, 21.056], [78.151, 21.05], [78.15, 21.047], [78.144, 21.04], [78.136, 21.038], [78.138, 21.035], [78.143, 21.03], [78.145, 21.024], [78.144, 21.019], [78.136, 21.013], [78.135, 21.004], [78.138, 20.997], [78.145, 20.993], [78.149, 20.988], [78.147, 20.979], [78.149, 20.966], [78.148, 20.962], [78.143, 20.956], [78.142, 20.953], [78.156, 20.946], [78.163, 20.946], [78.169, 20.942], [78.17, 20.939], [78.168, 20.933], [78.176, 20.925], [78.175, 20.914], [78.179, 20.911], [78.182, 20.905], [78.187, 20.902], [78.2, 20.9], [78.207, 20.9], [78.215, 20.908], [78.223, 20.899], [78.236, 20.895], [78.247, 20.891], [78.257, 20.884], [78.261, 20.873], [78.272, 20.865], [78.276, 20.862], [78.275, 20.855], [78.278, 20.846], [78.284, 20.84], [78.291, 20.842], [78.294, 20.837], [78.291, 20.83], [78.296, 20.826], [78.304, 20.834], [78.312, 20.834], [78.312, 20.827], [78.317, 20.822], [78.317, 20.818], [78.307, 20.812], [78.298, 20.812], [78.297, 20.806], [78.293, 20.8], [78.296, 20.795], [78.293, 20.78], [78.295, 20.773], [78.301, 20.769], [78.307, 20.764], [78.308, 20.757], [78.306, 20.751], [78.306, 20.742], [78.312, 20.737], [78.309, 20.732], [78.308, 20.727], [78.305, 20.719], [78.3, 20.716], [78.301, 20.706], [78.298, 20.699], [78.294, 20.698], [78.291, 20.703], [78.284, 20.7], [78.278, 20.7], [78.278, 20.694], [78.276, 20.688], [78.267, 20.681], [78.266, 20.678], [78.271, 20.669], [78.268, 20.664], [78.26, 20.655], [78.251, 20.648], [78.249, 20.644], [78.253, 20.635], [78.252, 20.629], [78.251, 20.614], [78.257, 20.607], [78.26, 20.601], [78.257, 20.597], [78.263, 20.586], [78.263, 20.578], [78.275, 20.571], [78.275, 20.565], [78.281, 20.56], [78.287, 20.559], [78.294, 20.561], [78.297, 20.556], [78.305, 20.554], [78.309, 20.551], [78.322, 20.549], [78.326, 20.546], [78.336, 20.545], [78.343, 20.541], [78.351, 20.531], [78.36, 20.528], [78.366, 20.534], [78.378, 20.53], [78.381, 20.529], [78.385, 20.52], [78.395, 20.519], [78.405, 20.513], [78.413, 20.512], [78.424, 20.515], [78.427, 20.518], [78.434, 20.519], [78.442, 20.514], [78.449, 20.513], [78.451, 20.517], [78.463, 20.522], [78.468, 20.527], [78.472, 20.529], [78.484, 20.529], [78.493, 20.524], [78.5, 20.523], [78.509, 20.525], [78.508, 20.518], [78.516, 20.513], [78.518, 20.505], [78.522, 20.501], [78.521, 20.492], [78.535, 20.48], [78.533, 20.469], [78.536, 20.465], [78.542, 20.46], [78.547, 20.454], [78.554, 20.452], [78.563, 20.44], [78.577, 20.434], [78.591, 20.433], [78.598, 20.431], [78.606, 20.432], [78.61, 20.434], [78.608, 20.439], [78.609, 20.443], [78.615, 20.443], [78.616, 20.437], [78.621, 20.435], [78.642, 20.437], [78.647, 20.434], [78.647, 20.428], [78.644, 20.425], [78.648, 20.418], [78.659, 20.414], [78.662, 20.397], [78.666, 20.393], [78.68, 20.383], [78.684, 20.375], [78.69, 20.371], [78.689, 20.362], [78.691, 20.358], [78.705, 20.353], [78.71, 20.346], [78.711, 20.338], [78.707, 20.333], [78.709, 20.325], [78.709, 20.321], [78.704, 20.315], [78.708, 20.31], [78.715, 20.311], [78.724, 20.307], [78.73, 20.306], [78.733, 20.301], [78.733, 20.296], [78.74, 20.294], [78.746, 20.298], [78.751, 20.298], [78.757, 20.295], [78.769, 20.295], [78.775, 20.301], [78.779, 20.301], [78.788, 20.297], [78.795, 20.3], [78.8, 20.3], [78.807, 20.291], [78.808, 20.287], [78.813, 20.282], [78.818, 20.279], [78.82, 20.274], [78.816, 20.268], [78.811, 20.264], [78.813, 20.256], [78.816, 20.251], [78.819, 20.25], [78.83, 20.251], [78.84, 20.251], [78.856, 20.254], [78.865, 20.254], [78.877, 20.251], [78.889, 20.249], [78.899, 20.25], [78.905, 20.255], [78.91, 20.257], [78.92, 20.256], [78.922, 20.253], [78.923, 20.249], [78.921, 20.241], [78.928, 20.234], [78.935, 20.232], [78.94, 20.228], [78.938, 20.221], [78.948, 20.217], [78.953, 20.216], [78.962, 20.21], [78.963, 20.207], [78.962, 20.202], [78.954, 20.195], [78.955, 20.19], [78.958, 20.184], [78.954, 20.173], [78.955, 20.169], [78.967, 20.166], [78.974, 20.162], [78.981, 20.151], [78.977, 20.146], [78.972, 20.146], [78.969, 20.143], [78.968, 20.133], [78.972, 20.126], [78.976, 20.124], [78.983, 20.126], [78.988, 20.13], [78.998, 20.128], [79.009, 20.118], [79.021, 20.111], [79.024, 20.105], [79.032, 20.096], [79.042, 20.089], [79.048, 20.088], [79.049, 20.082], [79.044, 20.074], [79.047, 20.067], [79.06, 20.066], [79.063, 20.071], [79.067, 20.071], [79.073, 20.063], [79.071, 20.057], [79.074, 20.052], [79.079, 20.046], [79.081, 20.036], [79.08, 20.029], [79.082, 20.025], [79.091, 20.017], [79.097, 20.018], [79.105, 20.012], [79.108, 20.009], [79.108, 20.003], [79.111, 19.998], [79.113, 19.992], [79.107, 19.985], [79.106, 19.98], [79.109, 19.97], [79.103, 19.958], [79.089, 19.95], [79.09, 19.943], [79.089, 19.928], [79.091, 19.918], [79.094, 19.916], [79.099, 19.918], [79.103, 19.916], [79.109, 19.907], [79.112, 19.905], [79.121, 19.904], [79.134, 19.899], [79.164, 19.897], [79.17, 19.908], [79.175, 19.908], [79.185, 19.904], [79.194, 19.896], [79.197, 19.894], [79.203, 19.895], [79.215, 19.899], [79.234, 19.898], [79.244, 19.899], [79.251, 19.895], [79.256, 19.889], [79.266, 19.88], [79.272, 19.877], [79.282, 19.875], [79.301, 19.875], [79.309, 19.869], [79.315, 19.866], [79.322, 19.86], [79.335, 19.857], [79.34, 19.848], [79.339, 19.844], [79.335, 19.841], [79.333, 19.836], [79.341, 19.827], [79.359, 19.817], [79.371, 19.816], [79.377, 19.814], [79.388, 19.813], [79.399, 19.814], [79.407, 19.813], [79.421, 19.804], [79.427, 19.801], [79.44, 19.798], [79.446, 19.794], [79.452, 19.785], [79.465, 19.781], [79.479, 19.77], [79.487, 19.768], [79.492, 19.764], [79.493, 19.754], [79.489, 19.746], [79.485, 19.734], [79.484, 19.723], [79.486, 19.712], [79.485, 19.707], [79.488, 19.698], [79.488, 19.689], [79.48, 19.683], [79.468, 19.668], [79.47, 19.66], [79.483, 19.653], [79.485, 19.649], [79.487, 19.637], [79.493, 19.618], [79.5, 19.6], [79.503, 19.594], [79.503, 19.587], [79.501, 19.571], [79.488, 19.567], [79.483, 19.561], [79.487, 19.547], [79.495, 19.54], [79.508, 19.535], [79.531, 19.552], [79.54, 19.555], [79.546, 19.55], [79.548, 19.534], [79.553, 19.525], [79.572, 19.518], [79.586, 19.508], [79.594, 19.507], [79.598, 19.509], [79.602, 19.513], [79.607, 19.531], [79.608, 19.539], [79.612, 19.549], [79.613, 19.556], [79.615, 19.561], [79.625, 19.572], [79.637, 19.577], [79.67, 19.581], [79.679, 19.582], [79.687, 19.584], [79.708, 19.584], [79.715, 19.588], [79.731, 19.601], [79.741, 19.608], [79.747, 19.609], [79.771, 19.602], [79.79, 19.597]]}, "properties": {"rivname": "Wardha", "ba_name": "Godavari"}}, {"type": "Feature", "geometry": {"type": "LineString", "coordinates": [[94.756, 25.783], [94.762, 25.794], [94.766, 25.798], [94.767, 25.802], [94.775, 25.803], [94.777, 25.807], [94.782, 25.813], [94.791, 25.818], [94.789, 25.823], [94.792, 25.828], [94.796, 25.824], [94.811, 25.826], [94.807, 25.831], [94.81, 25.835], [94.808, 25.84], [94.811, 25.843], [94.807, 25.846], [94.808, 25.856], [94.804, 25.859], [94.801, 25.859], [94.802, 25.866], [94.813, 25.882], [94.811, 25.884], [94.822, 25.892], [94.82, 25.895], [94.829, 25.895], [94.831, 25.9], [94.83, 25.904], [94.827, 25.908], [94.833, 25.913], [94.838, 25.92], [94.838, 25.925], [94.842, 25.928], [94.847, 25.939], [94.85, 25.938], [94.852, 25.945], [94.858, 25.951], [94.859, 25.957], [94.864, 25.968], [94.871, 25.982], [94.875, 25.986], [94.877, 25.992], [94.881, 25.997], [94.878, 25.999], [94.888, 26.004], [94.885, 26.009], [94.893, 26.015], [94.898, 26.023], [94.908, 26.026], [94.907, 26.029], [94.91, 26.036], [94.915, 26.039], [94.927, 26.048], [94.931, 26.048]]}, "properties": {"rivname": "Zungki", "ba_name": "Minor rivers draining into Myanmar and Bangladesh"}}, {"type": "Feature", "geometry": {"type": "LineString", "coordinates": [[75.144, 13.72], [75.145, 13.722], [75.142, 13.73], [75.134, 13.739], [75.131, 13.74], [75.123, 13.748], [75.111, 13.757], [75.107, 13.763], [75.101, 13.765], [75.099, 13.77], [75.09, 13.782], [75.086, 13.792], [75.079, 13.799], [75.067, 13.816], [75.064, 13.822], [75.06, 13.826], [75.052, 13.84], [75.045, 13.842], [75.047, 13.847], [75.045, 13.853], [75.038, 13.862], [75.04, 13.872], [75.035, 13.875], [75.038, 13.882], [75.03, 13.885], [75.022, 13.887], [75.02, 13.893], [75.014, 13.898], [75.012, 13.91], [75.006, 13.91], [74.997, 13.926], [75, 13.926], [75.003, 13.934], [75.003, 13.941], [75.007, 13.952], [75.01, 13.955], [75.01, 13.961], [75.013, 13.972], [75.012, 13.977], [75.007, 13.981], [75.001, 13.983], [74.995, 13.987], [74.987, 13.988], [74.976, 13.987], [74.975, 13.993], [74.972, 13.996], [74.96, 13.997], [74.951, 14], [74.948, 14.003], [74.947, 14.008], [74.944, 14.015], [74.939, 14.02], [74.937, 14.026], [74.929, 14.035], [74.906, 14.049], [74.9, 14.055], [74.9, 14.062], [74.906, 14.071], [74.899, 14.075], [74.894, 14.08], [74.893, 14.096], [74.89, 14.1], [74.881, 14.107], [74.882, 14.116], [74.881, 14.127], [74.878, 14.15], [74.877, 14.156], [74.878, 14.162], [74.875, 14.167], [74.869, 14.166], [74.857, 14.168], [74.849, 14.172], [74.842, 14.183], [74.836, 14.187], [74.83, 14.187], [74.827, 14.191], [74.824, 14.207], [74.827, 14.213], [74.828, 14.221], [74.82, 14.23], [74.813, 14.229], [74.804, 14.23], [74.802, 14.228], [74.792, 14.226], [74.784, 14.231], [74.782, 14.235], [74.774, 14.238], [74.767, 14.237], [74.763, 14.238], [74.759, 14.243], [74.754, 14.246], [74.745, 14.255], [74.737, 14.262], [74.722, 14.266], [74.717, 14.265], [74.7, 14.261], [74.69, 14.253], [74.686, 14.251], [74.675, 14.251], [74.673, 14.249], [74.673, 14.243], [74.667, 14.242], [74.666, 14.237], [74.67, 14.233], [74.669, 14.23], [74.66, 14.231], [74.659, 14.237], [74.655, 14.239], [74.649, 14.237], [74.639, 14.239], [74.628, 14.236], [74.616, 14.24], [74.602, 14.236], [74.595, 14.232], [74.582, 14.231], [74.571, 14.237], [74.552, 14.238], [74.546, 14.236], [74.538, 14.237], [74.528, 14.235], [74.522, 14.24], [74.509, 14.246], [74.491, 14.256], [74.486, 14.259], [74.471, 14.259], [74.463, 14.264], [74.458, 14.269], [74.452, 14.272], [74.437, 14.277], [74.431, 14.283], [74.428, 14.288], [74.427, 14.297], [74.421, 14.296]]}, "properties": {"rivname": "Sharavati", "ba_name": "West flowing rivers from Tadri to Kanyakumari"}}, {"type": "Feature", "geometry": {"type": "LineString", "coordinates": [[75.187, 13.844], [75.193, 13.829], [75.189, 13.825], [75.183, 13.825], [75.18, 13.819], [75.175, 13.82], [75.165, 13.828], [75.157, 13.83], [75.152, 13.83], [75.145, 13.841], [75.138, 13.841], [75.132, 13.842], [75.124, 13.849], [75.113, 13.857], [75.11, 13.861], [75.106, 13.862], [75.098, 13.866], [75.095, 13.872], [75.091, 13.873], [75.084, 13.869], [75.078, 13.876], [75.07, 13.876], [75.067, 13.88], [75.063, 13.88], [75.055, 13.883], [75.047, 13.896], [75.053, 13.906], [75.05, 13.91], [75.042, 13.909], [75.04, 13.914], [75.041, 13.92], [75.035, 13.925], [75.029, 13.926], [75.028, 13.932], [75.02, 13.942], [75.021, 13.951], [75.025, 13.956], [75.023, 13.964], [75.026, 13.97], [75.024, 13.973], [75.013, 13.972]]}, "properties": {"rivname": "Sharavati", "ba_name": "West flowing rivers from Tadri to Kanyakumari"}}, {"type": "Feature", "geometry": {"type": "MultiLineString", "coordinates": [[[82.035, 26.381], [82.032, 26.376], [82.034, 26.37], [82.034, 26.364], [82.041, 26.362], [82.04, 26.355], [82.045, 26.355], [82.049, 26.344], [82.055, 26.337], [82.05, 26.325], [82.052, 26.319], [82.064, 26.315], [82.068, 26.315], [82.072, 26.318], [82.071, 26.323], [82.066, 26.328], [82.065, 26.334], [82.069, 26.336], [82.073, 26.333], [82.084, 26.334], [82.089, 26.331], [82.096, 26.313], [82.093, 26.308], [82.089, 26.306], [82.084, 26.3], [82.08, 26.295], [82.067, 26.288], [82.063, 26.284], [82.07, 26.274], [82.074, 26.271], [82.078, 26.271], [82.086, 26.269], [82.095, 26.269], [82.099, 26.273], [82.096, 26.28], [82.086, 26.284], [82.087, 26.289], [82.091, 26.291], [82.1, 26.288], [82.108, 26.29], [82.12, 26.29], [82.126, 26.286], [82.114, 26.276], [82.107, 26.268], [82.106, 26.265], [82.11, 26.261], [82.115, 26.261], [82.12, 26.265], [82.142, 26.264], [82.148, 26.258], [82.151, 26.237], [82.153, 26.229], [82.159, 26.226], [82.162, 26.231], [82.169, 26.23], [82.169, 26.225], [82.171, 26.219], [82.177, 26.216], [82.186, 26.215], [82.198, 26.209], [82.209, 26.199], [82.209, 26.196], [82.199, 26.19], [82.198, 26.187], [82.204, 26.185], [82.218, 26.183], [82.223, 26.176], [82.228, 26.175], [82.233, 26.181], [82.234, 26.189], [82.246, 26.198], [82.253, 26.192], [82.257, 26.191], [82.271, 26.194], [82.274, 26.197], [82.277, 26.211], [82.285, 26.217], [82.29, 26.216], [82.293, 26.207], [82.299, 26.202], [82.307, 26.199], [82.305, 26.19], [82.305, 26.181], [82.3, 26.178], [82.295, 26.177], [82.289, 26.182], [82.281, 26.182], [82.28, 26.176], [82.297, 26.17], [82.322, 26.159], [82.337, 26.16], [82.346, 26.157], [82.346, 26.154], [82.339, 26.149], [82.337, 26.144], [82.341, 26.137], [82.343, 26.131], [82.342, 26.12], [82.346, 26.116], [82.351, 26.116], [82.362, 26.121], [82.369, 26.113], [82.377, 26.107], [82.379, 26.103], [82.379, 26.094], [82.374, 26.069], [82.378, 26.06], [82.395, 26.049], [82.398, 26.045], [82.401, 26.032], [82.399, 26.025], [82.394, 26.018], [82.394, 26.014], [82.398, 26.011], [82.413, 26.013], [82.424, 26.011], [82.44, 26.004], [82.462, 26.003], [82.473, 26.001], [82.478, 25.998], [82.484, 25.988], [82.487, 25.976], [82.489, 25.974], [82.511, 25.977], [82.517, 25.973], [82.519, 25.967], [82.523, 25.964], [82.54, 25.963], [82.556, 25.964], [82.563, 25.963], [82.567, 25.955], [82.571, 25.937], [82.569, 25.934], [82.556, 25.93], [82.545, 25.93], [82.542, 25.928], [82.548, 25.919], [82.556, 25.92], [82.563, 25.917], [82.567, 25.91], [82.568, 25.899], [82.572, 25.894], [82.581, 25.893], [82.583, 25.887], [82.583, 25.878], [82.589, 25.868], [82.595, 25.862], [82.595, 25.858], [82.59, 25.851], [82.591, 25.841], [82.59, 25.837], [82.582, 25.833], [82.58, 25.829], [82.585, 25.822], [82.595, 25.816], [82.604, 25.816], [82.606, 25.813], [82.605, 25.804], [82.607, 25.797], [82.61, 25.792], [82.62, 25.791], [82.627, 25.784], [82.634, 25.784], [82.64, 25.788], [82.646, 25.786], [82.647, 25.781], [82.666, 25.767], [82.669, 25.763], [82.664, 25.756], [82.664, 25.749], [82.668, 25.748], [82.676, 25.752], [82.686, 25.748], [82.691, 25.743], [82.7, 25.742], [82.707, 25.737], [82.712, 25.737], [82.715, 25.741], [82.716, 25.75], [82.719, 25.756], [82.725, 25.755], [82.729, 25.747], [82.738, 25.744], [82.741, 25.738], [82.74, 25.731], [82.737, 25.722], [82.731, 25.712], [82.732, 25.706], [82.74, 25.702], [82.748, 25.696], [82.755, 25.689], [82.759, 25.689], [82.762, 25.692], [82.76, 25.7], [82.763, 25.704], [82.768, 25.705], [82.777, 25.703], [82.786, 25.704], [82.797, 25.695], [82.8, 25.683], [82.808, 25.675], [82.808, 25.671], [82.803, 25.668], [82.795, 25.667], [82.793, 25.663], [82.801, 25.658], [82.804, 25.648], [82.811, 25.639], [82.816, 25.637], [82.827, 25.642], [82.84, 25.644], [82.855, 25.643], [82.873, 25.633], [82.875, 25.631], [82.882, 25.62], [82.889, 25.618], [82.896, 25.62], [82.903, 25.628], [82.909, 25.633], [82.918, 25.634], [82.923, 25.632], [82.925, 25.627], [82.922, 25.615], [82.929, 25.614], [82.936, 25.62], [82.943, 25.622], [82.949, 25.619], [82.953, 25.62], [82.956, 25.625], [82.963, 25.624], [82.97, 25.617], [82.97, 25.615], [82.962, 25.604], [82.962, 25.598], [82.974, 25.591], [82.98, 25.577], [82.986, 25.573], [82.992, 25.574], [82.998, 25.58], [83.005, 25.579], [83.007, 25.568], [83.011, 25.568], [83.015, 25.575], [83.02, 25.577], [83.028, 25.574], [83.03, 25.57], [83.033, 25.562], [83.039, 25.554], [83.04, 25.546], [83.042, 25.541], [83.049, 25.542], [83.055, 25.547], [83.061, 25.557], [83.068, 25.555], [83.077, 25.542], [83.076, 25.536], [83.067, 25.534], [83.064, 25.531], [83.067, 25.526], [83.073, 25.52], [83.08, 25.512], [83.082, 25.504], [83.083, 25.494], [83.088, 25.492], [83.091, 25.495], [83.1, 25.506], [83.105, 25.505], [83.107, 25.495], [83.113, 25.496], [83.118, 25.503], [83.115, 25.507], [83.1, 25.511], [83.098, 25.518], [83.098, 25.523], [83.103, 25.527], [83.109, 25.526], [83.115, 25.522], [83.121, 25.515], [83.133, 25.507], [83.151, 25.506], [83.16, 25.508], [83.172, 25.508]], [[82.032, 26.385], [82.035, 26.381]], [[80.127, 28.621], [80.116, 28.612], [80.114, 28.606], [80.117, 28.598], [80.114, 28.592], [80.106, 28.584], [80.099, 28.583], [80.093, 28.574], [80.087, 28.572], [80.076, 28.563], [80.07, 28.554], [80.07, 28.544], [80.072, 28.537], [80.068, 28.53], [80.068, 28.526], [80.075, 28.523], [80.078, 28.511], [80.082, 28.505], [80.081, 28.498], [80.083, 28.495], [80.096, 28.492], [80.094, 28.486], [80.097, 28.484], [80.099, 28.475], [80.096, 28.471], [80.099, 28.458], [80.096, 28.453], [80.097, 28.448], [80.1, 28.445], [80.1, 28.438], [80.106, 28.433], [80.109, 28.428], [80.114, 28.426], [80.114, 28.419], [80.119, 28.411], [80.126, 28.408], [80.121, 28.399], [80.122, 28.393], [80.117, 28.391], [80.116, 28.385], [80.122, 28.377], [80.133, 28.376], [80.137, 28.366], [80.145, 28.367], [80.153, 28.359], [80.153, 28.353], [80.148, 28.352], [80.149, 28.346], [80.147, 28.344], [80.15, 28.34], [80.151, 28.332], [80.146, 28.324], [80.148, 28.318], [80.154, 28.316], [80.16, 28.311], [80.161, 28.303], [80.163, 28.296], [80.16, 28.292], [80.155, 28.291], [80.156, 28.286], [80.153, 28.281], [80.159, 28.267], [80.156, 28.263], [80.16, 28.258], [80.163, 28.251], [80.163, 28.244], [80.167, 28.242], [80.168, 28.232], [80.163, 28.226], [80.165, 28.221], [80.163, 28.216], [80.164, 28.208], [80.169, 28.204], [80.163, 28.192], [80.172, 28.175], [80.18, 28.168], [80.182, 28.163], [80.189, 28.162], [80.201, 28.153], [80.201, 28.146], [80.208, 28.134], [80.207, 28.131], [80.209, 28.126], [80.213, 28.122], [80.211, 28.112], [80.205, 28.101], [80.2, 28.093], [80.201, 28.086], [80.208, 28.08], [80.21, 28.076], [80.222, 28.071], [80.218, 28.068], [80.224, 28.062], [80.229, 28.061], [80.235, 28.056], [80.24, 28.042], [80.251, 28.026], [80.251, 28.02], [80.253, 28.015], [80.25, 28.009], [80.251, 28.001], [80.254, 27.995], [80.254, 27.99], [80.256, 27.985], [80.254, 27.977], [80.257, 27.975], [80.262, 27.964], [80.263, 27.958], [80.268, 27.948], [80.269, 27.944], [80.273, 27.938], [80.277, 27.939], [80.282, 27.932], [80.281, 27.924], [80.289, 27.92], [80.29, 27.916], [80.286, 27.908], [80.287, 27.893], [80.286, 27.889], [80.289, 27.883], [80.285, 27.882], [80.296, 27.872], [80.297, 27.868], [80.302, 27.863], [80.307, 27.864], [80.316, 27.861], [80.314, 27.857], [80.318, 27.851], [80.321, 27.849], [80.319, 27.841], [80.315, 27.836], [80.315, 27.831], [80.312, 27.829], [80.307, 27.818], [80.298, 27.814], [80.297, 27.81], [80.291, 27.803], [80.286, 27.802], [80.283, 27.798], [80.275, 27.792], [80.268, 27.784], [80.27, 27.78], [80.268, 27.774], [80.269, 27.761], [80.267, 27.76], [80.271, 27.746], [80.267, 27.743], [80.267, 27.739], [80.27, 27.73], [80.274, 27.728], [80.282, 27.732], [80.285, 27.729], [80.277, 27.714], [80.284, 27.708], [80.291, 27.707], [80.298, 27.695], [80.295, 27.688], [80.3, 27.682], [80.311, 27.681], [80.311, 27.677], [80.307, 27.673], [80.313, 27.667], [80.312, 27.66], [80.308, 27.652], [80.31, 27.642], [80.301, 27.632], [80.301, 27.629], [80.305, 27.624], [80.302, 27.622], [80.308, 27.61], [80.307, 27.605], [80.316, 27.606], [80.318, 27.602], [80.324, 27.601], [80.322, 27.595], [80.316, 27.59], [80.31, 27.59], [80.305, 27.586], [80.307, 27.575], [80.313, 27.572], [80.317, 27.566], [80.318, 27.558], [80.321, 27.555], [80.32, 27.547], [80.322, 27.541], [80.32, 27.535], [80.326, 27.529], [80.33, 27.52], [80.331, 27.517], [80.338, 27.516], [80.339, 27.513], [80.347, 27.508], [80.345, 27.5], [80.348, 27.499], [80.354, 27.487], [80.356, 27.48], [80.361, 27.481], [80.369, 27.478], [80.377, 27.48], [80.378, 27.476], [80.383, 27.478], [80.386, 27.474], [80.391, 27.475], [80.39, 27.467], [80.393, 27.465], [80.403, 27.463], [80.404, 27.46], [80.401, 27.456], [80.408, 27.45], [80.407, 27.44], [80.41, 27.435], [80.417, 27.435], [80.42, 27.429], [80.427, 27.423], [80.42, 27.419], [80.423, 27.413], [80.428, 27.411], [80.435, 27.402], [80.446, 27.404], [80.451, 27.401], [80.447, 27.397], [80.452, 27.395], [80.449, 27.391], [80.449, 27.383], [80.454, 27.37], [80.459, 27.367], [80.462, 27.37], [80.468, 27.367], [80.466, 27.358], [80.458, 27.362], [80.454, 27.359], [80.456, 27.353], [80.463, 27.347], [80.461, 27.343], [80.465, 27.341], [80.468, 27.346], [80.48, 27.346], [80.484, 27.341], [80.483, 27.337], [80.488, 27.329], [80.494, 27.327], [80.498, 27.327], [80.5, 27.323], [80.495, 27.319], [80.494, 27.312], [80.502, 27.302], [80.507, 27.302], [80.506, 27.296], [80.512, 27.289], [80.512, 27.275], [80.518, 27.27], [80.516, 27.263], [80.52, 27.26], [80.535, 27.263], [80.544, 27.272], [80.55, 27.273], [80.556, 27.269], [80.56, 27.278], [80.562, 27.286], [80.566, 27.293], [80.569, 27.294], [80.577, 27.29], [80.577, 27.286], [80.573, 27.282], [80.576, 27.277], [80.587, 27.277], [80.588, 27.27], [80.598, 27.273], [80.599, 27.269], [80.598, 27.262], [80.606, 27.266], [80.613, 27.267], [80.615, 27.27], [80.62, 27.268], [80.625, 27.261], [80.625, 27.254], [80.631, 27.251], [80.631, 27.26], [80.65, 27.261], [80.653, 27.255], [80.647, 27.253], [80.642, 27.249], [80.643, 27.244], [80.649, 27.242], [80.651, 27.234], [80.656, 27.226], [80.664, 27.226], [80.67, 27.225], [80.677, 27.219], [80.686, 27.221], [80.69, 27.216], [80.694, 27.215], [80.699, 27.22], [80.701, 27.225], [80.707, 27.231], [80.717, 27.235], [80.728, 27.235], [80.732, 27.228], [80.738, 27.226], [80.741, 27.222], [80.746, 27.22], [80.751, 27.224], [80.75, 27.216], [80.753, 27.212], [80.76, 27.21], [80.761, 27.206], [80.768, 27.199], [80.78, 27.204], [80.787, 27.2], [80.798, 27.199], [80.808, 27.169], [80.814, 27.171], [80.817, 27.163], [80.81, 27.16], [80.814, 27.157], [80.821, 27.158], [80.824, 27.154], [80.823, 27.149], [80.818, 27.146], [80.818, 27.14], [80.817, 27.134], [80.803, 27.131], [80.801, 27.128], [80.81, 27.118], [80.811, 27.115], [80.806, 27.111], [80.812, 27.108], [80.817, 27.116], [80.822, 27.115], [80.825, 27.109], [80.825, 27.1], [80.83, 27.099], [80.833, 27.102], [80.839, 27.104], [80.841, 27.101], [80.839, 27.094], [80.831, 27.09], [80.834, 27.086], [80.832, 27.081], [80.839, 27.079], [80.839, 27.076], [80.833, 27.072], [80.833, 27.069], [80.839, 27.065], [80.838, 27.061], [80.844, 27.052], [80.84, 27.048], [80.841, 27.045], [80.848, 27.039], [80.849, 27.031], [80.842, 27.03], [80.837, 27.026], [80.828, 27.023], [80.82, 27.018], [80.826, 27.015], [80.837, 27.019], [80.842, 27.018], [80.84, 27.008], [80.828, 27], [80.824, 26.995], [80.83, 26.99], [80.844, 26.984], [80.845, 26.978], [80.838, 26.977], [80.836, 26.98], [80.832, 26.981], [80.829, 26.977], [80.829, 26.965], [80.823, 26.957], [80.826, 26.948], [80.831, 26.945], [80.845, 26.944], [80.854, 26.94], [80.858, 26.934], [80.87, 26.933], [80.871, 26.928], [80.863, 26.919], [80.864, 26.915], [80.87, 26.917], [80.875, 26.914], [80.874, 26.909], [80.869, 26.905], [80.88, 26.901], [80.886, 26.904], [80.884, 26.892], [80.888, 26.889], [80.898, 26.888], [80.904, 26.886], [80.91, 26.889], [80.914, 26.886], [80.91, 26.879], [80.913, 26.874], [80.923, 26.869], [80.931, 26.862], [80.936, 26.858], [80.942, 26.86], [80.957, 26.863], [80.965, 26.861], [80.97, 26.855], [80.97, 26.848], [80.966, 26.842], [80.966, 26.837], [80.97, 26.832], [80.98, 26.83], [80.986, 26.83], [80.993, 26.834], [80.996, 26.826], [81.004, 26.825], [81.011, 26.816], [81.024, 26.821], [81.033, 26.821], [81.046, 26.815], [81.049, 26.817], [81.051, 26.823], [81.056, 26.819], [81.06, 26.822], [81.059, 26.829], [81.075, 26.828], [81.08, 26.832], [81.099, 26.84], [81.106, 26.84], [81.12, 26.835], [81.133, 26.832], [81.137, 26.828], [81.138, 26.823], [81.138, 26.815], [81.143, 26.811], [81.152, 26.814], [81.16, 26.812], [81.166, 26.808], [81.163, 26.801], [81.157, 26.8], [81.16, 26.791], [81.158, 26.776], [81.165, 26.776], [81.172, 26.788], [81.175, 26.789], [81.184, 26.781], [81.184, 26.777], [81.189, 26.769], [81.19, 26.759], [81.199, 26.752], [81.203, 26.745], [81.205, 26.735], [81.203, 26.73], [81.211, 26.722], [81.215, 26.724], [81.216, 26.734], [81.213, 26.739], [81.215, 26.743], [81.229, 26.737], [81.241, 26.737], [81.245, 26.739], [81.248, 26.745], [81.254, 26.752], [81.266, 26.762], [81.269, 26.766], [81.276, 26.769], [81.279, 26.767], [81.278, 26.757], [81.269, 26.747], [81.267, 26.743], [81.266, 26.732], [81.27, 26.724], [81.269, 26.721], [81.263, 26.721], [81.256, 26.726], [81.253, 26.717], [81.256, 26.712], [81.269, 26.71], [81.277, 26.714], [81.28, 26.705], [81.285, 26.699], [81.291, 26.696], [81.311, 26.695], [81.313, 26.698], [81.311, 26.703], [81.315, 26.705], [81.321, 26.701], [81.325, 26.695], [81.321, 26.688], [81.321, 26.684], [81.326, 26.679], [81.327, 26.67], [81.333, 26.663], [81.345, 26.656], [81.355, 26.658], [81.363, 26.665], [81.369, 26.675], [81.383, 26.69], [81.39, 26.689], [81.397, 26.678], [81.399, 26.67], [81.407, 26.659], [81.418, 26.646], [81.426, 26.639], [81.435, 26.642], [81.442, 26.657], [81.445, 26.659], [81.455, 26.653], [81.457, 26.655], [81.457, 26.662], [81.442, 26.674], [81.442, 26.677], [81.447, 26.679], [81.46, 26.672], [81.468, 26.664], [81.479, 26.656], [81.488, 26.643], [81.496, 26.642], [81.503, 26.647], [81.505, 26.655], [81.508, 26.655], [81.51, 26.648], [81.517, 26.649], [81.522, 26.655], [81.519, 26.668], [81.529, 26.688], [81.535, 26.696], [81.54, 26.693], [81.541, 26.687], [81.545, 26.684], [81.555, 26.689], [81.568, 26.699], [81.573, 26.699], [81.575, 26.693], [81.581, 26.693], [81.588, 26.698], [81.594, 26.693], [81.6, 26.692], [81.603, 26.686], [81.601, 26.678], [81.59, 26.679], [81.58, 26.687], [81.571, 26.684], [81.565, 26.677], [81.55, 26.67], [81.545, 26.665], [81.543, 26.656], [81.544, 26.646], [81.549, 26.643], [81.558, 26.645], [81.566, 26.649], [81.568, 26.654], [81.56, 26.662], [81.562, 26.665], [81.568, 26.666], [81.576, 26.661], [81.581, 26.655], [81.585, 26.653], [81.597, 26.652], [81.604, 26.648], [81.614, 26.631], [81.62, 26.623], [81.631, 26.627], [81.638, 26.639], [81.642, 26.64], [81.647, 26.636], [81.65, 26.63], [81.654, 26.628], [81.661, 26.627], [81.665, 26.623], [81.668, 26.614], [81.677, 26.606], [81.673, 26.6], [81.666, 26.602], [81.656, 26.61], [81.648, 26.608], [81.65, 26.597], [81.648, 26.585], [81.653, 26.583], [81.662, 26.59], [81.667, 26.586], [81.672, 26.584], [81.68, 26.59], [81.699, 26.591], [81.702, 26.59], [81.704, 26.583], [81.7, 26.576], [81.701, 26.562], [81.698, 26.55], [81.697, 26.542], [81.69, 26.54], [81.682, 26.544], [81.677, 26.539], [81.675, 26.529], [81.685, 26.525], [81.695, 26.522], [81.714, 26.521], [81.721, 26.518], [81.724, 26.518], [81.732, 26.523], [81.738, 26.522], [81.74, 26.518], [81.738, 26.515], [81.732, 26.514], [81.733, 26.51], [81.749, 26.503], [81.743, 26.5], [81.742, 26.494], [81.754, 26.489], [81.767, 26.487], [81.768, 26.482], [81.762, 26.476], [81.762, 26.469], [81.77, 26.461], [81.776, 26.46], [81.777, 26.454], [81.772, 26.449], [81.775, 26.443], [81.782, 26.446], [81.777, 26.437], [81.78, 26.433], [81.787, 26.428], [81.797, 26.433], [81.806, 26.438], [81.819, 26.433], [81.823, 26.426], [81.83, 26.423], [81.844, 26.425], [81.847, 26.424], [81.847, 26.417], [81.844, 26.408], [81.849, 26.397], [81.851, 26.397], [81.853, 26.409], [81.87, 26.411], [81.87, 26.405], [81.878, 26.4], [81.879, 26.392], [81.884, 26.385], [81.89, 26.382], [81.903, 26.379], [81.907, 26.381], [81.911, 26.386], [81.917, 26.385], [81.924, 26.38], [81.937, 26.38], [81.942, 26.374], [81.943, 26.369], [81.943, 26.362], [81.945, 26.357], [81.949, 26.353], [81.956, 26.354], [81.975, 26.361], [81.982, 26.365], [81.987, 26.372], [81.989, 26.376], [81.996, 26.378], [82.004, 26.382], [82.01, 26.381], [82.016, 26.376], [82.023, 26.377], [82.031, 26.382], [82.035, 26.381]]]}, "properties": {"rivname": "Gomati", "ba_name": "Ganga"}}, {"type": "Feature", "geometry": {"type": "LineString", "coordinates": [[73.536, 19.074], [73.542, 19.066], [73.542, 19.062], [73.547, 19.054], [73.551, 19.05], [73.551, 19.045], [73.554, 19.043], [73.561, 19.045], [73.572, 19.039], [73.584, 19.041], [73.585, 19.038], [73.591, 19.039], [73.597, 19.036], [73.606, 19.036], [73.61, 19.03], [73.621, 19.027], [73.629, 19.029], [73.632, 19.025], [73.639, 19.025], [73.643, 19.026], [73.646, 19.022], [73.652, 19.021], [73.657, 19.017], [73.664, 19.017], [73.67, 19.019], [73.671, 19.022], [73.677, 19.021], [73.681, 19.015], [73.687, 19.015], [73.694, 19.018], [73.697, 19.012], [73.702, 19.014], [73.711, 19.015], [73.712, 19.011], [73.719, 19.011], [73.719, 19.005], [73.726, 19], [73.731, 19.001], [73.737, 18.991], [73.735, 18.988], [73.745, 18.984], [73.753, 18.976], [73.763, 18.973], [73.772, 18.971], [73.776, 18.969], [73.782, 18.96], [73.787, 18.956], [73.795, 18.958], [73.798, 18.952], [73.807, 18.94], [73.808, 18.936], [73.814, 18.933], [73.817, 18.929], [73.825, 18.922], [73.832, 18.92], [73.832, 18.916], [73.837, 18.912], [73.843, 18.91], [73.847, 18.903], [73.852, 18.899], [73.848, 18.892], [73.851, 18.887], [73.856, 18.883], [73.854, 18.879], [73.858, 18.87], [73.862, 18.869], [73.862, 18.865], [73.871, 18.862], [73.87, 18.859], [73.873, 18.854], [73.883, 18.85], [73.888, 18.846], [73.888, 18.838], [73.884, 18.834], [73.888, 18.832], [73.888, 18.828], [73.894, 18.823], [73.898, 18.815], [73.902, 18.818], [73.908, 18.813], [73.912, 18.806], [73.912, 18.802], [73.926, 18.794], [73.933, 18.787], [73.934, 18.781], [73.937, 18.773], [73.945, 18.77], [73.944, 18.765], [73.949, 18.76], [73.943, 18.757], [73.947, 18.746], [73.945, 18.738], [73.948, 18.735], [73.951, 18.728], [73.955, 18.723], [73.968, 18.723], [73.972, 18.719], [73.984, 18.718], [73.991, 18.713], [74, 18.718], [74.004, 18.716], [74.002, 18.711], [73.998, 18.705], [74.002, 18.697], [73.997, 18.689], [74.001, 18.682], [74.002, 18.677], [73.997, 18.671], [74.007, 18.664], [74.016, 18.662], [74.031, 18.662], [74.046, 18.659], [74.051, 18.651], [74.055, 18.646], [74.071, 18.633], [74.077, 18.624], [74.082, 18.626], [74.088, 18.632], [74.093, 18.633], [74.101, 18.631], [74.109, 18.626], [74.116, 18.621], [74.123, 18.618], [74.132, 18.611], [74.138, 18.608], [74.147, 18.602], [74.15, 18.602], [74.16, 18.614], [74.173, 18.621], [74.177, 18.618], [74.186, 18.617], [74.202, 18.615], [74.209, 18.618], [74.213, 18.622], [74.215, 18.629], [74.223, 18.631], [74.226, 18.633], [74.222, 18.643], [74.222, 18.647], [74.226, 18.65], [74.235, 18.65], [74.238, 18.651], [74.244, 18.661], [74.248, 18.664], [74.252, 18.662], [74.254, 18.665], [74.259, 18.668], [74.267, 18.666], [74.275, 18.672], [74.279, 18.67], [74.281, 18.66], [74.279, 18.649], [74.265, 18.635], [74.265, 18.63], [74.271, 18.624], [74.279, 18.624], [74.289, 18.634], [74.293, 18.637], [74.305, 18.63], [74.31, 18.624], [74.309, 18.613], [74.314, 18.595], [74.318, 18.592], [74.322, 18.578], [74.329, 18.573], [74.336, 18.572], [74.342, 18.569], [74.345, 18.56], [74.352, 18.559], [74.369, 18.568], [74.385, 18.57], [74.395, 18.575], [74.4, 18.575], [74.413, 18.567], [74.421, 18.564], [74.431, 18.558], [74.433, 18.555], [74.435, 18.541], [74.438, 18.536], [74.442, 18.533], [74.447, 18.533], [74.454, 18.528], [74.468, 18.523], [74.474, 18.527], [74.477, 18.54], [74.483, 18.542], [74.494, 18.535], [74.498, 18.53], [74.501, 18.519], [74.501, 18.505], [74.501, 18.501], [74.506, 18.494], [74.514, 18.492], [74.523, 18.498], [74.532, 18.508], [74.542, 18.51], [74.55, 18.504], [74.557, 18.492], [74.571, 18.484], [74.581, 18.473], [74.584, 18.471], [74.601, 18.469], [74.613, 18.469], [74.618, 18.467], [74.628, 18.456], [74.636, 18.451], [74.644, 18.449], [74.649, 18.45], [74.655, 18.456], [74.662, 18.458], [74.673, 18.46], [74.675, 18.463], [74.673, 18.469], [74.665, 18.468], [74.66, 18.471], [74.656, 18.476], [74.658, 18.487], [74.663, 18.491], [74.677, 18.494], [74.685, 18.498], [74.693, 18.504], [74.704, 18.507], [74.709, 18.503], [74.711, 18.499], [74.718, 18.493], [74.726, 18.485], [74.728, 18.481], [74.724, 18.462], [74.723, 18.446], [74.717, 18.434], [74.717, 18.423], [74.727, 18.414], [74.729, 18.403], [74.737, 18.398], [74.752, 18.397], [74.757, 18.398], [74.769, 18.407], [74.779, 18.409], [74.795, 18.401], [74.8, 18.39], [74.807, 18.385], [74.809, 18.381], [74.801, 18.365], [74.794, 18.358], [74.794, 18.354], [74.8, 18.347], [74.817, 18.34], [74.825, 18.332], [74.843, 18.311], [74.844, 18.3], [74.835, 18.294], [74.826, 18.295], [74.81, 18.302], [74.803, 18.303], [74.798, 18.299], [74.796, 18.293], [74.796, 18.287], [74.8, 18.274], [74.82, 18.263], [74.823, 18.257], [74.83, 18.253], [74.844, 18.252], [74.864, 18.249], [74.879, 18.252], [74.906, 18.259], [74.934, 18.263], [74.942, 18.264], [74.952, 18.262], [74.978, 18.243], [74.992, 18.243], [75, 18.245], [75.023, 18.258], [75.031, 18.261], [75.043, 18.264], [75.044, 18.258], [75.04, 18.256], [75.025, 18.239], [75.02, 18.231], [75.015, 18.215], [75.015, 18.207], [75.017, 18.2], [75.02, 18.198], [75.031, 18.198], [75.042, 18.201], [75.057, 18.21], [75.069, 18.216], [75.077, 18.217], [75.087, 18.216], [75.098, 18.211], [75.101, 18.2], [75.103, 18.182], [75.095, 18.16], [75.094, 18.148], [75.096, 18.139], [75.104, 18.13], [75.112, 18.124], [75.132, 18.122], [75.144, 18.12], [75.148, 18.118], [75.15, 18.114], [75.149, 18.107], [75.138, 18.087], [75.131, 18.08], [75.123, 18.075], [75.097, 18.071], [75.094, 18.069], [75.085, 18.058], [75.083, 18.041], [75.08, 18.038], [75.073, 18.034], [75.057, 18.028], [75.049, 18.02], [75.049, 18.016], [75.037, 18], [75.03, 17.992], [75.024, 17.983], [75.021, 17.969], [75.021, 17.964], [75.029, 17.959], [75.038, 17.951], [75.042, 17.95], [75.053, 17.952], [75.057, 17.954], [75.064, 17.964], [75.068, 17.977], [75.073, 17.981], [75.082, 17.982], [75.095, 17.976], [75.104, 17.978], [75.105, 17.983], [75.107, 17.997], [75.11, 18], [75.116, 18.002], [75.123, 17.998], [75.128, 17.989], [75.13, 17.979], [75.132, 17.974], [75.137, 17.972], [75.151, 17.977], [75.157, 17.977], [75.162, 17.97], [75.163, 17.956], [75.168, 17.949], [75.174, 17.946], [75.181, 17.947], [75.194, 17.949], [75.198, 17.948], [75.199, 17.944], [75.196, 17.937], [75.191, 17.932], [75.179, 17.926], [75.168, 17.913], [75.161, 17.907], [75.142, 17.899], [75.134, 17.891], [75.129, 17.883], [75.13, 17.872], [75.133, 17.868], [75.144, 17.866], [75.154, 17.868], [75.161, 17.87], [75.166, 17.873], [75.176, 17.878], [75.189, 17.881], [75.197, 17.88], [75.203, 17.875], [75.207, 17.866], [75.213, 17.851], [75.211, 17.844], [75.205, 17.84], [75.193, 17.838], [75.183, 17.833], [75.173, 17.821], [75.167, 17.809], [75.163, 17.798], [75.161, 17.788], [75.163, 17.783], [75.17, 17.782], [75.178, 17.774], [75.182, 17.771], [75.208, 17.757], [75.218, 17.756], [75.236, 17.759], [75.256, 17.76], [75.267, 17.763], [75.274, 17.762], [75.281, 17.753], [75.293, 17.743], [75.305, 17.735], [75.312, 17.728], [75.311, 17.718], [75.314, 17.71], [75.309, 17.702], [75.308, 17.697], [75.311, 17.693], [75.317, 17.691], [75.327, 17.692], [75.336, 17.689], [75.34, 17.683], [75.34, 17.676], [75.343, 17.671], [75.348, 17.669], [75.36, 17.668], [75.365, 17.669], [75.371, 17.676], [75.376, 17.683], [75.389, 17.695], [75.393, 17.696], [75.399, 17.689], [75.412, 17.683], [75.42, 17.681], [75.428, 17.683], [75.433, 17.692], [75.437, 17.699], [75.444, 17.706], [75.448, 17.708], [75.455, 17.709], [75.459, 17.704], [75.462, 17.699], [75.462, 17.692], [75.459, 17.678], [75.453, 17.662], [75.45, 17.651], [75.454, 17.645], [75.462, 17.643], [75.473, 17.642], [75.485, 17.644], [75.519, 17.648], [75.522, 17.646], [75.523, 17.639], [75.52, 17.629], [75.507, 17.622], [75.501, 17.617], [75.501, 17.611], [75.507, 17.604], [75.513, 17.601], [75.528, 17.599], [75.535, 17.601], [75.545, 17.601], [75.549, 17.599], [75.55, 17.593], [75.546, 17.579], [75.546, 17.573], [75.549, 17.567], [75.556, 17.564], [75.563, 17.571], [75.567, 17.569], [75.573, 17.553], [75.576, 17.549], [75.583, 17.548], [75.588, 17.551], [75.59, 17.558], [75.595, 17.561], [75.601, 17.557], [75.606, 17.552], [75.619, 17.547], [75.621, 17.543], [75.619, 17.537], [75.621, 17.53], [75.629, 17.531], [75.643, 17.541], [75.65, 17.543], [75.654, 17.541], [75.657, 17.532], [75.655, 17.526], [75.65, 17.519], [75.643, 17.515], [75.638, 17.509], [75.636, 17.5], [75.626, 17.492], [75.626, 17.487], [75.633, 17.477], [75.637, 17.474], [75.646, 17.472], [75.651, 17.469], [75.656, 17.461], [75.661, 17.457], [75.671, 17.458], [75.677, 17.456], [75.679, 17.452], [75.677, 17.434], [75.681, 17.425], [75.684, 17.416], [75.692, 17.408], [75.714, 17.408], [75.719, 17.41], [75.727, 17.419], [75.733, 17.421], [75.752, 17.408], [75.76, 17.407], [75.767, 17.406], [75.768, 17.403], [75.769, 17.393], [75.771, 17.388], [75.779, 17.378], [75.79, 17.371], [75.802, 17.368], [75.807, 17.368], [75.813, 17.372], [75.815, 17.376], [75.814, 17.392], [75.814, 17.396], [75.818, 17.406], [75.819, 17.417], [75.82, 17.42], [75.827, 17.423], [75.838, 17.419], [75.851, 17.411], [75.854, 17.405], [75.856, 17.39], [75.859, 17.386], [75.864, 17.386], [75.874, 17.397], [75.876, 17.401], [75.875, 17.414], [75.878, 17.419], [75.885, 17.418], [75.892, 17.407], [75.894, 17.403], [75.895, 17.393], [75.895, 17.377], [75.89, 17.36], [75.894, 17.352], [75.899, 17.349], [75.909, 17.346], [75.925, 17.325], [75.933, 17.322], [75.944, 17.328], [75.965, 17.336], [75.973, 17.337], [75.979, 17.336], [75.992, 17.336], [75.998, 17.338], [76.011, 17.353], [76.019, 17.353], [76.024, 17.352], [76.036, 17.351], [76.054, 17.356], [76.059, 17.356], [76.063, 17.353], [76.072, 17.335], [76.073, 17.33], [76.066, 17.317], [76.066, 17.31], [76.071, 17.305], [76.083, 17.3], [76.095, 17.296], [76.099, 17.289], [76.099, 17.284], [76.089, 17.273], [76.086, 17.263], [76.09, 17.256], [76.112, 17.253], [76.124, 17.248], [76.135, 17.239], [76.154, 17.221], [76.169, 17.208], [76.176, 17.195], [76.179, 17.192], [76.184, 17.191], [76.191, 17.185], [76.202, 17.183], [76.208, 17.184], [76.215, 17.186], [76.222, 17.185], [76.222, 17.174], [76.231, 17.169], [76.237, 17.162], [76.24, 17.154], [76.243, 17.15], [76.262, 17.151], [76.265, 17.152], [76.273, 17.166], [76.28, 17.168], [76.288, 17.168], [76.304, 17.171], [76.312, 17.172], [76.329, 17.17], [76.333, 17.171], [76.343, 17.177], [76.352, 17.186], [76.357, 17.187], [76.362, 17.184], [76.365, 17.179], [76.368, 17.169], [76.368, 17.162], [76.364, 17.153], [76.362, 17.151], [76.358, 17.144], [76.363, 17.138], [76.369, 17.138], [76.379, 17.146], [76.385, 17.147], [76.391, 17.146], [76.395, 17.142], [76.394, 17.136], [76.391, 17.13], [76.386, 17.128], [76.37, 17.124], [76.364, 17.119], [76.362, 17.112], [76.365, 17.107], [76.371, 17.105], [76.38, 17.105], [76.387, 17.1], [76.39, 17.095], [76.391, 17.089], [76.388, 17.077], [76.39, 17.071], [76.397, 17.07], [76.402, 17.075], [76.406, 17.084], [76.411, 17.09], [76.419, 17.093], [76.428, 17.1], [76.429, 17.105], [76.419, 17.116], [76.419, 17.119], [76.424, 17.123], [76.436, 17.124], [76.45, 17.125], [76.454, 17.13], [76.453, 17.134], [76.446, 17.144], [76.448, 17.147], [76.454, 17.149], [76.47, 17.147], [76.481, 17.141], [76.491, 17.138], [76.497, 17.141], [76.504, 17.148], [76.514, 17.16], [76.516, 17.172], [76.519, 17.176], [76.527, 17.178], [76.536, 17.175], [76.543, 17.176], [76.55, 17.185], [76.554, 17.186], [76.567, 17.181], [76.575, 17.178], [76.578, 17.176], [76.577, 17.171], [76.57, 17.165], [76.568, 17.161], [76.565, 17.146], [76.555, 17.131], [76.548, 17.127], [76.542, 17.126], [76.528, 17.127], [76.523, 17.124], [76.515, 17.113], [76.511, 17.106], [76.509, 17.099], [76.512, 17.091], [76.519, 17.089], [76.532, 17.096], [76.537, 17.098], [76.559, 17.1], [76.57, 17.108], [76.574, 17.108], [76.584, 17.102], [76.586, 17.098], [76.586, 17.087], [76.581, 17.082], [76.564, 17.074], [76.559, 17.066], [76.562, 17.061], [76.575, 17.066], [76.583, 17.066], [76.591, 17.065], [76.601, 17.058], [76.604, 17.059], [76.606, 17.067], [76.605, 17.081], [76.629, 17.086], [76.636, 17.086], [76.66, 17.091], [76.676, 17.072], [76.689, 17.062], [76.697, 17.06], [76.699, 17.063], [76.703, 17.079], [76.7, 17.097], [76.701, 17.1], [76.707, 17.11], [76.72, 17.127], [76.734, 17.148], [76.741, 17.158], [76.747, 17.164], [76.752, 17.166], [76.764, 17.165], [76.774, 17.159], [76.776, 17.154], [76.779, 17.143], [76.778, 17.134], [76.776, 17.115], [76.776, 17.104], [76.775, 17.101], [76.764, 17.095], [76.761, 17.092], [76.766, 17.084], [76.786, 17.077], [76.792, 17.072], [76.801, 17.057], [76.808, 17.053], [76.811, 17.046], [76.817, 17.044], [76.834, 17.045], [76.841, 17.047], [76.846, 17.053], [76.848, 17.061], [76.852, 17.065], [76.857, 17.065], [76.863, 17.057], [76.869, 17.05], [76.884, 17.043], [76.895, 17.042], [76.912, 17.046], [76.923, 17.043], [76.927, 17.04], [76.924, 17.03], [76.916, 17.023], [76.913, 17.02], [76.913, 17.014], [76.917, 17.008], [76.928, 17.002], [76.935, 16.996], [76.938, 16.991], [76.94, 16.984], [76.938, 16.978], [76.935, 16.973], [76.931, 16.965], [76.931, 16.955], [76.933, 16.944], [76.94, 16.923], [76.943, 16.917], [76.948, 16.904], [76.951, 16.896], [76.953, 16.889], [76.949, 16.884], [76.934, 16.883], [76.924, 16.876], [76.92, 16.868], [76.914, 16.86], [76.904, 16.858], [76.902, 16.854], [76.903, 16.84], [76.905, 16.826], [76.909, 16.819], [76.913, 16.816], [76.919, 16.816], [76.92, 16.82], [76.921, 16.83], [76.93, 16.833], [76.94, 16.833], [76.951, 16.829], [76.956, 16.824], [76.974, 16.816], [76.977, 16.812], [76.981, 16.81], [77, 16.814], [77.003, 16.811], [77.006, 16.802], [77.016, 16.797], [77.022, 16.795], [77.028, 16.791], [77.034, 16.782], [77.043, 16.781], [77.051, 16.775], [77.058, 16.763], [77.061, 16.754], [77.073, 16.746], [77.079, 16.744], [77.101, 16.744], [77.122, 16.737], [77.13, 16.733], [77.147, 16.709], [77.153, 16.687], [77.153, 16.684], [77.149, 16.679], [77.143, 16.676], [77.133, 16.667], [77.132, 16.659], [77.13, 16.653], [77.133, 16.646], [77.141, 16.641], [77.146, 16.641], [77.149, 16.644], [77.158, 16.646], [77.162, 16.645], [77.171, 16.632], [77.178, 16.628], [77.181, 16.623], [77.18, 16.618], [77.173, 16.611], [77.166, 16.601], [77.165, 16.592], [77.168, 16.579], [77.169, 16.567], [77.173, 16.556], [77.175, 16.552], [77.18, 16.548], [77.195, 16.548], [77.2, 16.542], [77.2, 16.534], [77.198, 16.522], [77.199, 16.514], [77.204, 16.503], [77.208, 16.499], [77.213, 16.497], [77.224, 16.497], [77.231, 16.495], [77.234, 16.491], [77.233, 16.481], [77.235, 16.473], [77.247, 16.463], [77.25, 16.459], [77.256, 16.457], [77.262, 16.451], [77.268, 16.433], [77.272, 16.429], [77.278, 16.425], [77.282, 16.419], [77.283, 16.408]]}, "properties": {"rivname": "Bhima", "ba_name": "Krishna"}}, {"type": "Feature", "geometry": {"type": "MultiLineString", "coordinates": [[[77.351, 23.04], [77.354, 23.038], [77.363, 23.04], [77.368, 23.043], [77.384, 23.046], [77.389, 23.051], [77.401, 23.061], [77.407, 23.062], [77.411, 23.06], [77.413, 23.064], [77.419, 23.067], [77.421, 23.071], [77.426, 23.075], [77.425, 23.079], [77.432, 23.082], [77.448, 23.077], [77.452, 23.079], [77.456, 23.077], [77.457, 23.071], [77.469, 23.071], [77.47, 23.067], [77.476, 23.067], [77.488, 23.062], [77.501, 23.066], [77.504, 23.072], [77.518, 23.074], [77.519, 23.069], [77.534, 23.072], [77.544, 23.07], [77.552, 23.066], [77.559, 23.067], [77.561, 23.07], [77.567, 23.073], [77.57, 23.07], [77.576, 23.078], [77.58, 23.077], [77.586, 23.08], [77.584, 23.093], [77.58, 23.092], [77.575, 23.101], [77.584, 23.111], [77.591, 23.114], [77.591, 23.12], [77.6, 23.121], [77.606, 23.126], [77.612, 23.133], [77.616, 23.142], [77.615, 23.145], [77.618, 23.152], [77.625, 23.162], [77.629, 23.162], [77.632, 23.168], [77.64, 23.166], [77.643, 23.168], [77.644, 23.173], [77.648, 23.174], [77.649, 23.178], [77.648, 23.185], [77.645, 23.188], [77.645, 23.194], [77.65, 23.194], [77.653, 23.206], [77.652, 23.212], [77.655, 23.218], [77.658, 23.22], [77.671, 23.221], [77.674, 23.228], [77.681, 23.234], [77.679, 23.239], [77.679, 23.252], [77.678, 23.254], [77.681, 23.259], [77.676, 23.261], [77.676, 23.269], [77.68, 23.269], [77.679, 23.277], [77.688, 23.287], [77.693, 23.286], [77.695, 23.29], [77.699, 23.292], [77.697, 23.301], [77.704, 23.306], [77.704, 23.311], [77.708, 23.313], [77.706, 23.321], [77.713, 23.321], [77.713, 23.324], [77.709, 23.328], [77.712, 23.334], [77.707, 23.337], [77.709, 23.345], [77.708, 23.35], [77.71, 23.355], [77.71, 23.359], [77.713, 23.363], [77.711, 23.367], [77.714, 23.373], [77.716, 23.383], [77.724, 23.387], [77.719, 23.392], [77.723, 23.398], [77.72, 23.405], [77.722, 23.411], [77.725, 23.415], [77.724, 23.424], [77.722, 23.429], [77.726, 23.435], [77.731, 23.439], [77.731, 23.449], [77.743, 23.459], [77.748, 23.461], [77.753, 23.467], [77.754, 23.474], [77.763, 23.484], [77.774, 23.485], [77.792, 23.499], [77.784, 23.506], [77.789, 23.513], [77.781, 23.521], [77.775, 23.524], [77.774, 23.527], [77.786, 23.538], [77.794, 23.537], [77.801, 23.539], [77.803, 23.547], [77.807, 23.556], [77.821, 23.558], [77.825, 23.564], [77.835, 23.575], [77.837, 23.584], [77.843, 23.593], [77.843, 23.603], [77.848, 23.604], [77.853, 23.612], [77.86, 23.616], [77.864, 23.621], [77.863, 23.628], [77.867, 23.637], [77.864, 23.651], [77.853, 23.658], [77.843, 23.662], [77.84, 23.667], [77.844, 23.675], [77.84, 23.683], [77.838, 23.689], [77.839, 23.695], [77.847, 23.706], [77.846, 23.713], [77.841, 23.716], [77.837, 23.723], [77.832, 23.727], [77.829, 23.732], [77.833, 23.743], [77.83, 23.751], [77.831, 23.756], [77.837, 23.765], [77.84, 23.773], [77.844, 23.78], [77.842, 23.787], [77.842, 23.792], [77.85, 23.795], [77.857, 23.804], [77.862, 23.816], [77.864, 23.818], [77.866, 23.827], [77.87, 23.834], [77.884, 23.846], [77.889, 23.855], [77.891, 23.862], [77.891, 23.867], [77.896, 23.876], [77.901, 23.88], [77.913, 23.876], [77.919, 23.881], [77.921, 23.89], [77.924, 23.896], [77.925, 23.903], [77.939, 23.899], [77.947, 23.901], [77.949, 23.912], [77.963, 23.92], [77.973, 23.924], [77.981, 23.928], [77.984, 23.946], [77.992, 23.959], [77.994, 23.965], [78.002, 23.977], [78.005, 23.984], [78.006, 24.002], [78.008, 24.01], [78.014, 24.016], [78.02, 24.017], [78.026, 24.022], [78.03, 24.029], [78.03, 24.039], [78.034, 24.041], [78.039, 24.053], [78.026, 24.053], [78.021, 24.061], [78.023, 24.069], [78.032, 24.078], [78.041, 24.096], [78.04, 24.1], [78.042, 24.107], [78.037, 24.113], [78.032, 24.114], [78.028, 24.12], [78.03, 24.133], [78.032, 24.139], [78.036, 24.144], [78.035, 24.157], [78.032, 24.165], [78.033, 24.17], [78.038, 24.172], [78.041, 24.181], [78.04, 24.185], [78.035, 24.189], [78.034, 24.195], [78.045, 24.208], [78.047, 24.217], [78.057, 24.22], [78.062, 24.224], [78.059, 24.231], [78.07, 24.249], [78.081, 24.252], [78.087, 24.251], [78.091, 24.256], [78.098, 24.259], [78.099, 24.262], [78.095, 24.273], [78.091, 24.28], [78.086, 24.289], [78.085, 24.3], [78.089, 24.316], [78.093, 24.323], [78.102, 24.326], [78.108, 24.331], [78.116, 24.335], [78.122, 24.337], [78.134, 24.348], [78.145, 24.355], [78.153, 24.365], [78.162, 24.375], [78.159, 24.382], [78.162, 24.386], [78.163, 24.396], [78.166, 24.398], [78.179, 24.398], [78.202, 24.406], [78.212, 24.408], [78.218, 24.419], [78.223, 24.422], [78.235, 24.426], [78.247, 24.429], [78.249, 24.431], [78.264, 24.442], [78.265, 24.448], [78.263, 24.455], [78.275, 24.47], [78.275, 24.474], [78.27, 24.48], [78.251, 24.484], [78.245, 24.487], [78.244, 24.492], [78.248, 24.501], [78.245, 24.51], [78.236, 24.513], [78.231, 24.516], [78.226, 24.522], [78.226, 24.527]], [[78.226, 24.527], [78.226, 24.534], [78.229, 24.538], [78.239, 24.542]], [[78.226, 24.527], [78.235, 24.534], [78.239, 24.542]], [[78.239, 24.542], [78.256, 24.547], [78.264, 24.553], [78.268, 24.567], [78.271, 24.573], [78.275, 24.591], [78.276, 24.605], [78.278, 24.612], [78.278, 24.619], [78.273, 24.622], [78.265, 24.637], [78.265, 24.646], [78.274, 24.658], [78.275, 24.665], [78.265, 24.682], [78.258, 24.703], [78.247, 24.72], [78.241, 24.726], [78.234, 24.741], [78.233, 24.751], [78.236, 24.769], [78.234, 24.775], [78.228, 24.785], [78.222, 24.799], [78.214, 24.812], [78.207, 24.819], [78.201, 24.834], [78.198, 24.837], [78.192, 24.842], [78.177, 24.843], [78.173, 24.846], [78.17, 24.855], [78.167, 24.872], [78.168, 24.878], [78.202, 24.891], [78.211, 24.896], [78.214, 24.903], [78.223, 24.914], [78.242, 24.924], [78.254, 24.934], [78.264, 24.94], [78.269, 24.947], [78.278, 24.955], [78.284, 24.957], [78.293, 24.962], [78.31, 24.982], [78.316, 24.99], [78.333, 24.996], [78.34, 25.003], [78.346, 25.013], [78.35, 25.031], [78.343, 25.048], [78.341, 25.052], [78.349, 25.067], [78.362, 25.085], [78.373, 25.095], [78.383, 25.1], [78.391, 25.11], [78.396, 25.121], [78.402, 25.127], [78.412, 25.13], [78.418, 25.128], [78.426, 25.122], [78.438, 25.122], [78.449, 25.124], [78.465, 25.131], [78.473, 25.136], [78.488, 25.145], [78.495, 25.155], [78.506, 25.166], [78.517, 25.171], [78.527, 25.177], [78.536, 25.187], [78.541, 25.195], [78.554, 25.209], [78.561, 25.225], [78.565, 25.231], [78.568, 25.24], [78.575, 25.247], [78.577, 25.253], [78.589, 25.262], [78.595, 25.269], [78.592, 25.277], [78.593, 25.28], [78.6, 25.297], [78.604, 25.31], [78.61, 25.314], [78.62, 25.318], [78.622, 25.323], [78.623, 25.333], [78.632, 25.335], [78.643, 25.346], [78.649, 25.347], [78.65, 25.351], [78.649, 25.36], [78.656, 25.376], [78.66, 25.386], [78.667, 25.394], [78.673, 25.399], [78.697, 25.416], [78.708, 25.425], [78.723, 25.441], [78.731, 25.456], [78.733, 25.488], [78.741, 25.498], [78.754, 25.503], [78.769, 25.506], [78.78, 25.51], [78.784, 25.513], [78.781, 25.524], [78.786, 25.53], [78.792, 25.529], [78.798, 25.524], [78.806, 25.523], [78.818, 25.518], [78.832, 25.526], [78.842, 25.529], [78.853, 25.526], [78.859, 25.526], [78.866, 25.53], [78.873, 25.541], [78.879, 25.551], [78.884, 25.554], [78.895, 25.556], [78.911, 25.56], [78.917, 25.567], [78.917, 25.577], [78.911, 25.589], [78.914, 25.601], [78.918, 25.604], [78.929, 25.607], [78.939, 25.612], [78.947, 25.62], [78.953, 25.633], [78.959, 25.642], [78.972, 25.646], [78.981, 25.651], [78.988, 25.66], [79.001, 25.667], [79.006, 25.671], [79.012, 25.681], [79.014, 25.697], [79.019, 25.705], [79.026, 25.709], [79.036, 25.708], [79.04, 25.709], [79.044, 25.714], [79.042, 25.721], [79.05, 25.725], [79.049, 25.73], [79.052, 25.735], [79.057, 25.739], [79.063, 25.753], [79.052, 25.762], [79.055, 25.77], [79.068, 25.782], [79.076, 25.792], [79.082, 25.797], [79.088, 25.807], [79.09, 25.818], [79.097, 25.824], [79.1, 25.826], [79.109, 25.826], [79.122, 25.822], [79.132, 25.811], [79.139, 25.808], [79.151, 25.808], [79.164, 25.812], [79.167, 25.808], [79.173, 25.806], [79.188, 25.803], [79.193, 25.8], [79.197, 25.8], [79.205, 25.791], [79.215, 25.789], [79.233, 25.798], [79.24, 25.805], [79.246, 25.804], [79.255, 25.798], [79.259, 25.791], [79.267, 25.793], [79.272, 25.797], [79.277, 25.811], [79.287, 25.818], [79.293, 25.821], [79.299, 25.82], [79.302, 25.817], [79.303, 25.805], [79.302, 25.802], [79.293, 25.798], [79.29, 25.794], [79.291, 25.786], [79.294, 25.782], [79.297, 25.782], [79.31, 25.777], [79.317, 25.77], [79.323, 25.767], [79.328, 25.768], [79.334, 25.771], [79.336, 25.775], [79.345, 25.784], [79.353, 25.79], [79.358, 25.791], [79.373, 25.785], [79.387, 25.789], [79.396, 25.795], [79.396, 25.802], [79.4, 25.808], [79.408, 25.808], [79.413, 25.807], [79.421, 25.808], [79.428, 25.805], [79.433, 25.801], [79.437, 25.793], [79.444, 25.788], [79.453, 25.787], [79.461, 25.79], [79.464, 25.795], [79.463, 25.807], [79.458, 25.816], [79.458, 25.819], [79.469, 25.835], [79.489, 25.847], [79.492, 25.856], [79.497, 25.858], [79.511, 25.855], [79.516, 25.851], [79.52, 25.845], [79.524, 25.843], [79.524, 25.837], [79.526, 25.832], [79.53, 25.831], [79.538, 25.823], [79.548, 25.821], [79.556, 25.825], [79.56, 25.834], [79.566, 25.842], [79.575, 25.851], [79.575, 25.861], [79.57, 25.867], [79.565, 25.868], [79.554, 25.864], [79.54, 25.862], [79.532, 25.863], [79.524, 25.867], [79.521, 25.871], [79.519, 25.879], [79.519, 25.885], [79.524, 25.893], [79.537, 25.895], [79.553, 25.89], [79.557, 25.887], [79.574, 25.885], [79.585, 25.889], [79.59, 25.893], [79.599, 25.897], [79.606, 25.896], [79.611, 25.898], [79.613, 25.905], [79.61, 25.912], [79.605, 25.917], [79.603, 25.922], [79.606, 25.929], [79.618, 25.932], [79.629, 25.932], [79.635, 25.928], [79.651, 25.909], [79.657, 25.906], [79.668, 25.907], [79.685, 25.924], [79.691, 25.926], [79.695, 25.923], [79.707, 25.911], [79.708, 25.907], [79.715, 25.905], [79.724, 25.908], [79.74, 25.911], [79.746, 25.909], [79.751, 25.905], [79.759, 25.889], [79.762, 25.879], [79.767, 25.873], [79.78, 25.866], [79.788, 25.864], [79.799, 25.864], [79.81, 25.871], [79.814, 25.878], [79.815, 25.884], [79.814, 25.891], [79.807, 25.901], [79.809, 25.908], [79.812, 25.911], [79.822, 25.912], [79.826, 25.907], [79.831, 25.898], [79.836, 25.891], [79.841, 25.888], [79.848, 25.882], [79.86, 25.879], [79.866, 25.88], [79.876, 25.886], [79.891, 25.893], [79.897, 25.891], [79.903, 25.882], [79.908, 25.873], [79.916, 25.873], [79.932, 25.879], [79.935, 25.882], [79.942, 25.886], [79.956, 25.901], [79.967, 25.907], [79.971, 25.908], [79.979, 25.903], [79.983, 25.899], [79.984, 25.891], [79.987, 25.887], [79.989, 25.881], [79.997, 25.876], [80.008, 25.876], [80.012, 25.88], [80.019, 25.892], [80.027, 25.898], [80.046, 25.899], [80.065, 25.897], [80.069, 25.902], [80.077, 25.907], [80.085, 25.917], [80.091, 25.93], [80.097, 25.938], [80.109, 25.946], [80.123, 25.952], [80.129, 25.953], [80.141, 25.954], [80.144, 25.953], [80.153, 25.945], [80.158, 25.938], [80.167, 25.931], [80.173, 25.92], [80.177, 25.917], [80.191, 25.913], [80.205, 25.914], [80.215, 25.919]]]}, "properties": {"rivname": "Betwa", "ba_name": "Ganga"}}, {"type": "Feature", "geometry": {"type": "MultiLineString", "coordinates": [[[81.583, 25.313], [81.584, 25.312], [81.6, 25.322], [81.623, 25.335], [81.638, 25.346], [81.652, 25.353]], [[81.583, 25.313], [81.588, 25.323], [81.592, 25.329], [81.597, 25.333], [81.608, 25.338], [81.628, 25.351], [81.642, 25.355], [81.652, 25.353]], [[81.652, 25.353], [81.681, 25.357], [81.7, 25.357], [81.732, 25.352], [81.738, 25.351], [81.748, 25.346], [81.764, 25.339], [81.772, 25.334], [81.785, 25.323], [81.795, 25.321], [81.81, 25.331], [81.814, 25.343], [81.81, 25.353], [81.8, 25.366]], [[81.8, 25.366], [81.798, 25.374], [81.799, 25.386], [81.8, 25.39]], [[81.8, 25.39], [81.793, 25.383], [81.791, 25.374], [81.794, 25.37], [81.8, 25.366]], [[81.8, 25.39], [81.819, 25.41], [81.829, 25.416], [81.85, 25.424], [81.859, 25.426], [81.867, 25.427], [81.879, 25.425], [81.883, 25.423], [81.891, 25.414]], [[80.493, 25.888], [80.508, 25.88], [80.52, 25.881], [80.527, 25.88], [80.537, 25.88], [80.544, 25.879], [80.552, 25.873], [80.555, 25.865], [80.554, 25.858], [80.551, 25.853], [80.541, 25.841], [80.535, 25.837], [80.519, 25.834], [80.51, 25.834], [80.485, 25.838], [80.473, 25.837], [80.467, 25.832], [80.466, 25.824], [80.468, 25.815], [80.474, 25.807], [80.485, 25.797], [80.491, 25.794], [80.506, 25.782], [80.518, 25.776], [80.524, 25.773], [80.531, 25.774], [80.547, 25.779], [80.554, 25.781], [80.565, 25.785], [80.573, 25.786], [80.577, 25.782], [80.579, 25.771], [80.577, 25.755], [80.573, 25.745], [80.568, 25.734], [80.558, 25.729], [80.558, 25.724], [80.562, 25.719], [80.572, 25.715], [80.578, 25.714], [80.591, 25.714], [80.606, 25.71], [80.62, 25.711], [80.647, 25.709], [80.667, 25.701], [80.686, 25.69], [80.699, 25.683], [80.712, 25.681], [80.724, 25.682], [80.751, 25.684], [80.767, 25.686], [80.776, 25.688], [80.792, 25.695], [80.801, 25.701], [80.816, 25.715], [80.821, 25.722], [80.83, 25.727], [80.837, 25.727], [80.843, 25.725], [80.847, 25.72], [80.852, 25.703], [80.855, 25.685], [80.858, 25.681], [80.865, 25.678], [80.891, 25.679], [80.9, 25.681], [80.916, 25.686], [80.929, 25.692], [80.939, 25.691], [80.948, 25.683], [80.949, 25.679], [80.949, 25.664], [80.946, 25.646], [80.944, 25.639], [80.943, 25.629], [80.948, 25.616], [80.957, 25.608], [80.965, 25.607], [80.975, 25.611], [80.988, 25.616], [80.999, 25.623], [81.015, 25.629], [81.026, 25.632], [81.031, 25.632], [81.034, 25.629], [81.037, 25.623], [81.037, 25.612], [81.034, 25.601], [81.031, 25.594], [81.024, 25.586], [81.01, 25.581], [81, 25.575], [80.998, 25.571], [80.999, 25.567], [81.004, 25.564], [81.014, 25.554], [81.028, 25.537], [81.038, 25.53], [81.07, 25.521], [81.082, 25.519], [81.094, 25.519], [81.104, 25.515], [81.114, 25.514], [81.13, 25.509], [81.137, 25.505], [81.161, 25.5], [81.179, 25.494], [81.183, 25.49], [81.193, 25.48], [81.195, 25.468], [81.195, 25.46], [81.192, 25.452], [81.187, 25.446], [81.18, 25.441], [81.169, 25.436], [81.158, 25.431], [81.15, 25.424], [81.146, 25.406], [81.15, 25.396], [81.155, 25.39], [81.166, 25.381], [81.183, 25.373], [81.193, 25.37], [81.208, 25.367], [81.213, 25.367], [81.235, 25.362], [81.243, 25.36], [81.247, 25.356], [81.25, 25.343], [81.254, 25.337], [81.262, 25.329], [81.273, 25.327], [81.277, 25.329], [81.281, 25.335], [81.289, 25.339], [81.306, 25.341], [81.317, 25.344], [81.335, 25.347], [81.352, 25.346], [81.369, 25.341], [81.389, 25.334], [81.398, 25.327], [81.401, 25.32], [81.402, 25.314], [81.4, 25.303], [81.389, 25.289], [81.385, 25.283], [81.384, 25.276], [81.387, 25.273], [81.401, 25.273], [81.422, 25.269], [81.429, 25.267], [81.452, 25.257], [81.463, 25.259], [81.468, 25.267], [81.471, 25.269], [81.478, 25.266], [81.502, 25.269], [81.524, 25.277], [81.54, 25.286], [81.546, 25.29], [81.554, 25.295], [81.583, 25.313]], [[80.454, 25.905], [80.46, 25.902], [80.476, 25.897], [80.493, 25.888]], [[80.454, 25.905], [80.462, 25.905], [80.478, 25.901], [80.487, 25.898], [80.493, 25.888]], [[80.086, 26.069], [80.093, 26.066], [80.098, 26.062], [80.106, 26.061], [80.111, 26.055], [80.111, 26.043], [80.109, 26.035], [80.104, 26.026], [80.098, 26.018], [80.082, 26.006], [80.081, 26.003], [80.083, 25.999], [80.093, 25.994], [80.11, 25.989], [80.119, 25.986], [80.131, 25.978], [80.142, 25.967], [80.157, 25.958], [80.175, 25.952], [80.189, 25.948], [80.196, 25.944], [80.197, 25.939], [80.208, 25.925], [80.215, 25.919], [80.228, 25.92], [80.235, 25.922], [80.256, 25.932], [80.265, 25.933], [80.272, 25.931], [80.284, 25.918], [80.298, 25.895], [80.307, 25.888], [80.317, 25.888], [80.326, 25.892], [80.342, 25.897], [80.353, 25.904], [80.366, 25.91], [80.373, 25.912], [80.4, 25.914], [80.423, 25.91], [80.43, 25.908], [80.45, 25.907], [80.454, 25.905]], [[80.006, 26.065], [80.022, 26.064], [80.031, 26.065], [80.045, 26.067], [80.062, 26.068], [80.077, 26.069], [80.086, 26.069]], [[80.006, 26.065], [80.013, 26.067], [80.024, 26.069], [80.054, 26.075], [80.062, 26.076], [80.075, 26.074], [80.086, 26.069]], [[79.752, 26.155], [79.745, 26.15], [79.741, 26.143], [79.741, 26.138], [79.745, 26.133], [79.753, 26.131]], [[79.752, 26.155], [79.748, 26.143], [79.748, 26.138], [79.753, 26.131]], [[79.753, 26.131], [79.766, 26.127], [79.775, 26.122], [79.779, 26.113], [79.784, 26.11], [79.805, 26.105], [79.822, 26.105], [79.829, 26.101], [79.839, 26.102], [79.854, 26.112], [79.865, 26.116], [79.871, 26.113], [79.874, 26.108], [79.885, 26.1], [79.892, 26.096], [79.904, 26.092], [79.91, 26.092], [79.922, 26.095], [79.924, 26.097], [79.929, 26.112], [79.936, 26.138], [79.936, 26.148], [79.935, 26.151], [79.936, 26.158], [79.941, 26.162], [79.947, 26.162], [79.957, 26.158], [79.962, 26.155], [79.965, 26.15], [79.967, 26.134], [79.968, 26.123], [79.965, 26.117], [79.959, 26.108], [79.955, 26.086], [79.955, 26.079], [79.96, 26.074], [79.976, 26.069], [79.987, 26.066], [80.006, 26.065]], [[79.244, 26.528], [79.244, 26.516], [79.247, 26.513], [79.26, 26.514], [79.271, 26.52], [79.287, 26.526], [79.295, 26.527], [79.301, 26.526], [79.306, 26.521], [79.305, 26.516], [79.292, 26.51], [79.284, 26.508], [79.269, 26.508], [79.256, 26.501], [79.25, 26.496], [79.248, 26.492], [79.26, 26.493], [79.266, 26.49], [79.269, 26.482], [79.269, 26.476], [79.263, 26.464], [79.255, 26.457], [79.246, 26.454], [79.227, 26.451], [79.217, 26.447], [79.214, 26.442], [79.214, 26.435], [79.222, 26.429], [79.244, 26.426], [79.259, 26.429], [79.277, 26.435], [79.289, 26.44], [79.298, 26.44], [79.303, 26.437], [79.308, 26.423], [79.311, 26.419], [79.312, 26.41], [79.315, 26.404], [79.326, 26.4], [79.335, 26.399], [79.347, 26.402], [79.366, 26.407], [79.375, 26.409], [79.383, 26.416], [79.393, 26.421], [79.405, 26.425], [79.412, 26.425], [79.436, 26.429], [79.45, 26.434], [79.465, 26.434], [79.476, 26.432], [79.484, 26.423], [79.489, 26.409], [79.489, 26.397], [79.493, 26.382], [79.501, 26.371], [79.508, 26.364], [79.519, 26.348], [79.53, 26.346], [79.543, 26.354], [79.549, 26.359], [79.559, 26.362], [79.566, 26.361], [79.569, 26.352], [79.567, 26.344], [79.559, 26.336], [79.55, 26.332], [79.545, 26.329], [79.533, 26.324], [79.529, 26.321], [79.525, 26.313], [79.527, 26.301], [79.533, 26.289], [79.539, 26.282], [79.564, 26.261], [79.574, 26.257], [79.596, 26.255], [79.614, 26.251], [79.625, 26.25], [79.639, 26.245], [79.649, 26.237], [79.65, 26.232], [79.644, 26.221], [79.648, 26.213], [79.654, 26.21], [79.663, 26.209], [79.673, 26.204], [79.682, 26.199], [79.696, 26.191], [79.715, 26.186], [79.729, 26.185], [79.737, 26.186], [79.747, 26.185], [79.753, 26.187], [79.759, 26.186], [79.763, 26.182], [79.764, 26.171], [79.762, 26.165], [79.752, 26.155]], [[79.244, 26.528], [79.241, 26.536]], [[79.241, 26.536], [79.244, 26.528]], [[79.218, 26.537], [79.226, 26.54]], [[79.218, 26.537], [79.226, 26.54]], [[79.226, 26.54], [79.236, 26.543], [79.241, 26.536]], [[79.038, 26.655], [79.047, 26.651], [79.047, 26.639], [79.05, 26.631], [79.055, 26.632], [79.071, 26.638], [79.076, 26.635], [79.075, 26.63], [79.06, 26.621], [79.06, 26.617], [79.064, 26.613], [79.084, 26.616], [79.092, 26.609], [79.093, 26.604], [79.088, 26.597], [79.09, 26.591], [79.096, 26.589], [79.106, 26.593], [79.121, 26.603], [79.132, 26.605], [79.138, 26.601], [79.146, 26.593], [79.166, 26.589], [79.176, 26.585], [79.184, 26.585], [79.192, 26.586], [79.193, 26.58], [79.187, 26.572], [79.187, 26.569], [79.199, 26.561], [79.217, 26.553], [79.22, 26.551], [79.219, 26.547], [79.21, 26.547], [79.206, 26.542], [79.207, 26.538], [79.213, 26.536], [79.218, 26.537]], [[79.039, 26.663], [79.036, 26.66], [79.038, 26.655]], [[79.039, 26.663], [79.033, 26.66], [79.033, 26.656], [79.038, 26.655]], [[78.947, 26.754], [78.949, 26.754]], [[78.949, 26.754], [78.958, 26.757], [78.976, 26.755], [78.989, 26.745], [78.994, 26.742], [79.002, 26.744], [79.01, 26.755], [79.017, 26.756], [79.02, 26.749], [79.016, 26.744], [79.002, 26.741], [78.992, 26.737], [78.988, 26.733], [78.99, 26.727], [79.008, 26.727], [79.012, 26.726], [79.014, 26.718], [79.021, 26.706], [79.022, 26.701], [79.013, 26.695], [79.015, 26.688], [79.029, 26.688], [79.041, 26.685], [79.046, 26.682], [79.051, 26.676], [79.051, 26.672], [79.047, 26.666], [79.039, 26.663]], [[78.944, 26.758], [78.944, 26.755], [78.947, 26.754]], [[78.944, 26.758], [78.947, 26.754]], [[78.947, 26.762], [78.944, 26.758]], [[78.947, 26.762], [78.942, 26.76], [78.943, 26.754], [78.947, 26.754], [78.949, 26.754]], [[78.854, 26.808], [78.862, 26.795], [78.875, 26.789], [78.88, 26.789], [78.893, 26.797], [78.903, 26.795], [78.914, 26.789], [78.93, 26.789], [78.938, 26.785], [78.94, 26.772], [78.945, 26.771], [78.956, 26.777], [78.959, 26.775], [78.957, 26.767], [78.947, 26.762]], [[78.85, 26.818], [78.85, 26.814], [78.854, 26.808]], [[78.85, 26.818], [78.854, 26.808]], [[78.771, 26.894], [78.777, 26.883], [78.785, 26.881], [78.787, 26.878], [78.783, 26.873], [78.782, 26.866], [78.783, 26.863], [78.796, 26.863], [78.8, 26.865], [78.805, 26.872], [78.808, 26.874], [78.813, 26.87], [78.815, 26.864], [78.817, 26.849], [78.82, 26.844], [78.833, 26.841], [78.84, 26.833], [78.85, 26.818]], [[78.766, 26.899], [78.771, 26.894]], [[78.766, 26.899], [78.77, 26.898], [78.771, 26.894]], [[78.675, 26.891], [78.671, 26.899]], [[78.671, 26.899], [78.675, 26.891]], [[78.671, 26.899], [78.67, 26.904], [78.672, 26.913], [78.675, 26.919], [78.68, 26.919], [78.695, 26.909], [78.701, 26.916], [78.709, 26.918], [78.71, 26.913], [78.71, 26.902], [78.715, 26.9], [78.721, 26.899], [78.729, 26.903], [78.731, 26.912], [78.731, 26.92], [78.734, 26.923], [78.74, 26.921], [78.747, 26.917], [78.751, 26.906], [78.755, 26.902], [78.761, 26.901], [78.766, 26.899]], [[78.472, 26.99], [78.475, 26.993]], [[78.472, 26.99], [78.475, 26.993]], [[78.475, 26.993], [78.483, 26.991], [78.485, 26.985], [78.485, 26.98], [78.481, 26.971], [78.484, 26.963], [78.492, 26.96], [78.503, 26.962], [78.512, 26.961], [78.516, 26.955], [78.517, 26.945], [78.515, 26.94], [78.518, 26.926], [78.526, 26.917], [78.535, 26.916], [78.542, 26.921], [78.544, 26.925], [78.543, 26.933], [78.54, 26.936], [78.53, 26.938], [78.525, 26.942], [78.526, 26.952], [78.528, 26.955], [78.525, 26.96], [78.512, 26.966], [78.516, 26.974], [78.525, 26.975], [78.534, 26.967], [78.545, 26.96], [78.552, 26.96], [78.557, 26.962], [78.564, 26.964], [78.573, 26.963], [78.577, 26.961], [78.576, 26.955], [78.572, 26.95], [78.571, 26.945], [78.574, 26.941], [78.584, 26.936], [78.594, 26.921], [78.597, 26.918], [78.604, 26.918], [78.607, 26.92], [78.608, 26.928], [78.604, 26.936], [78.596, 26.943], [78.595, 26.948], [78.601, 26.951], [78.609, 26.949], [78.62, 26.945], [78.623, 26.94], [78.618, 26.93], [78.617, 26.919], [78.623, 26.911], [78.631, 26.909], [78.634, 26.904], [78.635, 26.894], [78.634, 26.887], [78.637, 26.881], [78.648, 26.879], [78.656, 26.883], [78.662, 26.884], [78.669, 26.878], [78.675, 26.879], [78.676, 26.886], [78.675, 26.891]], [[78.323, 27.06], [78.326, 27.065]], [[78.323, 27.06], [78.326, 27.065]], [[78.326, 27.065], [78.329, 27.07], [78.338, 27.074], [78.351, 27.074], [78.356, 27.082], [78.361, 27.083], [78.372, 27.076], [78.374, 27.072], [78.381, 27.066], [78.389, 27.06], [78.402, 27.056], [78.414, 27.056], [78.422, 27.054], [78.427, 27.051], [78.434, 27.044], [78.437, 27.036], [78.436, 27.03], [78.443, 27.019], [78.45, 27.015], [78.453, 27.009], [78.454, 27.004], [78.449, 26.995], [78.447, 26.989], [78.448, 26.983], [78.452, 26.981], [78.459, 26.981], [78.466, 26.985], [78.472, 26.99]], [[78.341, 27.112], [78.337, 27.102], [78.332, 27.099], [78.318, 27.101], [78.311, 27.098], [78.309, 27.084], [78.312, 27.074], [78.313, 27.07], [78.31, 27.057], [78.312, 27.053], [78.318, 27.054], [78.323, 27.06]], [[78.348, 27.113], [78.341, 27.112]], [[78.318, 27.114], [78.319, 27.109], [78.325, 27.11]], [[78.318, 27.114], [78.325, 27.11]], [[78.348, 27.113], [78.345, 27.115], [78.341, 27.112]], [[78.325, 27.11], [78.328, 27.11], [78.335, 27.125], [78.34, 27.129], [78.346, 27.129], [78.356, 27.126], [78.365, 27.126], [78.372, 27.122], [78.37, 27.116], [78.362, 27.11], [78.355, 27.111], [78.348, 27.113]], [[77.91, 27.262], [77.905, 27.257], [77.904, 27.252], [77.909, 27.245]], [[77.91, 27.262], [77.911, 27.253], [77.909, 27.245]], [[77.909, 27.245], [77.913, 27.238], [77.925, 27.234], [77.932, 27.235], [77.936, 27.24], [77.937, 27.249], [77.928, 27.263], [77.929, 27.267], [77.935, 27.271], [77.945, 27.276], [77.949, 27.282], [77.951, 27.291]], [[77.962, 27.292], [77.962, 27.289], [77.961, 27.272], [77.96, 27.261], [77.957, 27.249], [77.959, 27.238], [77.963, 27.233], [77.978, 27.228], [77.987, 27.228], [77.993, 27.23], [77.998, 27.238], [77.995, 27.247], [77.993, 27.25], [77.98, 27.258], [77.978, 27.262], [77.981, 27.266], [77.987, 27.267], [78.002, 27.265], [78.006, 27.262], [78.028, 27.253], [78.03, 27.249], [78.032, 27.234], [78.032, 27.223], [78.036, 27.214], [78.037, 27.207], [78.029, 27.195], [78.029, 27.184], [78.03, 27.181], [78.035, 27.177], [78.044, 27.177], [78.05, 27.181], [78.062, 27.193], [78.076, 27.199], [78.088, 27.199], [78.097, 27.197], [78.105, 27.192], [78.109, 27.183], [78.114, 27.179], [78.128, 27.18], [78.147, 27.184], [78.154, 27.184], [78.166, 27.18], [78.175, 27.175], [78.185, 27.176], [78.192, 27.174], [78.198, 27.175], [78.212, 27.172], [78.218, 27.169], [78.221, 27.165], [78.22, 27.156], [78.214, 27.147], [78.204, 27.137], [78.198, 27.129], [78.199, 27.122], [78.203, 27.115], [78.213, 27.106], [78.212, 27.102], [78.224, 27.095], [78.228, 27.087], [78.223, 27.082], [78.225, 27.076], [78.234, 27.074], [78.248, 27.076], [78.254, 27.079], [78.258, 27.083], [78.259, 27.089], [78.255, 27.095], [78.251, 27.099], [78.237, 27.104], [78.237, 27.11], [78.244, 27.113], [78.256, 27.11], [78.264, 27.102], [78.271, 27.089], [78.279, 27.082], [78.284, 27.081], [78.294, 27.086], [78.295, 27.09], [78.294, 27.1], [78.291, 27.105], [78.292, 27.114], [78.296, 27.12], [78.309, 27.126], [78.315, 27.125], [78.318, 27.114]], [[77.951, 27.291], [77.956, 27.295], [77.962, 27.292]], [[77.851, 27.294], [77.854, 27.292], [77.853, 27.277], [77.851, 27.262], [77.854, 27.257], [77.859, 27.252], [77.865, 27.25], [77.874, 27.251], [77.881, 27.255], [77.884, 27.26], [77.882, 27.27], [77.879, 27.271], [77.869, 27.271], [77.863, 27.275], [77.863, 27.285], [77.866, 27.292], [77.875, 27.295], [77.88, 27.296], [77.901, 27.293], [77.913, 27.285], [77.914, 27.277], [77.91, 27.262]], [[77.951, 27.291], [77.956, 27.299], [77.959, 27.299], [77.962, 27.292]], [[77.843, 27.299], [77.851, 27.294]], [[77.843, 27.299], [77.85, 27.297], [77.851, 27.294]], [[77.793, 27.315], [77.805, 27.304], [77.816, 27.3], [77.835, 27.298], [77.843, 27.299]], [[77.782, 27.341], [77.782, 27.327], [77.785, 27.321], [77.793, 27.315]], [[77.782, 27.341], [77.787, 27.327], [77.793, 27.315]], [[77.782, 27.353], [77.782, 27.341]], [[77.794, 27.368], [77.785, 27.366], [77.782, 27.361], [77.782, 27.353]], [[77.794, 27.368], [77.787, 27.363], [77.782, 27.353]], [[77.754, 27.4], [77.755, 27.391], [77.748, 27.38], [77.746, 27.374], [77.748, 27.37], [77.753, 27.366], [77.761, 27.368], [77.769, 27.374], [77.774, 27.38], [77.778, 27.386], [77.786, 27.39], [77.793, 27.39], [77.803, 27.388], [77.807, 27.382], [77.806, 27.375], [77.803, 27.371], [77.794, 27.368]], [[77.748, 27.411], [77.754, 27.4]], [[77.748, 27.411], [77.754, 27.404], [77.754, 27.4]], [[77.714, 27.466], [77.715, 27.459], [77.72, 27.449], [77.718, 27.44], [77.714, 27.434], [77.714, 27.427], [77.72, 27.42], [77.735, 27.421], [77.74, 27.419], [77.748, 27.411]], [[77.706, 27.49], [77.713, 27.478], [77.712, 27.469], [77.714, 27.466]], [[77.703, 27.497], [77.706, 27.49]], [[77.703, 27.497], [77.709, 27.496], [77.719, 27.489], [77.719, 27.483], [77.716, 27.478], [77.716, 27.469], [77.714, 27.466]], [[77.695, 27.498], [77.706, 27.49]], [[77.695, 27.498], [77.703, 27.497]], [[77.694, 27.586], [77.703, 27.59], [77.713, 27.589], [77.728, 27.575], [77.727, 27.569], [77.704, 27.564], [77.701, 27.561], [77.697, 27.555], [77.698, 27.55], [77.696, 27.534], [77.687, 27.523], [77.683, 27.509], [77.695, 27.498]], [[77.702, 27.614], [77.7, 27.611], [77.69, 27.608], [77.68, 27.602], [77.676, 27.592], [77.688, 27.586], [77.694, 27.586]], [[77.708, 27.621], [77.703, 27.62], [77.702, 27.614]], [[77.708, 27.621], [77.707, 27.616], [77.702, 27.614]], [[77.68, 27.646], [77.688, 27.642], [77.69, 27.634], [77.69, 27.63], [77.683, 27.623], [77.676, 27.625], [77.672, 27.622], [77.668, 27.614], [77.661, 27.605], [77.663, 27.588], [77.666, 27.583], [77.674, 27.58], [77.681, 27.581], [77.692, 27.583], [77.694, 27.586]], [[77.68, 27.646], [77.689, 27.648], [77.694, 27.645], [77.698, 27.64], [77.704, 27.635], [77.707, 27.632], [77.709, 27.624], [77.708, 27.621]], [[77.518, 28.004], [77.52, 27.999], [77.526, 27.995], [77.543, 27.994], [77.543, 27.982], [77.537, 27.977], [77.524, 27.975], [77.521, 27.972], [77.522, 27.965], [77.527, 27.958], [77.531, 27.956], [77.54, 27.953], [77.549, 27.945], [77.549, 27.94], [77.546, 27.936], [77.536, 27.935], [77.531, 27.932], [77.52, 27.915], [77.523, 27.907], [77.529, 27.902], [77.531, 27.897], [77.531, 27.889], [77.535, 27.885], [77.545, 27.881], [77.548, 27.878], [77.553, 27.866], [77.557, 27.864], [77.571, 27.864], [77.58, 27.867], [77.588, 27.859], [77.592, 27.86], [77.597, 27.853], [77.601, 27.851], [77.623, 27.852], [77.629, 27.846], [77.626, 27.843], [77.617, 27.844], [77.611, 27.843], [77.604, 27.835], [77.591, 27.832], [77.578, 27.836], [77.574, 27.834], [77.575, 27.83], [77.588, 27.826], [77.595, 27.82], [77.599, 27.807], [77.605, 27.801], [77.611, 27.797], [77.616, 27.796], [77.629, 27.79], [77.635, 27.792], [77.646, 27.806], [77.648, 27.811], [77.652, 27.813], [77.661, 27.813], [77.667, 27.819], [77.665, 27.827], [77.669, 27.831], [77.682, 27.826], [77.684, 27.821], [77.683, 27.811], [77.687, 27.807], [77.696, 27.805], [77.704, 27.798], [77.706, 27.793], [77.705, 27.786], [77.698, 27.781], [77.686, 27.781], [77.673, 27.772], [77.668, 27.762], [77.67, 27.755], [77.675, 27.746], [77.681, 27.743], [77.687, 27.735], [77.689, 27.726], [77.699, 27.707], [77.71, 27.699], [77.71, 27.694], [77.706, 27.684], [77.69, 27.67], [77.683, 27.672], [77.67, 27.671], [77.667, 27.67], [77.662, 27.662], [77.663, 27.658], [77.671, 27.655], [77.672, 27.65], [77.68, 27.646]], [[77.504, 28.033], [77.501, 28.03], [77.502, 28.026], [77.51, 28.021], [77.516, 28.013], [77.515, 28.009], [77.518, 28.004]], [[77.504, 28.033], [77.515, 28.03], [77.524, 28.029], [77.53, 28.024], [77.532, 28.019], [77.525, 28.008], [77.518, 28.004]], [[77.489, 28.123], [77.489, 28.116], [77.497, 28.114], [77.498, 28.111], [77.481, 28.098], [77.479, 28.095], [77.479, 28.088], [77.483, 28.079], [77.48, 28.07], [77.485, 28.064], [77.496, 28.059], [77.502, 28.054], [77.505, 28.045], [77.502, 28.038], [77.504, 28.033]], [[77.471, 28.255], [77.47, 28.249], [77.465, 28.244], [77.461, 28.242], [77.453, 28.238], [77.452, 28.235], [77.454, 28.228], [77.46, 28.218], [77.468, 28.21], [77.474, 28.184], [77.473, 28.176], [77.477, 28.163], [77.479, 28.146], [77.481, 28.141], [77.489, 28.131], [77.489, 28.123]], [[77.481, 28.268], [77.477, 28.261], [77.471, 28.255]], [[77.481, 28.268], [77.484, 28.264], [77.491, 28.261], [77.492, 28.257], [77.496, 28.254], [77.508, 28.252], [77.515, 28.253], [77.522, 28.246], [77.531, 28.245], [77.537, 28.248], [77.547, 28.248], [77.55, 28.242], [77.542, 28.235], [77.53, 28.231], [77.522, 28.226], [77.52, 28.223], [77.533, 28.213], [77.535, 28.207], [77.532, 28.2], [77.524, 28.196], [77.521, 28.198], [77.518, 28.204], [77.51, 28.208], [77.504, 28.21], [77.5, 28.209], [77.497, 28.204], [77.5, 28.195], [77.498, 28.188], [77.5, 28.182], [77.506, 28.182], [77.513, 28.191], [77.519, 28.193], [77.527, 28.187], [77.531, 28.186], [77.537, 28.19], [77.547, 28.19], [77.549, 28.184], [77.55, 28.178], [77.547, 28.172], [77.538, 28.165], [77.531, 28.163], [77.522, 28.161], [77.511, 28.166], [77.503, 28.161], [77.501, 28.153], [77.505, 28.146], [77.502, 28.142], [77.496, 28.141], [77.499, 28.137], [77.506, 28.133], [77.504, 28.128], [77.489, 28.123]], [[77.471, 28.255], [77.47, 28.259], [77.471, 28.267], [77.483, 28.269]], [[77.483, 28.269], [77.481, 28.268]], [[78.453, 31.026], [78.455, 31.023], [78.462, 31.01], [78.465, 31.002], [78.461, 30.994], [78.449, 30.984], [78.444, 30.981], [78.438, 30.975], [78.433, 30.972], [78.429, 30.962], [78.424, 30.961], [78.414, 30.954], [78.414, 30.951], [78.404, 30.941], [78.404, 30.935], [78.399, 30.931], [78.383, 30.924], [78.376, 30.923], [78.364, 30.914], [78.363, 30.908], [78.357, 30.904], [78.345, 30.903], [78.342, 30.9], [78.339, 30.904], [78.335, 30.905], [78.33, 30.903], [78.328, 30.897], [78.319, 30.892], [78.315, 30.886], [78.313, 30.881], [78.308, 30.876], [78.301, 30.873], [78.294, 30.864], [78.287, 30.863], [78.286, 30.856], [78.282, 30.854], [78.283, 30.849], [78.277, 30.846], [78.271, 30.846], [78.266, 30.843], [78.26, 30.835], [78.248, 30.83], [78.246, 30.825], [78.23, 30.82], [78.226, 30.821], [78.217, 30.82], [78.213, 30.817], [78.199, 30.816], [78.199, 30.812], [78.195, 30.807], [78.185, 30.806], [78.177, 30.8], [78.168, 30.797], [78.167, 30.8], [78.155, 30.802], [78.148, 30.796], [78.137, 30.79], [78.126, 30.789], [78.113, 30.78], [78.108, 30.772], [78.101, 30.764], [78.098, 30.764], [78.092, 30.755], [78.087, 30.755], [78.079, 30.741], [78.079, 30.733], [78.078, 30.728], [78.084, 30.722], [78.08, 30.71], [78.072, 30.707], [78.074, 30.699], [78.066, 30.683], [78.068, 30.68], [78.065, 30.669], [78.062, 30.665], [78.048, 30.662], [78.044, 30.658], [78.043, 30.654], [78.034, 30.646], [78.03, 30.645], [78.024, 30.651], [78.016, 30.654], [78.01, 30.651], [78.009, 30.647], [78.01, 30.639], [78.013, 30.634], [78.013, 30.627], [78.008, 30.625], [78.008, 30.62], [78.013, 30.617], [78.014, 30.607], [78.01, 30.599], [78.014, 30.593], [78.008, 30.59], [78.009, 30.579], [78.003, 30.572], [78.004, 30.567], [78, 30.56], [77.992, 30.56], [77.991, 30.557], [77.985, 30.553], [77.982, 30.538], [77.975, 30.538], [77.975, 30.53], [77.98, 30.531], [77.985, 30.53], [77.985, 30.524], [77.978, 30.526], [77.975, 30.523], [77.979, 30.517], [77.985, 30.518], [77.988, 30.515], [77.983, 30.51], [77.979, 30.508], [77.977, 30.513], [77.973, 30.513], [77.968, 30.509], [77.962, 30.515], [77.957, 30.515], [77.95, 30.518], [77.948, 30.513], [77.942, 30.512], [77.94, 30.516], [77.936, 30.518], [77.931, 30.514], [77.917, 30.517], [77.914, 30.524], [77.906, 30.528], [77.909, 30.537], [77.903, 30.54], [77.897, 30.535], [77.892, 30.535], [77.891, 30.531], [77.884, 30.525], [77.886, 30.515], [77.872, 30.514], [77.867, 30.519], [77.863, 30.516], [77.855, 30.513], [77.848, 30.512], [77.845, 30.511], [77.836, 30.513], [77.818, 30.508], [77.815, 30.504], [77.805, 30.501], [77.794, 30.503], [77.782, 30.5], [77.77, 30.494], [77.759, 30.49], [77.753, 30.483], [77.745, 30.478], [77.734, 30.476], [77.728, 30.474], [77.719, 30.463], [77.71, 30.457], [77.702, 30.456], [77.697, 30.452], [77.687, 30.451], [77.679, 30.446], [77.671, 30.446], [77.661, 30.443], [77.653, 30.436], [77.642, 30.429], [77.635, 30.43], [77.627, 30.435], [77.616, 30.433], [77.607, 30.426], [77.602, 30.424], [77.589, 30.427], [77.581, 30.425], [77.578, 30.422], [77.579, 30.414], [77.577, 30.408], [77.577, 30.4], [77.582, 30.39], [77.583, 30.384], [77.587, 30.373], [77.586, 30.367], [77.589, 30.363], [77.596, 30.358], [77.591, 30.336], [77.591, 30.33], [77.586, 30.322], [77.583, 30.318], [77.585, 30.31], [77.585, 30.305], [77.579, 30.3], [77.564, 30.297], [77.558, 30.286], [77.553, 30.286], [77.545, 30.273], [77.53, 30.259], [77.528, 30.246], [77.526, 30.241], [77.509, 30.225], [77.507, 30.22], [77.505, 30.204], [77.502, 30.197], [77.496, 30.196], [77.487, 30.19], [77.485, 30.184], [77.476, 30.181], [77.472, 30.174], [77.472, 30.169], [77.469, 30.165], [77.464, 30.164], [77.458, 30.156], [77.457, 30.151], [77.454, 30.146], [77.444, 30.146], [77.431, 30.14], [77.425, 30.139], [77.41, 30.142], [77.405, 30.141], [77.398, 30.135], [77.396, 30.13], [77.398, 30.114], [77.396, 30.098], [77.39, 30.094], [77.371, 30.095], [77.368, 30.087], [77.366, 30.08], [77.363, 30.075], [77.358, 30.071], [77.343, 30.069], [77.331, 30.065], [77.322, 30.056], [77.315, 30.051], [77.308, 30.052], [77.302, 30.047], [77.299, 30.041], [77.293, 30.034], [77.294, 30.026], [77.287, 30.012], [77.283, 30.009], [77.276, 30.007], [77.271, 30.01], [77.265, 30.007], [77.255, 30.006], [77.247, 29.999], [77.247, 29.993], [77.236, 29.994], [77.233, 29.987], [77.234, 29.983], [77.241, 29.975], [77.237, 29.967], [77.233, 29.965], [77.227, 29.965], [77.213, 29.958], [77.213, 29.947], [77.216, 29.943], [77.221, 29.926], [77.218, 29.909], [77.219, 29.904], [77.213, 29.899], [77.206, 29.9], [77.2, 29.902], [77.191, 29.9], [77.18, 29.89], [77.175, 29.887], [77.175, 29.882], [77.177, 29.876], [77.186, 29.871], [77.197, 29.867], [77.203, 29.862], [77.206, 29.857], [77.206, 29.852], [77.202, 29.848], [77.197, 29.847], [77.195, 29.844], [77.189, 29.843], [77.186, 29.835], [77.19, 29.83], [77.188, 29.822], [77.182, 29.819], [77.168, 29.823], [77.163, 29.817], [77.163, 29.808], [77.165, 29.801], [77.168, 29.798], [77.167, 29.79], [77.161, 29.785], [77.156, 29.784], [77.149, 29.78], [77.143, 29.772], [77.143, 29.769], [77.137, 29.757], [77.132, 29.754], [77.129, 29.749], [77.124, 29.744], [77.13, 29.735], [77.133, 29.723], [77.136, 29.721], [77.135, 29.716], [77.131, 29.712], [77.135, 29.703], [77.139, 29.701], [77.149, 29.692], [77.145, 29.686], [77.146, 29.675], [77.142, 29.673], [77.141, 29.666], [77.138, 29.663], [77.126, 29.662], [77.12, 29.655], [77.12, 29.65], [77.122, 29.639], [77.115, 29.632], [77.114, 29.621], [77.116, 29.618], [77.111, 29.608], [77.107, 29.607], [77.107, 29.602], [77.103, 29.594], [77.103, 29.589], [77.101, 29.584], [77.106, 29.582], [77.108, 29.576], [77.107, 29.568], [77.104, 29.564], [77.104, 29.558], [77.099, 29.551], [77.101, 29.541], [77.108, 29.537], [77.107, 29.526], [77.099, 29.518], [77.096, 29.513], [77.098, 29.506], [77.103, 29.502], [77.114, 29.501], [77.123, 29.507], [77.133, 29.503], [77.136, 29.491], [77.134, 29.487], [77.13, 29.483], [77.128, 29.478], [77.131, 29.468], [77.134, 29.466], [77.139, 29.459], [77.138, 29.456], [77.142, 29.45], [77.144, 29.443], [77.147, 29.44], [77.147, 29.434], [77.144, 29.431], [77.144, 29.426], [77.134, 29.42], [77.13, 29.415], [77.13, 29.409], [77.134, 29.402], [77.139, 29.398], [77.158, 29.388], [77.15, 29.378], [77.145, 29.376], [77.142, 29.37], [77.142, 29.363], [77.135, 29.36], [77.127, 29.349], [77.121, 29.347], [77.122, 29.339], [77.129, 29.328], [77.143, 29.322], [77.149, 29.322], [77.157, 29.316], [77.158, 29.306], [77.155, 29.3], [77.14, 29.293], [77.137, 29.288], [77.13, 29.287], [77.124, 29.279], [77.13, 29.265], [77.13, 29.259], [77.132, 29.257], [77.129, 29.239], [77.133, 29.234], [77.135, 29.225], [77.142, 29.218], [77.15, 29.215], [77.15, 29.208], [77.145, 29.197], [77.147, 29.188], [77.136, 29.181], [77.129, 29.173], [77.129, 29.17], [77.135, 29.165], [77.138, 29.164], [77.145, 29.154], [77.144, 29.137], [77.146, 29.133], [77.144, 29.126], [77.148, 29.12], [77.156, 29.119], [77.156, 29.113], [77.15, 29.108], [77.146, 29.1], [77.137, 29.096], [77.136, 29.092], [77.142, 29.086], [77.147, 29.084], [77.156, 29.077], [77.157, 29.071], [77.169, 29.057], [77.169, 29.048], [77.167, 29.043], [77.16, 29.036], [77.159, 29.03], [77.171, 29.021], [77.177, 29.022], [77.19, 29.019], [77.194, 29.017], [77.194, 29.008], [77.199, 29.006], [77.201, 29.001], [77.201, 28.996], [77.197, 28.991], [77.203, 28.971], [77.203, 28.96], [77.197, 28.954], [77.197, 28.951], [77.202, 28.941], [77.208, 28.939], [77.212, 28.935], [77.215, 28.924], [77.212, 28.92], [77.218, 28.913], [77.229, 28.906], [77.233, 28.9], [77.23, 28.89], [77.223, 28.886], [77.218, 28.878], [77.211, 28.873], [77.207, 28.865], [77.209, 28.852], [77.214, 28.844], [77.222, 28.841], [77.224, 28.833], [77.221, 28.829], [77.221, 28.821], [77.211, 28.816], [77.206, 28.806], [77.208, 28.801], [77.207, 28.796], [77.204, 28.789], [77.209, 28.781], [77.21, 28.776], [77.217, 28.772], [77.224, 28.772], [77.231, 28.774], [77.236, 28.772], [77.238, 28.769], [77.231, 28.756], [77.227, 28.751], [77.227, 28.744], [77.232, 28.739], [77.235, 28.729], [77.243, 28.723], [77.233, 28.712], [77.233, 28.706], [77.23, 28.696], [77.23, 28.691], [77.234, 28.671], [77.238, 28.667], [77.243, 28.664], [77.257, 28.659], [77.261, 28.655], [77.264, 28.649], [77.263, 28.64], [77.255, 28.628], [77.254, 28.621], [77.257, 28.607], [77.259, 28.603], [77.266, 28.596], [77.28, 28.587], [77.288, 28.582], [77.294, 28.574], [77.3, 28.561], [77.305, 28.553], [77.314, 28.545], [77.325, 28.538], [77.328, 28.533], [77.334, 28.529], [77.339, 28.521], [77.35, 28.508], [77.352, 28.507], [77.36, 28.483], [77.366, 28.478], [77.372, 28.476], [77.384, 28.465], [77.388, 28.465], [77.409, 28.473], [77.415, 28.474], [77.421, 28.469], [77.424, 28.462], [77.424, 28.453], [77.419, 28.445], [77.415, 28.443], [77.416, 28.435], [77.418, 28.43], [77.424, 28.427], [77.432, 28.426], [77.44, 28.431], [77.446, 28.438], [77.45, 28.439], [77.456, 28.435], [77.458, 28.431], [77.463, 28.427], [77.472, 28.427], [77.474, 28.42], [77.473, 28.411], [77.467, 28.403], [77.467, 28.401], [77.475, 28.398], [77.482, 28.401], [77.487, 28.41], [77.495, 28.411], [77.499, 28.401], [77.496, 28.39], [77.49, 28.384], [77.488, 28.379], [77.49, 28.368], [77.49, 28.36], [77.484, 28.353], [77.476, 28.348], [77.477, 28.341], [77.475, 28.336], [77.471, 28.335], [77.47, 28.329], [77.466, 28.323], [77.465, 28.309], [77.465, 28.304], [77.471, 28.295], [77.476, 28.291], [77.493, 28.292], [77.497, 28.29], [77.5, 28.276], [77.495, 28.272], [77.483, 28.269]]]}, "properties": {"rivname": "Yamuna", "ba_name": "Ganga"}}, {"type": "Feature", "geometry": {"type": "MultiLineString", "coordinates": [[[71.276, 24.675], [71.273, 24.676], [71.273, 24.682], [71.279, 24.687], [71.279, 24.698], [71.288, 24.711], [71.293, 24.722], [71.293, 24.726], [71.297, 24.73], [71.308, 24.737], [71.314, 24.738], [71.315, 24.747], [71.319, 24.747], [71.32, 24.752], [71.331, 24.756], [71.334, 24.763], [71.338, 24.764], [71.332, 24.77], [71.338, 24.775], [71.336, 24.777], [71.348, 24.78], [71.351, 24.775], [71.362, 24.78], [71.363, 24.784], [71.367, 24.784], [71.368, 24.776], [71.375, 24.78], [71.38, 24.788], [71.389, 24.777], [71.389, 24.784], [71.396, 24.784], [71.399, 24.789], [71.404, 24.788], [71.407, 24.791], [71.412, 24.792], [71.415, 24.797], [71.414, 24.803], [71.418, 24.806], [71.416, 24.809], [71.432, 24.818], [71.439, 24.815], [71.442, 24.811], [71.446, 24.814], [71.449, 24.819], [71.449, 24.824], [71.454, 24.83], [71.45, 24.832], [71.451, 24.841], [71.458, 24.846], [71.465, 24.844], [71.465, 24.852], [71.469, 24.859], [71.473, 24.858], [71.477, 24.85], [71.483, 24.849], [71.482, 24.853], [71.485, 24.857], [71.486, 24.862], [71.489, 24.865], [71.493, 24.865], [71.497, 24.871], [71.501, 24.88], [71.505, 24.881]], [[71.505, 24.881], [71.51, 24.887], [71.511, 24.91], [71.521, 24.917], [71.528, 24.917], [71.53, 24.914], [71.535, 24.915], [71.541, 24.913], [71.545, 24.915], [71.556, 24.914], [71.56, 24.912], [71.568, 24.911], [71.575, 24.908], [71.581, 24.91], [71.588, 24.914], [71.592, 24.919], [71.596, 24.927], [71.596, 24.936], [71.6, 24.943], [71.604, 24.946], [71.611, 24.947], [71.619, 24.95], [71.631, 24.951], [71.638, 24.95], [71.642, 24.952], [71.65, 24.958], [71.657, 24.97], [71.662, 24.973], [71.667, 24.979], [71.674, 24.985]], [[71.674, 24.985], [71.673, 24.972], [71.667, 24.961], [71.66, 24.955], [71.657, 24.934], [71.653, 24.93], [71.649, 24.929], [71.644, 24.926], [71.639, 24.918], [71.628, 24.912], [71.627, 24.906], [71.621, 24.901], [71.617, 24.901], [71.618, 24.896], [71.613, 24.892], [71.605, 24.893], [71.598, 24.886], [71.592, 24.886], [71.583, 24.881], [71.578, 24.883], [71.574, 24.876], [71.571, 24.875], [71.568, 24.881], [71.564, 24.879], [71.559, 24.874], [71.557, 24.878], [71.553, 24.875], [71.537, 24.88], [71.533, 24.878], [71.53, 24.874], [71.52, 24.872], [71.52, 24.868], [71.51, 24.871], [71.513, 24.875], [71.512, 24.879], [71.505, 24.881]], [[71.674, 24.985], [71.679, 24.989], [71.691, 24.991], [71.695, 24.997], [71.697, 25.003], [71.702, 25.025], [71.708, 25.034], [71.716, 25.041], [71.727, 25.045], [71.73, 25.05], [71.732, 25.06], [71.731, 25.069], [71.729, 25.074], [71.723, 25.082]], [[71.706, 24.988], [71.7, 24.979], [71.699, 24.969], [71.688, 24.957], [71.685, 24.95], [71.679, 24.944], [71.672, 24.932], [71.663, 24.927], [71.656, 24.925], [71.651, 24.921], [71.649, 24.916], [71.651, 24.91], [71.646, 24.902], [71.647, 24.895], [71.649, 24.888], [71.642, 24.878], [71.636, 24.878], [71.629, 24.875], [71.627, 24.867], [71.622, 24.867], [71.618, 24.871], [71.61, 24.869], [71.616, 24.864], [71.613, 24.862], [71.611, 24.857], [71.604, 24.858], [71.598, 24.857], [71.59, 24.862], [71.579, 24.86], [71.572, 24.857], [71.559, 24.844], [71.559, 24.837], [71.548, 24.828], [71.549, 24.824], [71.545, 24.818], [71.542, 24.816], [71.544, 24.811], [71.541, 24.809], [71.53, 24.808], [71.528, 24.803], [71.523, 24.803], [71.524, 24.807], [71.519, 24.808], [71.512, 24.806], [71.508, 24.8], [71.497, 24.8], [71.492, 24.799], [71.486, 24.796], [71.486, 24.789], [71.493, 24.777], [71.491, 24.774], [71.492, 24.76], [71.485, 24.747], [71.486, 24.741], [71.48, 24.744], [71.479, 24.748], [71.472, 24.748], [71.47, 24.745], [71.459, 24.744], [71.454, 24.747], [71.444, 24.74], [71.444, 24.746], [71.438, 24.751], [71.428, 24.75], [71.424, 24.744], [71.42, 24.743], [71.415, 24.746], [71.41, 24.742], [71.401, 24.738], [71.397, 24.732], [71.392, 24.726], [71.386, 24.725], [71.389, 24.72], [71.387, 24.716], [71.383, 24.714], [71.378, 24.718], [71.37, 24.712], [71.372, 24.706], [71.366, 24.702], [71.365, 24.697], [71.361, 24.694], [71.357, 24.686], [71.352, 24.687], [71.337, 24.685], [71.337, 24.678], [71.332, 24.675], [71.329, 24.663], [71.317, 24.656], [71.308, 24.654], [71.305, 24.653], [71.294, 24.651], [71.287, 24.651], [71.27, 24.648], [71.262, 24.643], [71.258, 24.639], [71.243, 24.63], [71.236, 24.628], [71.227, 24.629], [71.221, 24.628], [71.219, 24.62], [71.214, 24.615], [71.207, 24.609], [71.199, 24.593], [71.198, 24.587]], [[73.163, 26.137], [73.157, 26.136], [73.148, 26.132], [73.138, 26.129], [73.132, 26.13], [73.126, 26.128], [73.114, 26.122], [73.105, 26.114], [73.101, 26.106], [73.097, 26.092], [73.097, 26.085], [73.096, 26.081], [73.085, 26.064], [73.077, 26.054], [73.068, 26.046], [73.048, 26.018], [73.032, 26.005], [73.024, 26], [73.013, 25.997], [73.001, 25.986], [72.987, 25.975], [72.981, 25.97], [72.966, 25.961], [72.958, 25.954], [72.953, 25.947], [72.934, 25.941], [72.924, 25.935], [72.915, 25.928], [72.912, 25.918], [72.908, 25.913], [72.898, 25.912], [72.894, 25.915], [72.889, 25.912], [72.878, 25.908], [72.868, 25.907], [72.847, 25.896], [72.843, 25.892], [72.823, 25.887], [72.817, 25.882], [72.799, 25.871], [72.778, 25.864], [72.773, 25.86], [72.754, 25.857], [72.741, 25.857], [72.732, 25.856], [72.714, 25.848], [72.689, 25.844], [72.672, 25.843], [72.663, 25.843], [72.651, 25.841], [72.64, 25.835], [72.626, 25.831], [72.622, 25.829], [72.609, 25.818], [72.594, 25.809], [72.585, 25.806], [72.557, 25.801], [72.538, 25.8], [72.529, 25.795], [72.518, 25.796], [72.507, 25.799], [72.498, 25.799], [72.482, 25.796], [72.473, 25.795], [72.464, 25.796], [72.457, 25.799], [72.446, 25.796], [72.437, 25.792], [72.431, 25.791], [72.414, 25.786], [72.398, 25.784], [72.386, 25.784], [72.357, 25.786], [72.352, 25.794], [72.347, 25.798], [72.327, 25.806], [72.311, 25.812], [72.301, 25.813], [72.29, 25.812], [72.285, 25.81], [72.278, 25.81], [72.266, 25.817], [72.254, 25.822], [72.242, 25.822], [72.238, 25.823], [72.218, 25.825], [72.204, 25.828], [72.2, 25.833], [72.194, 25.835], [72.188, 25.842], [72.18, 25.84], [72.171, 25.842], [72.151, 25.855], [72.132, 25.864], [72.122, 25.864], [72.112, 25.86], [72.105, 25.859], [72.097, 25.862], [72.095, 25.865], [72.084, 25.872], [72.071, 25.874], [72.051, 25.871], [72.047, 25.869], [72.039, 25.862], [72.027, 25.842], [72.013, 25.834], [72.007, 25.828], [71.994, 25.82], [71.972, 25.811], [71.957, 25.808], [71.946, 25.81], [71.939, 25.81], [71.936, 25.808], [71.932, 25.802], [71.929, 25.791], [71.928, 25.784], [71.932, 25.772], [71.931, 25.769], [71.923, 25.761], [71.92, 25.751], [71.922, 25.741], [71.926, 25.734], [71.93, 25.728], [71.937, 25.716], [71.943, 25.713], [71.959, 25.708], [71.961, 25.705], [71.961, 25.696], [71.965, 25.684], [71.977, 25.677], [71.98, 25.672], [71.988, 25.668], [71.992, 25.66], [71.99, 25.651], [71.985, 25.639], [71.973, 25.635], [71.965, 25.623], [71.964, 25.617], [71.959, 25.607], [71.95, 25.598], [71.947, 25.597], [71.936, 25.592], [71.932, 25.591], [71.924, 25.581], [71.919, 25.578], [71.913, 25.568], [71.912, 25.564], [71.914, 25.556], [71.921, 25.549], [71.929, 25.531], [71.928, 25.527], [71.935, 25.515], [71.938, 25.501], [71.938, 25.495], [71.932, 25.483], [71.927, 25.469], [71.924, 25.462], [71.914, 25.447], [71.91, 25.439], [71.903, 25.428], [71.899, 25.426], [71.876, 25.419], [71.867, 25.413], [71.855, 25.406], [71.841, 25.398], [71.826, 25.39], [71.818, 25.383], [71.816, 25.378], [71.819, 25.366], [71.822, 25.36], [71.826, 25.346], [71.824, 25.327], [71.82, 25.318], [71.814, 25.309], [71.809, 25.304], [71.797, 25.297], [71.785, 25.291], [71.778, 25.286], [71.778, 25.281], [71.78, 25.276], [71.779, 25.267], [71.781, 25.262], [71.781, 25.255], [71.773, 25.243], [71.761, 25.232], [71.759, 25.226], [71.757, 25.211], [71.759, 25.198], [71.756, 25.187], [71.749, 25.175], [71.748, 25.168], [71.742, 25.163], [71.741, 25.159], [71.736, 25.157], [71.728, 25.159], [71.724, 25.159], [71.713, 25.156], [71.706, 25.15], [71.704, 25.144], [71.709, 25.136], [71.711, 25.118], [71.708, 25.111], [71.71, 25.101], [71.719, 25.089], [71.723, 25.082]], [[73.303, 26.149], [73.299, 26.15], [73.284, 26.15], [73.278, 26.148], [73.264, 26.142], [73.246, 26.146], [73.229, 26.15], [73.219, 26.15], [73.209, 26.145], [73.201, 26.143], [73.188, 26.137], [73.176, 26.135], [73.163, 26.137]], [[74.372, 26.472], [74.371, 26.478], [74.373, 26.486], [74.373, 26.496], [74.371, 26.502], [74.364, 26.51], [74.358, 26.512], [74.35, 26.512], [74.343, 26.52], [74.331, 26.527], [74.32, 26.53], [74.31, 26.53], [74.292, 26.529], [74.282, 26.526], [74.268, 26.52], [74.261, 26.512], [74.257, 26.511], [74.248, 26.511], [74.243, 26.51], [74.239, 26.504], [74.233, 26.502], [74.225, 26.503], [74.217, 26.501], [74.204, 26.5], [74.201, 26.504], [74.187, 26.505], [74.175, 26.5], [74.167, 26.49], [74.161, 26.491], [74.154, 26.488], [74.146, 26.482], [74.137, 26.477], [74.126, 26.469], [74.126, 26.464], [74.121, 26.462], [74.119, 26.457], [74.113, 26.454], [74.107, 26.447], [74.098, 26.442], [74.08, 26.434], [74.057, 26.428], [74.05, 26.425], [74.037, 26.413], [74.026, 26.408], [74.023, 26.405], [74.014, 26.4], [74.008, 26.388], [73.998, 26.38], [73.988, 26.374], [73.984, 26.367], [73.985, 26.359], [73.983, 26.354], [73.983, 26.343], [73.98, 26.341], [73.971, 26.338], [73.954, 26.338], [73.944, 26.335], [73.939, 26.328], [73.93, 26.327], [73.925, 26.324], [73.921, 26.319], [73.914, 26.316], [73.902, 26.316], [73.895, 26.317], [73.885, 26.31], [73.876, 26.306], [73.877, 26.3], [73.874, 26.297], [73.864, 26.297], [73.858, 26.292], [73.854, 26.292], [73.842, 26.291], [73.83, 26.292], [73.82, 26.291], [73.815, 26.286], [73.81, 26.284], [73.797, 26.275], [73.791, 26.276], [73.785, 26.279], [73.778, 26.271], [73.764, 26.263], [73.752, 26.251], [73.737, 26.235], [73.728, 26.231], [73.722, 26.231], [73.714, 26.227], [73.692, 26.227], [73.681, 26.227], [73.674, 26.222], [73.671, 26.207], [73.663, 26.2], [73.649, 26.196], [73.632, 26.194], [73.624, 26.194], [73.614, 26.19], [73.604, 26.185], [73.594, 26.179], [73.581, 26.173], [73.573, 26.173], [73.57, 26.176], [73.569, 26.181], [73.563, 26.183], [73.555, 26.191], [73.548, 26.192], [73.539, 26.188], [73.517, 26.184], [73.501, 26.176], [73.492, 26.176], [73.468, 26.172], [73.458, 26.172], [73.453, 26.17], [73.446, 26.163], [73.421, 26.156], [73.411, 26.156], [73.397, 26.161], [73.392, 26.158], [73.386, 26.153], [73.371, 26.152], [73.356, 26.148], [73.342, 26.144], [73.317, 26.144], [73.31, 26.145], [73.303, 26.149]]]}, "properties": {"rivname": "Luni", "ba_name": "West flowing rivers of Kutch and Saurashtra including Luni"}}, {"type": "Feature", "geometry": {"type": "MultiLineString", "coordinates": [[[85.193, 25.673], [85.192, 25.666], [85.188, 25.657], [85.182, 25.652], [85.181, 25.646]], [[85.193, 25.673], [85.215, 25.667], [85.23, 25.667], [85.245, 25.662], [85.248, 25.659], [85.248, 25.65], [85.253, 25.65], [85.259, 25.646], [85.269, 25.658], [85.277, 25.656], [85.282, 25.649]], [[85.169, 25.795], [85.17, 25.787], [85.169, 25.777], [85.173, 25.763], [85.173, 25.755], [85.176, 25.738], [85.19, 25.716], [85.19, 25.706], [85.192, 25.691], [85.191, 25.682], [85.193, 25.673]], [[85.151, 25.844], [85.149, 25.837], [85.149, 25.826], [85.152, 25.816], [85.156, 25.813], [85.156, 25.808], [85.166, 25.801], [85.169, 25.795]], [[85.151, 25.844], [85.16, 25.842], [85.163, 25.836], [85.167, 25.832], [85.172, 25.807], [85.169, 25.795]], [[85.019, 26.005], [85.024, 26.001], [85.04, 25.992], [85.055, 25.986], [85.066, 25.984], [85.07, 25.981], [85.072, 25.975], [85.075, 25.969], [85.075, 25.958], [85.073, 25.946], [85.074, 25.94], [85.079, 25.934], [85.08, 25.924], [85.085, 25.917], [85.091, 25.913], [85.107, 25.904], [85.111, 25.902], [85.114, 25.898], [85.117, 25.884], [85.119, 25.863], [85.125, 25.86], [85.131, 25.853], [85.14, 25.848], [85.151, 25.844]], [[84.999, 26.012], [85.005, 26.007], [85.013, 26.005], [85.019, 26.005]], [[84.999, 26.012], [85.005, 26.012], [85.013, 26.011], [85.019, 26.005]], [[84.966, 26.092], [84.967, 26.073], [84.964, 26.063], [84.964, 26.056], [84.965, 26.049], [84.965, 26.037], [84.967, 26.034], [84.969, 26.024], [84.974, 26.017], [84.978, 26.015], [84.995, 26.011], [84.999, 26.012]], [[84.952, 26.104], [84.957, 26.1], [84.961, 26.1], [84.966, 26.092]], [[84.952, 26.104], [84.958, 26.105]], [[84.958, 26.105], [84.965, 26.101], [84.966, 26.092]], [[84.916, 26.131], [84.917, 26.123], [84.929, 26.116], [84.938, 26.112], [84.946, 26.106], [84.952, 26.104]], [[84.916, 26.131], [84.925, 26.127], [84.931, 26.123], [84.943, 26.112], [84.946, 26.112], [84.958, 26.105]], [[84.9, 26.185], [84.895, 26.175], [84.894, 26.162], [84.897, 26.153], [84.905, 26.142], [84.909, 26.134], [84.916, 26.131]], [[84.886, 26.23], [84.89, 26.219], [84.899, 26.214], [84.902, 26.209], [84.896, 26.198], [84.9, 26.185]], [[84.886, 26.23], [84.897, 26.232], [84.908, 26.232], [84.915, 26.23], [84.925, 26.224], [84.926, 26.221], [84.924, 26.213], [84.92, 26.21], [84.918, 26.204], [84.913, 26.197], [84.902, 26.189], [84.9, 26.185]], [[84.862, 26.231], [84.875, 26.233], [84.886, 26.23]], [[84.848, 26.244], [84.851, 26.233], [84.862, 26.231]], [[84.848, 26.244], [84.856, 26.236], [84.862, 26.231]], [[84.84, 26.264], [84.84, 26.257], [84.844, 26.252], [84.848, 26.244]], [[84.836, 26.278], [84.84, 26.264]], [[84.836, 26.288], [84.836, 26.278]], [[84.836, 26.288], [84.844, 26.285], [84.846, 26.281], [84.842, 26.276], [84.842, 26.269], [84.84, 26.264]], [[84.824, 26.303], [84.836, 26.288]], [[84.788, 26.314], [84.8, 26.308], [84.809, 26.299], [84.809, 26.293], [84.812, 26.288], [84.821, 26.286], [84.833, 26.278], [84.836, 26.278]], [[84.788, 26.314], [84.804, 26.313], [84.807, 26.315]], [[84.809, 26.315], [84.81, 26.309], [84.822, 26.303], [84.824, 26.303]], [[84.809, 26.315], [84.818, 26.311], [84.824, 26.303]], [[84.807, 26.315], [84.809, 26.315]], [[84.789, 26.322], [84.807, 26.315]], [[84.778, 26.325], [84.78, 26.321], [84.788, 26.314]], [[84.778, 26.325], [84.784, 26.322], [84.789, 26.322]], [[84.763, 26.344], [84.765, 26.338], [84.775, 26.33], [84.778, 26.325]], [[84.763, 26.344], [84.776, 26.337], [84.789, 26.322]], [[84.747, 26.362], [84.752, 26.358], [84.763, 26.344]], [[84.733, 26.39], [84.732, 26.381], [84.735, 26.375], [84.743, 26.365], [84.747, 26.362]], [[84.735, 26.401], [84.733, 26.39]], [[84.735, 26.401], [84.737, 26.395], [84.745, 26.382], [84.745, 26.371], [84.747, 26.362]], [[84.707, 26.424], [84.708, 26.42], [84.708, 26.409], [84.711, 26.402], [84.716, 26.397], [84.72, 26.394], [84.728, 26.394], [84.733, 26.39]], [[84.707, 26.424], [84.727, 26.424], [84.734, 26.419], [84.736, 26.413], [84.735, 26.401]], [[84.612, 26.446], [84.615, 26.45], [84.619, 26.454], [84.625, 26.456]], [[84.612, 26.446], [84.621, 26.449], [84.625, 26.456]], [[84.625, 26.456], [84.631, 26.463]], [[84.631, 26.463], [84.637, 26.466], [84.654, 26.47], [84.667, 26.472], [84.682, 26.466]], [[84.682, 26.466], [84.689, 26.459], [84.694, 26.452], [84.693, 26.443], [84.688, 26.437], [84.686, 26.431], [84.689, 26.425], [84.707, 26.424]], [[84.575, 26.477], [84.575, 26.463], [84.581, 26.447], [84.581, 26.442], [84.585, 26.435], [84.598, 26.435], [84.604, 26.437], [84.612, 26.446]], [[84.575, 26.477], [84.582, 26.479], [84.59, 26.476], [84.594, 26.478], [84.598, 26.476], [84.603, 26.47], [84.608, 26.46], [84.612, 26.462], [84.612, 26.467], [84.622, 26.473], [84.629, 26.47], [84.631, 26.463]], [[84.57, 26.485], [84.575, 26.477]], [[84.57, 26.485], [84.572, 26.489], [84.569, 26.496], [84.57, 26.5]], [[84.57, 26.5], [84.584, 26.497], [84.587, 26.495], [84.6, 26.494], [84.61, 26.49], [84.612, 26.485], [84.62, 26.479], [84.627, 26.475], [84.634, 26.477], [84.638, 26.476], [84.651, 26.478], [84.654, 26.483], [84.659, 26.483], [84.669, 26.48], [84.677, 26.476], [84.682, 26.466]], [[84.501, 26.518], [84.506, 26.513], [84.506, 26.507], [84.515, 26.503], [84.526, 26.5], [84.531, 26.496], [84.547, 26.491], [84.555, 26.491], [84.558, 26.489], [84.57, 26.485]], [[84.481, 26.537], [84.485, 26.534], [84.489, 26.526], [84.501, 26.518]], [[84.481, 26.537], [84.489, 26.538], [84.493, 26.541], [84.501, 26.538], [84.508, 26.538], [84.508, 26.532], [84.502, 26.527], [84.501, 26.518]], [[84.478, 26.539], [84.481, 26.537]], [[84.471, 26.546], [84.478, 26.539]], [[84.471, 26.546], [84.477, 26.545], [84.478, 26.539]], [[84.447, 26.578], [84.447, 26.559], [84.452, 26.557], [84.463, 26.55], [84.471, 26.546]], [[84.46, 26.586], [84.453, 26.577], [84.447, 26.578]], [[84.46, 26.586], [84.454, 26.589], [84.447, 26.586], [84.447, 26.578]], [[84.461, 26.597], [84.462, 26.588], [84.46, 26.586]], [[84.461, 26.597], [84.465, 26.598], [84.471, 26.604], [84.475, 26.605], [84.478, 26.603], [84.482, 26.595], [84.49, 26.598], [84.497, 26.597], [84.496, 26.592], [84.503, 26.587], [84.504, 26.578], [84.511, 26.57], [84.516, 26.569], [84.521, 26.566], [84.529, 26.567], [84.536, 26.564], [84.544, 26.565], [84.548, 26.559], [84.554, 26.545], [84.558, 26.532], [84.558, 26.52], [84.567, 26.507], [84.57, 26.5]], [[84.458, 26.604], [84.461, 26.597]], [[84.391, 26.636], [84.395, 26.614], [84.4, 26.608], [84.406, 26.604], [84.417, 26.602], [84.422, 26.611], [84.42, 26.619], [84.426, 26.627], [84.434, 26.627], [84.439, 26.623], [84.44, 26.619], [84.445, 26.612], [84.452, 26.606], [84.458, 26.604]], [[84.393, 26.649], [84.391, 26.636]], [[84.387, 26.668], [84.393, 26.649]], [[84.387, 26.668], [84.392, 26.664], [84.393, 26.656], [84.393, 26.649]], [[84.349, 26.673], [84.363, 26.658], [84.379, 26.653], [84.387, 26.649], [84.387, 26.638], [84.391, 26.636]], [[84.349, 26.673], [84.37, 26.68], [84.379, 26.679], [84.382, 26.676], [84.387, 26.668]], [[84.392, 26.736], [84.398, 26.728], [84.406, 26.719], [84.42, 26.711], [84.431, 26.698], [84.442, 26.667], [84.447, 26.647], [84.445, 26.638], [84.447, 26.63], [84.45, 26.625], [84.458, 26.604]], [[84.377, 26.751], [84.38, 26.746], [84.392, 26.736]], [[84.378, 26.758], [84.375, 26.755], [84.377, 26.751]], [[84.378, 26.758], [84.377, 26.751]], [[84.361, 26.765], [84.366, 26.767], [84.373, 26.766], [84.378, 26.761], [84.378, 26.758]], [[84.361, 26.765], [84.359, 26.756], [84.349, 26.757], [84.341, 26.76], [84.334, 26.768], [84.333, 26.776], [84.325, 26.787], [84.317, 26.79], [84.311, 26.79], [84.304, 26.792], [84.3, 26.803], [84.295, 26.805], [84.288, 26.812], [84.289, 26.816]], [[84.368, 26.781], [84.37, 26.774], [84.381, 26.764], [84.386, 26.756], [84.392, 26.736]], [[84.268, 26.811], [84.27, 26.808], [84.273, 26.796], [84.28, 26.784], [84.289, 26.78], [84.298, 26.78], [84.305, 26.777], [84.308, 26.774], [84.307, 26.767], [84.303, 26.759], [84.304, 26.752], [84.311, 26.746], [84.318, 26.741], [84.323, 26.733], [84.322, 26.723], [84.315, 26.714], [84.315, 26.707], [84.317, 26.704], [84.33, 26.698], [84.34, 26.688], [84.339, 26.679], [84.347, 26.676], [84.349, 26.673]], [[84.268, 26.811], [84.275, 26.816], [84.286, 26.82]], [[84.289, 26.816], [84.296, 26.812], [84.312, 26.817], [84.316, 26.815], [84.322, 26.811], [84.321, 26.8], [84.333, 26.798], [84.334, 26.793], [84.339, 26.791], [84.339, 26.787], [84.343, 26.778], [84.353, 26.77], [84.355, 26.767], [84.361, 26.765]], [[84.289, 26.816], [84.286, 26.82]], [[84.286, 26.82], [84.286, 26.821]], [[84.286, 26.82], [84.286, 26.821]], [[84.362, 26.818], [84.365, 26.813], [84.367, 26.784], [84.368, 26.781]], [[84.362, 26.818], [84.367, 26.818], [84.38, 26.812], [84.384, 26.807], [84.386, 26.8], [84.385, 26.794], [84.379, 26.788], [84.372, 26.785], [84.368, 26.781]], [[84.325, 26.841], [84.355, 26.823], [84.362, 26.818]], [[84.273, 26.844], [84.275, 26.833], [84.277, 26.827], [84.286, 26.821]], [[84.273, 26.844], [84.281, 26.842], [84.288, 26.846], [84.301, 26.846]], [[84.222, 26.847], [84.222, 26.837], [84.226, 26.832], [84.252, 26.822], [84.26, 26.816], [84.268, 26.811]], [[84.222, 26.847], [84.228, 26.859], [84.239, 26.865], [84.244, 26.87]], [[84.311, 26.845], [84.325, 26.841]], [[84.311, 26.845], [84.318, 26.848], [84.323, 26.845], [84.325, 26.841]], [[84.301, 26.846], [84.311, 26.845]], [[84.244, 26.87], [84.262, 26.872]], [[84.262, 26.872], [84.266, 26.87], [84.269, 26.863], [84.273, 26.844]], [[84.248, 26.888], [84.248, 26.879], [84.257, 26.876], [84.262, 26.872]], [[84.248, 26.888], [84.255, 26.884], [84.258, 26.88], [84.268, 26.876], [84.272, 26.876], [84.278, 26.88], [84.282, 26.879], [84.284, 26.868], [84.286, 26.864], [84.293, 26.86], [84.297, 26.855], [84.301, 26.846]], [[84.248, 26.888], [84.248, 26.895], [84.255, 26.903], [84.256, 26.907], [84.251, 26.914], [84.24, 26.917], [84.238, 26.925], [84.246, 26.931], [84.246, 26.935], [84.239, 26.949], [84.232, 26.956], [84.226, 26.959], [84.22, 26.958], [84.215, 26.948]], [[84.229, 26.889], [84.232, 26.885], [84.233, 26.878], [84.241, 26.871], [84.244, 26.87]], [[84.213, 26.89], [84.219, 26.888], [84.229, 26.889]], [[84.213, 26.89], [84.219, 26.894], [84.223, 26.894], [84.229, 26.889]], [[84.2, 26.927], [84.194, 26.923], [84.197, 26.904], [84.196, 26.9], [84.184, 26.899], [84.184, 26.891], [84.185, 26.889], [84.198, 26.882], [84.201, 26.878], [84.21, 26.861], [84.217, 26.86], [84.222, 26.852], [84.222, 26.847]], [[84.2, 26.927], [84.201, 26.908], [84.204, 26.894], [84.213, 26.89]], [[84.215, 26.948], [84.218, 26.939], [84.215, 26.935], [84.2, 26.927]], [[84.147, 26.974], [84.144, 26.966], [84.146, 26.961], [84.151, 26.955], [84.173, 26.956], [84.195, 26.958], [84.209, 26.953], [84.215, 26.948]], [[84.177, 26.988], [84.167, 26.986], [84.157, 26.982], [84.147, 26.974]], [[84.088, 26.996], [84.095, 26.997], [84.097, 27.008], [84.103, 27.013]], [[84.088, 26.996], [84.079, 27.003], [84.079, 27.011], [84.074, 27.015], [84.073, 27.02], [84.079, 27.025], [84.079, 27.028], [84.067, 27.038]], [[84.103, 27.013], [84.108, 27.015], [84.115, 27.015], [84.124, 27.014], [84.129, 27.007], [84.137, 27.005], [84.14, 27.002], [84.148, 26.997], [84.149, 26.983], [84.147, 26.974]], [[84.061, 27.019], [84.06, 27.012], [84.063, 27.008], [84.067, 26.994], [84.072, 26.992], [84.081, 26.993], [84.088, 26.996]], [[84.061, 27.019], [84.067, 27.026], [84.067, 27.038]], [[84.056, 27.033], [84.061, 27.019]], [[84.098, 27.044], [84.106, 27.037], [84.105, 27.031], [84.097, 27.023], [84.095, 27.016], [84.103, 27.013]], [[84.098, 27.044], [84.09, 27.046], [84.087, 27.043], [84.083, 27.045], [84.075, 27.043], [84.067, 27.038]], [[84.098, 27.044], [84.106, 27.047], [84.11, 27.044], [84.112, 27.039], [84.111, 27.034], [84.114, 27.03], [84.121, 27.027], [84.128, 27.032], [84.135, 27.033]], [[84.064, 27.046], [84.057, 27.044], [84.054, 27.04], [84.056, 27.033]], [[84.064, 27.046], [84.064, 27.042], [84.067, 27.038]], [[84.04, 27.064], [84.038, 27.058], [84.044, 27.053], [84.045, 27.049], [84.056, 27.033]], [[84.04, 27.064], [84.05, 27.064], [84.06, 27.067], [84.069, 27.065], [84.07, 27.058], [84.066, 27.053], [84.064, 27.046]], [[84.02, 27.073], [84.033, 27.069], [84.04, 27.064]], [[83.997, 27.112], [83.995, 27.109], [83.993, 27.101], [83.994, 27.093], [83.993, 27.085], [83.998, 27.08], [84.01, 27.075], [84.012, 27.072], [84.02, 27.073]], [[83.997, 27.112], [84.002, 27.111], [84.007, 27.1], [84.011, 27.089], [84.011, 27.08], [84.013, 27.075], [84.02, 27.073]], [[83.966, 27.172], [83.966, 27.162], [83.968, 27.16], [83.965, 27.153], [83.98, 27.132], [83.982, 27.124], [83.984, 27.122], [83.991, 27.12], [83.997, 27.112]], [[83.966, 27.172], [83.975, 27.162], [83.982, 27.158], [83.984, 27.149], [83.987, 27.146], [83.992, 27.142], [83.999, 27.131], [84, 27.124], [83.997, 27.112]], [[83.967, 27.183], [83.966, 27.172]]]}, "properties": {"rivname": "Gandak", "ba_name": "Ganga"}}, {"type": "Feature", "geometry": {"type": "MultiLineString", "coordinates": [[[93.081, 24.324], [93.083, 24.327]], [[93.083, 24.327], [93.081, 24.324]], [[93.083, 24.327], [93.098, 24.351], [93.102, 24.363], [93.109, 24.372], [93.118, 24.373], [93.124, 24.375], [93.122, 24.38], [93.124, 24.385], [93.13, 24.391], [93.129, 24.397], [93.131, 24.405], [93.141, 24.417], [93.149, 24.43], [93.152, 24.431], [93.158, 24.443], [93.159, 24.452]], [[93.159, 24.452], [93.161, 24.454]], [[93.161, 24.454], [93.161, 24.455]], [[93.161, 24.455], [93.159, 24.452]], [[93.161, 24.455], [93.164, 24.458]], [[93.164, 24.458], [93.161, 24.454]], [[93.164, 24.458], [93.162, 24.463], [93.164, 24.468], [93.168, 24.468], [93.17, 24.473], [93.165, 24.477], [93.17, 24.492], [93.163, 24.492], [93.16, 24.495], [93.162, 24.499], [93.168, 24.504], [93.167, 24.508], [93.167, 24.514], [93.172, 24.52], [93.173, 24.531], [93.177, 24.532], [93.179, 24.545], [93.184, 24.55], [93.188, 24.55], [93.192, 24.559], [93.196, 24.561], [93.197, 24.567], [93.19, 24.57], [93.196, 24.573], [93.204, 24.573], [93.206, 24.578], [93.202, 24.581], [93.202, 24.587], [93.205, 24.589], [93.21, 24.586], [93.217, 24.593], [93.217, 24.6], [93.213, 24.609], [93.215, 24.616], [93.211, 24.622], [93.21, 24.627], [93.219, 24.628], [93.222, 24.631], [93.222, 24.639], [93.22, 24.643], [93.214, 24.65], [93.213, 24.656], [93.208, 24.662], [93.212, 24.668], [93.218, 24.665], [93.219, 24.671], [93.217, 24.674], [93.209, 24.671], [93.205, 24.675], [93.207, 24.679], [93.209, 24.688], [93.213, 24.692], [93.216, 24.698], [93.215, 24.7], [93.207, 24.7], [93.205, 24.706], [93.21, 24.709], [93.217, 24.709], [93.221, 24.707], [93.227, 24.7], [93.229, 24.694], [93.229, 24.686], [93.231, 24.681], [93.247, 24.675], [93.254, 24.67], [93.269, 24.667], [93.276, 24.667], [93.284, 24.67], [93.294, 24.678], [93.298, 24.697], [93.295, 24.704], [93.301, 24.706], [93.314, 24.7], [93.318, 24.706], [93.323, 24.71], [93.325, 24.716], [93.333, 24.718], [93.336, 24.723], [93.335, 24.726], [93.329, 24.729], [93.319, 24.729], [93.32, 24.734], [93.329, 24.743], [93.334, 24.746], [93.334, 24.751], [93.329, 24.757], [93.328, 24.761], [93.332, 24.765], [93.34, 24.761], [93.347, 24.76], [93.356, 24.763], [93.359, 24.768], [93.353, 24.777], [93.354, 24.782], [93.361, 24.79], [93.357, 24.799], [93.361, 24.806], [93.361, 24.813], [93.364, 24.82], [93.378, 24.822], [93.384, 24.821], [93.393, 24.818], [93.396, 24.814], [93.4, 24.813], [93.403, 24.819], [93.4, 24.826], [93.407, 24.829], [93.402, 24.838], [93.398, 24.84], [93.398, 24.852], [93.402, 24.858], [93.402, 24.868], [93.398, 24.87], [93.394, 24.875], [93.394, 24.878], [93.39, 24.883], [93.397, 24.888], [93.398, 24.897], [93.401, 24.899], [93.398, 24.905], [93.391, 24.91], [93.389, 24.913], [93.395, 24.921], [93.395, 24.924]], [[92.91, 24.752], [92.912, 24.762], [92.904, 24.772], [92.904, 24.777], [92.907, 24.783], [92.91, 24.794], [92.917, 24.801], [92.931, 24.805], [92.935, 24.809], [92.943, 24.806], [92.948, 24.801], [92.956, 24.79], [92.963, 24.79], [92.974, 24.786], [92.99, 24.79], [92.999, 24.791], [93.016, 24.789], [93.025, 24.787], [93.031, 24.783], [93.033, 24.779], [93.032, 24.767], [93.034, 24.757], [93.041, 24.749], [93.042, 24.744], [93.042, 24.736], [93.045, 24.73], [93.061, 24.725], [93.072, 24.727], [93.079, 24.724], [93.081, 24.717], [93.075, 24.711], [93.074, 24.706], [93.08, 24.703], [93.083, 24.698], [93.091, 24.687], [93.09, 24.679], [93.092, 24.677], [93.099, 24.68], [93.104, 24.679], [93.103, 24.673], [93.097, 24.665], [93.096, 24.656], [93.094, 24.652], [93.084, 24.652], [93.083, 24.647], [93.087, 24.637], [93.087, 24.629], [93.079, 24.629], [93.076, 24.626], [93.078, 24.62], [93.082, 24.617], [93.083, 24.612], [93.073, 24.605], [93.072, 24.599], [93.079, 24.591], [93.093, 24.592], [93.101, 24.588], [93.105, 24.584], [93.102, 24.581], [93.093, 24.581], [93.087, 24.572], [93.082, 24.571], [93.077, 24.575], [93.06, 24.577], [93.058, 24.574], [93.062, 24.569], [93.069, 24.562], [93.071, 24.559], [93.065, 24.548], [93.061, 24.548], [93.061, 24.553], [93.055, 24.554], [93.05, 24.545], [93.047, 24.529], [93.05, 24.524], [93.05, 24.52], [93.04, 24.515], [93.037, 24.511], [93.041, 24.507], [93.041, 24.503], [93.034, 24.498], [93.032, 24.494], [93.038, 24.489], [93.044, 24.481], [93.046, 24.475], [93.046, 24.467], [93.044, 24.462], [93.036, 24.462], [93.036, 24.442], [93.033, 24.429], [93.038, 24.422], [93.042, 24.421], [93.042, 24.415], [93.035, 24.41], [93.025, 24.407], [93.016, 24.409], [93.015, 24.416], [93.011, 24.417], [93.009, 24.413], [93.009, 24.408], [93.015, 24.403], [93.021, 24.395], [93.026, 24.39], [93.023, 24.386], [93.019, 24.383], [93.021, 24.373], [93.018, 24.366], [93.019, 24.357], [93.017, 24.352], [93.018, 24.348], [93.03, 24.344], [93.035, 24.347], [93.04, 24.343], [93.04, 24.339], [93.036, 24.332], [93.034, 24.321], [93.021, 24.3], [93.018, 24.296], [93.009, 24.289], [93.007, 24.279], [93.008, 24.275], [93.012, 24.271], [93.005, 24.263], [93.003, 24.259], [93.006, 24.254], [93.009, 24.243], [93.015, 24.237], [93.021, 24.235], [93.026, 24.242], [93.025, 24.248], [93.022, 24.253], [93.027, 24.259], [93.034, 24.263], [93.047, 24.275], [93.052, 24.278], [93.051, 24.284], [93.053, 24.289], [93.059, 24.295], [93.06, 24.301], [93.073, 24.313], [93.074, 24.319], [93.081, 24.324]]]}, "properties": {"rivname": "Barak or Ahu or Turuong", "ba_name": "Barak and Others"}}, {"type": "Feature", "geometry": {"type": "LineString", "coordinates": [[92.887, 24.662], [92.886, 24.666], [92.892, 24.668], [92.889, 24.673], [92.879, 24.677], [92.884, 24.682], [92.883, 24.684], [92.888, 24.696], [92.883, 24.698], [92.877, 24.707], [92.886, 24.713], [92.882, 24.72], [92.886, 24.722], [92.893, 24.723], [92.897, 24.73], [92.894, 24.734], [92.893, 24.738], [92.885, 24.735], [92.879, 24.738], [92.874, 24.743], [92.878, 24.748], [92.895, 24.745], [92.904, 24.746], [92.91, 24.752]]}, "properties": {"rivname": "Sonai or Tulralal", "ba_name": "Barak and Others"}}, {"type": "Feature", "geometry": {"type": "LineString", "coordinates": [[92.91, 24.752], [92.904, 24.751], [92.889, 24.761], [92.882, 24.763], [92.879, 24.765], [92.878, 24.774], [92.871, 24.773], [92.852, 24.761], [92.845, 24.751], [92.84, 24.753], [92.839, 24.76], [92.833, 24.765], [92.831, 24.774], [92.833, 24.785], [92.832, 24.787], [92.823, 24.785], [92.815, 24.785], [92.813, 24.791], [92.813, 24.797], [92.818, 24.806], [92.824, 24.806], [92.829, 24.796], [92.835, 24.796], [92.84, 24.801], [92.843, 24.806], [92.849, 24.826], [92.854, 24.828], [92.863, 24.827], [92.858, 24.832], [92.848, 24.835], [92.835, 24.835], [92.826, 24.832], [92.822, 24.825], [92.82, 24.823], [92.811, 24.823], [92.806, 24.825], [92.805, 24.832], [92.809, 24.836], [92.816, 24.841], [92.816, 24.846], [92.807, 24.846], [92.801, 24.844], [92.796, 24.835], [92.793, 24.833], [92.785, 24.834], [92.783, 24.837], [92.783, 24.847], [92.779, 24.851], [92.77, 24.852], [92.767, 24.855], [92.769, 24.867], [92.767, 24.868], [92.759, 24.86], [92.757, 24.859], [92.751, 24.868], [92.745, 24.871], [92.739, 24.878], [92.736, 24.886], [92.732, 24.893], [92.73, 24.901], [92.731, 24.914], [92.729, 24.916], [92.721, 24.915], [92.716, 24.911], [92.713, 24.904], [92.705, 24.895], [92.701, 24.884], [92.702, 24.878], [92.705, 24.874], [92.716, 24.876], [92.723, 24.875], [92.73, 24.871], [92.726, 24.864], [92.72, 24.861], [92.714, 24.861], [92.704, 24.869], [92.692, 24.867], [92.685, 24.86], [92.681, 24.85], [92.686, 24.843], [92.697, 24.838], [92.695, 24.834], [92.687, 24.837], [92.676, 24.845], [92.67, 24.847], [92.662, 24.843], [92.657, 24.835], [92.647, 24.827], [92.642, 24.825], [92.638, 24.828], [92.638, 24.834], [92.641, 24.842], [92.638, 24.851], [92.63, 24.856], [92.623, 24.857], [92.618, 24.86], [92.612, 24.866], [92.6, 24.869], [92.601, 24.878], [92.599, 24.882], [92.588, 24.877], [92.579, 24.875], [92.57, 24.875], [92.556, 24.878], [92.551, 24.877], [92.537, 24.867], [92.528, 24.864], [92.522, 24.866], [92.521, 24.876], [92.519, 24.88], [92.515, 24.881], [92.506, 24.879], [92.489, 24.876]]}, "properties": {"rivname": "Barak", "ba_name": "Barak and Others"}}, {"type": "Feature", "geometry": {"type": "LineString", "coordinates": [[93.395, 24.924], [93.393, 24.932], [93.398, 24.941], [93.405, 24.943], [93.408, 24.959], [93.415, 24.958], [93.418, 24.968], [93.417, 24.971], [93.421, 24.976], [93.427, 24.975], [93.43, 24.98], [93.427, 24.988], [93.428, 24.99], [93.436, 24.992], [93.437, 24.999], [93.437, 25.008], [93.438, 25.011], [93.449, 25.016], [93.444, 25.019], [93.444, 25.024], [93.451, 25.039], [93.452, 25.044], [93.458, 25.044], [93.462, 25.039], [93.463, 25.05], [93.467, 25.053], [93.467, 25.059], [93.474, 25.063], [93.474, 25.066], [93.476, 25.075], [93.474, 25.081], [93.479, 25.086], [93.472, 25.087], [93.472, 25.092], [93.476, 25.096], [93.471, 25.103], [93.47, 25.107], [93.473, 25.117], [93.478, 25.119], [93.478, 25.125], [93.486, 25.129], [93.491, 25.134], [93.49, 25.139], [93.493, 25.141], [93.501, 25.141], [93.504, 25.144], [93.506, 25.149], [93.512, 25.156], [93.522, 25.161], [93.539, 25.159], [93.549, 25.165], [93.561, 25.164], [93.57, 25.167], [93.579, 25.172], [93.583, 25.177], [93.584, 25.182], [93.596, 25.192], [93.604, 25.196], [93.605, 25.202], [93.61, 25.204], [93.608, 25.21], [93.609, 25.215], [93.613, 25.219], [93.622, 25.233], [93.621, 25.236], [93.628, 25.244], [93.628, 25.249], [93.635, 25.256], [93.638, 25.264], [93.645, 25.267], [93.643, 25.274], [93.645, 25.278], [93.651, 25.284], [93.655, 25.292], [93.659, 25.297], [93.659, 25.306], [93.664, 25.308], [93.668, 25.314], [93.664, 25.324], [93.674, 25.328], [93.68, 25.328], [93.682, 25.341], [93.686, 25.345], [93.684, 25.352], [93.688, 25.361], [93.696, 25.357], [93.702, 25.359], [93.709, 25.358], [93.712, 25.368], [93.715, 25.373], [93.725, 25.379], [93.731, 25.38], [93.735, 25.386], [93.734, 25.393], [93.741, 25.404], [93.752, 25.408], [93.76, 25.416], [93.764, 25.415], [93.772, 25.426], [93.778, 25.429], [93.783, 25.434], [93.781, 25.438], [93.786, 25.447], [93.793, 25.455], [93.801, 25.462], [93.814, 25.459], [93.821, 25.461], [93.826, 25.464], [93.83, 25.47], [93.83, 25.473], [93.836, 25.477], [93.845, 25.483], [93.85, 25.481], [93.853, 25.485], [93.858, 25.487], [93.865, 25.486], [93.871, 25.484], [93.883, 25.485], [93.887, 25.487], [93.895, 25.486], [93.896, 25.485], [93.907, 25.481], [93.917, 25.483], [93.921, 25.479], [93.926, 25.48], [93.931, 25.472], [93.931, 25.463], [93.94, 25.459], [93.943, 25.451], [93.945, 25.45], [93.954, 25.442], [93.96, 25.441], [93.962, 25.437], [93.957, 25.431], [93.962, 25.429], [93.964, 25.425], [93.971, 25.423], [93.974, 25.418], [93.979, 25.421], [93.986, 25.419], [93.992, 25.43], [93.997, 25.426], [94, 25.42], [94.009, 25.422], [94.008, 25.428], [94.012, 25.43], [94.02, 25.424], [94.028, 25.424], [94.031, 25.418], [94.035, 25.418], [94.034, 25.413], [94.039, 25.409], [94.047, 25.411], [94.051, 25.408], [94.056, 25.409], [94.064, 25.407], [94.066, 25.403], [94.071, 25.398], [94.071, 25.39], [94.073, 25.388], [94.066, 25.375], [94.06, 25.355], [94.052, 25.341], [94.049, 25.332], [94.051, 25.328], [94.045, 25.321], [94.043, 25.309], [94.057, 25.312], [94.058, 25.315], [94.066, 25.317], [94.066, 25.322], [94.064, 25.326], [94.074, 25.327], [94.075, 25.331], [94.085, 25.336], [94.09, 25.345], [94.096, 25.348], [94.096, 25.36], [94.098, 25.368], [94.094, 25.374], [94.1, 25.377], [94.1, 25.381], [94.107, 25.383], [94.11, 25.391], [94.113, 25.393], [94.122, 25.391], [94.127, 25.396], [94.132, 25.394], [94.142, 25.396], [94.149, 25.402], [94.153, 25.402], [94.151, 25.41], [94.158, 25.408], [94.162, 25.409], [94.164, 25.413]]}, "properties": {"rivname": "Barak or Tuiong", "ba_name": "Barak and Others"}}, {"type": "Feature", "geometry": {"type": "LineString", "coordinates": [[94.164, 25.413], [94.17, 25.413], [94.167, 25.418], [94.172, 25.424], [94.171, 25.432], [94.174, 25.436], [94.184, 25.439], [94.19, 25.438], [94.195, 25.438], [94.198, 25.441], [94.205, 25.44], [94.212, 25.444], [94.216, 25.445], [94.221, 25.454], [94.228, 25.458], [94.228, 25.462], [94.237, 25.469], [94.261, 25.472], [94.274, 25.476], [94.278, 25.474], [94.292, 25.473], [94.298, 25.471], [94.308, 25.473]]}, "properties": {"rivname": "Barak or Woury Lok", "ba_name": "Barak and Others"}}, {"type": "Feature", "geometry": {"type": "MultiLineString", "coordinates": [[[81.992, 20.224], [81.99, 20.23], [81.996, 20.234], [81.996, 20.242], [81.995, 20.253], [81.996, 20.255], [81.994, 20.263], [81.988, 20.265], [81.986, 20.272], [81.986, 20.279], [81.988, 20.283], [81.979, 20.291], [81.976, 20.291], [81.969, 20.301], [81.958, 20.303], [81.952, 20.31], [81.942, 20.318], [81.927, 20.313], [81.92, 20.313], [81.919, 20.309], [81.904, 20.307], [81.898, 20.312], [81.885, 20.307], [81.877, 20.306], [81.875, 20.3], [81.868, 20.301], [81.866, 20.303], [81.86, 20.301], [81.852, 20.301], [81.846, 20.306], [81.846, 20.309], [81.836, 20.311], [81.836, 20.305], [81.826, 20.309], [81.814, 20.3], [81.797, 20.3], [81.772, 20.3], [81.755, 20.301], [81.747, 20.307], [81.742, 20.306], [81.736, 20.307], [81.734, 20.31], [81.726, 20.312], [81.721, 20.306], [81.716, 20.305], [81.712, 20.3], [81.704, 20.3], [81.698, 20.298], [81.692, 20.3], [81.678, 20.298], [81.671, 20.295], [81.666, 20.295], [81.662, 20.299], [81.65, 20.296], [81.643, 20.296], [81.635, 20.301], [81.63, 20.298], [81.622, 20.299], [81.617, 20.302], [81.61, 20.297], [81.603, 20.3], [81.587, 20.299], [81.583, 20.295], [81.579, 20.295], [81.576, 20.3], [81.569, 20.302], [81.553, 20.299], [81.549, 20.302], [81.541, 20.302], [81.536, 20.305], [81.535, 20.31], [81.528, 20.317], [81.522, 20.327], [81.519, 20.34], [81.509, 20.344], [81.505, 20.348], [81.502, 20.358]], [[81.518, 20.342], [81.513, 20.346], [81.512, 20.35], [81.502, 20.358]], [[81.502, 20.358], [81.494, 20.361], [81.492, 20.368], [81.48, 20.378], [81.479, 20.381], [81.467, 20.393], [81.462, 20.4], [81.46, 20.407]], [[81.483, 20.378], [81.479, 20.385], [81.476, 20.386], [81.471, 20.395], [81.462, 20.407], [81.457, 20.409], [81.448, 20.417], [81.449, 20.433], [81.445, 20.438], [81.446, 20.447], [81.448, 20.449], [81.447, 20.456], [81.441, 20.46], [81.434, 20.462], [81.425, 20.466], [81.417, 20.475], [81.406, 20.481], [81.394, 20.49], [81.389, 20.492], [81.386, 20.496], [81.384, 20.502], [81.379, 20.507], [81.38, 20.516], [81.382, 20.523]], [[86.423, 20.313], [86.43, 20.321], [86.439, 20.319], [86.454, 20.32], [86.473, 20.326], [86.476, 20.331], [86.479, 20.333]], [[86.423, 20.313], [86.426, 20.309], [86.438, 20.31], [86.446, 20.309], [86.45, 20.31], [86.459, 20.318], [86.465, 20.319], [86.474, 20.315], [86.482, 20.314], [86.489, 20.318], [86.495, 20.318], [86.503, 20.325], [86.507, 20.325], [86.512, 20.321], [86.516, 20.322], [86.517, 20.325], [86.517, 20.333], [86.523, 20.333], [86.525, 20.327], [86.53, 20.328], [86.542, 20.327], [86.55, 20.325], [86.558, 20.325], [86.563, 20.327], [86.574, 20.336], [86.578, 20.337], [86.598, 20.336], [86.607, 20.34], [86.615, 20.339], [86.618, 20.336], [86.625, 20.332], [86.632, 20.331], [86.644, 20.331], [86.661, 20.329], [86.669, 20.325], [86.677, 20.319], [86.685, 20.311], [86.694, 20.297], [86.703, 20.294], [86.713, 20.295], [86.725, 20.298]], [[86.302, 20.326], [86.311, 20.323], [86.323, 20.315], [86.33, 20.315], [86.342, 20.313], [86.345, 20.314], [86.355, 20.32], [86.361, 20.322], [86.368, 20.32], [86.369, 20.318], [86.379, 20.315], [86.383, 20.311], [86.39, 20.308], [86.399, 20.309], [86.411, 20.314], [86.42, 20.315], [86.423, 20.313]], [[86.268, 20.343], [86.271, 20.337], [86.283, 20.331], [86.292, 20.323], [86.296, 20.323], [86.302, 20.326]], [[86.268, 20.343], [86.278, 20.339], [86.282, 20.338], [86.293, 20.329], [86.298, 20.329], [86.302, 20.326]], [[81.397, 20.487], [81.383, 20.488], [81.378, 20.493], [81.378, 20.504], [81.371, 20.514], [81.371, 20.519], [81.382, 20.523]], [[81.382, 20.523], [81.386, 20.529], [81.39, 20.541], [81.398, 20.546], [81.408, 20.552], [81.413, 20.556], [81.427, 20.56], [81.436, 20.564], [81.451, 20.569], [81.466, 20.575], [81.477, 20.575], [81.486, 20.573], [81.494, 20.573], [81.504, 20.574], [81.519, 20.579], [81.529, 20.581], [81.535, 20.585], [81.538, 20.594], [81.547, 20.601], [81.558, 20.605], [81.561, 20.607], [81.564, 20.614], [81.564, 20.622], [81.569, 20.63], [81.562, 20.645], [81.561, 20.65], [81.563, 20.66], [81.567, 20.665], [81.572, 20.668], [81.574, 20.673], [81.582, 20.681], [81.588, 20.685], [81.599, 20.689], [81.604, 20.688], [81.612, 20.685], [81.619, 20.679], [81.625, 20.677], [81.635, 20.679], [81.64, 20.683], [81.643, 20.688], [81.65, 20.693], [81.657, 20.696], [81.671, 20.705], [81.68, 20.71], [81.688, 20.71], [81.701, 20.709], [81.712, 20.715], [81.722, 20.724], [81.733, 20.724], [81.741, 20.728], [81.744, 20.733], [81.755, 20.741], [81.758, 20.743], [81.763, 20.747], [81.767, 20.748], [81.771, 20.752], [81.774, 20.76], [81.773, 20.768], [81.776, 20.774], [81.783, 20.779], [81.787, 20.779], [81.788, 20.785], [81.794, 20.795], [81.794, 20.807], [81.787, 20.816], [81.788, 20.823], [81.786, 20.83], [81.789, 20.831], [81.79, 20.837], [81.795, 20.838], [81.798, 20.845], [81.803, 20.851], [81.803, 20.854], [81.81, 20.858], [81.816, 20.865], [81.818, 20.877], [81.821, 20.884], [81.82, 20.892], [81.819, 20.901], [81.817, 20.906], [81.822, 20.916], [81.821, 20.922], [81.827, 20.926], [81.828, 20.935], [81.834, 20.937], [81.838, 20.941], [81.845, 20.939], [81.853, 20.94], [81.856, 20.945], [81.858, 20.953], [81.859, 20.961], [81.869, 20.964], [81.875, 20.974], [81.881, 20.978], [81.883, 20.986], [81.887, 20.989], [81.903, 20.993], [81.903, 20.997], [81.909, 20.997], [81.913, 21.001], [81.917, 21.013], [81.92, 21.013], [81.931, 21.021], [81.933, 21.026], [81.948, 21.035], [81.951, 21.04], [81.957, 21.043], [81.959, 21.052], [81.963, 21.056], [81.97, 21.059], [81.973, 21.069], [81.976, 21.073], [81.982, 21.073], [81.988, 21.078], [81.988, 21.086], [81.984, 21.089], [81.985, 21.095], [81.99, 21.102], [81.989, 21.116], [81.996, 21.125], [81.996, 21.129], [81.999, 21.132], [81.998, 21.137], [82.002, 21.143], [82.011, 21.151], [82.01, 21.155], [82.015, 21.161], [82.019, 21.171], [82.015, 21.179], [82.019, 21.185], [82.015, 21.188], [82.013, 21.193], [82.015, 21.202], [82.012, 21.206], [82.016, 21.211], [82.014, 21.217], [82.019, 21.223], [82.023, 21.234], [82.03, 21.242], [82.039, 21.245], [82.043, 21.246], [82.052, 21.25], [82.056, 21.254], [82.058, 21.261], [82.068, 21.264], [82.072, 21.269], [82.078, 21.277], [82.085, 21.279], [82.091, 21.283], [82.102, 21.285], [82.105, 21.288], [82.109, 21.288], [82.119, 21.292], [82.127, 21.292], [82.135, 21.3], [82.139, 21.305], [82.14, 21.311], [82.152, 21.312], [82.156, 21.321], [82.153, 21.327], [82.157, 21.331], [82.161, 21.333], [82.166, 21.337], [82.174, 21.34], [82.18, 21.352], [82.179, 21.356], [82.179, 21.364], [82.184, 21.37], [82.195, 21.373], [82.199, 21.381], [82.198, 21.39], [82.206, 21.397], [82.207, 21.4], [82.213, 21.403], [82.212, 21.413], [82.219, 21.417], [82.22, 21.42], [82.232, 21.429], [82.23, 21.434], [82.232, 21.44], [82.238, 21.445], [82.244, 21.445], [82.243, 21.453], [82.24, 21.456], [82.242, 21.461], [82.246, 21.464], [82.247, 21.474], [82.254, 21.48], [82.257, 21.485], [82.27, 21.497], [82.271, 21.504], [82.287, 21.513], [82.297, 21.52], [82.31, 21.523], [82.316, 21.527], [82.323, 21.53], [82.33, 21.537], [82.335, 21.549], [82.339, 21.551], [82.344, 21.56], [82.353, 21.565], [82.361, 21.567], [82.378, 21.587], [82.377, 21.593], [82.381, 21.597], [82.38, 21.601], [82.381, 21.612], [82.38, 21.615], [82.384, 21.62], [82.393, 21.628], [82.395, 21.641], [82.412, 21.659], [82.412, 21.665], [82.416, 21.67], [82.423, 21.674], [82.43, 21.674], [82.434, 21.678], [82.442, 21.678], [82.449, 21.681], [82.459, 21.695], [82.461, 21.696]], [[84.979, 20.477], [84.984, 20.475], [84.992, 20.47], [85.008, 20.463], [85.016, 20.456], [85.021, 20.447], [85.024, 20.444], [85.031, 20.445], [85.035, 20.443], [85.037, 20.439], [85.042, 20.44], [85.049, 20.44], [85.053, 20.437], [85.062, 20.434], [85.066, 20.434], [85.072, 20.431], [85.079, 20.423], [85.082, 20.415], [85.092, 20.416], [85.097, 20.413], [85.096, 20.407], [85.103, 20.405], [85.108, 20.405], [85.115, 20.4], [85.12, 20.399], [85.128, 20.402], [85.132, 20.401], [85.136, 20.395], [85.142, 20.388], [85.156, 20.374], [85.164, 20.367], [85.172, 20.368], [85.179, 20.37], [85.192, 20.381], [85.199, 20.386], [85.206, 20.389], [85.212, 20.389], [85.218, 20.386], [85.225, 20.381], [85.23, 20.379], [85.239, 20.382], [85.245, 20.382], [85.253, 20.38], [85.265, 20.37], [85.271, 20.36], [85.274, 20.357], [85.281, 20.354], [85.286, 20.349], [85.295, 20.346], [85.3, 20.346], [85.309, 20.343], [85.316, 20.343], [85.325, 20.345], [85.338, 20.344], [85.348, 20.346], [85.354, 20.35], [85.361, 20.355], [85.384, 20.36], [85.391, 20.366], [85.391, 20.373], [85.397, 20.379], [85.408, 20.382], [85.414, 20.382], [85.422, 20.379], [85.432, 20.372], [85.436, 20.371], [85.445, 20.375], [85.452, 20.373], [85.458, 20.365], [85.464, 20.364], [85.478, 20.365], [85.482, 20.368], [85.483, 20.374], [85.488, 20.375], [85.499, 20.384], [85.503, 20.385], [85.509, 20.382], [85.516, 20.384], [85.522, 20.381], [85.527, 20.381], [85.539, 20.389], [85.547, 20.391], [85.558, 20.391], [85.567, 20.396], [85.572, 20.406], [85.576, 20.408], [85.586, 20.41], [85.59, 20.413], [85.591, 20.423], [85.593, 20.427], [85.599, 20.431], [85.617, 20.434], [85.62, 20.436], [85.628, 20.445], [85.632, 20.455], [85.636, 20.46], [85.64, 20.461], [85.649, 20.46], [85.656, 20.454], [85.666, 20.448], [85.697, 20.435], [85.706, 20.431], [85.712, 20.431], [85.728, 20.435], [85.735, 20.441], [85.737, 20.446], [85.741, 20.451], [85.751, 20.456], [85.76, 20.472], [85.764, 20.475], [85.766, 20.483], [85.766, 20.496], [85.773, 20.502], [85.781, 20.505], [85.794, 20.507], [85.803, 20.499], [85.807, 20.498]], [[84.979, 20.477], [84.975, 20.477], [84.968, 20.471], [84.963, 20.475], [84.958, 20.477], [84.954, 20.483], [84.949, 20.487], [84.941, 20.488], [84.928, 20.488], [84.915, 20.493], [84.907, 20.499]], [[84.907, 20.499], [84.92, 20.504], [84.928, 20.504], [84.94, 20.501], [84.951, 20.497], [84.954, 20.491], [84.965, 20.489], [84.972, 20.485], [84.978, 20.48], [84.979, 20.477]], [[85.769, 20.475], [85.775, 20.484], [85.779, 20.489], [85.789, 20.494], [85.807, 20.498]], [[85.807, 20.498], [85.818, 20.496], [85.825, 20.498], [85.837, 20.508], [85.849, 20.51], [85.855, 20.507], [85.872, 20.495], [85.89, 20.488], [85.895, 20.481], [85.901, 20.48], [85.912, 20.474], [85.931, 20.473], [85.939, 20.476], [85.944, 20.474], [85.948, 20.467], [85.956, 20.464], [85.963, 20.464], [85.972, 20.464], [85.982, 20.461], [85.989, 20.45], [85.996, 20.447], [86.001, 20.45], [86.012, 20.449], [86.018, 20.451], [86.024, 20.45], [86.029, 20.444], [86.035, 20.441], [86.039, 20.44], [86.044, 20.443], [86.05, 20.441], [86.053, 20.444], [86.065, 20.439], [86.066, 20.435], [86.075, 20.43], [86.093, 20.432], [86.102, 20.421], [86.118, 20.415], [86.121, 20.412], [86.127, 20.412], [86.141, 20.405], [86.157, 20.402], [86.159, 20.398], [86.164, 20.395], [86.175, 20.395], [86.182, 20.397], [86.186, 20.389], [86.186, 20.382], [86.189, 20.377], [86.196, 20.375], [86.203, 20.371], [86.207, 20.366], [86.215, 20.361], [86.225, 20.359], [86.238, 20.361], [86.245, 20.356], [86.256, 20.355], [86.258, 20.352], [86.267, 20.346], [86.268, 20.343]], [[83.912, 21.231], [83.907, 21.216], [83.905, 21.2], [83.896, 21.179], [83.891, 21.172], [83.875, 21.149], [83.871, 21.143], [83.861, 21.118], [83.859, 21.108], [83.853, 21.098], [83.847, 21.091], [83.839, 21.084], [83.838, 21.075], [83.836, 21.07], [83.829, 21.064], [83.826, 21.06], [83.823, 21.046], [83.816, 21.03], [83.817, 21.025], [83.82, 21.014], [83.827, 21.009], [83.828, 21.007], [83.828, 20.99], [83.821, 20.972], [83.825, 20.966], [83.82, 20.954], [83.821, 20.948], [83.827, 20.942], [83.826, 20.931], [83.83, 20.923], [83.832, 20.909], [83.835, 20.904], [83.843, 20.898], [83.86, 20.889], [83.874, 20.889], [83.88, 20.884], [83.895, 20.868], [83.907, 20.853], [83.912, 20.85], [83.921, 20.847], [83.934, 20.846], [83.947, 20.844], [83.964, 20.837], [83.974, 20.835], [83.983, 20.838], [83.989, 20.839], [83.999, 20.837], [84.002, 20.838], [84.008, 20.835], [84.014, 20.836], [84.019, 20.832], [84.024, 20.817], [84.028, 20.814], [84.036, 20.811], [84.046, 20.814], [84.051, 20.82], [84.059, 20.825], [84.073, 20.828], [84.083, 20.827], [84.094, 20.831], [84.099, 20.831], [84.106, 20.834], [84.114, 20.836], [84.117, 20.841], [84.123, 20.846], [84.129, 20.848], [84.131, 20.852], [84.135, 20.856], [84.143, 20.858], [84.145, 20.863], [84.15, 20.865], [84.156, 20.865], [84.163, 20.867], [84.165, 20.875], [84.172, 20.878], [84.175, 20.884], [84.186, 20.888], [84.193, 20.885], [84.201, 20.888], [84.203, 20.892], [84.208, 20.895], [84.213, 20.895], [84.218, 20.901], [84.226, 20.902], [84.231, 20.898], [84.238, 20.898], [84.243, 20.894], [84.248, 20.893], [84.256, 20.888], [84.262, 20.884], [84.268, 20.881], [84.276, 20.882], [84.287, 20.873], [84.294, 20.863], [84.305, 20.864], [84.308, 20.862], [84.318, 20.862], [84.322, 20.86], [84.328, 20.853], [84.326, 20.846], [84.33, 20.842], [84.331, 20.834], [84.329, 20.824], [84.334, 20.814], [84.334, 20.794], [84.343, 20.788], [84.348, 20.783], [84.352, 20.776], [84.355, 20.774], [84.357, 20.767], [84.364, 20.764], [84.366, 20.76], [84.378, 20.753], [84.384, 20.747], [84.39, 20.746], [84.401, 20.742], [84.412, 20.732], [84.418, 20.729], [84.423, 20.729], [84.43, 20.735], [84.44, 20.735], [84.445, 20.733], [84.455, 20.734], [84.465, 20.732], [84.486, 20.724], [84.499, 20.711], [84.51, 20.712], [84.515, 20.709], [84.515, 20.705], [84.522, 20.702], [84.527, 20.696], [84.537, 20.69], [84.545, 20.689], [84.554, 20.692], [84.557, 20.687], [84.567, 20.682], [84.572, 20.682], [84.575, 20.68], [84.577, 20.675], [84.582, 20.672], [84.589, 20.672], [84.59, 20.668], [84.608, 20.649], [84.609, 20.644], [84.613, 20.644], [84.618, 20.639], [84.635, 20.628], [84.641, 20.621], [84.654, 20.619], [84.663, 20.614], [84.672, 20.617], [84.677, 20.614], [84.693, 20.615], [84.702, 20.609], [84.711, 20.608], [84.715, 20.613], [84.726, 20.613], [84.73, 20.615], [84.736, 20.616], [84.744, 20.612], [84.751, 20.61], [84.761, 20.608], [84.767, 20.605], [84.775, 20.602], [84.78, 20.6], [84.783, 20.588], [84.794, 20.579], [84.802, 20.577], [84.819, 20.563], [84.832, 20.549], [84.84, 20.537], [84.853, 20.522], [84.859, 20.516], [84.867, 20.509], [84.877, 20.504], [84.902, 20.499], [84.907, 20.499]], [[83.898, 21.266], [83.905, 21.252], [83.909, 21.247], [83.912, 21.231]], [[83.898, 21.272], [83.898, 21.266]], [[83.898, 21.272], [83.898, 21.266]], [[83.888, 21.282], [83.892, 21.272], [83.898, 21.266]], [[83.888, 21.282], [83.895, 21.278], [83.898, 21.272]], [[83.928, 21.358], [83.922, 21.356], [83.919, 21.35], [83.909, 21.336], [83.908, 21.331], [83.905, 21.324], [83.9, 21.319], [83.893, 21.304], [83.892, 21.294], [83.888, 21.285], [83.888, 21.282]], [[83.928, 21.358], [83.919, 21.342], [83.917, 21.328], [83.917, 21.32], [83.915, 21.296], [83.911, 21.289], [83.91, 21.283], [83.91, 21.27], [83.912, 21.263], [83.917, 21.258], [83.918, 21.251], [83.918, 21.245], [83.912, 21.231]], [[83.9, 21.517], [83.91, 21.503], [83.918, 21.495], [83.93, 21.49], [83.945, 21.476], [83.956, 21.469], [83.969, 21.457], [83.975, 21.446], [83.98, 21.44], [83.977, 21.433], [83.979, 21.428], [83.979, 21.411], [83.979, 21.4], [83.973, 21.386], [83.968, 21.381], [83.961, 21.37], [83.951, 21.365], [83.945, 21.365], [83.928, 21.358]], [[83.9, 21.517], [83.895, 21.518], [83.89, 21.517], [83.879, 21.517], [83.872, 21.514], [83.862, 21.515], [83.855, 21.518], [83.852, 21.522], [83.846, 21.536]], [[83.846, 21.536], [83.855, 21.539], [83.864, 21.538], [83.877, 21.534], [83.885, 21.529], [83.889, 21.525], [83.893, 21.525], [83.899, 21.52], [83.9, 21.517]], [[83.846, 21.536], [83.861, 21.559], [83.867, 21.564], [83.874, 21.565], [83.898, 21.558], [83.921, 21.559], [83.949, 21.562], [83.96, 21.562], [83.972, 21.56], [83.967, 21.576], [83.959, 21.583], [83.936, 21.591], [83.913, 21.594], [83.898, 21.597], [83.87, 21.618], [83.862, 21.62], [83.834, 21.613], [83.801, 21.614], [83.78, 21.624], [83.728, 21.664]], [[83.728, 21.664], [83.729, 21.653], [83.737, 21.627], [83.754, 21.611], [83.767, 21.601], [83.809, 21.579], [83.824, 21.572], [83.834, 21.56], [83.838, 21.553], [83.846, 21.536]], [[82.461, 21.696], [82.461, 21.709], [82.464, 21.711]], [[82.461, 21.696], [82.465, 21.698], [82.468, 21.704], [82.464, 21.711]], [[82.464, 21.711], [82.466, 21.72], [82.477, 21.724], [82.478, 21.731], [82.486, 21.732], [82.5, 21.731], [82.517, 21.731], [82.528, 21.736], [82.543, 21.736], [82.546, 21.738], [82.554, 21.738], [82.558, 21.737], [82.561, 21.731], [82.57, 21.726], [82.579, 21.722], [82.582, 21.72], [82.589, 21.718], [82.592, 21.715], [82.6, 21.714], [82.605, 21.716], [82.619, 21.728], [82.625, 21.728], [82.638, 21.726], [82.648, 21.715], [82.653, 21.711], [82.673, 21.712], [82.683, 21.723], [82.692, 21.729], [82.694, 21.732], [82.704, 21.733], [82.705, 21.731], [82.719, 21.727], [82.735, 21.72], [82.746, 21.719], [82.75, 21.718], [82.767, 21.719], [82.773, 21.719], [82.775, 21.722], [82.793, 21.722], [82.798, 21.725], [82.806, 21.722], [82.814, 21.718], [82.822, 21.715], [82.832, 21.709], [82.836, 21.705], [82.843, 21.702], [82.85, 21.696], [82.857, 21.693], [82.868, 21.69], [82.888, 21.69], [82.902, 21.696], [82.912, 21.707], [82.919, 21.712], [82.931, 21.727], [82.935, 21.73], [82.944, 21.732], [82.952, 21.729], [82.955, 21.726], [82.958, 21.719], [82.969, 21.72], [82.974, 21.719], [82.981, 21.721], [82.989, 21.724], [82.998, 21.73], [83.009, 21.734], [83.021, 21.735], [83.033, 21.732], [83.042, 21.733], [83.046, 21.732], [83.068, 21.712], [83.075, 21.713], [83.092, 21.715], [83.095, 21.719], [83.102, 21.716], [83.11, 21.715], [83.115, 21.719], [83.119, 21.718], [83.128, 21.723], [83.137, 21.725], [83.15, 21.721], [83.16, 21.722], [83.165, 21.715], [83.179, 21.71], [83.187, 21.713], [83.193, 21.712], [83.199, 21.706], [83.207, 21.703], [83.222, 21.702], [83.229, 21.7], [83.237, 21.702], [83.242, 21.699], [83.258, 21.693], [83.266, 21.692], [83.271, 21.687], [83.276, 21.686], [83.286, 21.686], [83.302, 21.689], [83.308, 21.689], [83.315, 21.686], [83.318, 21.683], [83.325, 21.68], [83.325, 21.675], [83.334, 21.674], [83.339, 21.673], [83.351, 21.679], [83.364, 21.684], [83.368, 21.684], [83.376, 21.679], [83.381, 21.679], [83.397, 21.685], [83.403, 21.683], [83.405, 21.679], [83.41, 21.676], [83.423, 21.676], [83.431, 21.674], [83.437, 21.67], [83.442, 21.662], [83.449, 21.656], [83.457, 21.651], [83.469, 21.646], [83.486, 21.644], [83.49, 21.643], [83.496, 21.646], [83.51, 21.657], [83.52, 21.664], [83.525, 21.67], [83.533, 21.682], [83.536, 21.689], [83.539, 21.703], [83.541, 21.721], [83.543, 21.728], [83.549, 21.737], [83.558, 21.745], [83.568, 21.744], [83.577, 21.74], [83.598, 21.736], [83.605, 21.733], [83.638, 21.723], [83.656, 21.719], [83.67, 21.715], [83.684, 21.708], [83.713, 21.686], [83.725, 21.675], [83.728, 21.664]]]}, "properties": {"rivname": "Mahanadi", "ba_name": "Mahanadi"}}, {"type": "Feature", "geometry": {"type": "MultiLineString", "coordinates": [[[85.909, 20.842], [85.916, 20.838], [85.922, 20.84], [85.928, 20.839], [85.933, 20.841], [85.936, 20.846], [85.939, 20.846], [85.948, 20.844], [85.953, 20.846], [85.959, 20.852], [85.96, 20.858], [85.962, 20.863], [85.968, 20.866], [85.972, 20.872], [85.973, 20.88], [85.977, 20.884]], [[85.909, 20.842], [85.91, 20.849], [85.913, 20.851], [85.912, 20.856], [85.916, 20.857], [85.923, 20.853], [85.927, 20.853], [85.934, 20.858], [85.938, 20.863], [85.942, 20.872], [85.951, 20.88], [85.959, 20.88], [85.964, 20.883], [85.972, 20.884], [85.977, 20.884]], [[85.977, 20.884], [85.987, 20.887], [85.995, 20.886], [86.004, 20.889], [86.008, 20.889], [86.015, 20.885], [86.025, 20.884], [86.031, 20.878], [86.041, 20.878], [86.052, 20.882], [86.062, 20.881], [86.063, 20.879], [86.071, 20.874], [86.076, 20.875], [86.083, 20.87], [86.086, 20.865], [86.085, 20.859], [86.088, 20.854], [86.087, 20.849], [86.097, 20.838], [86.099, 20.833], [86.103, 20.832], [86.103, 20.824], [86.105, 20.821], [86.111, 20.82], [86.115, 20.812], [86.113, 20.807], [86.114, 20.804], [86.123, 20.794], [86.123, 20.787], [86.124, 20.78], [86.129, 20.778], [86.135, 20.781], [86.143, 20.788], [86.155, 20.799], [86.167, 20.798], [86.174, 20.793], [86.185, 20.787], [86.203, 20.785], [86.208, 20.783], [86.214, 20.773], [86.216, 20.758], [86.216, 20.754], [86.212, 20.751], [86.214, 20.744], [86.224, 20.739], [86.234, 20.745], [86.24, 20.751], [86.249, 20.75], [86.252, 20.747], [86.253, 20.741], [86.247, 20.731], [86.247, 20.726], [86.251, 20.723], [86.261, 20.724], [86.267, 20.727], [86.277, 20.739], [86.285, 20.745], [86.29, 20.746], [86.292, 20.743], [86.29, 20.737], [86.298, 20.735], [86.307, 20.726], [86.308, 20.722], [86.303, 20.715], [86.313, 20.707], [86.327, 20.708], [86.332, 20.704], [86.336, 20.698], [86.338, 20.683], [86.34, 20.679], [86.345, 20.677], [86.353, 20.677], [86.353, 20.668], [86.358, 20.663], [86.379, 20.66], [86.386, 20.658], [86.397, 20.656], [86.403, 20.647], [86.404, 20.637], [86.401, 20.631], [86.405, 20.626], [86.413, 20.627], [86.42, 20.626], [86.425, 20.622], [86.436, 20.609], [86.445, 20.603], [86.46, 20.602], [86.466, 20.604], [86.484, 20.612], [86.5, 20.619], [86.508, 20.619], [86.513, 20.615], [86.522, 20.615], [86.525, 20.614], [86.529, 20.603], [86.533, 20.6], [86.542, 20.604], [86.544, 20.612], [86.545, 20.622], [86.552, 20.625], [86.564, 20.622], [86.571, 20.614], [86.585, 20.604], [86.589, 20.601], [86.594, 20.592], [86.596, 20.585], [86.597, 20.574], [86.6, 20.567], [86.609, 20.569], [86.618, 20.579], [86.622, 20.585], [86.622, 20.589], [86.618, 20.594], [86.611, 20.599], [86.608, 20.603], [86.61, 20.608], [86.632, 20.609], [86.657, 20.608], [86.664, 20.613], [86.673, 20.624], [86.675, 20.637], [86.678, 20.643], [86.682, 20.644], [86.689, 20.643], [86.703, 20.637], [86.711, 20.639], [86.718, 20.653], [86.729, 20.663], [86.734, 20.665], [86.739, 20.665], [86.748, 20.66], [86.748, 20.652], [86.743, 20.64], [86.74, 20.632], [86.74, 20.622], [86.742, 20.617], [86.748, 20.615], [86.755, 20.615], [86.765, 20.619], [86.77, 20.628], [86.771, 20.635], [86.77, 20.645], [86.773, 20.652], [86.791, 20.674], [86.798, 20.684], [86.802, 20.701], [86.807, 20.711], [86.815, 20.721], [86.819, 20.729], [86.822, 20.754], [86.827, 20.764], [86.834, 20.773], [86.84, 20.776], [86.847, 20.777], [86.863, 20.776], [86.876, 20.772], [86.886, 20.77], [86.903, 20.769], [86.92, 20.77], [86.942, 20.769], [86.947, 20.77], [86.977, 20.777]], [[84.797, 22.238], [84.802, 22.225], [84.803, 22.215], [84.807, 22.21], [84.824, 22.206], [84.827, 22.203], [84.829, 22.187], [84.824, 22.178], [84.822, 22.171], [84.824, 22.164], [84.831, 22.158], [84.838, 22.158], [84.844, 22.156], [84.848, 22.149], [84.854, 22.143], [84.856, 22.139], [84.854, 22.129], [84.852, 22.122], [84.848, 22.118], [84.849, 22.107], [84.855, 22.1], [84.865, 22.094], [84.868, 22.091], [84.884, 22.086], [84.894, 22.081], [84.897, 22.076], [84.895, 22.071], [84.88, 22.064], [84.865, 22.061], [84.86, 22.055], [84.859, 22.047], [84.863, 22.042], [84.871, 22.04], [84.878, 22.035], [84.876, 22.026], [84.869, 22.012], [84.871, 22], [84.871, 21.994], [84.866, 21.989], [84.864, 21.981], [84.864, 21.975], [84.866, 21.968], [84.876, 21.959], [84.876, 21.95], [84.881, 21.943], [84.884, 21.935], [84.884, 21.928], [84.878, 21.921], [84.869, 21.924], [84.862, 21.923], [84.856, 21.916], [84.854, 21.91], [84.851, 21.899], [84.851, 21.892], [84.855, 21.888], [84.857, 21.872], [84.861, 21.864], [84.872, 21.854], [84.878, 21.852], [84.884, 21.846], [84.894, 21.839], [84.903, 21.838], [84.907, 21.833], [84.918, 21.831], [84.925, 21.826], [84.931, 21.824], [84.942, 21.835], [84.949, 21.84], [84.96, 21.843], [84.968, 21.837], [84.967, 21.821], [84.969, 21.814], [84.969, 21.803], [84.971, 21.8], [84.971, 21.791], [84.975, 21.785], [84.976, 21.779], [84.982, 21.771], [84.991, 21.765], [84.991, 21.758], [84.994, 21.755], [84.992, 21.746], [84.991, 21.739], [84.981, 21.732], [84.969, 21.728], [84.96, 21.728], [84.953, 21.731], [84.947, 21.736], [84.943, 21.735], [84.931, 21.738], [84.928, 21.737], [84.917, 21.728], [84.909, 21.72], [84.905, 21.71], [84.907, 21.703], [84.914, 21.699], [84.929, 21.703], [84.933, 21.701], [84.943, 21.698], [84.949, 21.692], [84.953, 21.685], [84.96, 21.684], [84.965, 21.684], [84.969, 21.682], [84.975, 21.675], [84.979, 21.668], [84.978, 21.661], [84.976, 21.655], [84.978, 21.642], [84.989, 21.631], [84.992, 21.626], [84.992, 21.618], [84.994, 21.61], [85, 21.601], [85.005, 21.583], [85.011, 21.571], [85.007, 21.561], [85.003, 21.543], [85, 21.537], [84.997, 21.526], [84.994, 21.519], [84.988, 21.511], [84.983, 21.502], [84.972, 21.488], [84.969, 21.475], [84.949, 21.451], [84.944, 21.448], [84.939, 21.441], [84.935, 21.431], [84.927, 21.412], [84.925, 21.403], [84.928, 21.395], [84.937, 21.383], [84.94, 21.377], [84.941, 21.362], [84.944, 21.349], [84.951, 21.341], [84.967, 21.333], [84.992, 21.327], [85, 21.326], [85.03, 21.304], [85.033, 21.299], [85.036, 21.287], [85.035, 21.276], [85.031, 21.268], [85.033, 21.26], [85.038, 21.256], [85.044, 21.247], [85.046, 21.238], [85.052, 21.229], [85.061, 21.225], [85.06, 21.214], [85.062, 21.199], [85.064, 21.196], [85.07, 21.193], [85.078, 21.191], [85.093, 21.186], [85.101, 21.184], [85.12, 21.188], [85.127, 21.185], [85.137, 21.176], [85.146, 21.165], [85.152, 21.154], [85.153, 21.147], [85.149, 21.134], [85.143, 21.126], [85.134, 21.12], [85.127, 21.109], [85.111, 21.096], [85.108, 21.092], [85.106, 21.082], [85.108, 21.076], [85.111, 21.071], [85.12, 21.071], [85.137, 21.076], [85.147, 21.077], [85.152, 21.076], [85.156, 21.072], [85.159, 21.065], [85.16, 21.057], [85.166, 21.048], [85.178, 21.041], [85.199, 21.031], [85.204, 21.032], [85.209, 21.03], [85.211, 21.021], [85.217, 21.02], [85.223, 21.021], [85.235, 21.016], [85.236, 21.01], [85.244, 21.007], [85.245, 21.002], [85.25, 20.997], [85.256, 20.996], [85.26, 20.991], [85.257, 20.986], [85.257, 20.977], [85.252, 20.969], [85.241, 20.966], [85.238, 20.961], [85.241, 20.953], [85.249, 20.944], [85.25, 20.937], [85.246, 20.929], [85.242, 20.925], [85.243, 20.915], [85.241, 20.912], [85.243, 20.906], [85.243, 20.901], [85.252, 20.895], [85.258, 20.897], [85.268, 20.889], [85.274, 20.891], [85.28, 20.89], [85.286, 20.888], [85.291, 20.884], [85.294, 20.872], [85.293, 20.866], [85.288, 20.863], [85.287, 20.851], [85.3, 20.846], [85.311, 20.838], [85.313, 20.833], [85.317, 20.831], [85.319, 20.826], [85.325, 20.821], [85.336, 20.819], [85.341, 20.816], [85.352, 20.812], [85.357, 20.808], [85.368, 20.803], [85.377, 20.802], [85.388, 20.802], [85.401, 20.804], [85.406, 20.8], [85.414, 20.796], [85.42, 20.789], [85.424, 20.787], [85.43, 20.78], [85.438, 20.777], [85.445, 20.778], [85.453, 20.777], [85.461, 20.773], [85.47, 20.772], [85.481, 20.773], [85.49, 20.77], [85.503, 20.765], [85.509, 20.76], [85.52, 20.748], [85.525, 20.746], [85.535, 20.744], [85.539, 20.746], [85.566, 20.746], [85.576, 20.744], [85.582, 20.741], [85.587, 20.742], [85.593, 20.75], [85.6, 20.757], [85.607, 20.757], [85.611, 20.761], [85.613, 20.766], [85.613, 20.773], [85.609, 20.785], [85.61, 20.791], [85.614, 20.797], [85.621, 20.8], [85.629, 20.807], [85.63, 20.816], [85.644, 20.817], [85.651, 20.816], [85.658, 20.823], [85.671, 20.821], [85.678, 20.826], [85.683, 20.826], [85.69, 20.824], [85.698, 20.827], [85.707, 20.834], [85.708, 20.84], [85.711, 20.846], [85.723, 20.853], [85.728, 20.86], [85.74, 20.868], [85.743, 20.872], [85.752, 20.873], [85.767, 20.872], [85.774, 20.875], [85.788, 20.878], [85.792, 20.878], [85.799, 20.874], [85.803, 20.87], [85.808, 20.868], [85.814, 20.862], [85.825, 20.859], [85.838, 20.86], [85.844, 20.863], [85.852, 20.863], [85.859, 20.861], [85.867, 20.857], [85.872, 20.85], [85.892, 20.842], [85.901, 20.84], [85.909, 20.842]]]}, "properties": {"rivname": "Brahmani", "ba_name": "Brahmani and Baitarni"}}, {"type": "Feature", "geometry": {"type": "MultiLineString", "coordinates": [[[95.24, 27.663], [95.235, 27.656], [95.226, 27.652], [95.225, 27.638], [95.22, 27.631], [95.202, 27.626], [95.191, 27.621], [95.186, 27.617], [95.175, 27.604], [95.173, 27.594], [95.168, 27.591], [95.17, 27.584], [95.166, 27.579], [95.17, 27.573], [95.165, 27.568], [95.146, 27.565], [95.144, 27.564], [95.129, 27.551], [95.114, 27.55], [95.098, 27.543], [95.077, 27.539], [95.072, 27.541], [95.065, 27.548], [95.063, 27.548]], [[95.24, 27.663], [95.217, 27.665], [95.203, 27.661], [95.2, 27.659], [95.186, 27.655], [95.182, 27.648], [95.169, 27.639], [95.163, 27.633], [95.162, 27.624], [95.153, 27.621], [95.149, 27.622], [95.142, 27.626]], [[95.753, 27.757], [95.749, 27.756], [95.744, 27.758], [95.733, 27.76], [95.729, 27.763], [95.72, 27.765], [95.714, 27.763], [95.709, 27.763], [95.698, 27.77], [95.692, 27.78], [95.691, 27.785]], [[95.774, 27.771], [95.769, 27.771], [95.76, 27.767], [95.756, 27.763], [95.757, 27.758], [95.753, 27.757]], [[95.691, 27.785], [95.685, 27.787], [95.677, 27.787], [95.673, 27.79], [95.667, 27.791], [95.652, 27.794], [95.638, 27.793], [95.626, 27.793], [95.617, 27.799], [95.602, 27.801], [95.597, 27.801], [95.591, 27.798], [95.581, 27.791], [95.566, 27.793], [95.554, 27.793], [95.543, 27.797], [95.532, 27.8], [95.526, 27.8], [95.514, 27.798], [95.505, 27.791], [95.496, 27.787], [95.485, 27.785], [95.476, 27.782], [95.467, 27.783], [95.46, 27.78], [95.449, 27.77], [95.436, 27.752], [95.435, 27.746], [95.429, 27.743], [95.423, 27.743], [95.416, 27.73], [95.409, 27.723], [95.402, 27.722], [95.379, 27.712], [95.365, 27.704], [95.358, 27.699], [95.353, 27.698], [95.351, 27.693], [95.346, 27.691], [95.318, 27.684], [95.312, 27.683], [95.306, 27.678], [95.302, 27.68], [95.296, 27.676], [95.287, 27.678], [95.279, 27.682], [95.271, 27.681], [95.267, 27.682], [95.26, 27.681], [95.246, 27.666], [95.24, 27.663]], [[95.693, 27.787], [95.691, 27.785]], [[95.803, 27.78], [95.803, 27.774], [95.8, 27.768], [95.793, 27.764], [95.784, 27.763], [95.778, 27.766], [95.774, 27.771]], [[95.803, 27.78], [95.8, 27.783]], [[95.8, 27.783], [95.792, 27.773], [95.785, 27.771], [95.774, 27.771]], [[95.8, 27.783], [95.797, 27.788], [95.79, 27.794], [95.782, 27.79], [95.777, 27.791], [95.758, 27.791], [95.75, 27.787], [95.747, 27.782], [95.735, 27.783], [95.727, 27.786], [95.715, 27.785], [95.701, 27.788], [95.693, 27.787]], [[95.824, 27.785], [95.819, 27.78], [95.815, 27.767], [95.809, 27.763], [95.801, 27.764], [95.796, 27.762], [95.785, 27.761], [95.774, 27.759], [95.766, 27.754], [95.753, 27.757]], [[95.824, 27.785], [95.817, 27.786], [95.808, 27.781], [95.803, 27.78]], [[95.729, 27.8], [95.724, 27.801], [95.716, 27.796], [95.71, 27.795], [95.703, 27.796], [95.693, 27.787]], [[95.779, 27.815], [95.767, 27.803], [95.758, 27.802], [95.747, 27.798], [95.74, 27.797], [95.729, 27.8]], [[95.779, 27.815], [95.775, 27.816], [95.767, 27.814], [95.764, 27.815], [95.754, 27.81], [95.752, 27.806], [95.746, 27.803], [95.74, 27.805], [95.729, 27.8]], [[95.824, 27.824], [95.815, 27.824], [95.811, 27.822], [95.8, 27.821], [95.8, 27.819], [95.79, 27.819], [95.786, 27.816], [95.779, 27.815]], [[95.92, 27.816], [95.912, 27.813], [95.91, 27.807], [95.913, 27.803], [95.909, 27.801], [95.902, 27.804], [95.889, 27.806], [95.875, 27.804], [95.865, 27.804], [95.86, 27.801], [95.849, 27.799], [95.843, 27.799], [95.824, 27.785]], [[95.921, 27.817], [95.92, 27.816]], [[95.866, 27.824], [95.848, 27.816], [95.843, 27.816], [95.834, 27.82], [95.829, 27.821], [95.824, 27.824]], [[95.866, 27.824], [95.859, 27.827], [95.855, 27.832], [95.846, 27.835], [95.835, 27.829], [95.831, 27.829], [95.824, 27.824]], [[95.916, 27.831], [95.911, 27.83], [95.897, 27.822], [95.885, 27.817], [95.877, 27.819], [95.871, 27.823], [95.866, 27.824]], [[95.916, 27.831], [95.921, 27.823], [95.921, 27.817]], [[95.966, 27.839], [95.959, 27.832], [95.942, 27.827], [95.935, 27.823], [95.927, 27.822], [95.921, 27.817]], [[95.966, 27.839], [95.96, 27.84], [95.951, 27.84], [95.948, 27.842], [95.947, 27.847], [95.94, 27.847], [95.932, 27.84], [95.921, 27.838], [95.916, 27.833], [95.916, 27.831]], [[96.008, 27.85], [96.005, 27.845], [95.997, 27.847], [95.991, 27.844], [95.988, 27.837], [95.983, 27.833], [95.972, 27.829], [95.965, 27.824], [95.956, 27.823], [95.946, 27.821], [95.935, 27.815], [95.929, 27.814], [95.92, 27.816]], [[96.008, 27.85], [95.997, 27.853], [95.989, 27.85], [95.985, 27.845], [95.978, 27.84], [95.97, 27.841], [95.966, 27.839]], [[96.026, 27.856], [96.02, 27.853], [96.008, 27.85]], [[96.038, 27.856], [96.03, 27.858], [96.026, 27.856]], [[96.101, 27.851], [96.09, 27.853], [96.083, 27.851], [96.074, 27.854], [96.054, 27.851], [96.05, 27.854], [96.043, 27.854], [96.038, 27.856]], [[96.202, 27.859], [96.194, 27.854], [96.181, 27.849], [96.176, 27.846], [96.165, 27.844], [96.157, 27.841], [96.151, 27.844], [96.142, 27.842], [96.129, 27.847], [96.122, 27.843], [96.116, 27.843], [96.11, 27.846], [96.102, 27.848], [96.101, 27.851]], [[96.115, 27.885], [96.107, 27.879], [96.097, 27.881], [96.09, 27.878], [96.073, 27.877], [96.061, 27.864], [96.056, 27.86], [96.05, 27.861], [96.038, 27.856]], [[96.115, 27.885], [96.107, 27.888], [96.098, 27.889], [96.081, 27.887], [96.075, 27.883], [96.067, 27.883], [96.059, 27.88], [96.057, 27.872], [96.053, 27.87], [96.043, 27.871], [96.038, 27.873], [96.036, 27.868], [96.029, 27.865], [96.026, 27.856]], [[96.276, 27.878], [96.269, 27.877], [96.263, 27.874], [96.252, 27.875], [96.242, 27.873], [96.239, 27.869], [96.228, 27.871], [96.223, 27.868], [96.217, 27.868], [96.207, 27.864], [96.202, 27.859]], [[96.276, 27.878], [96.271, 27.867], [96.258, 27.86], [96.232, 27.86], [96.227, 27.859], [96.221, 27.86], [96.216, 27.857], [96.209, 27.856], [96.202, 27.859]], [[96.284, 27.884], [96.28, 27.882], [96.276, 27.878]], [[96.284, 27.884], [96.278, 27.884], [96.267, 27.879], [96.258, 27.883], [96.248, 27.883], [96.239, 27.885], [96.236, 27.888], [96.229, 27.888], [96.219, 27.884], [96.211, 27.877], [96.201, 27.88], [96.193, 27.878], [96.182, 27.877], [96.174, 27.871], [96.161, 27.868], [96.156, 27.868], [96.143, 27.862], [96.139, 27.857], [96.133, 27.854], [96.123, 27.855], [96.117, 27.853], [96.101, 27.851]], [[96.296, 27.889], [96.295, 27.887], [96.284, 27.884]], [[96.296, 27.889], [96.291, 27.889], [96.279, 27.897]], [[96.279, 27.897], [96.268, 27.9], [96.259, 27.899], [96.25, 27.904], [96.241, 27.904], [96.234, 27.91]], [[96.279, 27.897], [96.274, 27.901], [96.266, 27.903], [96.26, 27.91], [96.25, 27.911], [96.234, 27.91]], [[96.234, 27.91], [96.229, 27.912], [96.22, 27.911], [96.217, 27.912], [96.208, 27.91], [96.207, 27.906], [96.203, 27.906], [96.196, 27.91], [96.186, 27.907], [96.17, 27.91], [96.166, 27.907], [96.161, 27.906], [96.155, 27.91], [96.149, 27.907], [96.148, 27.904], [96.137, 27.905], [96.131, 27.901], [96.13, 27.898], [96.122, 27.893], [96.115, 27.885]], [[97.028, 28.352], [97.029, 28.35], [97.026, 28.341], [97.015, 28.331], [97.02, 28.321], [97.02, 28.314], [97.016, 28.311], [97.015, 28.305], [97.021, 28.302], [97.028, 28.294], [97.027, 28.282], [97.02, 28.274], [97.024, 28.268], [97.022, 28.261], [97.03, 28.255], [97.031, 28.247], [97.029, 28.241], [97.033, 28.235], [97.038, 28.234], [97.033, 28.224], [97.028, 28.219], [97.028, 28.208], [97.033, 28.202], [97.032, 28.197], [97.037, 28.185], [97.037, 28.181], [97.032, 28.173], [97.034, 28.163], [97.028, 28.153], [97.026, 28.139], [97.028, 28.136], [97.025, 28.131], [97.02, 28.126], [97.018, 28.122], [97.011, 28.118], [97.006, 28.109], [97.006, 28.103], [96.992, 28.091], [96.988, 28.085], [96.988, 28.076], [96.985, 28.068], [96.981, 28.063], [96.982, 28.057], [96.978, 28.053], [96.973, 28.046], [96.971, 28.038], [96.972, 28.034], [96.969, 28.025], [96.965, 28.01], [96.963, 28.006], [96.965, 28.001], [96.969, 27.998], [96.97, 27.993], [96.969, 27.987], [96.969, 27.974], [96.967, 27.97], [96.968, 27.963], [96.966, 27.958], [96.968, 27.946], [96.967, 27.94], [96.961, 27.933], [96.959, 27.926], [96.953, 27.923], [96.948, 27.916], [96.943, 27.911], [96.939, 27.899], [96.929, 27.896], [96.926, 27.888], [96.922, 27.883], [96.918, 27.886], [96.909, 27.888], [96.904, 27.885], [96.892, 27.885], [96.887, 27.879], [96.881, 27.877], [96.877, 27.879], [96.87, 27.879], [96.859, 27.876], [96.849, 27.878], [96.841, 27.884], [96.838, 27.889], [96.826, 27.894], [96.81, 27.895], [96.804, 27.9], [96.8, 27.908], [96.793, 27.916], [96.79, 27.923], [96.789, 27.932], [96.784, 27.934], [96.776, 27.936], [96.769, 27.935], [96.76, 27.94], [96.755, 27.941], [96.748, 27.947], [96.734, 27.949], [96.718, 27.953], [96.709, 27.959], [96.704, 27.96], [96.697, 27.957], [96.684, 27.955], [96.677, 27.955], [96.67, 27.957], [96.659, 27.968], [96.651, 27.973], [96.646, 27.982], [96.636, 27.993], [96.636, 28.002], [96.632, 28.005], [96.627, 28.016], [96.622, 28.018], [96.621, 28.028], [96.616, 28.032], [96.613, 28.037], [96.606, 28.043], [96.594, 28.044], [96.584, 28.042], [96.58, 28.047], [96.58, 28.052], [96.574, 28.063], [96.571, 28.065], [96.557, 28.065], [96.552, 28.068], [96.543, 28.067], [96.542, 28.068], [96.539, 28.079], [96.532, 28.079], [96.525, 28.078], [96.519, 28.078], [96.516, 28.081], [96.51, 28.081], [96.502, 28.073], [96.499, 28.063], [96.467, 28.055], [96.457, 28.058], [96.452, 28.058], [96.45, 28.055], [96.448, 28.047], [96.443, 28.04], [96.446, 28.034], [96.446, 28.025], [96.441, 28.016], [96.437, 28.008], [96.435, 28.006], [96.422, 28.004], [96.419, 28.001], [96.419, 27.991], [96.418, 27.989], [96.406, 27.985], [96.403, 27.983], [96.404, 27.978], [96.41, 27.972], [96.408, 27.968], [96.41, 27.962], [96.408, 27.953], [96.416, 27.943], [96.413, 27.936], [96.415, 27.932], [96.42, 27.931], [96.42, 27.926], [96.414, 27.925], [96.413, 27.92], [96.41, 27.915], [96.404, 27.911], [96.401, 27.908], [96.399, 27.9], [96.395, 27.897], [96.385, 27.895], [96.379, 27.885], [96.372, 27.882], [96.37, 27.876], [96.364, 27.877], [96.348, 27.89], [96.328, 27.892], [96.321, 27.893], [96.317, 27.896], [96.305, 27.898], [96.298, 27.893], [96.296, 27.889]]]}, "properties": {"rivname": "Lohit/ Tellu", "ba_name": "Brahamaputra"}}, {"type": "Feature", "geometry": {"type": "MultiLineString", "coordinates": [[[74.644, 29.53], [74.647, 29.529], [74.663, 29.532], [74.673, 29.531], [74.677, 29.527], [74.689, 29.523], [74.69, 29.52], [74.698, 29.515], [74.711, 29.507], [74.716, 29.502], [74.728, 29.494], [74.735, 29.491], [74.747, 29.489], [74.757, 29.49], [74.767, 29.488], [74.775, 29.488], [74.784, 29.485], [74.787, 29.486], [74.801, 29.481], [74.808, 29.48], [74.811, 29.477], [74.822, 29.477], [74.83, 29.473], [74.845, 29.472], [74.872, 29.477], [74.884, 29.476], [74.889, 29.485], [74.893, 29.489], [74.901, 29.489], [74.905, 29.494], [74.911, 29.498], [74.92, 29.511], [74.92, 29.517], [74.925, 29.52], [74.929, 29.535], [74.936, 29.535], [74.94, 29.539], [74.943, 29.547], [74.95, 29.552], [74.95, 29.555], [74.953, 29.558], [74.959, 29.558], [74.961, 29.561], [74.977, 29.57], [74.982, 29.576], [74.984, 29.582], [74.995, 29.581], [75.001, 29.585], [75.008, 29.585], [75.014, 29.59], [75.017, 29.596], [75.027, 29.601], [75.035, 29.604], [75.046, 29.603], [75.049, 29.6], [75.063, 29.598], [75.07, 29.601], [75.077, 29.598], [75.083, 29.605], [75.09, 29.61], [75.103, 29.611], [75.109, 29.615], [75.114, 29.621], [75.115, 29.628], [75.12, 29.632], [75.118, 29.637], [75.12, 29.643], [75.117, 29.647], [75.122, 29.65], [75.129, 29.649], [75.132, 29.651], [75.145, 29.649], [75.159, 29.659], [75.167, 29.67], [75.178, 29.671], [75.183, 29.68], [75.19, 29.683], [75.2, 29.681], [75.21, 29.692], [75.217, 29.691], [75.224, 29.691], [75.229, 29.698], [75.242, 29.699], [75.249, 29.704], [75.255, 29.709], [75.26, 29.712], [75.266, 29.709], [75.265, 29.706], [75.274, 29.702], [75.284, 29.707], [75.285, 29.701], [75.293, 29.691], [75.3, 29.687], [75.304, 29.686], [75.311, 29.68], [75.312, 29.676], [75.322, 29.679], [75.332, 29.686], [75.336, 29.685], [75.342, 29.689], [75.349, 29.689], [75.352, 29.692], [75.359, 29.693], [75.365, 29.699], [75.363, 29.704], [75.366, 29.711], [75.372, 29.712], [75.375, 29.716], [75.38, 29.712], [75.389, 29.712], [75.389, 29.717], [75.393, 29.722], [75.386, 29.727], [75.386, 29.73], [75.393, 29.737], [75.394, 29.742], [75.402, 29.741], [75.404, 29.739], [75.416, 29.741], [75.425, 29.743], [75.431, 29.746], [75.435, 29.74], [75.44, 29.746], [75.449, 29.746], [75.461, 29.741], [75.469, 29.747], [75.472, 29.748], [75.479, 29.746], [75.48, 29.742], [75.477, 29.737], [75.483, 29.731], [75.483, 29.727], [75.494, 29.727], [75.5, 29.728], [75.507, 29.723], [75.506, 29.719], [75.511, 29.715], [75.51, 29.712], [75.529, 29.712], [75.536, 29.711], [75.545, 29.713], [75.549, 29.716], [75.553, 29.711], [75.558, 29.711], [75.563, 29.699], [75.579, 29.693], [75.584, 29.698], [75.591, 29.701], [75.594, 29.694], [75.6, 29.689], [75.608, 29.687], [75.613, 29.687], [75.619, 29.685], [75.627, 29.684], [75.638, 29.686], [75.64, 29.69], [75.634, 29.695], [75.637, 29.701], [75.636, 29.705], [75.644, 29.706], [75.652, 29.716], [75.654, 29.723], [75.658, 29.727], [75.661, 29.732], [75.66, 29.736], [75.662, 29.739], [75.671, 29.745], [75.674, 29.744], [75.689, 29.755], [75.701, 29.753], [75.714, 29.742], [75.718, 29.742], [75.722, 29.75], [75.73, 29.756], [75.744, 29.761], [75.745, 29.769], [75.752, 29.774], [75.758, 29.775], [75.765, 29.781], [75.767, 29.784], [75.775, 29.784], [75.775, 29.775], [75.782, 29.78], [75.793, 29.782], [75.794, 29.778], [75.802, 29.777], [75.809, 29.772], [75.814, 29.773], [75.815, 29.776], [75.827, 29.787], [75.836, 29.78], [75.848, 29.793], [75.852, 29.791], [75.866, 29.793], [75.877, 29.797], [75.884, 29.796], [75.888, 29.801], [75.888, 29.809], [75.894, 29.809], [75.904, 29.804], [75.917, 29.794], [75.92, 29.788], [75.925, 29.788], [75.926, 29.783], [75.93, 29.782], [75.935, 29.786], [75.945, 29.785], [75.947, 29.79], [75.958, 29.793], [75.969, 29.798], [75.972, 29.802], [75.979, 29.808], [75.982, 29.807], [75.988, 29.813], [75.989, 29.819], [75.998, 29.823], [76, 29.829], [76.011, 29.831], [76.017, 29.83], [76.023, 29.832], [76.028, 29.828], [76.043, 29.822], [76.048, 29.829], [76.054, 29.831], [76.057, 29.838], [76.073, 29.843], [76.075, 29.841], [76.084, 29.846], [76.089, 29.847], [76.09, 29.851], [76.099, 29.847], [76.108, 29.847], [76.112, 29.845], [76.117, 29.848], [76.12, 29.856], [76.126, 29.859], [76.128, 29.864], [76.131, 29.865], [76.132, 29.87], [76.136, 29.872], [76.136, 29.876], [76.142, 29.881], [76.143, 29.885], [76.148, 29.885], [76.156, 29.89], [76.164, 29.887], [76.17, 29.893], [76.172, 29.9], [76.169, 29.909], [76.17, 29.917], [76.175, 29.924], [76.182, 29.923], [76.186, 29.933], [76.19, 29.937], [76.188, 29.944], [76.189, 29.949], [76.194, 29.952], [76.197, 29.958], [76.195, 29.965], [76.201, 29.972], [76.206, 29.974], [76.206, 29.98], [76.202, 29.985], [76.196, 29.984], [76.193, 29.986], [76.196, 29.989], [76.191, 29.995], [76.188, 30.001], [76.192, 30.003], [76.197, 30], [76.201, 30.004], [76.201, 30.011], [76.194, 30.019], [76.199, 30.032], [76.196, 30.036], [76.197, 30.04], [76.194, 30.042], [76.196, 30.048], [76.2, 30.05], [76.209, 30.046], [76.213, 30.051], [76.222, 30.049], [76.228, 30.052], [76.227, 30.059], [76.229, 30.066], [76.236, 30.07], [76.24, 30.076], [76.245, 30.078], [76.247, 30.072], [76.254, 30.069], [76.261, 30.069], [76.263, 30.071], [76.264, 30.08], [76.279, 30.079], [76.288, 30.081], [76.289, 30.088], [76.292, 30.088], [76.302, 30.098], [76.307, 30.098]], [[76.307, 30.098], [76.314, 30.095], [76.319, 30.096], [76.323, 30.095], [76.331, 30.101], [76.337, 30.098], [76.339, 30.103], [76.343, 30.1], [76.346, 30.104], [76.355, 30.099], [76.368, 30.098], [76.367, 30.095], [76.373, 30.091], [76.385, 30.089], [76.393, 30.09], [76.397, 30.094], [76.403, 30.106], [76.412, 30.112], [76.418, 30.113], [76.418, 30.118], [76.431, 30.123], [76.436, 30.132], [76.437, 30.139], [76.44, 30.144], [76.45, 30.144], [76.453, 30.149], [76.464, 30.149], [76.477, 30.157], [76.482, 30.166], [76.488, 30.171], [76.495, 30.171], [76.497, 30.173], [76.507, 30.178], [76.511, 30.183], [76.519, 30.189], [76.526, 30.188], [76.524, 30.196], [76.527, 30.201], [76.528, 30.209], [76.531, 30.212], [76.531, 30.218], [76.536, 30.219], [76.538, 30.223], [76.538, 30.23], [76.543, 30.233], [76.545, 30.237], [76.544, 30.241], [76.548, 30.243], [76.547, 30.246], [76.543, 30.249], [76.544, 30.257], [76.542, 30.262], [76.547, 30.265], [76.554, 30.266], [76.556, 30.272], [76.549, 30.273], [76.548, 30.278], [76.549, 30.285], [76.557, 30.288], [76.57, 30.284], [76.576, 30.284], [76.58, 30.287], [76.576, 30.292], [76.584, 30.296], [76.59, 30.293], [76.596, 30.292], [76.599, 30.286], [76.603, 30.29], [76.61, 30.291], [76.613, 30.297], [76.62, 30.299], [76.622, 30.303], [76.625, 30.305], [76.636, 30.303], [76.631, 30.313], [76.641, 30.323], [76.647, 30.32], [76.653, 30.323], [76.653, 30.327], [76.648, 30.329], [76.649, 30.334], [76.656, 30.335], [76.656, 30.328], [76.662, 30.329], [76.668, 30.333], [76.675, 30.35], [76.681, 30.358], [76.682, 30.36], [76.687, 30.365], [76.695, 30.364], [76.701, 30.369], [76.694, 30.374], [76.694, 30.379], [76.698, 30.38], [76.704, 30.377], [76.713, 30.378], [76.719, 30.381], [76.719, 30.388], [76.723, 30.395], [76.737, 30.408], [76.739, 30.412], [76.736, 30.417], [76.737, 30.423], [76.744, 30.424], [76.747, 30.427], [76.749, 30.441], [76.747, 30.451], [76.745, 30.458], [76.753, 30.466], [76.765, 30.468], [76.764, 30.475], [76.767, 30.493], [76.763, 30.504], [76.768, 30.522], [76.77, 30.528], [76.777, 30.534], [76.769, 30.542], [76.765, 30.55], [76.764, 30.555], [76.768, 30.562], [76.773, 30.567], [76.777, 30.569], [76.78, 30.576], [76.776, 30.583], [76.779, 30.585], [76.781, 30.592], [76.788, 30.597], [76.798, 30.598], [76.805, 30.605], [76.82, 30.604], [76.823, 30.606], [76.827, 30.611], [76.834, 30.614], [76.838, 30.613], [76.852, 30.619], [76.855, 30.623], [76.866, 30.626], [76.872, 30.638], [76.871, 30.646], [76.874, 30.654], [76.875, 30.667], [76.875, 30.671], [76.878, 30.679], [76.875, 30.687], [76.877, 30.694], [76.877, 30.7]], [[76.307, 30.098], [76.307, 30.101], [76.314, 30.105], [76.328, 30.107], [76.331, 30.111], [76.338, 30.115], [76.344, 30.115], [76.352, 30.12], [76.36, 30.12], [76.367, 30.125], [76.374, 30.126], [76.384, 30.134], [76.39, 30.134], [76.397, 30.14], [76.411, 30.146], [76.419, 30.146], [76.427, 30.147], [76.429, 30.152], [76.445, 30.166], [76.451, 30.165], [76.454, 30.17], [76.459, 30.171], [76.465, 30.176], [76.465, 30.181], [76.472, 30.198], [76.471, 30.205], [76.478, 30.21], [76.478, 30.217], [76.482, 30.221], [76.485, 30.236], [76.491, 30.24], [76.491, 30.256], [76.487, 30.262], [76.493, 30.271], [76.493, 30.274], [76.499, 30.282], [76.509, 30.283], [76.519, 30.288], [76.523, 30.292], [76.523, 30.302], [76.53, 30.313], [76.54, 30.315], [76.55, 30.318], [76.561, 30.319], [76.57, 30.311], [76.577, 30.311]], [[77.095, 30.807], [77.094, 30.797], [77.079, 30.79], [77.077, 30.785], [77.063, 30.778], [77.06, 30.778], [77.044, 30.766], [77.031, 30.762], [77.028, 30.753], [77.025, 30.749], [77.019, 30.752], [77.012, 30.752], [76.992, 30.741], [76.984, 30.741], [76.976, 30.739], [76.97, 30.742], [76.961, 30.74], [76.959, 30.742], [76.95, 30.741], [76.943, 30.744], [76.937, 30.742], [76.933, 30.745], [76.916, 30.744], [76.911, 30.742], [76.907, 30.736], [76.9, 30.732], [76.892, 30.721], [76.892, 30.719], [76.88, 30.71], [76.877, 30.7]]]}, "properties": {"rivname": "Ghagghar", "ba_name": "Indus (Up to border)"}}, {"type": "Feature", "geometry": {"type": "MultiLineString", "coordinates": [[[82.059, 22.692], [82.063, 22.7], [82.062, 22.705], [82.064, 22.71], [82.061, 22.72], [82.058, 22.725], [82.06, 22.734], [82.059, 22.738], [82.062, 22.742], [82.066, 22.751], [82.062, 22.757], [82.064, 22.768], [82.063, 22.775], [82.06, 22.777], [82.057, 22.786], [82.058, 22.791], [82.062, 22.797], [82.063, 22.806], [82.06, 22.815], [82.062, 22.818], [82.06, 22.83], [82.057, 22.836], [82.051, 22.842], [82.055, 22.851], [82.061, 22.853], [82.06, 22.857], [82.053, 22.861], [82.06, 22.868], [82.06, 22.872], [82.067, 22.871], [82.073, 22.872], [82.082, 22.886], [82.09, 22.89], [82.094, 22.896], [82.099, 22.898], [82.101, 22.903], [82.1, 22.915], [82.097, 22.918], [82.093, 22.928], [82.092, 22.937], [82.088, 22.937], [82.086, 22.941], [82.08, 22.944], [82.075, 22.942], [82.073, 22.945], [82.076, 22.95], [82.067, 22.955], [82.058, 22.957], [82.055, 22.961], [82.059, 22.966], [82.056, 22.971], [82.055, 22.977], [82.043, 22.987], [82.038, 22.992], [82.037, 22.997], [82.03, 23.001], [82.029, 23.008], [82.025, 23.011], [82.024, 23.015], [82.017, 23.014], [82.012, 23.019], [82.014, 23.022], [82.01, 23.025], [82.005, 23.031], [82.005, 23.036], [82, 23.037], [81.998, 23.045], [81.99, 23.048], [81.989, 23.051], [81.983, 23.055], [81.981, 23.06], [81.978, 23.063], [81.977, 23.071], [81.968, 23.074], [81.958, 23.075], [81.946, 23.079], [81.935, 23.08], [81.928, 23.084], [81.924, 23.083], [81.917, 23.084], [81.911, 23.082], [81.908, 23.083], [81.893, 23.082], [81.89, 23.081], [81.881, 23.086], [81.876, 23.093], [81.87, 23.095], [81.866, 23.088], [81.862, 23.088], [81.857, 23.096], [81.859, 23.107], [81.851, 23.111], [81.848, 23.101], [81.84, 23.105], [81.835, 23.117], [81.819, 23.115], [81.81, 23.119], [81.802, 23.121], [81.803, 23.126], [81.8, 23.131], [81.79, 23.128], [81.786, 23.129], [81.774, 23.137], [81.762, 23.135], [81.759, 23.131], [81.752, 23.129], [81.747, 23.13], [81.747, 23.139], [81.738, 23.153], [81.732, 23.152], [81.721, 23.147], [81.711, 23.139], [81.708, 23.139], [81.698, 23.142], [81.695, 23.145], [81.685, 23.143], [81.681, 23.147], [81.68, 23.152], [81.677, 23.155], [81.674, 23.167], [81.669, 23.17], [81.666, 23.176], [81.661, 23.178], [81.656, 23.183], [81.653, 23.191], [81.649, 23.195], [81.643, 23.195], [81.636, 23.2], [81.632, 23.2], [81.624, 23.196], [81.616, 23.194], [81.612, 23.199], [81.612, 23.204], [81.616, 23.21], [81.622, 23.215], [81.628, 23.218], [81.634, 23.224], [81.635, 23.229], [81.628, 23.232], [81.618, 23.226], [81.609, 23.224], [81.599, 23.224], [81.594, 23.228], [81.592, 23.234], [81.599, 23.252], [81.598, 23.259], [81.593, 23.262], [81.588, 23.264], [81.581, 23.262], [81.572, 23.259], [81.567, 23.255], [81.563, 23.256], [81.554, 23.262], [81.547, 23.268], [81.541, 23.27], [81.529, 23.271], [81.524, 23.277], [81.515, 23.289], [81.506, 23.293], [81.502, 23.292], [81.497, 23.288], [81.489, 23.29], [81.479, 23.297], [81.478, 23.3], [81.481, 23.309], [81.474, 23.313], [81.472, 23.319], [81.475, 23.328], [81.481, 23.335], [81.488, 23.339], [81.491, 23.349], [81.498, 23.352], [81.5, 23.359], [81.493, 23.365], [81.487, 23.368], [81.476, 23.378], [81.469, 23.389], [81.467, 23.399], [81.461, 23.402], [81.451, 23.406], [81.446, 23.404], [81.442, 23.399], [81.426, 23.395], [81.415, 23.396], [81.408, 23.4], [81.405, 23.406], [81.406, 23.412], [81.412, 23.42], [81.41, 23.425], [81.401, 23.43], [81.388, 23.427], [81.382, 23.427], [81.371, 23.423], [81.367, 23.423], [81.36, 23.427], [81.351, 23.444], [81.344, 23.459], [81.339, 23.464], [81.334, 23.462], [81.329, 23.452], [81.312, 23.446], [81.308, 23.447], [81.304, 23.451], [81.303, 23.458], [81.299, 23.468], [81.299, 23.474], [81.296, 23.477], [81.295, 23.488], [81.292, 23.493], [81.293, 23.51], [81.291, 23.518], [81.295, 23.523], [81.298, 23.531], [81.297, 23.535], [81.291, 23.543], [81.292, 23.548], [81.295, 23.553], [81.298, 23.554], [81.298, 23.559], [81.29, 23.568], [81.279, 23.571], [81.271, 23.57], [81.263, 23.571], [81.254, 23.575], [81.251, 23.577], [81.248, 23.583], [81.25, 23.588], [81.248, 23.598], [81.25, 23.603], [81.248, 23.613], [81.24, 23.622], [81.24, 23.628], [81.236, 23.632], [81.237, 23.641], [81.242, 23.657], [81.24, 23.664], [81.234, 23.672], [81.227, 23.678], [81.232, 23.686], [81.237, 23.689], [81.24, 23.693], [81.246, 23.697], [81.244, 23.708], [81.245, 23.714], [81.249, 23.718], [81.248, 23.724], [81.243, 23.732], [81.238, 23.737], [81.231, 23.739], [81.226, 23.739], [81.217, 23.742], [81.212, 23.746], [81.211, 23.756], [81.204, 23.769], [81.198, 23.775], [81.193, 23.782], [81.183, 23.788], [81.179, 23.793], [81.178, 23.799], [81.181, 23.811], [81.189, 23.821], [81.192, 23.822], [81.203, 23.821], [81.232, 23.822], [81.247, 23.828], [81.251, 23.831], [81.263, 23.831], [81.267, 23.832], [81.27, 23.84], [81.267, 23.847], [81.258, 23.854], [81.248, 23.857], [81.24, 23.857], [81.234, 23.853], [81.228, 23.852], [81.221, 23.855], [81.217, 23.863], [81.213, 23.875], [81.21, 23.881], [81.204, 23.885], [81.198, 23.885], [81.189, 23.878], [81.179, 23.877], [81.171, 23.879], [81.166, 23.884], [81.164, 23.891], [81.16, 23.896], [81.164, 23.902], [81.172, 23.903], [81.178, 23.91], [81.177, 23.915], [81.163, 23.926], [81.158, 23.928], [81.149, 23.922], [81.144, 23.921], [81.135, 23.932], [81.13, 23.936], [81.126, 23.947], [81.129, 23.96], [81.131, 23.963], [81.129, 23.972], [81.125, 23.973], [81.119, 23.971], [81.105, 23.964], [81.097, 23.967], [81.09, 23.967], [81.08, 23.962], [81.069, 23.965], [81.063, 23.976], [81.062, 23.988], [81.059, 24], [81.052, 24.01], [81.041, 24.021], [81.028, 24.036], [81.01, 24.059], [81.005, 24.069], [81.003, 24.076], [81.017, 24.087], [81.034, 24.093], [81.056, 24.099], [81.065, 24.102], [81.073, 24.106], [81.091, 24.113], [81.107, 24.12], [81.122, 24.125], [81.166, 24.132], [81.171, 24.136], [81.185, 24.145], [81.215, 24.167], [81.228, 24.177], [81.233, 24.179], [81.254, 24.18], [81.269, 24.188], [81.278, 24.19], [81.286, 24.19], [81.3, 24.187], [81.308, 24.189], [81.321, 24.189], [81.332, 24.19], [81.341, 24.188], [81.353, 24.19], [81.358, 24.193], [81.364, 24.203], [81.373, 24.223], [81.375, 24.228], [81.38, 24.237], [81.382, 24.247], [81.383, 24.26], [81.385, 24.262], [81.397, 24.265], [81.413, 24.264], [81.429, 24.26], [81.446, 24.26], [81.453, 24.262], [81.458, 24.267], [81.453, 24.273], [81.453, 24.277], [81.455, 24.285], [81.456, 24.3], [81.459, 24.307], [81.463, 24.309], [81.476, 24.312], [81.483, 24.312], [81.493, 24.307], [81.498, 24.307], [81.513, 24.311], [81.521, 24.315], [81.531, 24.322], [81.531, 24.325], [81.546, 24.33], [81.556, 24.332], [81.566, 24.335], [81.573, 24.34], [81.577, 24.346], [81.581, 24.356], [81.592, 24.361], [81.601, 24.37], [81.605, 24.382], [81.607, 24.387], [81.615, 24.395], [81.621, 24.398], [81.632, 24.401], [81.649, 24.401], [81.661, 24.397], [81.668, 24.397], [81.678, 24.4], [81.69, 24.409], [81.698, 24.411], [81.707, 24.412], [81.72, 24.415], [81.737, 24.42], [81.743, 24.428], [81.749, 24.432], [81.76, 24.436], [81.769, 24.44], [81.775, 24.446], [81.779, 24.447], [81.786, 24.447], [81.796, 24.444], [81.801, 24.443], [81.819, 24.446], [81.837, 24.452], [81.843, 24.452], [81.848, 24.455], [81.859, 24.457], [81.869, 24.462], [81.886, 24.461], [81.894, 24.461], [81.905, 24.467], [81.913, 24.468], [81.917, 24.466], [81.934, 24.47], [81.944, 24.472], [81.953, 24.478], [81.967, 24.478], [81.975, 24.483], [81.985, 24.486], [81.991, 24.486], [82.004, 24.494], [82.021, 24.502], [82.028, 24.504], [82.035, 24.502], [82.046, 24.502], [82.051, 24.501], [82.061, 24.501], [82.074, 24.504], [82.078, 24.504], [82.09, 24.5], [82.098, 24.5], [82.122, 24.504], [82.139, 24.51], [82.149, 24.516], [82.155, 24.522], [82.166, 24.524], [82.174, 24.526], [82.189, 24.523], [82.192, 24.521], [82.204, 24.523], [82.205, 24.529], [82.204, 24.533], [82.204, 24.542], [82.21, 24.551], [82.22, 24.554], [82.234, 24.555], [82.24, 24.557], [82.245, 24.556], [82.252, 24.552], [82.261, 24.552], [82.267, 24.548], [82.271, 24.543], [82.277, 24.542], [82.28, 24.54], [82.288, 24.537], [82.292, 24.532], [82.305, 24.527], [82.318, 24.531], [82.325, 24.535], [82.329, 24.539], [82.329, 24.548], [82.331, 24.554], [82.336, 24.559], [82.342, 24.562], [82.348, 24.561], [82.354, 24.558], [82.37, 24.554], [82.383, 24.561], [82.405, 24.562], [82.414, 24.558], [82.427, 24.55], [82.428, 24.547], [82.436, 24.544], [82.443, 24.539], [82.456, 24.537], [82.462, 24.538], [82.467, 24.536], [82.482, 24.535], [82.493, 24.53], [82.497, 24.534], [82.507, 24.53], [82.512, 24.525], [82.513, 24.521], [82.518, 24.518], [82.534, 24.522], [82.544, 24.521], [82.548, 24.523], [82.55, 24.529], [82.556, 24.53], [82.561, 24.535], [82.577, 24.539], [82.588, 24.538], [82.597, 24.544], [82.602, 24.549], [82.61, 24.551], [82.611, 24.554], [82.625, 24.559], [82.634, 24.558], [82.64, 24.564], [82.643, 24.563], [82.667, 24.58], [82.678, 24.583], [82.683, 24.583], [82.692, 24.578], [82.702, 24.578], [82.711, 24.582], [82.723, 24.59], [82.733, 24.597], [82.739, 24.604], [82.749, 24.61], [82.769, 24.61], [82.781, 24.602], [82.788, 24.6], [82.793, 24.6], [82.796, 24.597], [82.816, 24.602], [82.823, 24.602], [82.837, 24.606], [82.847, 24.61], [82.857, 24.617], [82.866, 24.618], [82.873, 24.615], [82.882, 24.616], [82.894, 24.613], [82.901, 24.609], [82.905, 24.603], [82.912, 24.604], [82.927, 24.6], [82.937, 24.604], [82.944, 24.6], [82.951, 24.6], [82.952, 24.596], [82.949, 24.59], [82.954, 24.581], [82.953, 24.576], [82.959, 24.565], [82.964, 24.557], [82.963, 24.55], [82.969, 24.549], [82.972, 24.544], [82.978, 24.54], [82.984, 24.541], [82.992, 24.539], [82.994, 24.535], [83.001, 24.532], [83.009, 24.533], [83.021, 24.532], [83.031, 24.535], [83.039, 24.536], [83.043, 24.534], [83.048, 24.515], [83.049, 24.509], [83.053, 24.502], [83.052, 24.493], [83.057, 24.478], [83.064, 24.471], [83.071, 24.465], [83.085, 24.466], [83.096, 24.468], [83.101, 24.464], [83.11, 24.465], [83.131, 24.471], [83.146, 24.471], [83.151, 24.465], [83.157, 24.464], [83.164, 24.465], [83.184, 24.469], [83.201, 24.467], [83.209, 24.471], [83.217, 24.471], [83.225, 24.467], [83.23, 24.467], [83.239, 24.469], [83.252, 24.47], [83.269, 24.469], [83.277, 24.465]], [[83.277, 24.465], [83.281, 24.465], [83.292, 24.467], [83.299, 24.471], [83.302, 24.478], [83.312, 24.483], [83.321, 24.481], [83.327, 24.481], [83.33, 24.486], [83.335, 24.486], [83.342, 24.49], [83.351, 24.499], [83.356, 24.501], [83.367, 24.497], [83.372, 24.499], [83.384, 24.495], [83.393, 24.506]], [[83.202, 24.467], [83.21, 24.466], [83.214, 24.464], [83.222, 24.463], [83.232, 24.464], [83.239, 24.466], [83.241, 24.464], [83.246, 24.468], [83.255, 24.465], [83.258, 24.462], [83.273, 24.464], [83.277, 24.465]], [[83.357, 24.502], [83.365, 24.505], [83.385, 24.508], [83.393, 24.506]], [[83.393, 24.506], [83.413, 24.51], [83.427, 24.509], [83.436, 24.513], [83.439, 24.512], [83.443, 24.515], [83.458, 24.52], [83.476, 24.522], [83.486, 24.527], [83.497, 24.529], [83.52, 24.529], [83.539, 24.529], [83.563, 24.525], [83.59, 24.518], [83.617, 24.516], [83.639, 24.517], [83.647, 24.514], [83.658, 24.514], [83.669, 24.52], [83.675, 24.522], [83.688, 24.522], [83.702, 24.515], [83.712, 24.509], [83.717, 24.507], [83.726, 24.509]], [[83.726, 24.509], [83.728, 24.509], [83.743, 24.508], [83.746, 24.507], [83.753, 24.507], [83.763, 24.515], [83.771, 24.518], [83.778, 24.522], [83.791, 24.529], [83.794, 24.528], [83.806, 24.529], [83.815, 24.531], [83.829, 24.531], [83.837, 24.538], [83.844, 24.539], [83.854, 24.543], [83.862, 24.543]], [[83.726, 24.509], [83.733, 24.505], [83.737, 24.501], [83.743, 24.501], [83.752, 24.504], [83.759, 24.511], [83.769, 24.514], [83.785, 24.511], [83.792, 24.512], [83.796, 24.519], [83.8, 24.517], [83.806, 24.521], [83.807, 24.525], [83.818, 24.529], [83.825, 24.527], [83.837, 24.526], [83.842, 24.528], [83.844, 24.526], [83.851, 24.531], [83.854, 24.535], [83.862, 24.543]], [[83.862, 24.543], [83.886, 24.545], [83.909, 24.549]], [[83.909, 24.549], [83.913, 24.551], [83.935, 24.569], [83.941, 24.576], [83.956, 24.588], [83.963, 24.595], [83.974, 24.605], [83.977, 24.607], [83.985, 24.627], [83.987, 24.635], [83.995, 24.652], [83.998, 24.656], [84.009, 24.664]], [[83.909, 24.549], [83.921, 24.548], [83.943, 24.549], [83.953, 24.548], [83.962, 24.552], [83.966, 24.557], [83.971, 24.56], [83.973, 24.565], [83.979, 24.573], [83.978, 24.577], [83.981, 24.591], [83.984, 24.598], [83.99, 24.6], [83.99, 24.603], [83.996, 24.611], [84.002, 24.613], [84.006, 24.62], [84.013, 24.629], [84.014, 24.633], [84.012, 24.64], [84.013, 24.651], [84.009, 24.664]], [[84.009, 24.664], [84.019, 24.671], [84.022, 24.675], [84.025, 24.682], [84.034, 24.706], [84.048, 24.734], [84.059, 24.757], [84.065, 24.77], [84.073, 24.779], [84.115, 24.819], [84.129, 24.83], [84.134, 24.833], [84.136, 24.839], [84.142, 24.848], [84.155, 24.853], [84.159, 24.863], [84.166, 24.867], [84.166, 24.871], [84.171, 24.879], [84.175, 24.882], [84.184, 24.892], [84.189, 24.898], [84.201, 24.901], [84.214, 24.905], [84.217, 24.914], [84.217, 24.923], [84.22, 24.932], [84.231, 24.942], [84.236, 24.948], [84.249, 24.952], [84.252, 24.96], [84.26, 24.966], [84.273, 24.97], [84.275, 24.972], [84.278, 24.981], [84.287, 24.985], [84.292, 24.991], [84.298, 24.995], [84.297, 25.005], [84.298, 25.01], [84.304, 25.017], [84.316, 25.023], [84.322, 25.028], [84.328, 25.029], [84.336, 25.036], [84.338, 25.04], [84.348, 25.043], [84.36, 25.053], [84.362, 25.057], [84.376, 25.059], [84.392, 25.067], [84.406, 25.067], [84.41, 25.063], [84.416, 25.064], [84.426, 25.07], [84.431, 25.08], [84.431, 25.085], [84.428, 25.088], [84.429, 25.092], [84.433, 25.095], [84.436, 25.102], [84.443, 25.106], [84.447, 25.118], [84.453, 25.12], [84.454, 25.13], [84.453, 25.135], [84.462, 25.138], [84.474, 25.157], [84.479, 25.168], [84.48, 25.174], [84.476, 25.184], [84.48, 25.194], [84.486, 25.198], [84.485, 25.203], [84.495, 25.204], [84.498, 25.206], [84.504, 25.208], [84.508, 25.215], [84.527, 25.217], [84.541, 25.218], [84.547, 25.22], [84.553, 25.219], [84.56, 25.223], [84.562, 25.226], [84.577, 25.234], [84.589, 25.237], [84.599, 25.235], [84.604, 25.237], [84.611, 25.236], [84.62, 25.246], [84.627, 25.247], [84.637, 25.246], [84.644, 25.245], [84.649, 25.252], [84.651, 25.26], [84.654, 25.261], [84.66, 25.261], [84.664, 25.265], [84.675, 25.278], [84.679, 25.29], [84.674, 25.301], [84.677, 25.305], [84.681, 25.305], [84.69, 25.315], [84.7, 25.319], [84.712, 25.321], [84.717, 25.32], [84.727, 25.33], [84.73, 25.337], [84.736, 25.353], [84.736, 25.369], [84.737, 25.374], [84.746, 25.376], [84.747, 25.382], [84.744, 25.386], [84.744, 25.391], [84.746, 25.399], [84.745, 25.405], [84.751, 25.414], [84.755, 25.418], [84.762, 25.427], [84.77, 25.432], [84.778, 25.435], [84.775, 25.44], [84.774, 25.444], [84.778, 25.454], [84.776, 25.46], [84.771, 25.464], [84.771, 25.473], [84.766, 25.477], [84.766, 25.484], [84.761, 25.49], [84.758, 25.497], [84.764, 25.503], [84.768, 25.503], [84.771, 25.508], [84.769, 25.517], [84.77, 25.525], [84.774, 25.533], [84.77, 25.537], [84.769, 25.541], [84.773, 25.55], [84.783, 25.555], [84.789, 25.556], [84.793, 25.56], [84.798, 25.574], [84.801, 25.579], [84.808, 25.583], [84.811, 25.589], [84.81, 25.603], [84.811, 25.61], [84.813, 25.613], [84.815, 25.621], [84.813, 25.624], [84.812, 25.635], [84.807, 25.646], [84.803, 25.651], [84.802, 25.659], [84.804, 25.666], [84.809, 25.669], [84.818, 25.67], [84.826, 25.673], [84.833, 25.687], [84.84, 25.699], [84.846, 25.703], [84.854, 25.705], [84.865, 25.705], [84.873, 25.698]]]}, "properties": {"rivname": "Sone", "ba_name": "Ganga"}}, {"type": "Feature", "geometry": {"type": "MultiLineString", "coordinates": [[[79.538, 32.637], [79.534, 32.643], [79.524, 32.644], [79.516, 32.655], [79.508, 32.662], [79.501, 32.666], [79.5, 32.669], [79.494, 32.674], [79.486, 32.677], [79.484, 32.684], [79.479, 32.691], [79.474, 32.695], [79.465, 32.709], [79.454, 32.715], [79.452, 32.718], [79.445, 32.72], [79.44, 32.728], [79.43, 32.732], [79.415, 32.737], [79.416, 32.742], [79.422, 32.749], [79.417, 32.754], [79.415, 32.761], [79.41, 32.77], [79.411, 32.775], [79.407, 32.785], [79.39, 32.792], [79.387, 32.801], [79.377, 32.81], [79.372, 32.818], [79.368, 32.831], [79.362, 32.837], [79.361, 32.841], [79.352, 32.845], [79.349, 32.851], [79.342, 32.852], [79.323, 32.869], [79.321, 32.882], [79.313, 32.886], [79.306, 32.885], [79.302, 32.891], [79.306, 32.896], [79.314, 32.9], [79.311, 32.905], [79.302, 32.912], [79.302, 32.921], [79.307, 32.923], [79.307, 32.927], [79.295, 32.93], [79.285, 32.936], [79.284, 32.94], [79.285, 32.949], [79.282, 32.954], [79.274, 32.957], [79.271, 32.961], [79.264, 32.966], [79.259, 32.967], [79.255, 32.965], [79.244, 32.965], [79.237, 32.975], [79.232, 32.975], [79.224, 32.97], [79.224, 32.966], [79.22, 32.962], [79.215, 32.962], [79.21, 32.966], [79.203, 32.967], [79.203, 32.978], [79.186, 32.987], [79.178, 32.983], [79.175, 32.986], [79.176, 32.994], [79.171, 32.997], [79.168, 33.002], [79.168, 33.011], [79.161, 33.014], [79.159, 33.009], [79.153, 33.01], [79.154, 33.019], [79.149, 33.026], [79.141, 33.023], [79.139, 33.033], [79.13, 33.031], [79.119, 33.04], [79.118, 33.045], [79.112, 33.05], [79.108, 33.057], [79.097, 33.069], [79.092, 33.08], [79.085, 33.085], [79.084, 33.091], [79.081, 33.095], [79.08, 33.105], [79.074, 33.102], [79.062, 33.106], [79.059, 33.115], [79.055, 33.119], [79.043, 33.127], [79.041, 33.129], [79.046, 33.133], [79.047, 33.139], [79.044, 33.141], [79.036, 33.142], [79.036, 33.148], [79.034, 33.151], [79.027, 33.153], [79.018, 33.154], [79.015, 33.15], [79.01, 33.153], [79.007, 33.158], [79.003, 33.154], [78.999, 33.156], [78.999, 33.16], [79.002, 33.165], [78.996, 33.168], [78.992, 33.164], [78.985, 33.167], [78.982, 33.175], [78.984, 33.178], [78.977, 33.185], [78.97, 33.185], [78.969, 33.188], [78.969, 33.196], [78.967, 33.198], [78.96, 33.194], [78.954, 33.201], [78.948, 33.205], [78.946, 33.208], [78.946, 33.216], [78.94, 33.22], [78.932, 33.217], [78.923, 33.221], [78.923, 33.215], [78.907, 33.218], [78.902, 33.215], [78.9, 33.208], [78.897, 33.205], [78.898, 33.199], [78.893, 33.2], [78.888, 33.196], [78.878, 33.192], [78.869, 33.194], [78.868, 33.184], [78.86, 33.179], [78.853, 33.178], [78.844, 33.17], [78.832, 33.166], [78.829, 33.17], [78.817, 33.168], [78.812, 33.158], [78.801, 33.152], [78.798, 33.153], [78.789, 33.151], [78.782, 33.147], [78.776, 33.148], [78.762, 33.144], [78.76, 33.138], [78.75, 33.135], [78.736, 33.137], [78.728, 33.14], [78.726, 33.144], [78.716, 33.148], [78.709, 33.156], [78.703, 33.159], [78.695, 33.168], [78.69, 33.169], [78.681, 33.175], [78.672, 33.174], [78.669, 33.177], [78.662, 33.175], [78.653, 33.175], [78.651, 33.179], [78.643, 33.185], [78.638, 33.192], [78.628, 33.2], [78.622, 33.201], [78.612, 33.197], [78.598, 33.193], [78.591, 33.192], [78.59, 33.198], [78.581, 33.203], [78.572, 33.203], [78.568, 33.206], [78.564, 33.215], [78.566, 33.22], [78.567, 33.227], [78.554, 33.232], [78.554, 33.237], [78.548, 33.243], [78.54, 33.246], [78.536, 33.25], [78.523, 33.251], [78.511, 33.262], [78.505, 33.259], [78.497, 33.257], [78.492, 33.264], [78.488, 33.266], [78.475, 33.267], [78.471, 33.269], [78.455, 33.27], [78.449, 33.274], [78.444, 33.282], [78.438, 33.28], [78.427, 33.281], [78.421, 33.283], [78.413, 33.292], [78.4, 33.298], [78.397, 33.304], [78.402, 33.316], [78.397, 33.322], [78.386, 33.324], [78.385, 33.334], [78.381, 33.344], [78.373, 33.348], [78.367, 33.356], [78.36, 33.359], [78.34, 33.356], [78.33, 33.361], [78.318, 33.359], [78.315, 33.356], [78.305, 33.357], [78.299, 33.363], [78.288, 33.365], [78.283, 33.372], [78.28, 33.381], [78.274, 33.389], [78.27, 33.388], [78.253, 33.396], [78.244, 33.396], [78.236, 33.406], [78.236, 33.412], [78.219, 33.415], [78.216, 33.419], [78.209, 33.421], [78.206, 33.427], [78.201, 33.428], [78.199, 33.433], [78.19, 33.439], [78.186, 33.444], [78.181, 33.443], [78.174, 33.45], [78.17, 33.451], [78.162, 33.458], [78.156, 33.46], [78.156, 33.467], [78.149, 33.472], [78.143, 33.47], [78.141, 33.474], [78.129, 33.475], [78.129, 33.482], [78.136, 33.486], [78.148, 33.505], [78.153, 33.511], [78.153, 33.519], [78.151, 33.526], [78.151, 33.534], [78.154, 33.539], [78.155, 33.545], [78.145, 33.553], [78.141, 33.559], [78.135, 33.562], [78.129, 33.569], [78.124, 33.572], [78.112, 33.576], [78.083, 33.583], [78.075, 33.593], [78.077, 33.603], [78.083, 33.615], [78.078, 33.62], [78.077, 33.625], [78.064, 33.635], [78.053, 33.642]], [[78.053, 33.642], [78.051, 33.643]], [[78.053, 33.642], [78.04, 33.643], [78.032, 33.648], [78.023, 33.65], [78.016, 33.65], [78.007, 33.658], [78.003, 33.657], [77.997, 33.666], [77.995, 33.675], [77.988, 33.679], [77.986, 33.686], [77.978, 33.692], [77.97, 33.701], [77.966, 33.702], [77.965, 33.707], [77.96, 33.714], [77.96, 33.726], [77.951, 33.727], [77.94, 33.735], [77.934, 33.736], [77.933, 33.74], [77.929, 33.744], [77.93, 33.75], [77.918, 33.756], [77.911, 33.755], [77.907, 33.757], [77.898, 33.758], [77.889, 33.756], [77.884, 33.757], [77.883, 33.761], [77.868, 33.773], [77.865, 33.774], [77.853, 33.785], [77.849, 33.791], [77.84, 33.793], [77.841, 33.799], [77.835, 33.803], [77.827, 33.813], [77.821, 33.823], [77.821, 33.827], [77.814, 33.828], [77.81, 33.836], [77.804, 33.839], [77.804, 33.847], [77.798, 33.857], [77.793, 33.863], [77.784, 33.865], [77.778, 33.875], [77.769, 33.875], [77.764, 33.879], [77.756, 33.88], [77.75, 33.887], [77.752, 33.893], [77.75, 33.895], [77.75, 33.904], [77.745, 33.909], [77.74, 33.916], [77.735, 33.917], [77.735, 33.923], [77.73, 33.927], [77.729, 33.936], [77.727, 33.944], [77.721, 33.949], [77.721, 33.953], [77.716, 33.96], [77.711, 33.961], [77.709, 33.968], [77.71, 33.975], [77.704, 33.981], [77.699, 33.99], [77.699, 33.997], [77.692, 34], [77.69, 34.005], [77.684, 34.01], [77.676, 34.02], [77.675, 34.027], [77.671, 34.033], [77.666, 34.036], [77.666, 34.04], [77.662, 34.043], [77.658, 34.049], [77.65, 34.053], [77.648, 34.059], [77.635, 34.063], [77.631, 34.064], [77.623, 34.071], [77.616, 34.074], [77.606, 34.083], [77.605, 34.087], [77.601, 34.089], [77.594, 34.101], [77.583, 34.104], [77.579, 34.103], [77.57, 34.11], [77.557, 34.113], [77.546, 34.112], [77.531, 34.114], [77.523, 34.122], [77.517, 34.123], [77.511, 34.128], [77.507, 34.13], [77.504, 34.134], [77.495, 34.139], [77.483, 34.138], [77.48, 34.133], [77.47, 34.13], [77.457, 34.132], [77.449, 34.132], [77.445, 34.13], [77.434, 34.131], [77.435, 34.126], [77.432, 34.122], [77.425, 34.121], [77.417, 34.125], [77.415, 34.131], [77.408, 34.139], [77.4, 34.137], [77.39, 34.14], [77.382, 34.147], [77.377, 34.154], [77.374, 34.153], [77.361, 34.152], [77.352, 34.16], [77.346, 34.157], [77.34, 34.158], [77.336, 34.164], [77.332, 34.165], [77.328, 34.174], [77.335, 34.183], [77.33, 34.187], [77.331, 34.192], [77.323, 34.199], [77.315, 34.198], [77.308, 34.202], [77.299, 34.203], [77.294, 34.206], [77.283, 34.203], [77.279, 34.201], [77.278, 34.193], [77.262, 34.187], [77.255, 34.194], [77.243, 34.196], [77.233, 34.202], [77.231, 34.208], [77.225, 34.211], [77.219, 34.216], [77.213, 34.217], [77.2, 34.215], [77.195, 34.212], [77.191, 34.212], [77.178, 34.219], [77.178, 34.223], [77.167, 34.237], [77.165, 34.241], [77.155, 34.243], [77.151, 34.241], [77.143, 34.239], [77.139, 34.235], [77.133, 34.233], [77.128, 34.234], [77.122, 34.239], [77.113, 34.243], [77.11, 34.248], [77.1, 34.254], [77.09, 34.25], [77.075, 34.255], [77.062, 34.264], [77.051, 34.264], [77.037, 34.27], [77.033, 34.273], [77.03, 34.279], [77.03, 34.285], [77.032, 34.291], [77.024, 34.292], [77.018, 34.295], [77.012, 34.293], [77.002, 34.295], [76.978, 34.302], [76.969, 34.314], [76.96, 34.31], [76.954, 34.308], [76.946, 34.304], [76.924, 34.304], [76.917, 34.308], [76.914, 34.314], [76.906, 34.315], [76.894, 34.322], [76.889, 34.319], [76.878, 34.318], [76.861, 34.32], [76.859, 34.325], [76.842, 34.329], [76.829, 34.338], [76.816, 34.347], [76.808, 34.353], [76.805, 34.358], [76.806, 34.369], [76.799, 34.37], [76.796, 34.377], [76.795, 34.385], [76.792, 34.386], [76.782, 34.385], [76.779, 34.38], [76.771, 34.38], [76.759, 34.387], [76.757, 34.39], [76.758, 34.394], [76.764, 34.4], [76.765, 34.405], [76.758, 34.407], [76.739, 34.416], [76.735, 34.424], [76.726, 34.423], [76.72, 34.424], [76.713, 34.432], [76.706, 34.429], [76.692, 34.43], [76.69, 34.439], [76.682, 34.448], [76.682, 34.455], [76.678, 34.459], [76.672, 34.46], [76.667, 34.465], [76.667, 34.468], [76.672, 34.472], [76.671, 34.48], [76.669, 34.483], [76.659, 34.488], [76.649, 34.489], [76.642, 34.488], [76.64, 34.498], [76.622, 34.507], [76.626, 34.51], [76.627, 34.515], [76.626, 34.523], [76.623, 34.529], [76.622, 34.537], [76.619, 34.542], [76.606, 34.549], [76.602, 34.557], [76.597, 34.56], [76.585, 34.558], [76.577, 34.558], [76.572, 34.56], [76.566, 34.567], [76.557, 34.571], [76.53, 34.574], [76.529, 34.579], [76.53, 34.585], [76.525, 34.595], [76.515, 34.6], [76.511, 34.6], [76.502, 34.606], [76.496, 34.615], [76.492, 34.618], [76.475, 34.623], [76.471, 34.626], [76.462, 34.629], [76.456, 34.633], [76.447, 34.636], [76.441, 34.634], [76.427, 34.634], [76.413, 34.636], [76.401, 34.641], [76.397, 34.64], [76.394, 34.636], [76.384, 34.635], [76.376, 34.635], [76.365, 34.64], [76.353, 34.648], [76.349, 34.653], [76.346, 34.66], [76.34, 34.66], [76.33, 34.658], [76.321, 34.659], [76.316, 34.667], [76.308, 34.676], [76.301, 34.678], [76.295, 34.683], [76.282, 34.691], [76.273, 34.694], [76.269, 34.699], [76.259, 34.716], [76.254, 34.722], [76.249, 34.732], [76.238, 34.732], [76.226, 34.746], [76.218, 34.746], [76.21, 34.753], [76.203, 34.762], [76.205, 34.767], [76.203, 34.776], [76.199, 34.78], [76.198, 34.786], [76.202, 34.792], [76.201, 34.802], [76.191, 34.812], [76.193, 34.821], [76.19, 34.825], [76.187, 34.835], [76.194, 34.843], [76.193, 34.856], [76.206, 34.887], [76.207, 34.902], [76.222, 34.925], [76.222, 34.942], [76.21, 34.96], [76.192, 34.968], [76.165, 34.971], [76.155, 34.983], [76.146, 34.998], [76.132, 35.017], [76.119, 35.028], [76.099, 35.035], [76.095, 35.035], [76.084, 35.042], [76.071, 35.056], [76.063, 35.057], [76.045, 35.065], [76.044, 35.087], [76.034, 35.094], [76.006, 35.095], [75.984, 35.099], [75.974, 35.114], [75.968, 35.125], [75.956, 35.141], [75.938, 35.16], [75.913, 35.18], [75.911, 35.188], [75.911, 35.202], [75.912, 35.211], [75.922, 35.234], [75.907, 35.232], [75.885, 35.228], [75.873, 35.238], [75.861, 35.257], [75.86, 35.279], [75.858, 35.307], [75.849, 35.318], [75.846, 35.325], [75.834, 35.341], [75.817, 35.347], [75.802, 35.347], [75.794, 35.336], [75.789, 35.323], [75.773, 35.313], [75.739, 35.31], [75.725, 35.303], [75.711, 35.302], [75.705, 35.315], [75.69, 35.316], [75.683, 35.314], [75.667, 35.3], [75.654, 35.295], [75.642, 35.299], [75.633, 35.316], [75.622, 35.322], [75.576, 35.345], [75.562, 35.356], [75.534, 35.367], [75.51, 35.394], [75.477, 35.426], [75.458, 35.451], [75.418, 35.472], [75.4, 35.477], [75.391, 35.476], [75.374, 35.47], [75.359, 35.476], [75.35, 35.501], [75.347, 35.515], [75.34, 35.574], [75.329, 35.593], [75.312, 35.594], [75.307, 35.586], [75.276, 35.581], [75.27, 35.582], [75.243, 35.589], [75.223, 35.591], [75.201, 35.596], [75.189, 35.589], [75.176, 35.588], [75.155, 35.602], [75.138, 35.605], [75.116, 35.599], [75.096, 35.6], [75.08, 35.594], [75.074, 35.593], [75.069, 35.599], [75.065, 35.617], [75.062, 35.63], [75.045, 35.635], [75.036, 35.635], [75.024, 35.628], [75.006, 35.624], [74.959, 35.635], [74.947, 35.64], [74.932, 35.648], [74.919, 35.669], [74.917, 35.68], [74.914, 35.69], [74.903, 35.697], [74.884, 35.699], [74.867, 35.708], [74.846, 35.709], [74.827, 35.718], [74.82, 35.719], [74.801, 35.714], [74.786, 35.714], [74.775, 35.714], [74.763, 35.713], [74.749, 35.714], [74.743, 35.721], [74.743, 35.736], [74.743, 35.75], [74.751, 35.753], [74.756, 35.761], [74.742, 35.784], [74.733, 35.79], [74.731, 35.8], [74.741, 35.825], [74.74, 35.847], [74.737, 35.85], [74.726, 35.851], [74.697, 35.841], [74.685, 35.832], [74.656, 35.825], [74.648, 35.821], [74.643, 35.81], [74.632, 35.799], [74.628, 35.788], [74.632, 35.779], [74.651, 35.764], [74.645, 35.754], [74.625, 35.736], [74.627, 35.725], [74.646, 35.708], [74.647, 35.701], [74.641, 35.694], [74.64, 35.684], [74.637, 35.677], [74.627, 35.666], [74.615, 35.656], [74.617, 35.644], [74.614, 35.637], [74.611, 35.626], [74.616, 35.62], [74.627, 35.617], [74.632, 35.608], [74.63, 35.6], [74.629, 35.59], [74.64, 35.576], [74.639, 35.571], [74.628, 35.559], [74.628, 35.542], [74.63, 35.521], [74.608, 35.496], [74.594, 35.492], [74.577, 35.489], [74.568, 35.484], [74.559, 35.482], [74.535, 35.478], [74.52, 35.478], [74.513, 35.482], [74.498, 35.487], [74.485, 35.475], [74.471, 35.468], [74.471, 35.46], [74.46, 35.452], [74.457, 35.444], [74.444, 35.436], [74.434, 35.425], [74.425, 35.417], [74.406, 35.413], [74.395, 35.415], [74.363, 35.409], [74.339, 35.41], [74.325, 35.411], [74.311, 35.412], [74.3, 35.417], [74.292, 35.425], [74.281, 35.433], [74.27, 35.433], [74.257, 35.426], [74.238, 35.411], [74.217, 35.409], [74.191, 35.404], [74.181, 35.403], [74.17, 35.406], [74.163, 35.406], [74.14, 35.411], [74.11, 35.434], [74.092, 35.439], [74.076, 35.436], [74.064, 35.431], [74.04, 35.426], [74.031, 35.428], [74.025, 35.435], [74.02, 35.446], [74.014, 35.453], [73.998, 35.45], [73.989, 35.446], [73.977, 35.451], [73.967, 35.467], [73.969, 35.472], [73.97, 35.481], [73.962, 35.488], [73.949, 35.487], [73.927, 35.486], [73.915, 35.491], [73.905, 35.491], [73.889, 35.483], [73.873, 35.486], [73.864, 35.493], [73.851, 35.496], [73.839, 35.491], [73.827, 35.49], [73.809, 35.5], [73.805, 35.507], [73.799, 35.513], [73.79, 35.518], [73.771, 35.521]], [[78.051, 33.643], [78.05, 33.643]], [[78.051, 33.643], [78.042, 33.644]]]}, "properties": {"rivname": "Indus", "ba_name": "Indus (Up to border)"}}, {"type": "Feature", "geometry": {"type": "MultiLineString", "coordinates": [[[72.442, 22.558], [72.446, 22.559]], [[72.446, 22.559], [72.442, 22.558]], [[72.41, 22.215], [72.407, 22.231], [72.396, 22.247], [72.393, 22.253], [72.401, 22.276], [72.399, 22.281], [72.402, 22.286], [72.401, 22.294], [72.39, 22.303], [72.388, 22.307], [72.387, 22.315], [72.396, 22.325], [72.399, 22.326], [72.408, 22.34], [72.412, 22.352], [72.411, 22.36], [72.4, 22.369], [72.394, 22.382], [72.389, 22.389], [72.378, 22.396], [72.36, 22.398], [72.359, 22.4], [72.36, 22.409], [72.365, 22.416], [72.365, 22.423], [72.372, 22.428], [72.375, 22.432], [72.381, 22.434], [72.388, 22.44], [72.39, 22.446], [72.386, 22.452], [72.389, 22.461], [72.399, 22.471], [72.407, 22.475], [72.423, 22.487], [72.424, 22.49], [72.432, 22.497], [72.438, 22.507], [72.443, 22.529], [72.439, 22.542], [72.432, 22.55], [72.425, 22.555], [72.424, 22.559], [72.43, 22.561], [72.436, 22.561], [72.442, 22.558]], [[72.446, 22.559], [72.452, 22.562], [72.455, 22.566]], [[72.455, 22.566], [72.464, 22.574], [72.466, 22.576]], [[72.455, 22.566], [72.463, 22.576], [72.466, 22.576]], [[72.466, 22.576], [72.467, 22.577]], [[72.467, 22.577], [72.471, 22.581]], [[72.467, 22.577], [72.471, 22.581]], [[72.471, 22.581], [72.477, 22.59], [72.488, 22.6], [72.496, 22.604], [72.503, 22.605], [72.506, 22.607], [72.506, 22.611]], [[72.506, 22.611], [72.505, 22.618]], [[72.506, 22.611], [72.505, 22.618]], [[72.525, 22.622], [72.528, 22.618], [72.532, 22.618], [72.536, 22.622]], [[72.505, 22.618], [72.505, 22.622]], [[72.536, 22.622], [72.536, 22.625]], [[72.536, 22.622], [72.536, 22.625]], [[72.505, 22.622], [72.506, 22.626]], [[72.505, 22.622], [72.506, 22.626]], [[72.521, 22.629], [72.525, 22.622]], [[72.521, 22.629], [72.525, 22.622]], [[72.506, 22.626], [72.509, 22.632], [72.514, 22.636], [72.521, 22.629]], [[72.536, 22.625], [72.533, 22.633], [72.531, 22.641], [72.535, 22.652], [72.542, 22.654], [72.547, 22.662], [72.548, 22.666], [72.545, 22.672], [72.546, 22.677], [72.551, 22.681], [72.552, 22.686], [72.552, 22.694], [72.545, 22.696], [72.534, 22.695], [72.526, 22.695], [72.52, 22.698], [72.518, 22.705], [72.52, 22.711], [72.523, 22.714], [72.534, 22.711], [72.541, 22.708], [72.545, 22.71], [72.543, 22.714], [72.528, 22.724], [72.524, 22.73], [72.525, 22.735], [72.53, 22.738]], [[72.53, 22.738], [72.534, 22.741]], [[72.53, 22.738], [72.534, 22.741]], [[72.534, 22.741], [72.536, 22.743]], [[72.536, 22.743], [72.539, 22.753], [72.537, 22.761]], [[72.536, 22.743], [72.542, 22.752], [72.537, 22.761]], [[72.537, 22.761], [72.529, 22.769], [72.519, 22.775], [72.513, 22.782], [72.502, 22.788], [72.5, 22.792], [72.504, 22.799], [72.515, 22.8], [72.52, 22.796], [72.526, 22.795], [72.532, 22.797], [72.538, 22.803], [72.537, 22.812], [72.531, 22.817], [72.519, 22.822]], [[72.519, 22.822], [72.511, 22.822], [72.505, 22.825]], [[72.519, 22.822], [72.505, 22.825]], [[72.505, 22.825], [72.5, 22.828], [72.495, 22.84], [72.496, 22.853], [72.498, 22.861], [72.497, 22.868], [72.494, 22.872], [72.493, 22.885], [72.494, 22.89], [72.499, 22.902], [72.514, 22.909], [72.517, 22.915]], [[72.517, 22.915], [72.521, 22.916]], [[72.517, 22.915], [72.521, 22.916]], [[72.521, 22.916], [72.525, 22.92], [72.533, 22.925], [72.537, 22.931], [72.542, 22.935], [72.543, 22.941], [72.537, 22.948], [72.533, 22.949], [72.525, 22.948], [72.517, 22.944], [72.513, 22.945], [72.508, 22.95], [72.507, 22.959], [72.517, 22.967], [72.522, 22.974], [72.525, 22.975]], [[72.525, 22.975], [72.529, 22.976]], [[72.525, 22.975], [72.529, 22.976]], [[72.529, 22.976], [72.54, 22.979], [72.545, 22.983]], [[72.545, 22.983], [72.545, 22.985], [72.552, 22.991], [72.559, 22.993]], [[72.545, 22.983], [72.557, 22.989], [72.559, 22.993]], [[72.559, 22.993], [72.563, 22.996], [72.57, 23.004], [72.575, 23.014], [72.575, 23.022], [72.573, 23.037], [72.575, 23.048], [72.58, 23.056], [72.584, 23.06], [72.592, 23.064], [72.599, 23.072], [72.6, 23.084], [72.61, 23.091], [72.624, 23.09], [72.635, 23.091], [72.643, 23.096], [72.647, 23.101], [72.649, 23.115], [72.647, 23.125], [72.646, 23.136], [72.651, 23.142], [72.655, 23.143], [72.667, 23.143], [72.672, 23.144], [72.676, 23.149], [72.674, 23.159], [72.665, 23.167], [72.658, 23.175], [72.657, 23.184], [72.66, 23.194], [72.667, 23.205], [72.678, 23.212], [72.684, 23.219], [72.687, 23.225], [72.686, 23.237], [72.68, 23.258], [72.684, 23.266], [72.69, 23.267], [72.696, 23.27], [72.7, 23.274], [72.701, 23.28], [72.7, 23.286], [72.7, 23.299], [72.702, 23.308], [72.706, 23.312], [72.707, 23.317], [72.712, 23.325], [72.718, 23.331], [72.723, 23.338], [72.724, 23.342], [72.719, 23.354], [72.72, 23.363], [72.731, 23.367], [72.735, 23.372], [72.731, 23.378], [72.723, 23.384], [72.724, 23.394], [72.728, 23.4], [72.738, 23.405], [72.746, 23.407], [72.763, 23.408], [72.768, 23.413], [72.772, 23.415], [72.779, 23.414], [72.789, 23.406], [72.793, 23.404], [72.8, 23.406], [72.802, 23.412], [72.798, 23.414], [72.793, 23.422], [72.793, 23.428], [72.806, 23.44], [72.814, 23.454], [72.819, 23.468], [72.819, 23.473], [72.815, 23.479], [72.815, 23.484], [72.812, 23.487], [72.802, 23.492], [72.797, 23.498], [72.798, 23.505], [72.801, 23.507], [72.819, 23.501], [72.823, 23.502], [72.824, 23.506], [72.819, 23.515], [72.821, 23.52], [72.828, 23.528], [72.833, 23.538], [72.831, 23.544], [72.826, 23.551], [72.809, 23.563], [72.806, 23.57], [72.807, 23.582], [72.81, 23.589], [72.83, 23.596], [72.841, 23.604], [72.841, 23.614], [72.835, 23.617], [72.831, 23.62], [72.819, 23.634], [72.816, 23.64], [72.821, 23.65], [72.831, 23.658], [72.835, 23.664], [72.834, 23.671], [72.831, 23.675], [72.831, 23.687], [72.823, 23.694], [72.815, 23.709], [72.811, 23.722], [72.801, 23.733], [72.8, 23.743], [72.801, 23.745], [72.797, 23.751], [72.796, 23.765], [72.799, 23.769], [72.799, 23.775], [72.804, 23.778], [72.806, 23.785], [72.811, 23.791], [72.815, 23.798], [72.81, 23.803], [72.811, 23.808], [72.808, 23.811], [72.805, 23.816], [72.798, 23.813], [72.792, 23.815], [72.789, 23.819], [72.788, 23.831], [72.791, 23.844], [72.79, 23.853], [72.802, 23.872], [72.804, 23.883], [72.804, 23.902]], [[72.804, 23.902], [72.804, 23.915], [72.811, 23.922], [72.816, 23.923]], [[72.804, 23.902], [72.813, 23.912], [72.816, 23.918], [72.816, 23.923]], [[72.816, 23.923], [72.825, 23.929], [72.828, 23.934], [72.827, 23.939], [72.818, 23.948], [72.822, 23.956], [72.827, 23.962], [72.843, 23.968], [72.849, 23.973], [72.853, 23.978], [72.855, 23.987], [72.854, 24.004], [72.857, 24.008], [72.859, 24.021], [72.871, 24.022], [72.887, 24.026], [72.897, 24.031], [72.91, 24.034], [72.918, 24.037], [72.923, 24.042], [72.921, 24.047], [72.922, 24.059], [72.93, 24.069], [72.927, 24.089], [72.93, 24.093], [72.939, 24.102], [72.945, 24.104], [72.951, 24.103], [72.964, 24.118], [72.969, 24.119], [72.972, 24.123], [72.965, 24.128], [72.961, 24.132], [72.954, 24.138], [72.953, 24.147], [72.951, 24.151], [72.957, 24.159], [72.961, 24.162], [72.966, 24.17], [72.986, 24.178], [72.992, 24.184], [72.994, 24.193], [72.992, 24.202], [72.99, 24.206], [72.99, 24.214], [72.993, 24.224], [72.998, 24.228], [73.005, 24.229], [73.014, 24.234], [73.015, 24.237], [73.018, 24.252], [73.022, 24.258], [73.029, 24.262], [73.038, 24.264], [73.046, 24.259], [73.05, 24.258], [73.058, 24.266], [73.053, 24.275], [73.066, 24.285], [73.072, 24.286], [73.078, 24.289], [73.08, 24.293], [73.087, 24.301], [73.097, 24.304], [73.103, 24.31], [73.103, 24.314], [73.088, 24.329], [73.09, 24.337], [73.096, 24.343], [73.102, 24.344], [73.11, 24.342], [73.115, 24.347], [73.114, 24.356], [73.123, 24.37], [73.126, 24.376], [73.124, 24.38], [73.118, 24.385], [73.123, 24.395], [73.124, 24.401], [73.118, 24.403], [73.116, 24.406], [73.116, 24.415], [73.119, 24.418], [73.119, 24.428], [73.121, 24.435], [73.118, 24.438], [73.117, 24.442], [73.123, 24.445], [73.125, 24.452], [73.129, 24.457], [73.129, 24.464], [73.137, 24.462], [73.14, 24.465], [73.14, 24.47], [73.147, 24.476]], [[73.147, 24.476], [73.15, 24.48]], [[73.147, 24.476], [73.151, 24.481]], [[73.15, 24.48], [73.151, 24.481]], [[73.15, 24.48], [73.15, 24.485], [73.154, 24.491]], [[73.151, 24.481], [73.154, 24.485], [73.154, 24.491]], [[73.154, 24.491], [73.158, 24.497], [73.164, 24.5], [73.168, 24.51], [73.174, 24.514], [73.175, 24.518], [73.179, 24.52], [73.181, 24.528], [73.185, 24.534], [73.189, 24.543], [73.194, 24.549], [73.198, 24.562], [73.201, 24.568], [73.221, 24.6], [73.221, 24.607], [73.225, 24.611], [73.225, 24.618], [73.23, 24.62]]]}, "properties": {"rivname": "Sabarmati", "ba_name": "Sabarmati"}}, {"type": "Feature", "geometry": {"type": "MultiLineString", "coordinates": [[[88.068, 22.352], [88.061, 22.345], [88.056, 22.346], [88.05, 22.342], [88.048, 22.339], [88.051, 22.333], [88.052, 22.328], [88.047, 22.322], [88.044, 22.325], [88.037, 22.325], [88.031, 22.321], [88.03, 22.314], [88.034, 22.309], [88.04, 22.308], [88.044, 22.304], [88.044, 22.3], [88.049, 22.295], [88.066, 22.285], [88.071, 22.281], [88.079, 22.284], [88.089, 22.282]], [[88.068, 22.352], [88.08, 22.349], [88.095, 22.351]], [[87.648, 23.232], [87.659, 23.23], [87.668, 23.233], [87.682, 23.244], [87.689, 23.246]], [[87.689, 23.246], [87.686, 23.25], [87.681, 23.251], [87.666, 23.246], [87.657, 23.242], [87.651, 23.237], [87.648, 23.232]], [[87.689, 23.246], [87.692, 23.248], [87.705, 23.249], [87.723, 23.249], [87.727, 23.246], [87.73, 23.248], [87.732, 23.252], [87.739, 23.253], [87.747, 23.251], [87.751, 23.245], [87.755, 23.247], [87.76, 23.246], [87.765, 23.241], [87.77, 23.24], [87.775, 23.242], [87.781, 23.242], [87.789, 23.236], [87.795, 23.235], [87.802, 23.237], [87.809, 23.233], [87.823, 23.218], [87.838, 23.215], [87.841, 23.216], [87.846, 23.212], [87.852, 23.207], [87.866, 23.2], [87.879, 23.198], [87.886, 23.198], [87.89, 23.201], [87.896, 23.201], [87.901, 23.199], [87.919, 23.193], [87.929, 23.186], [87.932, 23.176], [87.943, 23.173], [87.946, 23.174], [87.964, 23.17], [87.978, 23.164], [87.996, 23.16], [88.004, 23.156], [88.008, 23.147], [88.007, 23.142], [88.003, 23.135], [87.995, 23.128], [87.989, 23.121], [87.99, 23.117], [87.996, 23.111], [87.999, 23.105], [87.995, 23.092], [87.992, 23.085], [87.99, 23.076], [87.982, 23.06], [87.98, 23.05], [87.981, 23.045], [87.978, 23.038], [87.975, 23.034], [87.967, 23.03], [87.961, 23.023], [87.959, 23.019], [87.96, 23.012], [87.958, 23.004], [87.963, 22.994], [87.963, 22.988], [87.966, 22.985], [87.975, 22.981], [87.977, 22.979], [87.974, 22.971], [87.966, 22.966], [87.961, 22.96], [87.96, 22.951], [87.964, 22.947], [87.976, 22.942], [87.978, 22.938], [87.976, 22.933], [87.977, 22.928], [87.98, 22.926], [87.981, 22.92], [87.975, 22.912], [87.97, 22.908], [87.965, 22.9], [87.956, 22.892], [87.953, 22.882], [87.955, 22.867], [87.958, 22.862], [87.973, 22.854], [87.973, 22.848], [87.971, 22.842], [87.965, 22.834], [87.963, 22.826], [87.964, 22.82], [87.968, 22.81], [87.973, 22.799], [87.983, 22.789], [87.986, 22.779], [87.99, 22.775], [87.991, 22.763], [87.994, 22.756], [87.996, 22.745], [87.994, 22.739], [87.987, 22.734], [87.987, 22.73], [87.99, 22.723], [87.994, 22.718], [87.996, 22.713], [87.991, 22.704], [88, 22.697], [88.001, 22.693], [87.998, 22.675], [87.996, 22.67], [87.997, 22.666], [88.003, 22.662], [88.003, 22.658], [87.998, 22.656], [87.993, 22.657], [87.989, 22.655], [87.983, 22.648], [87.983, 22.64], [87.979, 22.631], [87.97, 22.621], [87.971, 22.617], [87.976, 22.609], [87.971, 22.598], [87.974, 22.596], [87.982, 22.597], [87.988, 22.595], [87.996, 22.587], [87.998, 22.569], [87.991, 22.561], [87.99, 22.557], [87.992, 22.545], [87.99, 22.538], [87.98, 22.524], [87.967, 22.517], [87.961, 22.506], [87.96, 22.502], [87.963, 22.485], [87.965, 22.48], [87.969, 22.479], [87.978, 22.48], [87.995, 22.476], [87.998, 22.47], [87.997, 22.463], [88.005, 22.456], [88.006, 22.446], [88.019, 22.441], [88.025, 22.441], [88.027, 22.439], [88.026, 22.43], [88.023, 22.425], [88.027, 22.411], [88.03, 22.406], [88.031, 22.398], [88.041, 22.397], [88.046, 22.393], [88.046, 22.386], [88.048, 22.382], [88.049, 22.373], [88.053, 22.364], [88.068, 22.352]], [[84.673, 23.618], [84.668, 23.621], [84.668, 23.625], [84.671, 23.635], [84.677, 23.64], [84.683, 23.642], [84.685, 23.645], [84.691, 23.649], [84.705, 23.654], [84.709, 23.653], [84.715, 23.655], [84.725, 23.657], [84.727, 23.661], [84.735, 23.662], [84.742, 23.657], [84.755, 23.655], [84.758, 23.659], [84.764, 23.659], [84.769, 23.661], [84.771, 23.669], [84.775, 23.666], [84.78, 23.667], [84.784, 23.664], [84.787, 23.658], [84.791, 23.66], [84.797, 23.656], [84.803, 23.657], [84.809, 23.66], [84.813, 23.657], [84.828, 23.658], [84.83, 23.665], [84.833, 23.667], [84.831, 23.672], [84.842, 23.678], [84.849, 23.68], [84.848, 23.683], [84.858, 23.684], [84.865, 23.681], [84.874, 23.676], [84.88, 23.683], [84.888, 23.685], [84.892, 23.689], [84.901, 23.691], [84.903, 23.694], [84.914, 23.692], [84.917, 23.687], [84.922, 23.682], [84.928, 23.685], [84.932, 23.693], [84.941, 23.693], [84.949, 23.702], [84.954, 23.699], [84.963, 23.697], [84.966, 23.706], [84.964, 23.712], [84.967, 23.717], [84.974, 23.715], [84.979, 23.707], [84.989, 23.704], [84.994, 23.69], [84.997, 23.684], [85.002, 23.681], [85.008, 23.683], [85.013, 23.696], [85.018, 23.69], [85.025, 23.691], [85.035, 23.69], [85.04, 23.699], [85.04, 23.702], [85.044, 23.705], [85.05, 23.712], [85.054, 23.714], [85.054, 23.719], [85.057, 23.72], [85.063, 23.719], [85.074, 23.719], [85.079, 23.721], [85.094, 23.717], [85.097, 23.721], [85.085, 23.725], [85.083, 23.728], [85.085, 23.733], [85.09, 23.734], [85.106, 23.728], [85.108, 23.722], [85.115, 23.716], [85.115, 23.713], [85.106, 23.709], [85.107, 23.706], [85.116, 23.707], [85.12, 23.705], [85.127, 23.696], [85.135, 23.693], [85.14, 23.698], [85.142, 23.706], [85.145, 23.709], [85.159, 23.707], [85.168, 23.703], [85.172, 23.704], [85.175, 23.71], [85.178, 23.712], [85.198, 23.708], [85.214, 23.701], [85.221, 23.701], [85.226, 23.698], [85.223, 23.691], [85.224, 23.687], [85.229, 23.685], [85.236, 23.687], [85.236, 23.697], [85.24, 23.702], [85.242, 23.711], [85.247, 23.711], [85.261, 23.697], [85.269, 23.694], [85.277, 23.692], [85.285, 23.687], [85.294, 23.69], [85.3, 23.69], [85.305, 23.684], [85.317, 23.689], [85.326, 23.696], [85.335, 23.704], [85.338, 23.7], [85.337, 23.695], [85.341, 23.694], [85.346, 23.687], [85.353, 23.681], [85.357, 23.676], [85.362, 23.672], [85.37, 23.674], [85.383, 23.671], [85.384, 23.667], [85.382, 23.66], [85.386, 23.658], [85.392, 23.659], [85.397, 23.663], [85.398, 23.655], [85.403, 23.652], [85.413, 23.652], [85.416, 23.649], [85.417, 23.641], [85.432, 23.636], [85.443, 23.636], [85.449, 23.639], [85.454, 23.643], [85.46, 23.643], [85.467, 23.638], [85.473, 23.637], [85.486, 23.642], [85.494, 23.642], [85.508, 23.641], [85.526, 23.643], [85.532, 23.647], [85.543, 23.646], [85.551, 23.647], [85.559, 23.65], [85.563, 23.644], [85.57, 23.643], [85.574, 23.636], [85.582, 23.635], [85.592, 23.631], [85.601, 23.631], [85.611, 23.633], [85.623, 23.631], [85.628, 23.625], [85.63, 23.619], [85.651, 23.609], [85.664, 23.622], [85.663, 23.63], [85.669, 23.632], [85.671, 23.638], [85.678, 23.638], [85.676, 23.646], [85.681, 23.648], [85.69, 23.642], [85.698, 23.647], [85.701, 23.642], [85.708, 23.634], [85.713, 23.634], [85.721, 23.642], [85.727, 23.656], [85.732, 23.657], [85.737, 23.654], [85.744, 23.656], [85.746, 23.662], [85.752, 23.662], [85.756, 23.664], [85.76, 23.669], [85.759, 23.676], [85.756, 23.686], [85.758, 23.693], [85.767, 23.691], [85.773, 23.694], [85.771, 23.7], [85.766, 23.705], [85.767, 23.708], [85.781, 23.731], [85.786, 23.734], [85.796, 23.737], [85.805, 23.737], [85.814, 23.734], [85.825, 23.728], [85.834, 23.724], [85.837, 23.727], [85.838, 23.734], [85.844, 23.739], [85.845, 23.744], [85.848, 23.746], [85.856, 23.745], [85.868, 23.748], [85.88, 23.748], [85.89, 23.75], [85.91, 23.762], [85.912, 23.762], [85.919, 23.757], [85.925, 23.754], [85.935, 23.755], [85.945, 23.765], [85.954, 23.77], [85.962, 23.771], [85.967, 23.768], [85.967, 23.754], [85.969, 23.749], [85.974, 23.746], [85.982, 23.746], [85.995, 23.753], [86.004, 23.753], [86.009, 23.756], [86.016, 23.765], [86.023, 23.765], [86.03, 23.761], [86.043, 23.749], [86.051, 23.75], [86.064, 23.75], [86.069, 23.752], [86.077, 23.748], [86.083, 23.742], [86.088, 23.739], [86.096, 23.737], [86.103, 23.734], [86.116, 23.731], [86.12, 23.73], [86.134, 23.729], [86.145, 23.726], [86.159, 23.728], [86.177, 23.727], [86.185, 23.725], [86.189, 23.72], [86.197, 23.72], [86.206, 23.715], [86.213, 23.714], [86.228, 23.71], [86.24, 23.712], [86.265, 23.71], [86.285, 23.719], [86.291, 23.72], [86.3, 23.719], [86.309, 23.72], [86.312, 23.72], [86.33, 23.706], [86.338, 23.704], [86.342, 23.706], [86.343, 23.711], [86.346, 23.714], [86.367, 23.713], [86.375, 23.71], [86.372, 23.696], [86.382, 23.691], [86.385, 23.686], [86.384, 23.675], [86.388, 23.67], [86.391, 23.669], [86.404, 23.671], [86.409, 23.669], [86.42, 23.659], [86.429, 23.654], [86.437, 23.653], [86.459, 23.646], [86.467, 23.64], [86.477, 23.639], [86.482, 23.641], [86.496, 23.64], [86.526, 23.632], [86.536, 23.633], [86.543, 23.637], [86.55, 23.643], [86.557, 23.646], [86.57, 23.651], [86.581, 23.653], [86.588, 23.66], [86.595, 23.664], [86.609, 23.668], [86.626, 23.674], [86.636, 23.675], [86.641, 23.679], [86.649, 23.681], [86.656, 23.685], [86.671, 23.685], [86.681, 23.689], [86.691, 23.69], [86.698, 23.691], [86.707, 23.696], [86.718, 23.695], [86.729, 23.694], [86.736, 23.69], [86.745, 23.682], [86.752, 23.678], [86.76, 23.676], [86.769, 23.679], [86.779, 23.68], [86.793, 23.686], [86.8, 23.688]], [[86.8, 23.688], [86.803, 23.683], [86.811, 23.685], [86.814, 23.688]], [[86.8, 23.688], [86.803, 23.691], [86.806, 23.693], [86.811, 23.692], [86.814, 23.688]], [[86.814, 23.688], [86.83, 23.681], [86.841, 23.682], [86.846, 23.681], [86.852, 23.676], [86.854, 23.67], [86.858, 23.664], [86.866, 23.657], [86.879, 23.655], [86.887, 23.651], [86.894, 23.646], [86.901, 23.635], [86.907, 23.629], [86.913, 23.627], [86.933, 23.627], [86.943, 23.629], [86.965, 23.627], [86.98, 23.622], [86.986, 23.624], [86.995, 23.625], [87.007, 23.63], [87.016, 23.627], [87.023, 23.621], [87.034, 23.613], [87.052, 23.61], [87.071, 23.599], [87.087, 23.594], [87.093, 23.59], [87.105, 23.582], [87.117, 23.578], [87.125, 23.569], [87.13, 23.567], [87.146, 23.565], [87.162, 23.562], [87.167, 23.561], [87.175, 23.563], [87.19, 23.563], [87.204, 23.555], [87.213, 23.554], [87.225, 23.54], [87.24, 23.527], [87.244, 23.522], [87.251, 23.509], [87.271, 23.498], [87.275, 23.491], [87.284, 23.484], [87.297, 23.477], [87.312, 23.465], [87.32, 23.458], [87.339, 23.447], [87.345, 23.44], [87.353, 23.432], [87.362, 23.426], [87.374, 23.421], [87.384, 23.419], [87.404, 23.411], [87.42, 23.407], [87.43, 23.402], [87.438, 23.397], [87.441, 23.392], [87.454, 23.383], [87.462, 23.374], [87.471, 23.367], [87.481, 23.357], [87.484, 23.349], [87.493, 23.338], [87.506, 23.332], [87.511, 23.331], [87.517, 23.327], [87.523, 23.321], [87.527, 23.321], [87.534, 23.319], [87.542, 23.314], [87.549, 23.307], [87.555, 23.293], [87.575, 23.276], [87.58, 23.269], [87.593, 23.26], [87.598, 23.255], [87.62, 23.242], [87.631, 23.239], [87.636, 23.238], [87.642, 23.231], [87.648, 23.232]]]}, "properties": {"rivname": "Damodar", "ba_name": "Ganga"}}, {"type": "Feature", "geometry": {"type": "MultiLineString", "coordinates": [[[94.184, 27.15], [94.189, 27.141], [94.186, 27.136], [94.179, 27.134], [94.177, 27.129], [94.167, 27.123], [94.161, 27.114], [94.165, 27.104], [94.165, 27.1], [94.16, 27.092], [94.153, 27.09], [94.145, 27.091], [94.139, 27.087], [94.138, 27.082], [94.141, 27.068], [94.14, 27.062], [94.134, 27.055], [94.123, 27.044], [94.118, 27.035], [94.108, 27.024], [94.101, 27.029], [94.089, 27.031], [94.082, 27.03], [94.077, 27.027], [94.066, 27.027], [94.061, 27.023], [94.054, 27.015], [94.051, 27.01], [94.035, 27.007], [94.023, 27.008], [94.018, 27.006], [94.013, 26.997], [94.01, 26.989], [94.008, 26.975], [94.005, 26.967], [93.991, 26.951], [93.991, 26.943], [93.986, 26.94], [93.98, 26.939], [93.971, 26.936], [93.96, 26.939], [93.956, 26.936], [93.949, 26.925], [93.945, 26.922], [93.937, 26.905], [93.936, 26.898], [93.935, 26.895], [93.926, 26.891], [93.916, 26.892], [93.908, 26.89], [93.898, 26.881], [93.897, 26.878], [93.887, 26.871], [93.885, 26.863], [93.876, 26.856], [93.874, 26.847]], [[94.25, 27.433], [94.238, 27.427], [94.237, 27.416], [94.24, 27.407], [94.242, 27.393], [94.244, 27.389], [94.234, 27.384], [94.222, 27.382], [94.216, 27.375], [94.215, 27.368], [94.22, 27.361], [94.229, 27.353], [94.232, 27.348], [94.231, 27.344], [94.224, 27.339], [94.211, 27.337], [94.205, 27.33], [94.204, 27.319], [94.208, 27.31], [94.204, 27.304], [94.204, 27.299], [94.198, 27.296], [94.201, 27.291], [94.2, 27.286], [94.194, 27.285], [94.193, 27.282], [94.203, 27.27], [94.204, 27.264], [94.216, 27.262], [94.225, 27.258], [94.225, 27.254], [94.217, 27.246], [94.208, 27.243], [94.192, 27.233], [94.193, 27.226], [94.193, 27.221], [94.188, 27.213], [94.183, 27.21], [94.183, 27.201], [94.178, 27.197], [94.177, 27.188], [94.181, 27.184], [94.179, 27.176], [94.171, 27.169], [94.17, 27.162], [94.176, 27.157], [94.184, 27.15]], [[94.25, 27.433], [94.25, 27.423], [94.255, 27.407], [94.259, 27.399], [94.258, 27.394], [94.264, 27.389], [94.263, 27.381], [94.268, 27.38], [94.274, 27.385], [94.28, 27.382], [94.276, 27.378], [94.275, 27.373], [94.283, 27.37], [94.284, 27.365], [94.289, 27.362], [94.294, 27.357], [94.286, 27.349], [94.284, 27.345], [94.278, 27.342], [94.277, 27.336], [94.28, 27.33], [94.281, 27.325], [94.277, 27.322], [94.275, 27.313], [94.273, 27.31], [94.262, 27.304], [94.248, 27.306], [94.241, 27.302], [94.234, 27.299], [94.233, 27.292], [94.238, 27.282], [94.238, 27.277], [94.242, 27.271], [94.242, 27.261], [94.24, 27.256], [94.246, 27.252], [94.248, 27.247], [94.263, 27.238], [94.27, 27.238], [94.276, 27.234], [94.273, 27.226], [94.264, 27.222], [94.251, 27.222], [94.246, 27.216], [94.246, 27.209], [94.248, 27.204], [94.252, 27.199], [94.247, 27.191], [94.23, 27.18], [94.223, 27.171], [94.22, 27.168], [94.212, 27.171], [94.204, 27.169], [94.197, 27.164], [94.195, 27.154], [94.184, 27.15]], [[93.187, 28.437], [93.192, 28.437], [93.199, 28.442], [93.206, 28.441], [93.209, 28.443], [93.215, 28.439], [93.22, 28.439], [93.225, 28.436], [93.239, 28.435], [93.248, 28.437], [93.259, 28.433], [93.28, 28.433], [93.297, 28.435], [93.308, 28.438], [93.322, 28.432], [93.326, 28.428], [93.327, 28.423], [93.332, 28.419], [93.342, 28.419], [93.349, 28.426], [93.355, 28.434], [93.36, 28.436], [93.369, 28.434], [93.377, 28.425], [93.38, 28.416], [93.392, 28.406], [93.396, 28.404], [93.403, 28.397], [93.419, 28.384], [93.43, 28.38], [93.437, 28.379], [93.44, 28.377], [93.459, 28.371], [93.467, 28.37], [93.481, 28.371], [93.487, 28.366], [93.498, 28.365], [93.511, 28.361], [93.515, 28.361], [93.528, 28.355], [93.532, 28.355], [93.539, 28.363], [93.546, 28.365], [93.553, 28.371], [93.563, 28.373], [93.57, 28.37], [93.581, 28.37], [93.588, 28.374], [93.592, 28.372], [93.6, 28.373], [93.606, 28.372], [93.621, 28.373], [93.626, 28.376], [93.634, 28.373], [93.64, 28.374], [93.642, 28.378], [93.65, 28.381], [93.651, 28.389], [93.656, 28.392], [93.662, 28.39], [93.672, 28.393], [93.676, 28.399], [93.683, 28.396], [93.704, 28.4], [93.712, 28.405], [93.73, 28.403], [93.744, 28.405], [93.755, 28.41], [93.765, 28.408], [93.77, 28.41], [93.783, 28.408], [93.799, 28.412], [93.816, 28.408], [93.823, 28.405], [93.83, 28.4], [93.841, 28.397], [93.845, 28.395], [93.86, 28.394], [93.864, 28.39], [93.871, 28.389], [93.877, 28.383], [93.885, 28.382], [93.897, 28.379], [93.9, 28.381], [93.904, 28.379], [93.913, 28.378], [93.915, 28.375], [93.922, 28.372], [93.929, 28.372], [93.932, 28.369], [93.938, 28.369], [93.942, 28.367], [93.949, 28.369], [93.957, 28.364], [93.961, 28.367], [93.969, 28.366], [93.987, 28.366], [93.996, 28.363], [93.999, 28.366], [94.01, 28.367], [94.023, 28.367], [94.029, 28.366], [94.029, 28.361], [94.037, 28.356], [94.037, 28.343], [94.04, 28.339], [94.047, 28.332], [94.056, 28.318], [94.058, 28.313], [94.061, 28.31], [94.068, 28.308], [94.071, 28.299], [94.078, 28.286], [94.089, 28.281], [94.091, 28.277], [94.095, 28.276], [94.099, 28.272], [94.108, 28.264], [94.12, 28.249], [94.122, 28.241], [94.131, 28.239], [94.137, 28.24], [94.156, 28.234], [94.158, 28.231], [94.157, 28.224], [94.159, 28.221], [94.16, 28.213], [94.157, 28.205], [94.16, 28.199], [94.158, 28.19], [94.155, 28.185], [94.15, 28.185], [94.151, 28.18], [94.156, 28.174], [94.157, 28.166], [94.161, 28.159], [94.155, 28.154], [94.153, 28.148], [94.156, 28.14], [94.155, 28.137], [94.156, 28.125], [94.16, 28.118], [94.16, 28.113], [94.156, 28.108], [94.148, 28.102], [94.144, 28.093], [94.146, 28.086], [94.151, 28.086], [94.155, 28.081], [94.162, 28.079], [94.161, 28.072], [94.169, 28.07], [94.177, 28.062], [94.177, 28.055], [94.182, 28.048], [94.193, 28.04], [94.196, 28.032], [94.197, 28.022], [94.2, 28.015], [94.202, 28.005], [94.204, 28], [94.209, 27.997], [94.219, 27.995], [94.224, 27.993], [94.23, 27.987], [94.236, 27.985], [94.242, 27.984], [94.259, 27.986], [94.263, 27.986], [94.275, 27.977], [94.278, 27.974], [94.285, 27.971], [94.291, 27.966], [94.294, 27.955], [94.3, 27.953], [94.306, 27.94], [94.308, 27.933], [94.308, 27.923], [94.311, 27.921], [94.315, 27.91], [94.315, 27.904], [94.322, 27.899], [94.324, 27.893], [94.322, 27.885], [94.32, 27.88], [94.319, 27.872], [94.32, 27.862], [94.317, 27.856], [94.319, 27.851], [94.324, 27.847], [94.332, 27.844], [94.334, 27.84], [94.349, 27.834], [94.351, 27.83], [94.347, 27.823], [94.338, 27.814], [94.342, 27.806], [94.331, 27.803], [94.33, 27.792], [94.324, 27.788], [94.321, 27.782], [94.321, 27.778], [94.314, 27.768], [94.311, 27.751], [94.311, 27.743], [94.313, 27.739], [94.323, 27.734], [94.332, 27.726], [94.338, 27.724], [94.348, 27.731], [94.355, 27.729], [94.356, 27.721], [94.351, 27.714], [94.345, 27.713], [94.337, 27.711], [94.328, 27.705], [94.317, 27.7], [94.311, 27.691], [94.302, 27.685], [94.289, 27.678], [94.28, 27.67], [94.265, 27.663], [94.258, 27.655], [94.246, 27.649], [94.241, 27.644], [94.228, 27.633], [94.222, 27.624], [94.215, 27.616], [94.21, 27.608], [94.21, 27.603], [94.219, 27.598], [94.224, 27.598], [94.226, 27.595], [94.222, 27.591], [94.222, 27.586], [94.225, 27.576], [94.23, 27.57], [94.238, 27.568], [94.243, 27.57], [94.248, 27.568], [94.251, 27.563], [94.259, 27.555], [94.258, 27.547], [94.256, 27.54], [94.259, 27.534], [94.27, 27.527], [94.279, 27.517], [94.286, 27.516], [94.29, 27.51], [94.295, 27.509], [94.295, 27.503], [94.292, 27.496], [94.281, 27.486], [94.278, 27.473], [94.269, 27.462], [94.26, 27.458], [94.251, 27.445], [94.249, 27.441], [94.25, 27.433]]]}, "properties": {"rivname": "Subansiri", "ba_name": "Brahamaputra"}}, {"type": "Feature", "geometry": {"type": "MultiLineString", "coordinates": [[[89.275, 26.254], [89.276, 26.252], [89.283, 26.251], [89.286, 26.241], [89.286, 26.23], [89.291, 26.224], [89.293, 26.22], [89.299, 26.217], [89.302, 26.211], [89.298, 26.205], [89.301, 26.2], [89.299, 26.195], [89.3, 26.189], [89.305, 26.187], [89.307, 26.183], [89.303, 26.17], [89.302, 26.163], [89.312, 26.161], [89.317, 26.154], [89.316, 26.142], [89.321, 26.136], [89.335, 26.127], [89.336, 26.124], [89.342, 26.123], [89.348, 26.127], [89.351, 26.125], [89.359, 26.109], [89.361, 26.103], [89.373, 26.102], [89.387, 26.095], [89.397, 26.094], [89.4, 26.089], [89.408, 26.085], [89.41, 26.073], [89.421, 26.065], [89.423, 26.059], [89.426, 26.058], [89.435, 26.05], [89.436, 26.04], [89.434, 26.036], [89.433, 26.032], [89.438, 26.027], [89.446, 26.024], [89.456, 26.022], [89.462, 26.018], [89.467, 26.012], [89.464, 26.007], [89.462, 26.001]], [[89.263, 26.274], [89.265, 26.265], [89.271, 26.256], [89.275, 26.254]], [[89.263, 26.274], [89.269, 26.267], [89.275, 26.254]], [[89.232, 26.327], [89.241, 26.32], [89.255, 26.316], [89.266, 26.315], [89.27, 26.312], [89.271, 26.307], [89.27, 26.296], [89.264, 26.286], [89.263, 26.282], [89.265, 26.278], [89.263, 26.274]], [[89.208, 26.366], [89.21, 26.362], [89.215, 26.359], [89.216, 26.347], [89.223, 26.343], [89.222, 26.338], [89.227, 26.334], [89.227, 26.328], [89.232, 26.327]], [[89.208, 26.366], [89.218, 26.364], [89.221, 26.359], [89.224, 26.358], [89.228, 26.351], [89.238, 26.344], [89.234, 26.338], [89.232, 26.327]], [[89.199, 26.381], [89.199, 26.377], [89.205, 26.373], [89.208, 26.366]], [[89.205, 26.396], [89.198, 26.391], [89.196, 26.385], [89.199, 26.381]], [[89.205, 26.396], [89.207, 26.393], [89.205, 26.386], [89.199, 26.385], [89.199, 26.381]], [[89.214, 26.404], [89.211, 26.399], [89.205, 26.396]], [[89.216, 26.427], [89.213, 26.422], [89.215, 26.415], [89.214, 26.404]], [[89.216, 26.427], [89.222, 26.42], [89.219, 26.416], [89.219, 26.407], [89.214, 26.404]], [[89.206, 26.45], [89.21, 26.447], [89.209, 26.441], [89.21, 26.434], [89.216, 26.427]], [[89.161, 26.474], [89.163, 26.469], [89.168, 26.469], [89.171, 26.464], [89.18, 26.466], [89.186, 26.463], [89.186, 26.458], [89.192, 26.455], [89.198, 26.454], [89.201, 26.45], [89.206, 26.45]], [[89.161, 26.474], [89.167, 26.472], [89.175, 26.473], [89.179, 26.472], [89.183, 26.475], [89.188, 26.474], [89.194, 26.467], [89.195, 26.463], [89.201, 26.461], [89.206, 26.454], [89.206, 26.45]], [[88.938, 26.568], [88.942, 26.563], [88.94, 26.561], [88.943, 26.556], [88.952, 26.556], [88.958, 26.552], [88.967, 26.546], [88.97, 26.537], [88.975, 26.535], [88.987, 26.538], [88.992, 26.535], [88.998, 26.536], [89.003, 26.535], [89.005, 26.531], [89.012, 26.528], [89.015, 26.523], [89.025, 26.522], [89.03, 26.519], [89.033, 26.513], [89.038, 26.512], [89.042, 26.508], [89.049, 26.504], [89.06, 26.505], [89.066, 26.508], [89.07, 26.505], [89.078, 26.505], [89.089, 26.499], [89.092, 26.498], [89.093, 26.493], [89.101, 26.489], [89.109, 26.491], [89.114, 26.484], [89.113, 26.479], [89.118, 26.472], [89.133, 26.474], [89.136, 26.473], [89.143, 26.476], [89.147, 26.476], [89.153, 26.48], [89.161, 26.474]], [[88.886, 26.616], [88.889, 26.605], [88.897, 26.597], [88.905, 26.595], [88.907, 26.59], [88.913, 26.584], [88.922, 26.577], [88.928, 26.578], [88.933, 26.575], [88.938, 26.568]], [[88.886, 26.616], [88.89, 26.61], [88.902, 26.607], [88.907, 26.601], [88.908, 26.597], [88.912, 26.591], [88.929, 26.589], [88.934, 26.585], [88.939, 26.572], [88.938, 26.568]], [[88.87, 26.638], [88.871, 26.628]], [[88.878, 26.661], [88.876, 26.653], [88.883, 26.645], [88.883, 26.636], [88.886, 26.626], [88.883, 26.621], [88.886, 26.616]], [[88.873, 26.671], [88.869, 26.669], [88.867, 26.66], [88.868, 26.656], [88.865, 26.652], [88.866, 26.644], [88.87, 26.638]], [[88.873, 26.671], [88.872, 26.662], [88.873, 26.649], [88.87, 26.638]], [[88.874, 26.674], [88.873, 26.671]], [[88.874, 26.675], [88.874, 26.674]], [[88.874, 26.675], [88.877, 26.665], [88.878, 26.661]], [[88.878, 26.684], [88.874, 26.679], [88.874, 26.675]], [[88.878, 26.684], [88.881, 26.678], [88.882, 26.672], [88.879, 26.667], [88.878, 26.661]], [[88.879, 26.696], [88.88, 26.692], [88.878, 26.684]], [[88.866, 26.717], [88.869, 26.713], [88.867, 26.707], [88.868, 26.698], [88.866, 26.693], [88.869, 26.688], [88.869, 26.68], [88.874, 26.674]], [[88.866, 26.717], [88.871, 26.712], [88.871, 26.707], [88.874, 26.701], [88.879, 26.696]], [[88.865, 26.721], [88.866, 26.717]], [[88.862, 26.745], [88.861, 26.738], [88.865, 26.734], [88.865, 26.721]], [[88.862, 26.745], [88.868, 26.737], [88.87, 26.73], [88.875, 26.726], [88.88, 26.714], [88.877, 26.705], [88.879, 26.696]], [[88.861, 26.756], [88.856, 26.752], [88.855, 26.737], [88.857, 26.733], [88.864, 26.726], [88.865, 26.721]], [[88.861, 26.756], [88.863, 26.752], [88.862, 26.745]], [[88.896, 26.872], [88.889, 26.866], [88.888, 26.855], [88.885, 26.852], [88.884, 26.843], [88.882, 26.84], [88.886, 26.833], [88.883, 26.826], [88.886, 26.814], [88.889, 26.81], [88.884, 26.799], [88.885, 26.791], [88.878, 26.786], [88.872, 26.779], [88.862, 26.771], [88.861, 26.756]], [[88.897, 26.903], [88.891, 26.894], [88.894, 26.883], [88.893, 26.88], [88.896, 26.872]], [[88.897, 26.903], [88.895, 26.893], [88.897, 26.886], [88.895, 26.881], [88.897, 26.875], [88.896, 26.872]], [[88.871, 27.109], [88.871, 27.103], [88.875, 27.09], [88.874, 27.086], [88.874, 27.077], [88.877, 27.075], [88.875, 27.07], [88.88, 27.066], [88.878, 27.054], [88.878, 27.048], [88.876, 27.046], [88.879, 27.04], [88.876, 27.033], [88.873, 27.018], [88.876, 27.013], [88.873, 27.009], [88.873, 27.004], [88.869, 26.995], [88.871, 26.989], [88.874, 26.985], [88.871, 26.963], [88.872, 26.957], [88.876, 26.952], [88.875, 26.944], [88.878, 26.94], [88.876, 26.934], [88.883, 26.922], [88.89, 26.917], [88.896, 26.91], [88.897, 26.903]]]}, "properties": {"rivname": "Jaldhaka", "ba_name": "Brahamaputra"}}, {"type": "Feature", "geometry": {"type": "MultiLineString", "coordinates": [[[88.909, 26.317], [88.924, 26.302], [88.927, 26.292], [88.938, 26.288], [88.945, 26.282], [88.952, 26.272], [88.959, 26.272], [88.969, 26.269], [88.977, 26.258], [88.978, 26.241]], [[88.868, 26.35], [88.874, 26.346], [88.877, 26.342], [88.888, 26.338], [88.89, 26.334], [88.896, 26.329], [88.898, 26.326], [88.909, 26.317]], [[88.85, 26.363], [88.858, 26.354], [88.868, 26.35]], [[88.85, 26.363], [88.862, 26.359], [88.866, 26.355], [88.868, 26.35]], [[88.834, 26.366], [88.835, 26.363], [88.845, 26.355], [88.852, 26.354], [88.856, 26.347], [88.855, 26.343], [88.86, 26.338], [88.863, 26.333], [88.872, 26.328], [88.877, 26.33], [88.879, 26.327], [88.891, 26.314], [88.893, 26.31], [88.907, 26.307], [88.912, 26.304], [88.913, 26.293], [88.918, 26.288]], [[88.834, 26.366], [88.847, 26.365], [88.85, 26.363]], [[88.783, 26.441], [88.789, 26.433], [88.79, 26.425], [88.796, 26.417], [88.799, 26.406], [88.803, 26.404], [88.817, 26.405], [88.827, 26.398], [88.829, 26.395], [88.828, 26.377], [88.828, 26.369], [88.834, 26.366]], [[88.783, 26.441], [88.799, 26.441]], [[88.799, 26.441], [88.809, 26.44], [88.82, 26.433], [88.822, 26.428], [88.835, 26.425], [88.838, 26.418], [88.849, 26.415], [88.852, 26.396], [88.854, 26.389], [88.859, 26.386], [88.863, 26.376], [88.874, 26.376], [88.88, 26.371], [88.886, 26.362], [88.894, 26.354], [88.895, 26.349], [88.9, 26.349], [88.905, 26.346], [88.912, 26.338], [88.911, 26.329], [88.907, 26.323], [88.909, 26.317]], [[88.764, 26.455], [88.77, 26.453], [88.776, 26.444], [88.783, 26.441]], [[88.763, 26.459], [88.764, 26.455]], [[88.763, 26.459], [88.769, 26.459], [88.773, 26.456], [88.787, 26.453], [88.788, 26.448], [88.794, 26.443], [88.799, 26.441]], [[88.743, 26.506], [88.741, 26.503], [88.738, 26.492], [88.741, 26.488], [88.742, 26.479], [88.746, 26.466], [88.755, 26.456], [88.764, 26.455]], [[88.743, 26.506], [88.744, 26.502], [88.752, 26.497], [88.753, 26.486], [88.758, 26.482], [88.761, 26.475], [88.76, 26.466], [88.763, 26.459]], [[88.629, 26.707], [88.629, 26.7], [88.637, 26.691], [88.639, 26.685], [88.643, 26.682], [88.647, 26.674], [88.651, 26.673], [88.657, 26.664], [88.658, 26.66], [88.658, 26.647], [88.655, 26.634], [88.663, 26.628], [88.663, 26.623], [88.667, 26.621], [88.677, 26.62], [88.68, 26.616], [88.686, 26.612], [88.698, 26.611], [88.702, 26.605], [88.708, 26.599], [88.716, 26.594], [88.718, 26.594], [88.727, 26.587], [88.738, 26.585], [88.748, 26.575], [88.75, 26.571], [88.758, 26.568], [88.759, 26.563], [88.755, 26.558], [88.757, 26.55], [88.755, 26.545], [88.752, 26.543], [88.754, 26.531], [88.751, 26.525], [88.744, 26.514], [88.74, 26.512], [88.743, 26.506]], [[88.621, 26.74], [88.622, 26.735], [88.62, 26.732], [88.63, 26.719], [88.629, 26.707]], [[88.601, 26.751], [88.606, 26.743], [88.611, 26.739], [88.621, 26.74]], [[88.601, 26.751], [88.608, 26.747], [88.616, 26.74], [88.621, 26.74]], [[88.588, 26.762], [88.586, 26.753], [88.589, 26.748], [88.589, 26.743], [88.6, 26.739], [88.609, 26.733], [88.609, 26.726], [88.611, 26.722], [88.621, 26.715], [88.629, 26.707]], [[88.588, 26.762], [88.591, 26.76], [88.595, 26.755], [88.601, 26.751]], [[88.588, 26.762], [88.578, 26.771], [88.579, 26.775], [88.576, 26.781], [88.575, 26.79], [88.57, 26.792], [88.564, 26.793], [88.553, 26.796], [88.547, 26.8], [88.549, 26.812], [88.54, 26.817], [88.536, 26.823], [88.526, 26.826], [88.521, 26.836], [88.516, 26.837], [88.51, 26.842], [88.501, 26.842], [88.496, 26.845], [88.49, 26.845], [88.488, 26.855], [88.484, 26.859], [88.479, 26.87], [88.477, 26.886], [88.475, 26.891], [88.475, 26.898], [88.471, 26.91], [88.472, 26.914], [88.466, 26.915], [88.464, 26.92], [88.456, 26.925], [88.454, 26.935], [88.443, 26.938], [88.445, 26.947], [88.442, 26.95], [88.44, 26.96], [88.43, 26.968], [88.431, 26.972], [88.438, 26.974], [88.442, 26.979], [88.443, 26.987], [88.436, 26.994], [88.436, 26.997], [88.441, 27], [88.445, 27.004], [88.447, 27.012], [88.438, 27.014], [88.437, 27.02], [88.429, 27.03], [88.43, 27.035], [88.427, 27.038], [88.429, 27.042], [88.426, 27.057], [88.426, 27.064], [88.429, 27.069], [88.432, 27.079], [88.442, 27.083], [88.451, 27.084], [88.46, 27.091], [88.462, 27.099], [88.466, 27.102], [88.466, 27.11], [88.468, 27.115], [88.477, 27.123], [88.482, 27.121], [88.485, 27.124], [88.49, 27.126], [88.494, 27.124], [88.499, 27.126], [88.499, 27.131], [88.505, 27.137], [88.51, 27.137], [88.513, 27.141], [88.517, 27.142], [88.518, 27.147], [88.526, 27.149], [88.532, 27.149], [88.533, 27.155], [88.528, 27.157], [88.531, 27.164], [88.524, 27.17], [88.519, 27.178], [88.513, 27.177], [88.506, 27.181], [88.501, 27.181], [88.496, 27.188], [88.491, 27.192], [88.485, 27.204], [88.489, 27.208], [88.489, 27.219], [88.493, 27.228], [88.49, 27.235], [88.485, 27.24], [88.472, 27.245], [88.47, 27.248], [88.462, 27.247], [88.458, 27.25], [88.458, 27.254], [88.455, 27.256], [88.448, 27.257], [88.442, 27.26], [88.438, 27.265], [88.44, 27.272], [88.438, 27.277], [88.443, 27.284], [88.444, 27.294], [88.444, 27.3], [88.449, 27.306], [88.449, 27.314], [88.457, 27.319], [88.461, 27.318], [88.465, 27.321], [88.48, 27.328], [88.482, 27.331], [88.48, 27.344], [88.476, 27.349], [88.477, 27.361], [88.48, 27.373], [88.487, 27.379], [88.494, 27.383], [88.498, 27.384], [88.509, 27.39], [88.519, 27.401], [88.519, 27.407], [88.514, 27.415], [88.515, 27.422], [88.512, 27.428], [88.513, 27.436], [88.511, 27.442], [88.514, 27.445], [88.513, 27.456], [88.52, 27.47], [88.524, 27.476], [88.523, 27.484], [88.521, 27.487], [88.522, 27.495], [88.526, 27.502], [88.526, 27.51], [88.531, 27.515], [88.534, 27.523], [88.541, 27.528], [88.546, 27.527], [88.558, 27.53], [88.569, 27.526], [88.584, 27.529], [88.587, 27.533], [88.593, 27.536], [88.599, 27.536], [88.609, 27.539], [88.618, 27.544], [88.63, 27.545], [88.639, 27.548], [88.643, 27.55], [88.651, 27.549], [88.655, 27.554], [88.654, 27.559], [88.655, 27.569], [88.653, 27.573], [88.657, 27.582], [88.655, 27.586], [88.655, 27.594], [88.651, 27.597], [88.646, 27.604], [88.639, 27.609], [88.629, 27.613], [88.625, 27.618], [88.619, 27.622], [88.619, 27.63], [88.617, 27.635], [88.61, 27.642], [88.606, 27.645], [88.606, 27.653], [88.602, 27.66], [88.596, 27.666], [88.596, 27.676], [88.589, 27.686], [88.584, 27.689], [88.577, 27.692], [88.576, 27.696], [88.566, 27.703], [88.563, 27.709], [88.566, 27.717], [88.559, 27.723], [88.559, 27.727], [88.553, 27.733], [88.55, 27.74], [88.544, 27.756], [88.545, 27.767], [88.547, 27.772], [88.548, 27.782], [88.555, 27.8], [88.549, 27.824], [88.55, 27.848], [88.546, 27.853], [88.543, 27.856], [88.548, 27.864], [88.544, 27.872], [88.537, 27.881], [88.534, 27.891], [88.533, 27.901], [88.525, 27.909], [88.535, 27.931], [88.544, 27.934], [88.548, 27.937], [88.557, 27.938], [88.569, 27.946], [88.573, 27.949], [88.577, 27.958], [88.577, 27.963], [88.581, 27.972], [88.592, 27.987], [88.595, 27.994], [88.594, 28.005], [88.595, 28.008], [88.593, 28.02], [88.6, 28.027], [88.604, 28.028], [88.612, 28.036], [88.614, 28.04], [88.62, 28.041], [88.631, 28.04], [88.639, 28.041]]]}, "properties": {"rivname": "Teesta", "ba_name": "Brahamaputra"}}, {"type": "Feature", "geometry": {"type": "MultiLineString", "coordinates": [[[94.91, 27.591], [94.903, 27.589], [94.901, 27.587]], [[94.942, 27.617], [94.94, 27.615], [94.938, 27.607], [94.934, 27.604], [94.924, 27.607], [94.92, 27.605], [94.918, 27.597], [94.91, 27.591]], [[94.942, 27.617], [94.943, 27.613], [94.941, 27.601], [94.936, 27.598], [94.933, 27.593], [94.917, 27.591], [94.91, 27.591]], [[95.134, 27.613], [95.127, 27.607], [95.125, 27.603], [95.116, 27.593], [95.113, 27.583], [95.117, 27.577], [95.116, 27.572], [95.111, 27.569], [95.103, 27.57], [95.097, 27.565], [95.083, 27.559], [95.075, 27.556], [95.063, 27.548], [95.059, 27.545], [95.058, 27.552], [95.062, 27.56], [95.069, 27.561], [95.074, 27.567], [95.079, 27.566], [95.085, 27.569], [95.093, 27.581], [95.094, 27.589], [95.097, 27.594], [95.106, 27.596], [95.109, 27.599], [95.116, 27.599], [95.121, 27.604], [95.127, 27.607], [95.128, 27.612], [95.134, 27.613]], [[94.999, 27.645], [94.99, 27.638], [94.988, 27.63], [94.984, 27.628], [94.976, 27.628], [94.97, 27.622], [94.965, 27.614], [94.966, 27.606], [94.96, 27.606], [94.956, 27.603], [94.951, 27.605], [94.943, 27.596], [94.933, 27.588], [94.923, 27.584]], [[94.999, 27.645], [94.987, 27.647], [94.973, 27.641], [94.971, 27.637], [94.962, 27.636], [94.956, 27.629], [94.953, 27.63], [94.947, 27.626], [94.942, 27.617]], [[95.316, 27.804], [95.308, 27.795], [95.305, 27.783], [95.293, 27.776], [95.287, 27.774], [95.28, 27.77], [95.275, 27.761], [95.264, 27.751], [95.26, 27.746], [95.245, 27.739], [95.239, 27.735], [95.233, 27.729], [95.22, 27.725], [95.202, 27.725], [95.193, 27.722], [95.181, 27.722], [95.171, 27.716], [95.166, 27.716], [95.162, 27.725], [95.157, 27.719], [95.146, 27.719], [95.141, 27.717], [95.13, 27.717], [95.123, 27.716], [95.118, 27.718], [95.114, 27.717], [95.11, 27.713], [95.106, 27.707], [95.095, 27.704], [95.084, 27.693], [95.084, 27.689], [95.08, 27.687], [95.074, 27.689], [95.059, 27.689], [95.055, 27.688], [95.043, 27.677], [95.034, 27.666], [95.021, 27.666], [95.016, 27.664], [95.011, 27.659], [95.005, 27.65], [94.999, 27.645]], [[95.316, 27.804], [95.315, 27.797], [95.316, 27.79], [95.315, 27.784], [95.31, 27.776], [95.3, 27.772], [95.297, 27.766], [95.277, 27.749], [95.274, 27.745], [95.273, 27.737], [95.274, 27.728], [95.272, 27.72], [95.263, 27.721], [95.256, 27.718], [95.255, 27.711], [95.251, 27.709], [95.237, 27.707], [95.228, 27.704], [95.226, 27.701], [95.225, 27.691], [95.221, 27.687], [95.211, 27.682], [95.203, 27.681], [95.185, 27.679], [95.173, 27.677], [95.167, 27.673], [95.161, 27.667], [95.157, 27.66], [95.154, 27.642], [95.144, 27.634], [95.142, 27.626], [95.14, 27.623], [95.134, 27.613]], [[95.339, 27.82], [95.333, 27.818], [95.328, 27.813], [95.316, 27.804]], [[95.401, 27.928], [95.399, 27.923], [95.402, 27.913], [95.407, 27.907], [95.412, 27.898], [95.412, 27.892], [95.408, 27.886], [95.398, 27.877], [95.394, 27.869], [95.391, 27.858], [95.387, 27.851], [95.385, 27.837], [95.386, 27.833], [95.383, 27.827], [95.379, 27.824], [95.364, 27.82], [95.35, 27.814], [95.339, 27.82]], [[95.392, 27.942], [95.39, 27.93], [95.385, 27.925], [95.381, 27.91], [95.378, 27.888], [95.38, 27.876], [95.37, 27.863], [95.374, 27.853], [95.369, 27.845], [95.363, 27.84], [95.356, 27.833], [95.345, 27.823], [95.339, 27.82]], [[95.392, 27.942], [95.399, 27.936], [95.401, 27.928]], [[95.385, 27.947], [95.388, 27.947], [95.392, 27.942]], [[95.386, 28.029], [95.385, 28.023], [95.391, 28.013], [95.39, 28.01], [95.393, 28], [95.396, 27.996], [95.394, 27.987], [95.391, 27.981], [95.389, 27.975], [95.385, 27.971], [95.383, 27.966], [95.382, 27.953], [95.385, 27.947]], [[95.386, 28.029], [95.388, 28.024], [95.394, 28.017], [95.403, 28.013], [95.419, 27.998], [95.427, 27.994], [95.43, 27.982], [95.428, 27.978], [95.424, 27.978], [95.416, 27.975], [95.417, 27.968], [95.414, 27.956], [95.411, 27.944], [95.406, 27.94], [95.404, 27.932], [95.401, 27.928]], [[95.342, 28.077], [95.346, 28.068], [95.351, 28.061], [95.356, 28.059], [95.359, 28.054], [95.365, 28.051], [95.367, 28.046], [95.366, 28.04], [95.369, 28.031], [95.368, 28.027], [95.361, 28.018], [95.358, 28.009], [95.357, 28.004], [95.364, 27.992], [95.377, 27.98], [95.378, 27.976], [95.376, 27.968], [95.366, 27.962], [95.366, 27.956], [95.37, 27.951], [95.377, 27.948], [95.385, 27.947]], [[95.342, 28.077], [95.351, 28.075], [95.362, 28.072], [95.368, 28.067], [95.38, 28.062], [95.385, 28.058], [95.388, 28.04], [95.386, 28.029]], [[95.018, 29.132], [95.023, 29.127], [95.021, 29.121], [95.016, 29.119], [94.996, 29.121], [94.975, 29.118], [94.962, 29.121], [94.96, 29.113], [94.954, 29.105], [94.943, 29.084], [94.937, 29.079], [94.933, 29.072], [94.932, 29.065], [94.927, 29.055], [94.916, 29.047], [94.902, 29.047], [94.9, 29.043], [94.901, 29.036], [94.895, 29.026], [94.902, 29.019], [94.902, 29.013], [94.9, 29.008], [94.899, 29.001], [94.905, 28.995], [94.905, 28.99], [94.899, 28.983], [94.888, 28.981], [94.883, 28.976], [94.883, 28.967], [94.874, 28.962], [94.866, 28.96], [94.852, 28.95], [94.841, 28.944], [94.828, 28.944], [94.822, 28.941], [94.819, 28.937], [94.82, 28.931], [94.814, 28.925], [94.808, 28.924], [94.803, 28.929], [94.796, 28.931], [94.787, 28.93], [94.78, 28.925], [94.778, 28.907], [94.774, 28.901], [94.772, 28.892], [94.772, 28.886], [94.765, 28.88], [94.759, 28.879], [94.756, 28.875], [94.758, 28.867], [94.768, 28.87], [94.783, 28.871], [94.787, 28.869], [94.798, 28.86], [94.802, 28.853], [94.799, 28.848], [94.79, 28.842], [94.783, 28.844], [94.772, 28.831], [94.773, 28.827], [94.78, 28.823], [94.79, 28.823], [94.797, 28.818], [94.804, 28.81], [94.807, 28.804], [94.814, 28.802], [94.816, 28.807], [94.819, 28.819], [94.828, 28.825], [94.834, 28.825], [94.848, 28.816], [94.857, 28.814], [94.866, 28.817], [94.872, 28.82], [94.873, 28.824], [94.878, 28.824], [94.892, 28.817], [94.9, 28.815], [94.923, 28.803], [94.927, 28.799], [94.928, 28.794], [94.921, 28.788], [94.916, 28.786], [94.91, 28.788], [94.903, 28.795], [94.898, 28.796], [94.893, 28.794], [94.885, 28.785], [94.867, 28.778], [94.864, 28.775], [94.864, 28.761], [94.867, 28.753], [94.873, 28.754], [94.888, 28.759], [94.893, 28.764], [94.907, 28.754], [94.913, 28.751], [94.92, 28.742], [94.927, 28.737], [94.937, 28.735], [94.953, 28.727], [94.963, 28.717], [94.977, 28.704], [94.98, 28.699], [94.979, 28.694], [94.971, 28.682], [94.975, 28.671], [94.978, 28.667], [94.984, 28.669], [94.986, 28.674], [94.99, 28.677], [95, 28.673], [95.01, 28.673], [95.012, 28.667], [95.006, 28.655], [95.006, 28.651], [95.016, 28.645], [95.015, 28.633], [95.023, 28.625], [95.027, 28.616], [95.031, 28.613], [95.033, 28.605], [95.038, 28.597], [95.05, 28.594], [95.063, 28.592], [95.064, 28.588], [95.069, 28.584], [95.074, 28.566], [95.076, 28.558], [95.077, 28.548], [95.079, 28.542], [95.079, 28.532], [95.081, 28.521], [95.078, 28.517], [95.079, 28.511], [95.086, 28.506], [95.095, 28.503], [95.101, 28.499], [95.1, 28.491], [95.095, 28.482], [95.093, 28.477], [95.101, 28.465], [95.101, 28.457], [95.092, 28.452], [95.09, 28.448], [95.09, 28.437], [95.086, 28.43], [95.077, 28.422], [95.069, 28.419], [95.066, 28.414], [95.068, 28.409], [95.074, 28.405], [95.078, 28.395], [95.071, 28.375], [95.071, 28.366], [95.069, 28.362], [95.058, 28.353], [95.037, 28.35], [95.034, 28.347], [95.03, 28.333], [95.027, 28.328], [95.02, 28.331], [95.015, 28.343], [95.01, 28.345], [95.001, 28.346], [94.992, 28.342], [94.992, 28.337], [94.999, 28.326], [94.999, 28.322], [94.992, 28.315], [94.985, 28.312], [94.967, 28.315], [94.96, 28.313], [94.952, 28.305], [94.949, 28.29], [94.949, 28.286], [94.954, 28.282], [94.963, 28.279], [94.968, 28.281], [94.973, 28.286], [94.98, 28.285], [94.986, 28.272], [94.988, 28.257], [94.987, 28.246], [94.991, 28.24], [95.003, 28.236], [95.005, 28.233], [95.007, 28.224], [95.009, 28.208], [95.007, 28.2], [95.008, 28.196], [95.013, 28.193], [95.019, 28.193], [95.027, 28.188], [95.036, 28.175], [95.052, 28.159], [95.061, 28.155], [95.081, 28.15], [95.1, 28.143], [95.109, 28.137], [95.116, 28.135], [95.133, 28.134], [95.137, 28.134], [95.144, 28.143], [95.159, 28.149], [95.163, 28.153], [95.171, 28.154], [95.177, 28.156], [95.188, 28.164], [95.197, 28.162], [95.201, 28.163], [95.2, 28.174], [95.203, 28.177], [95.208, 28.178], [95.212, 28.176], [95.219, 28.167], [95.226, 28.166], [95.243, 28.167], [95.249, 28.165], [95.252, 28.158], [95.266, 28.153], [95.288, 28.142], [95.292, 28.138], [95.295, 28.13], [95.293, 28.123], [95.283, 28.114], [95.282, 28.11], [95.284, 28.104], [95.289, 28.102], [95.317, 28.098], [95.324, 28.098], [95.329, 28.096], [95.333, 28.087], [95.342, 28.077]]]}, "properties": {"rivname": "Dihang/Siang", "ba_name": "Brahamaputra"}}, {"type": "Feature", "geometry": {"type": "MultiLineString", "coordinates": [[[82.721, 21.84], [82.721, 21.835], [82.719, 21.828], [82.723, 21.817], [82.728, 21.81], [82.728, 21.801], [82.731, 21.796], [82.729, 21.788], [82.729, 21.783], [82.725, 21.773], [82.727, 21.758], [82.73, 21.745], [82.732, 21.742], [82.731, 21.736], [82.739, 21.729], [82.74, 21.726], [82.746, 21.719]], [[82.721, 21.847], [82.718, 21.845], [82.721, 21.84]], [[82.721, 21.847], [82.721, 21.84]], [[82.689, 21.942], [82.696, 21.939], [82.697, 21.934], [82.702, 21.923], [82.707, 21.92], [82.708, 21.913], [82.712, 21.907], [82.716, 21.891], [82.717, 21.88], [82.716, 21.877], [82.719, 21.872], [82.718, 21.863], [82.721, 21.858], [82.721, 21.847]], [[82.685, 21.953], [82.686, 21.944], [82.689, 21.942]], [[82.685, 21.953], [82.689, 21.947], [82.689, 21.942]], [[82.486, 23.558], [82.491, 23.551], [82.493, 23.544], [82.499, 23.542], [82.512, 23.53], [82.52, 23.524], [82.522, 23.516], [82.526, 23.516], [82.533, 23.51], [82.536, 23.506], [82.537, 23.5], [82.535, 23.496], [82.543, 23.48], [82.543, 23.473], [82.539, 23.473], [82.538, 23.467], [82.529, 23.47], [82.519, 23.463], [82.515, 23.463], [82.515, 23.456], [82.51, 23.452], [82.503, 23.452], [82.501, 23.447], [82.509, 23.445], [82.511, 23.439], [82.508, 23.435], [82.511, 23.433], [82.505, 23.422], [82.499, 23.425], [82.501, 23.417], [82.497, 23.416], [82.496, 23.411], [82.485, 23.409], [82.48, 23.406], [82.48, 23.413], [82.468, 23.414], [82.465, 23.409], [82.457, 23.407], [82.459, 23.404], [82.457, 23.399], [82.449, 23.402], [82.447, 23.398], [82.443, 23.395], [82.44, 23.399], [82.435, 23.396], [82.438, 23.39], [82.434, 23.389], [82.428, 23.397], [82.425, 23.398], [82.42, 23.386], [82.412, 23.379], [82.398, 23.386], [82.395, 23.391], [82.392, 23.383], [82.39, 23.381], [82.385, 23.385], [82.389, 23.392], [82.388, 23.393], [82.379, 23.39], [82.373, 23.394], [82.369, 23.385], [82.357, 23.385], [82.357, 23.381], [82.361, 23.379], [82.363, 23.375], [82.357, 23.374], [82.351, 23.376], [82.342, 23.375], [82.341, 23.368], [82.335, 23.365], [82.333, 23.362], [82.335, 23.357], [82.333, 23.35], [82.317, 23.341], [82.315, 23.334], [82.311, 23.337], [82.308, 23.335], [82.306, 23.33], [82.301, 23.323], [82.302, 23.319], [82.299, 23.313], [82.294, 23.312], [82.285, 23.307], [82.288, 23.302], [82.296, 23.305], [82.308, 23.301], [82.31, 23.296], [82.309, 23.285], [82.297, 23.282], [82.291, 23.284], [82.285, 23.282], [82.279, 23.277], [82.276, 23.267], [82.27, 23.257], [82.269, 23.25], [82.257, 23.245], [82.261, 23.236], [82.259, 23.234], [82.251, 23.232], [82.246, 23.229], [82.244, 23.221], [82.235, 23.216], [82.229, 23.208], [82.222, 23.207], [82.217, 23.204], [82.212, 23.196], [82.217, 23.191], [82.216, 23.187], [82.208, 23.183], [82.202, 23.167], [82.197, 23.159], [82.192, 23.154], [82.191, 23.15], [82.197, 23.137], [82.201, 23.132], [82.2, 23.126], [82.204, 23.118], [82.205, 23.114], [82.203, 23.108], [82.205, 23.105], [82.217, 23.105], [82.229, 23.097], [82.235, 23.098], [82.254, 23.096], [82.261, 23.093], [82.265, 23.086], [82.275, 23.081], [82.278, 23.075], [82.277, 23.071], [82.28, 23.067], [82.288, 23.064], [82.295, 23.064], [82.306, 23.067], [82.315, 23.064], [82.314, 23.057], [82.307, 23.05], [82.306, 23.037], [82.311, 23.033], [82.321, 23.03], [82.324, 23.024], [82.324, 23.015], [82.329, 23.013], [82.331, 23.017], [82.343, 23.015], [82.348, 23.01], [82.35, 23.004], [82.347, 22.997], [82.35, 22.989], [82.361, 22.979], [82.367, 22.974], [82.371, 22.954], [82.368, 22.95], [82.377, 22.948], [82.372, 22.936], [82.374, 22.93], [82.378, 22.93], [82.383, 22.926], [82.39, 22.928], [82.393, 22.922], [82.402, 22.923], [82.408, 22.92], [82.42, 22.92], [82.423, 22.916], [82.427, 22.903], [82.422, 22.897], [82.42, 22.893], [82.42, 22.885], [82.422, 22.879], [82.428, 22.879], [82.43, 22.885], [82.438, 22.892], [82.447, 22.886], [82.446, 22.88], [82.45, 22.872], [82.46, 22.864], [82.466, 22.861], [82.471, 22.864], [82.477, 22.863], [82.485, 22.869], [82.493, 22.869], [82.497, 22.867], [82.501, 22.861], [82.505, 22.86], [82.509, 22.864], [82.513, 22.864], [82.517, 22.866], [82.518, 22.872], [82.518, 22.88], [82.524, 22.886], [82.535, 22.877], [82.544, 22.867], [82.551, 22.861], [82.557, 22.858], [82.557, 22.85], [82.567, 22.839], [82.573, 22.83], [82.576, 22.822], [82.572, 22.815], [82.573, 22.809], [82.581, 22.803], [82.584, 22.799], [82.582, 22.792], [82.577, 22.792], [82.573, 22.795], [82.566, 22.795], [82.561, 22.793], [82.558, 22.786], [82.559, 22.777], [82.562, 22.771], [82.566, 22.754], [82.565, 22.746], [82.56, 22.734], [82.566, 22.73], [82.567, 22.723], [82.571, 22.718], [82.568, 22.71], [82.573, 22.703], [82.594, 22.693], [82.598, 22.69], [82.61, 22.687], [82.626, 22.675], [82.641, 22.659], [82.648, 22.653], [82.654, 22.645], [82.659, 22.634], [82.663, 22.62], [82.656, 22.618], [82.637, 22.619], [82.628, 22.616], [82.621, 22.616], [82.627, 22.61], [82.62, 22.605], [82.615, 22.604], [82.597, 22.605], [82.589, 22.602], [82.579, 22.594], [82.579, 22.589], [82.575, 22.584], [82.568, 22.58], [82.569, 22.573], [82.574, 22.569], [82.581, 22.566], [82.589, 22.566], [82.594, 22.562], [82.597, 22.554], [82.604, 22.544], [82.612, 22.54], [82.619, 22.535], [82.623, 22.535], [82.627, 22.531], [82.632, 22.519], [82.638, 22.51], [82.653, 22.501], [82.667, 22.492], [82.681, 22.477], [82.683, 22.468], [82.69, 22.461], [82.688, 22.453], [82.69, 22.442], [82.694, 22.434], [82.695, 22.423], [82.697, 22.416], [82.697, 22.408], [82.703, 22.405], [82.705, 22.396], [82.71, 22.385], [82.704, 22.373], [82.697, 22.369], [82.691, 22.368], [82.687, 22.358], [82.688, 22.344], [82.695, 22.339], [82.698, 22.334], [82.702, 22.331], [82.706, 22.323], [82.706, 22.318], [82.711, 22.308], [82.71, 22.303], [82.706, 22.297], [82.705, 22.291], [82.69, 22.277], [82.69, 22.271], [82.687, 22.264], [82.69, 22.26], [82.689, 22.256], [82.685, 22.249], [82.682, 22.247], [82.672, 22.237], [82.666, 22.23], [82.665, 22.219], [82.665, 22.213], [82.672, 22.204], [82.668, 22.196], [82.665, 22.183], [82.666, 22.176], [82.659, 22.168], [82.654, 22.166], [82.648, 22.16], [82.646, 22.151], [82.643, 22.149], [82.643, 22.142], [82.64, 22.139], [82.639, 22.13], [82.636, 22.125], [82.639, 22.115], [82.65, 22.106], [82.653, 22.102], [82.651, 22.096], [82.642, 22.092], [82.636, 22.092], [82.629, 22.087], [82.628, 22.07], [82.633, 22.058], [82.635, 22.056], [82.636, 22.045], [82.639, 22.041], [82.639, 22.032], [82.643, 22.023], [82.65, 22.016], [82.651, 22.011], [82.66, 21.999], [82.666, 21.988], [82.672, 21.981], [82.673, 21.977], [82.678, 21.973], [82.682, 21.964], [82.681, 21.96], [82.685, 21.953]]]}, "properties": {"rivname": "Hasdeo", "ba_name": "Mahanadi"}}, {"type": "Feature", "geometry": {"type": "LineString", "coordinates": [[83.381, 19.665], [83.378, 19.664], [83.365, 19.663], [83.355, 19.67], [83.354, 19.677], [83.358, 19.687], [83.357, 19.694], [83.365, 19.698], [83.365, 19.702], [83.373, 19.705], [83.377, 19.705], [83.38, 19.711], [83.387, 19.713], [83.396, 19.719], [83.398, 19.717], [83.405, 19.722], [83.411, 19.722], [83.417, 19.728], [83.419, 19.738], [83.423, 19.744], [83.427, 19.745], [83.434, 19.755], [83.441, 19.76], [83.44, 19.762], [83.449, 19.77], [83.449, 19.774], [83.452, 19.777], [83.454, 19.782], [83.452, 19.789], [83.457, 19.791], [83.459, 19.798], [83.468, 19.802], [83.475, 19.798], [83.478, 19.798], [83.483, 19.793], [83.482, 19.788], [83.484, 19.785], [83.478, 19.781], [83.478, 19.773], [83.489, 19.768], [83.492, 19.758], [83.497, 19.755], [83.5, 19.75], [83.498, 19.744], [83.505, 19.744], [83.503, 19.732], [83.499, 19.727], [83.501, 19.721], [83.505, 19.714], [83.504, 19.71], [83.508, 19.701], [83.514, 19.698], [83.519, 19.694], [83.52, 19.688], [83.525, 19.682], [83.53, 19.68], [83.531, 19.674], [83.535, 19.671], [83.535, 19.667], [83.53, 19.661], [83.546, 19.653], [83.545, 19.648], [83.552, 19.624], [83.55, 19.623], [83.551, 19.614], [83.554, 19.613], [83.555, 19.605], [83.563, 19.606], [83.567, 19.615], [83.566, 19.621], [83.577, 19.633], [83.582, 19.629], [83.589, 19.636], [83.592, 19.638], [83.596, 19.634], [83.599, 19.625], [83.603, 19.623], [83.607, 19.626], [83.609, 19.623], [83.61, 19.615], [83.617, 19.611], [83.622, 19.604], [83.626, 19.605], [83.638, 19.601], [83.643, 19.604], [83.65, 19.602], [83.655, 19.597], [83.658, 19.586], [83.663, 19.58], [83.661, 19.572], [83.665, 19.566], [83.667, 19.558], [83.67, 19.554], [83.671, 19.546], [83.677, 19.544], [83.687, 19.525], [83.693, 19.525], [83.693, 19.53], [83.698, 19.529], [83.708, 19.524], [83.709, 19.517], [83.717, 19.516], [83.718, 19.522], [83.721, 19.526], [83.729, 19.529], [83.739, 19.525], [83.738, 19.518], [83.741, 19.513], [83.741, 19.509], [83.735, 19.503], [83.736, 19.501], [83.742, 19.498], [83.736, 19.491], [83.736, 19.484], [83.739, 19.477], [83.739, 19.471], [83.742, 19.465], [83.744, 19.456], [83.758, 19.444], [83.761, 19.438], [83.764, 19.437], [83.767, 19.429], [83.774, 19.427], [83.771, 19.415], [83.767, 19.406], [83.758, 19.397], [83.763, 19.386], [83.766, 19.382], [83.766, 19.369], [83.767, 19.363], [83.766, 19.357], [83.771, 19.35], [83.778, 19.346], [83.781, 19.341], [83.781, 19.337], [83.775, 19.33], [83.78, 19.321], [83.776, 19.317], [83.77, 19.316], [83.767, 19.313], [83.768, 19.308], [83.773, 19.305], [83.778, 19.305], [83.785, 19.3], [83.784, 19.295], [83.779, 19.294], [83.777, 19.291], [83.777, 19.283], [83.778, 19.279], [83.777, 19.273], [83.768, 19.263], [83.77, 19.254], [83.769, 19.246], [83.766, 19.238], [83.766, 19.23], [83.767, 19.226], [83.775, 19.222], [83.775, 19.217], [83.788, 19.212], [83.782, 19.198], [83.788, 19.193], [83.798, 19.193], [83.801, 19.187], [83.802, 19.175], [83.806, 19.172], [83.812, 19.161], [83.815, 19.158], [83.822, 19.155], [83.823, 19.15], [83.816, 19.139], [83.816, 19.134], [83.82, 19.128], [83.82, 19.123], [83.815, 19.116], [83.808, 19.114], [83.808, 19.109], [83.815, 19.103], [83.814, 19.095], [83.808, 19.086], [83.805, 19.082], [83.799, 19.076], [83.791, 19.072], [83.786, 19.066], [83.787, 19.049], [83.786, 19.039], [83.789, 19.033], [83.796, 19.028], [83.798, 19.025], [83.797, 19.02], [83.798, 19.013], [83.798, 18.997], [83.801, 18.995], [83.81, 18.992], [83.812, 18.987], [83.815, 18.977], [83.815, 18.972], [83.821, 18.963], [83.823, 18.956], [83.821, 18.936], [83.829, 18.931], [83.83, 18.925], [83.828, 18.919], [83.833, 18.914], [83.839, 18.917], [83.847, 18.915], [83.849, 18.909], [83.848, 18.904], [83.849, 18.891], [83.848, 18.88], [83.845, 18.875], [83.845, 18.869], [83.85, 18.858], [83.859, 18.853], [83.869, 18.851], [83.873, 18.849], [83.881, 18.84], [83.883, 18.834], [83.887, 18.828], [83.894, 18.822], [83.897, 18.806], [83.908, 18.804], [83.918, 18.801], [83.923, 18.802], [83.929, 18.798], [83.927, 18.786], [83.93, 18.784], [83.941, 18.785], [83.945, 18.788], [83.952, 18.787], [83.956, 18.782], [83.956, 18.771], [83.959, 18.767], [83.966, 18.765], [83.977, 18.764], [83.98, 18.759], [83.977, 18.75], [83.974, 18.748], [83.973, 18.734], [83.968, 18.73], [83.961, 18.728], [83.961, 18.725], [83.975, 18.723], [83.98, 18.72], [83.98, 18.714], [83.974, 18.71], [83.967, 18.703], [83.965, 18.693], [83.962, 18.687], [83.959, 18.666], [83.96, 18.663], [83.956, 18.66], [83.955, 18.654], [83.95, 18.651], [83.951, 18.645], [83.958, 18.635], [83.96, 18.623], [83.969, 18.617], [83.972, 18.614], [83.968, 18.607], [83.958, 18.607], [83.955, 18.605], [83.955, 18.6], [83.959, 18.591], [83.967, 18.585], [83.971, 18.575], [83.973, 18.564], [83.973, 18.559], [83.975, 18.555], [83.977, 18.543], [83.973, 18.535], [83.969, 18.529], [83.963, 18.528], [83.961, 18.523], [83.961, 18.516], [83.959, 18.511], [83.952, 18.506], [83.947, 18.506], [83.94, 18.5], [83.934, 18.499], [83.933, 18.494], [83.935, 18.489], [83.941, 18.48], [83.955, 18.471], [83.958, 18.467], [83.959, 18.46], [83.954, 18.452], [83.952, 18.444], [83.945, 18.441], [83.944, 18.437], [83.94, 18.432], [83.941, 18.419], [83.95, 18.412], [83.958, 18.408], [83.96, 18.405], [83.965, 18.402], [83.964, 18.391], [83.969, 18.389], [83.971, 18.383], [83.974, 18.381], [83.984, 18.382], [83.988, 18.38], [83.991, 18.376], [83.992, 18.366], [83.998, 18.36], [83.997, 18.357], [84.005, 18.35], [84.015, 18.347], [84.025, 18.346], [84.033, 18.349], [84.039, 18.345], [84.051, 18.334], [84.059, 18.331], [84.067, 18.331], [84.077, 18.334], [84.089, 18.344], [84.097, 18.347], [84.102, 18.351], [84.117, 18.352], [84.126, 18.343], [84.132, 18.341]]}, "properties": {"rivname": "Vamsadhara", "ba_name": "East flowing rivers between Mahanadi and Pennar"}}, {"type": "Feature", "geometry": {"type": "LineString", "coordinates": [[80.226, 15.536], [80.221, 15.535], [80.216, 15.537], [80.203, 15.545], [80.189, 15.557], [80.181, 15.569], [80.177, 15.57], [80.172, 15.566], [80.169, 15.553], [80.166, 15.553], [80.16, 15.556], [80.155, 15.55], [80.144, 15.55], [80.139, 15.557], [80.121, 15.561], [80.113, 15.568], [80.103, 15.57], [80.101, 15.574], [80.107, 15.582], [80.107, 15.588], [80.1, 15.595], [80.089, 15.601], [80.084, 15.601], [80.072, 15.607], [80.066, 15.634], [80.063, 15.641], [80.056, 15.645], [80.052, 15.637], [80.047, 15.631], [80.042, 15.629], [80.037, 15.631], [80.028, 15.63], [80.023, 15.628], [80.021, 15.632], [80.025, 15.634], [80.028, 15.641], [80.025, 15.644], [80.017, 15.641], [80.013, 15.641], [80.009, 15.647], [80.009, 15.651], [80.002, 15.654], [79.995, 15.652], [79.993, 15.649], [79.988, 15.648], [79.985, 15.652], [79.986, 15.663], [79.982, 15.669], [79.976, 15.701], [79.972, 15.706], [79.97, 15.713], [79.965, 15.725], [79.966, 15.731], [79.965, 15.737], [79.959, 15.738], [79.951, 15.742], [79.951, 15.751], [79.958, 15.756], [79.962, 15.758], [79.964, 15.768], [79.962, 15.785], [79.96, 15.793], [79.962, 15.797], [79.964, 15.804], [79.962, 15.81], [79.95, 15.824], [79.944, 15.84], [79.949, 15.848], [79.95, 15.853], [79.946, 15.858], [79.939, 15.856], [79.937, 15.857], [79.937, 15.867], [79.928, 15.878], [79.92, 15.879], [79.913, 15.882], [79.907, 15.884], [79.902, 15.893], [79.898, 15.895], [79.889, 15.909], [79.886, 15.91], [79.878, 15.917], [79.875, 15.918], [79.876, 15.933], [79.873, 15.938], [79.867, 15.936], [79.862, 15.939], [79.866, 15.952], [79.866, 15.958], [79.863, 15.959], [79.855, 15.956], [79.852, 15.963], [79.856, 15.97], [79.856, 15.976], [79.851, 15.982], [79.844, 15.985], [79.84, 15.991], [79.826, 15.989], [79.817, 15.991], [79.813, 15.991], [79.811, 15.997], [79.807, 16], [79.799, 16.003], [79.793, 16.001], [79.79, 16.003], [79.782, 16.003], [79.778, 16.005], [79.768, 16.007], [79.763, 16.005], [79.753, 16.005], [79.747, 16.011], [79.743, 16.012], [79.738, 16.016], [79.73, 16.018], [79.723, 16.011], [79.714, 16.009], [79.708, 16.005], [79.699, 16.006], [79.694, 16.002], [79.688, 16.001], [79.682, 16.002], [79.672, 15.995], [79.667, 15.996], [79.663, 16.002], [79.656, 16.005], [79.648, 16.005], [79.645, 16.007], [79.636, 16.009], [79.629, 16.008], [79.617, 16.009], [79.606, 16.008], [79.585, 16.009], [79.572, 16.003], [79.568, 16], [79.563, 15.999], [79.555, 15.994], [79.549, 15.989], [79.541, 15.989], [79.532, 15.985], [79.526, 15.985], [79.521, 15.976], [79.521, 15.969], [79.517, 15.966], [79.511, 15.965], [79.506, 15.961], [79.488, 15.959], [79.482, 15.961], [79.474, 15.961], [79.469, 15.959], [79.463, 15.959], [79.457, 15.955], [79.45, 15.952], [79.449, 15.948], [79.443, 15.948], [79.437, 15.943], [79.431, 15.943], [79.427, 15.938], [79.426, 15.932], [79.421, 15.926], [79.417, 15.919], [79.407, 15.92], [79.401, 15.916], [79.396, 15.917], [79.389, 15.904], [79.387, 15.893], [79.383, 15.888], [79.371, 15.876], [79.364, 15.874], [79.363, 15.871], [79.356, 15.863], [79.354, 15.86], [79.344, 15.858], [79.335, 15.855], [79.33, 15.846], [79.323, 15.844], [79.318, 15.838], [79.318, 15.833], [79.32, 15.828], [79.314, 15.823], [79.316, 15.819], [79.312, 15.809], [79.308, 15.808], [79.31, 15.803], [79.31, 15.797], [79.302, 15.792], [79.306, 15.783], [79.304, 15.778], [79.291, 15.767], [79.285, 15.767], [79.28, 15.762], [79.275, 15.763], [79.274, 15.758], [79.271, 15.755], [79.262, 15.754], [79.262, 15.745], [79.257, 15.739], [79.25, 15.737], [79.239, 15.731], [79.237, 15.728], [79.233, 15.726], [79.228, 15.728], [79.225, 15.723], [79.221, 15.725], [79.216, 15.722], [79.215, 15.717], [79.217, 15.711], [79.213, 15.707], [79.211, 15.699], [79.205, 15.692], [79.205, 15.684], [79.203, 15.672], [79.208, 15.666], [79.199, 15.659], [79.199, 15.653], [79.201, 15.647], [79.201, 15.635], [79.197, 15.631], [79.196, 15.624], [79.201, 15.623], [79.197, 15.614], [79.195, 15.606], [79.195, 15.601], [79.181, 15.597], [79.177, 15.597], [79.168, 15.593], [79.163, 15.593], [79.155, 15.59], [79.151, 15.582], [79.146, 15.577], [79.128, 15.564], [79.123, 15.559], [79.117, 15.558], [79.111, 15.56], [79.109, 15.565], [79.103, 15.571], [79.096, 15.571], [79.09, 15.576], [79.08, 15.576], [79.066, 15.572], [79.06, 15.572], [79.055, 15.57], [79.047, 15.564], [79.047, 15.558], [79.037, 15.554], [79.033, 15.556], [79.022, 15.555], [79.017, 15.559], [79.014, 15.558], [79.015, 15.55], [79.01, 15.545], [79.007, 15.546], [79.001, 15.54], [78.996, 15.532], [78.992, 15.532], [78.987, 15.527], [78.982, 15.525], [78.981, 15.52], [78.976, 15.52], [78.961, 15.534], [78.956, 15.533], [78.953, 15.53], [78.944, 15.529], [78.941, 15.534], [78.935, 15.533], [78.925, 15.535], [78.92, 15.534], [78.918, 15.538], [78.912, 15.54], [78.906, 15.536], [78.904, 15.53], [78.891, 15.525], [78.882, 15.517], [78.88, 15.509], [78.875, 15.506], [78.871, 15.507], [78.869, 15.515], [78.872, 15.526], [78.871, 15.532], [78.868, 15.535], [78.869, 15.545], [78.866, 15.55], [78.869, 15.553], [78.861, 15.559], [78.86, 15.563], [78.854, 15.562], [78.846, 15.566], [78.846, 15.57], [78.849, 15.575], [78.843, 15.575], [78.833, 15.572], [78.832, 15.575], [78.835, 15.579], [78.831, 15.587], [78.828, 15.59], [78.83, 15.593], [78.824, 15.596], [78.818, 15.598], [78.813, 15.601], [78.812, 15.606], [78.815, 15.611], [78.811, 15.614], [78.806, 15.615], [78.802, 15.618], [78.794, 15.62], [78.793, 15.626], [78.787, 15.629], [78.769, 15.634], [78.767, 15.637], [78.758, 15.646], [78.756, 15.655], [78.757, 15.664], [78.756, 15.669], [78.763, 15.678], [78.769, 15.679]]}, "properties": {"rivname": "Gundlakamma", "ba_name": "East flowing rivers between Mahanadi and Pennar"}}, {"type": "Feature", "geometry": {"type": "MultiLineString", "coordinates": [[[77.239, 9.287], [77.238, 9.299], [77.25, 9.313], [77.25, 9.316], [77.265, 9.326], [77.27, 9.327], [77.273, 9.325], [77.277, 9.339], [77.276, 9.343], [77.272, 9.343], [77.272, 9.351], [77.271, 9.356], [77.274, 9.361], [77.28, 9.371], [77.294, 9.368], [77.296, 9.372], [77.308, 9.374], [77.314, 9.382], [77.316, 9.387], [77.313, 9.389], [77.309, 9.385], [77.304, 9.387], [77.301, 9.393], [77.305, 9.398], [77.3, 9.402], [77.303, 9.411], [77.298, 9.413], [77.301, 9.424], [77.298, 9.432], [77.307, 9.431], [77.312, 9.428], [77.315, 9.431], [77.313, 9.436], [77.309, 9.435], [77.306, 9.442], [77.3, 9.443], [77.3, 9.452], [77.295, 9.452], [77.293, 9.454], [77.298, 9.46], [77.292, 9.464], [77.29, 9.468], [77.292, 9.474], [77.288, 9.476], [77.288, 9.479], [77.279, 9.483], [77.275, 9.481], [77.262, 9.484], [77.264, 9.491], [77.262, 9.494], [77.263, 9.522], [77.258, 9.523], [77.25, 9.523], [77.239, 9.526], [77.236, 9.529], [77.218, 9.529], [77.21, 9.527], [77.2, 9.529], [77.189, 9.529], [77.175, 9.528], [77.136, 9.529], [77.133, 9.528], [77.121, 9.532], [77.115, 9.528], [77.111, 9.529], [77.108, 9.536], [77.096, 9.542], [77.096, 9.55], [77.091, 9.552], [77.09, 9.555], [77.096, 9.559], [77.093, 9.564], [77.088, 9.56], [77.082, 9.562], [77.083, 9.565], [77.091, 9.571], [77.088, 9.576], [77.087, 9.589], [77.089, 9.6], [77.083, 9.609], [77.081, 9.61], [77.073, 9.608], [77.07, 9.613], [77.062, 9.617], [77.057, 9.618], [77.054, 9.621], [77.048, 9.624], [77.052, 9.638], [77.045, 9.64], [77.037, 9.646], [77.031, 9.648], [77.027, 9.651], [77.014, 9.657], [77.019, 9.66], [77.019, 9.663], [77.023, 9.671], [77.023, 9.674], [77.029, 9.68], [77.026, 9.683], [77.026, 9.691], [77.022, 9.698], [77.024, 9.7], [77.03, 9.7], [77.028, 9.706], [77.032, 9.714], [77.026, 9.72], [77.014, 9.729], [77.016, 9.733], [77.012, 9.749], [77.015, 9.757], [77.015, 9.767], [77.023, 9.776], [77.028, 9.778], [77.032, 9.784], [77.032, 9.79], [77.018, 9.803], [77.003, 9.814], [76.998, 9.819], [76.99, 9.823], [76.986, 9.831], [76.968, 9.843], [76.966, 9.849], [76.969, 9.852], [76.971, 9.861], [76.967, 9.865], [76.966, 9.87], [76.968, 9.878], [76.972, 9.881], [76.969, 9.885], [76.974, 9.888], [76.977, 9.893], [76.976, 9.901], [76.978, 9.906], [76.972, 9.914], [76.978, 9.922], [76.978, 9.925], [76.971, 9.931], [76.972, 9.935], [76.981, 9.945], [76.984, 9.951], [76.967, 9.957], [76.962, 9.958], [76.953, 9.965], [76.947, 9.965], [76.941, 9.972], [76.933, 9.975], [76.916, 9.986], [76.913, 9.986], [76.906, 9.99], [76.902, 9.991], [76.898, 9.995], [76.889, 9.999], [76.868, 10.011], [76.865, 10.012], [76.851, 10.02], [76.838, 10.026], [76.833, 10.026], [76.82, 10.034], [76.818, 10.037], [76.809, 10.037], [76.806, 10.041], [76.801, 10.041], [76.79, 10.047], [76.786, 10.051], [76.78, 10.059], [76.768, 10.06], [76.762, 10.067], [76.758, 10.067], [76.755, 10.072], [76.747, 10.076], [76.74, 10.085], [76.729, 10.09], [76.717, 10.103], [76.706, 10.112], [76.7, 10.115], [76.686, 10.128], [76.682, 10.131], [76.677, 10.139], [76.669, 10.141], [76.659, 10.137], [76.648, 10.152], [76.645, 10.158], [76.634, 10.166], [76.63, 10.172], [76.625, 10.174], [76.614, 10.17], [76.606, 10.171], [76.601, 10.173], [76.592, 10.174], [76.586, 10.18], [76.58, 10.183], [76.571, 10.182], [76.567, 10.184], [76.563, 10.192], [76.557, 10.196], [76.547, 10.194], [76.529, 10.196], [76.518, 10.194], [76.514, 10.193], [76.509, 10.184], [76.503, 10.182], [76.494, 10.184], [76.479, 10.184], [76.471, 10.182], [76.467, 10.179], [76.459, 10.17], [76.45, 10.167], [76.447, 10.164], [76.432, 10.155], [76.429, 10.148], [76.434, 10.145], [76.44, 10.147], [76.449, 10.145], [76.449, 10.138], [76.456, 10.134], [76.457, 10.131], [76.452, 10.122], [76.446, 10.12], [76.439, 10.122], [76.431, 10.122], [76.424, 10.117], [76.418, 10.115], [76.413, 10.115], [76.403, 10.121], [76.395, 10.124], [76.387, 10.123], [76.379, 10.12], [76.374, 10.114], [76.37, 10.113], [76.363, 10.113], [76.358, 10.115]], [[76.358, 10.115], [76.35, 10.115], [76.346, 10.111], [76.348, 10.108], [76.346, 10.1], [76.343, 10.097], [76.344, 10.092], [76.337, 10.093], [76.333, 10.083], [76.33, 10.082], [76.318, 10.082], [76.311, 10.076], [76.304, 10.076], [76.3, 10.079], [76.296, 10.092], [76.291, 10.096], [76.284, 10.095], [76.283, 10.089], [76.285, 10.082], [76.281, 10.073], [76.281, 10.067], [76.279, 10.054], [76.279, 10.047], [76.276, 10.046], [76.27, 10.047], [76.263, 10.045], [76.253, 10.037], [76.246, 10.032]], [[76.169, 10.184], [76.186, 10.192], [76.197, 10.193], [76.208, 10.195], [76.217, 10.193], [76.226, 10.185], [76.236, 10.183], [76.245, 10.177], [76.253, 10.17], [76.264, 10.162], [76.272, 10.151], [76.283, 10.144], [76.292, 10.138], [76.298, 10.138], [76.309, 10.147], [76.322, 10.152], [76.328, 10.152], [76.336, 10.145], [76.338, 10.139], [76.338, 10.131], [76.342, 10.126], [76.348, 10.126], [76.352, 10.123], [76.358, 10.115]]]}, "properties": {"rivname": "Periyar", "ba_name": "West flowing rivers from Tadri to Kanyakumari"}}, {"type": "Feature", "geometry": {"type": "MultiLineString", "coordinates": [[[87.907, 21.618], [87.921, 21.655], [87.971, 21.747], [88.058, 21.851], [88.118, 21.929], [88.153, 21.97], [88.162, 21.981], [88.173, 21.991], [88.181, 22.002], [88.195, 22.017], [88.198, 22.021], [88.204, 22.036], [88.206, 22.046], [88.206, 22.065], [88.204, 22.073], [88.202, 22.09], [88.205, 22.107], [88.203, 22.115], [88.197, 22.131], [88.192, 22.14], [88.186, 22.147], [88.173, 22.157], [88.165, 22.17], [88.162, 22.172], [88.146, 22.187], [88.121, 22.194], [88.1, 22.195], [88.093, 22.193], [88.081, 22.196], [88.067, 22.202], [88.066, 22.217], [88.071, 22.227], [88.08, 22.235], [88.084, 22.273], [88.089, 22.282], [88.093, 22.294], [88.096, 22.305], [88.096, 22.323], [88.095, 22.338], [88.095, 22.351], [88.096, 22.364], [88.099, 22.373], [88.103, 22.381], [88.108, 22.386], [88.124, 22.395], [88.133, 22.401], [88.137, 22.406], [88.14, 22.415], [88.14, 22.42], [88.136, 22.429], [88.123, 22.446], [88.12, 22.454], [88.119, 22.466], [88.123, 22.471], [88.134, 22.477], [88.157, 22.48], [88.168, 22.483], [88.176, 22.488], [88.19, 22.5], [88.199, 22.511], [88.207, 22.516], [88.218, 22.519], [88.229, 22.52], [88.24, 22.526], [88.241, 22.534], [88.238, 22.544], [88.238, 22.558], [88.245, 22.561], [88.254, 22.561], [88.28, 22.554], [88.297, 22.552], [88.308, 22.549], [88.314, 22.549], [88.321, 22.552], [88.328, 22.558], [88.343, 22.576], [88.348, 22.59], [88.352, 22.598], [88.355, 22.602], [88.364, 22.61], [88.366, 22.613], [88.365, 22.621], [88.354, 22.652], [88.353, 22.663], [88.355, 22.668], [88.364, 22.689], [88.363, 22.699], [88.359, 22.719], [88.359, 22.726], [88.361, 22.74], [88.361, 22.749], [88.354, 22.756], [88.341, 22.763], [88.337, 22.768], [88.332, 22.777], [88.332, 22.781], [88.336, 22.787], [88.346, 22.792], [88.354, 22.798], [88.357, 22.811], [88.356, 22.819], [88.358, 22.826], [88.362, 22.828], [88.371, 22.829], [88.376, 22.832], [88.375, 22.842], [88.371, 22.851], [88.372, 22.858], [88.376, 22.863], [88.384, 22.868], [88.399, 22.875], [88.403, 22.878], [88.408, 22.885], [88.408, 22.895], [88.401, 22.914], [88.402, 22.92], [88.407, 22.927], [88.411, 22.938], [88.411, 22.942], [88.408, 22.967], [88.405, 22.974], [88.404, 22.982], [88.409, 22.997], [88.415, 23.006], [88.43, 23.01], [88.439, 23.015]], [[88.439, 23.015], [88.447, 23.021], [88.451, 23.027], [88.456, 23.039], [88.457, 23.053]], [[88.457, 23.053], [88.448, 23.041], [88.444, 23.035], [88.439, 23.015]], [[88.457, 23.053], [88.456, 23.063], [88.458, 23.067], [88.464, 23.069], [88.468, 23.067], [88.48, 23.066], [88.487, 23.069], [88.493, 23.079], [88.497, 23.087], [88.502, 23.096], [88.507, 23.1]], [[88.507, 23.1], [88.512, 23.105], [88.514, 23.109], [88.513, 23.115], [88.509, 23.121]], [[88.509, 23.121], [88.485, 23.13]], [[88.509, 23.121], [88.502, 23.131], [88.494, 23.132], [88.485, 23.13]], [[88.469, 23.129], [88.477, 23.12], [88.485, 23.117], [88.492, 23.118], [88.496, 23.115], [88.496, 23.11], [88.506, 23.105], [88.507, 23.1]], [[88.469, 23.129], [88.458, 23.13], [88.453, 23.131], [88.451, 23.138]], [[88.485, 23.13], [88.469, 23.129]], [[88.451, 23.138], [88.448, 23.147], [88.451, 23.156]], [[88.451, 23.138], [88.452, 23.148], [88.451, 23.156]], [[88.451, 23.156], [88.45, 23.166]], [[88.45, 23.166], [88.448, 23.174], [88.452, 23.179], [88.459, 23.182]], [[88.45, 23.166], [88.456, 23.178], [88.459, 23.182]], [[88.459, 23.182], [88.465, 23.187], [88.476, 23.199], [88.478, 23.207], [88.477, 23.213], [88.475, 23.218], [88.463, 23.227], [88.457, 23.228], [88.445, 23.224], [88.437, 23.218], [88.43, 23.211], [88.426, 23.209], [88.417, 23.21], [88.403, 23.216], [88.389, 23.219], [88.372, 23.226], [88.368, 23.228], [88.354, 23.243], [88.333, 23.261], [88.333, 23.268], [88.34, 23.276], [88.348, 23.292]], [[88.348, 23.292], [88.35, 23.303], [88.35, 23.312]], [[88.348, 23.292], [88.355, 23.3], [88.355, 23.306], [88.35, 23.312]], [[88.35, 23.312], [88.338, 23.327], [88.328, 23.344], [88.328, 23.35], [88.33, 23.353], [88.338, 23.352], [88.355, 23.337], [88.367, 23.329], [88.373, 23.327], [88.379, 23.329], [88.379, 23.334], [88.375, 23.338], [88.361, 23.347], [88.355, 23.356], [88.355, 23.363], [88.36, 23.375], [88.365, 23.382], [88.375, 23.397], [88.378, 23.411]]]}, "properties": {"rivname": "Hooghly", "ba_name": "Ganga"}}, {"type": "Feature", "geometry": {"type": "MultiLineString", "coordinates": [[[92.853, 26.891], [92.855, 26.886], [92.86, 26.882], [92.861, 26.875], [92.863, 26.866], [92.859, 26.85], [92.864, 26.842], [92.867, 26.834], [92.866, 26.825], [92.874, 26.816], [92.879, 26.809], [92.887, 26.8], [92.891, 26.795], [92.89, 26.789], [92.887, 26.78], [92.876, 26.773], [92.873, 26.765], [92.869, 26.764], [92.864, 26.76], [92.865, 26.753], [92.858, 26.735], [92.853, 26.729], [92.853, 26.723], [92.859, 26.717], [92.863, 26.712], [92.867, 26.711], [92.866, 26.698], [92.867, 26.694], [92.866, 26.686], [92.875, 26.681], [92.878, 26.676], [92.877, 26.669], [92.868, 26.66], [92.869, 26.65], [92.873, 26.641], [92.878, 26.636], [92.878, 26.631], [92.872, 26.623], [92.869, 26.613]], [[92.853, 26.891], [92.852, 26.897], [92.853, 26.903], [92.851, 26.907], [92.852, 26.922], [92.848, 26.926]], [[92.848, 26.926], [92.84, 26.92], [92.838, 26.912], [92.841, 26.905], [92.849, 26.894], [92.853, 26.891]], [[92.829, 26.941], [92.835, 26.935], [92.846, 26.932], [92.848, 26.926]], [[92.773, 26.994], [92.787, 26.985], [92.787, 26.978], [92.79, 26.975], [92.805, 26.974], [92.812, 26.969], [92.821, 26.956], [92.823, 26.95], [92.829, 26.941]], [[92.773, 26.994], [92.782, 26.997], [92.786, 26.996], [92.797, 26.992], [92.803, 26.991], [92.801, 26.987], [92.809, 26.983], [92.813, 26.986], [92.819, 26.979], [92.818, 26.976], [92.82, 26.969], [92.828, 26.962], [92.83, 26.95], [92.829, 26.941]], [[93.142, 27.729], [93.143, 27.72], [93.139, 27.718], [93.14, 27.712], [93.136, 27.711], [93.132, 27.703], [93.124, 27.699], [93.124, 27.695], [93.117, 27.694], [93.112, 27.69], [93.112, 27.685], [93.104, 27.687], [93.1, 27.679], [93.096, 27.678], [93.092, 27.666], [93.084, 27.664], [93.08, 27.652], [93.073, 27.646], [93.068, 27.646], [93.065, 27.649], [93.053, 27.649], [93.047, 27.642], [93.043, 27.642], [93.039, 27.635], [93.04, 27.63], [93.035, 27.626], [93.035, 27.619], [93.036, 27.614], [93.031, 27.608], [93.033, 27.605], [93.029, 27.6], [93.017, 27.596], [93.017, 27.591], [93.013, 27.59], [93.01, 27.583], [92.994, 27.57], [92.98, 27.563], [92.973, 27.556], [92.982, 27.538], [92.976, 27.532], [92.979, 27.524], [92.992, 27.519], [93.002, 27.512], [93.013, 27.5], [93.02, 27.488], [93.029, 27.485], [93.03, 27.481], [93.023, 27.473], [93.026, 27.464], [93.021, 27.459], [93.016, 27.448], [93.018, 27.44], [93.013, 27.428], [93.009, 27.424], [93.008, 27.416], [93.013, 27.411], [93.013, 27.403], [93.017, 27.396], [93.022, 27.383], [93.027, 27.38], [93.03, 27.376], [93.037, 27.371], [93.039, 27.368], [93.037, 27.365], [93.037, 27.359], [93.04, 27.355], [93.037, 27.343], [93.029, 27.335], [93.023, 27.322], [93.02, 27.317], [93.009, 27.317], [92.998, 27.312], [92.984, 27.311], [92.972, 27.312], [92.96, 27.308], [92.955, 27.302], [92.949, 27.3], [92.942, 27.303], [92.937, 27.304], [92.934, 27.3], [92.935, 27.292], [92.927, 27.288], [92.919, 27.281], [92.918, 27.273], [92.907, 27.266], [92.898, 27.262], [92.893, 27.262], [92.89, 27.257], [92.895, 27.253], [92.896, 27.249], [92.894, 27.246], [92.894, 27.236], [92.898, 27.23], [92.9, 27.217], [92.9, 27.21], [92.888, 27.2], [92.875, 27.198], [92.87, 27.197], [92.86, 27.191], [92.85, 27.19], [92.833, 27.187], [92.824, 27.183], [92.813, 27.175], [92.799, 27.179], [92.781, 27.179], [92.775, 27.185], [92.766, 27.192], [92.758, 27.194], [92.749, 27.193], [92.742, 27.189], [92.738, 27.188], [92.735, 27.183], [92.727, 27.181], [92.718, 27.173], [92.696, 27.171], [92.69, 27.164], [92.679, 27.163], [92.671, 27.158], [92.667, 27.159], [92.663, 27.155], [92.653, 27.154], [92.65, 27.149], [92.637, 27.149], [92.631, 27.145], [92.627, 27.148], [92.618, 27.146], [92.61, 27.142], [92.607, 27.138], [92.607, 27.131], [92.605, 27.121], [92.599, 27.116], [92.601, 27.109], [92.599, 27.104], [92.594, 27.103], [92.599, 27.093], [92.59, 27.086], [92.59, 27.076], [92.593, 27.064], [92.596, 27.05], [92.606, 27.038], [92.615, 27.031], [92.62, 27.03], [92.625, 27.027], [92.633, 27.026], [92.637, 27.02], [92.644, 27.017], [92.649, 27.018], [92.657, 27.015], [92.666, 27.009], [92.677, 27.007], [92.685, 27.003], [92.705, 27.002], [92.712, 27.005], [92.718, 27.005], [92.726, 26.999], [92.736, 26.997], [92.742, 26.999], [92.748, 26.998], [92.751, 26.994], [92.773, 26.994]]]}, "properties": {"rivname": "Kameng", "ba_name": "Brahamaputra"}}, {"type": "Feature", "geometry": {"type": "LineString", "coordinates": [[77.974, 16.97], [77.979, 16.973], [77.988, 16.975], [78, 16.975], [78.007, 16.972], [78.011, 16.966], [78.017, 16.962], [78.023, 16.961], [78.029, 16.955], [78.031, 16.95], [78.038, 16.945], [78.041, 16.945], [78.045, 16.938], [78.049, 16.937], [78.055, 16.93], [78.055, 16.926], [78.06, 16.917], [78.065, 16.917], [78.069, 16.912], [78.074, 16.91], [78.079, 16.904], [78.083, 16.901], [78.081, 16.897], [78.085, 16.895], [78.089, 16.888], [78.097, 16.885], [78.095, 16.881], [78.102, 16.873], [78.108, 16.87], [78.114, 16.871], [78.12, 16.87], [78.13, 16.863], [78.133, 16.857], [78.141, 16.854], [78.151, 16.852], [78.158, 16.852], [78.162, 16.851], [78.167, 16.854], [78.171, 16.851], [78.18, 16.854], [78.189, 16.848], [78.194, 16.842], [78.202, 16.843], [78.209, 16.84], [78.218, 16.839], [78.226, 16.835], [78.231, 16.826], [78.232, 16.823], [78.229, 16.811], [78.233, 16.802], [78.226, 16.794], [78.227, 16.788], [78.229, 16.78], [78.229, 16.777], [78.224, 16.771], [78.213, 16.765], [78.212, 16.762], [78.214, 16.758], [78.214, 16.752], [78.224, 16.745], [78.232, 16.746], [78.242, 16.738], [78.25, 16.73], [78.258, 16.725], [78.264, 16.718], [78.264, 16.713], [78.267, 16.711], [78.282, 16.706], [78.296, 16.697], [78.298, 16.693], [78.3, 16.681], [78.31, 16.668], [78.316, 16.663], [78.324, 16.66], [78.345, 16.644], [78.35, 16.638], [78.363, 16.635], [78.37, 16.632], [78.377, 16.626], [78.381, 16.617], [78.386, 16.611], [78.393, 16.605], [78.398, 16.599], [78.404, 16.587], [78.407, 16.573], [78.411, 16.571], [78.424, 16.571], [78.439, 16.566], [78.443, 16.56], [78.45, 16.542], [78.455, 16.534], [78.457, 16.524], [78.461, 16.52], [78.475, 16.508], [78.485, 16.505], [78.5, 16.505], [78.513, 16.5], [78.516, 16.499], [78.524, 16.503], [78.531, 16.5], [78.541, 16.499], [78.556, 16.499], [78.566, 16.5], [78.573, 16.505], [78.576, 16.513], [78.58, 16.519], [78.585, 16.521], [78.601, 16.522], [78.609, 16.52], [78.616, 16.522], [78.627, 16.53], [78.639, 16.535], [78.644, 16.54], [78.651, 16.541], [78.66, 16.536], [78.665, 16.536], [78.678, 16.541], [78.681, 16.541], [78.69, 16.537], [78.7, 16.537], [78.717, 16.54], [78.729, 16.539], [78.733, 16.537], [78.757, 16.535], [78.761, 16.533], [78.769, 16.533], [78.779, 16.532], [78.782, 16.522], [78.787, 16.515], [78.796, 16.516], [78.798, 16.514], [78.807, 16.517], [78.81, 16.52], [78.816, 16.531], [78.829, 16.537], [78.834, 16.543], [78.839, 16.547], [78.85, 16.551], [78.856, 16.551], [78.863, 16.545], [78.869, 16.543], [78.875, 16.544], [78.883, 16.548], [78.889, 16.547], [78.898, 16.551], [78.91, 16.551], [78.912, 16.542], [78.92, 16.535], [78.92, 16.528], [78.922, 16.524], [78.927, 16.52], [78.938, 16.511], [78.953, 16.504], [78.961, 16.498], [78.97, 16.498], [78.982, 16.496], [78.992, 16.489], [79.014, 16.476], [79.022, 16.472], [79.027, 16.467], [79.043, 16.461], [79.048, 16.458], [79.056, 16.449], [79.062, 16.445], [79.073, 16.444], [79.08, 16.436], [79.083, 16.429], [79.089, 16.423], [79.094, 16.421], [79.101, 16.42], [79.11, 16.421], [79.113, 16.419], [79.114, 16.414], [79.12, 16.409], [79.139, 16.401], [79.144, 16.398], [79.15, 16.4], [79.153, 16.397], [79.152, 16.388], [79.156, 16.381], [79.164, 16.38], [79.169, 16.371], [79.178, 16.369], [79.188, 16.362], [79.194, 16.361], [79.202, 16.362], [79.21, 16.356]]}, "properties": {"rivname": "Dindi", "ba_name": "Krishna"}}, {"type": "Feature", "geometry": {"type": "LineString", "coordinates": [[93.951, 25.216], [93.952, 25.211], [93.962, 25.203], [93.972, 25.192], [93.972, 25.187], [93.975, 25.182], [93.974, 25.165], [93.972, 25.158], [93.974, 25.152], [93.971, 25.145], [93.971, 25.138], [93.967, 25.135], [93.966, 25.129], [93.964, 25.116], [93.959, 25.109], [93.956, 25.109], [93.952, 25.1], [93.956, 25.097], [93.952, 25.095], [93.951, 25.09], [93.947, 25.09], [93.948, 25.084], [93.937, 25.074], [93.933, 25.063], [93.93, 25.06], [93.927, 25.053], [93.928, 25.048], [93.932, 25.043], [93.931, 25.038], [93.926, 25.036], [93.928, 25.029], [93.924, 25.027], [93.925, 25.021], [93.921, 25.019], [93.92, 25.013], [93.913, 25.005], [93.913, 24.991], [93.904, 24.99], [93.9, 24.983], [93.901, 24.977], [93.897, 24.973], [93.895, 24.963], [93.886, 24.948], [93.887, 24.936], [93.894, 24.926], [93.895, 24.919], [93.892, 24.916], [93.894, 24.908], [93.897, 24.906], [93.897, 24.9], [93.905, 24.898], [93.902, 24.887], [93.907, 24.883], [93.913, 24.885], [93.919, 24.884], [93.933, 24.891], [93.936, 24.888], [93.94, 24.892], [93.944, 24.884], [93.938, 24.874], [93.938, 24.864], [93.945, 24.86], [93.944, 24.857], [93.95, 24.852], [93.951, 24.848], [93.956, 24.845], [93.962, 24.839], [93.966, 24.84], [93.967, 24.834], [93.963, 24.831], [93.96, 24.822], [93.953, 24.815], [93.948, 24.813], [93.946, 24.806], [93.943, 24.804], [93.944, 24.8], [93.941, 24.796], [93.944, 24.791], [93.94, 24.784], [93.943, 24.778], [93.946, 24.768], [93.945, 24.762], [93.944, 24.747], [93.95, 24.738], [93.95, 24.73], [93.948, 24.723], [93.941, 24.72], [93.937, 24.716], [93.928, 24.712], [93.926, 24.705], [93.921, 24.704], [93.916, 24.705], [93.911, 24.7], [93.904, 24.699], [93.907, 24.694], [93.905, 24.685], [93.909, 24.682], [93.906, 24.679], [93.906, 24.674], [93.915, 24.674], [93.917, 24.672], [93.915, 24.666], [93.917, 24.664], [93.924, 24.665], [93.935, 24.663], [93.934, 24.655], [93.935, 24.649], [93.927, 24.653], [93.921, 24.647], [93.919, 24.64], [93.909, 24.636], [93.9, 24.631], [93.901, 24.621], [93.9, 24.619], [93.889, 24.616], [93.895, 24.609], [93.9, 24.608], [93.906, 24.614], [93.912, 24.61], [93.911, 24.604], [93.91, 24.592], [93.905, 24.592], [93.906, 24.588], [93.912, 24.582], [93.911, 24.575], [93.909, 24.567], [93.9, 24.557], [93.892, 24.556], [93.885, 24.553], [93.877, 24.554], [93.871, 24.549], [93.868, 24.534], [93.87, 24.529], [93.868, 24.523], [93.871, 24.52], [93.877, 24.518], [93.876, 24.511], [93.883, 24.509], [93.878, 24.505], [93.875, 24.498], [93.883, 24.491], [93.88, 24.486], [93.877, 24.484], [93.871, 24.477], [93.872, 24.472], [93.868, 24.467], [93.86, 24.465], [93.86, 24.462], [93.853, 24.457], [93.855, 24.452], [93.854, 24.448], [93.855, 24.443], [93.851, 24.44], [93.848, 24.433], [93.844, 24.434], [93.838, 24.426], [93.848, 24.413], [93.841, 24.412], [93.839, 24.41], [93.842, 24.401], [93.847, 24.398], [93.846, 24.393], [93.847, 24.385], [93.852, 24.38], [93.847, 24.376], [93.846, 24.372], [93.849, 24.365], [93.854, 24.359], [93.85, 24.355], [93.851, 24.351], [93.857, 24.355], [93.863, 24.355], [93.863, 24.352], [93.853, 24.345], [93.854, 24.341], [93.865, 24.334], [93.86, 24.328], [93.855, 24.326], [93.857, 24.316], [93.855, 24.312], [93.865, 24.313], [93.868, 24.308], [93.869, 24.3], [93.872, 24.297], [93.867, 24.29], [93.879, 24.282], [93.875, 24.279], [93.872, 24.273], [93.863, 24.265], [93.861, 24.253], [93.864, 24.25], [93.862, 24.246], [93.867, 24.245], [93.867, 24.241], [93.862, 24.238], [93.859, 24.233], [93.862, 24.232], [93.871, 24.231], [93.88, 24.229], [93.88, 24.224], [93.876, 24.221], [93.869, 24.22], [93.869, 24.214], [93.862, 24.207], [93.858, 24.208], [93.855, 24.213], [93.851, 24.214], [93.846, 24.206], [93.845, 24.199], [93.84, 24.197], [93.837, 24.193], [93.836, 24.187], [93.83, 24.184], [93.825, 24.178], [93.818, 24.174], [93.811, 24.168], [93.809, 24.16], [93.802, 24.15], [93.796, 24.147], [93.793, 24.148], [93.786, 24.142], [93.782, 24.142], [93.777, 24.135], [93.775, 24.128], [93.772, 24.124], [93.771, 24.116], [93.776, 24.107], [93.775, 24.096], [93.77, 24.09], [93.77, 24.083], [93.767, 24.08], [93.765, 24.071], [93.761, 24.067], [93.762, 24.064], [93.759, 24.054], [93.756, 24.05], [93.754, 24.042], [93.751, 24.039], [93.745, 24.028], [93.742, 24.016], [93.739, 24.014], [93.74, 24.006], [93.744, 24.002]]}, "properties": {"rivname": "Imphal/Manipur", "ba_name": "Minor rivers draining into Myanmar and Bangladesh"}}, {"type": "Feature", "geometry": {"type": "MultiLineString", "coordinates": [[[89.349, 26.583], [89.347, 26.578], [89.353, 26.576], [89.357, 26.572], [89.353, 26.569], [89.354, 26.561], [89.352, 26.558], [89.349, 26.549], [89.343, 26.542], [89.343, 26.532], [89.337, 26.521], [89.334, 26.511], [89.331, 26.508], [89.325, 26.507], [89.322, 26.502], [89.321, 26.49], [89.318, 26.485], [89.319, 26.478], [89.311, 26.469], [89.311, 26.456], [89.318, 26.456], [89.323, 26.453], [89.33, 26.436], [89.332, 26.429], [89.333, 26.413], [89.334, 26.41], [89.344, 26.401], [89.347, 26.39], [89.347, 26.386], [89.35, 26.381], [89.364, 26.381], [89.372, 26.381], [89.369, 26.376], [89.364, 26.37], [89.374, 26.355], [89.379, 26.354], [89.388, 26.356], [89.395, 26.355], [89.398, 26.35], [89.404, 26.346], [89.407, 26.34], [89.41, 26.339], [89.415, 26.328], [89.418, 26.325], [89.428, 26.318], [89.435, 26.309], [89.446, 26.303], [89.452, 26.298], [89.452, 26.288], [89.459, 26.287], [89.466, 26.291], [89.468, 26.297], [89.471, 26.301], [89.479, 26.305], [89.486, 26.306], [89.49, 26.31], [89.494, 26.31], [89.5, 26.304], [89.509, 26.302], [89.517, 26.295], [89.523, 26.294], [89.534, 26.282], [89.547, 26.28], [89.556, 26.271], [89.561, 26.271], [89.564, 26.275], [89.571, 26.276], [89.574, 26.274], [89.586, 26.273], [89.59, 26.262], [89.594, 26.26], [89.607, 26.26], [89.614, 26.252], [89.619, 26.25], [89.62, 26.244], [89.626, 26.242], [89.626, 26.237], [89.633, 26.228], [89.638, 26.227], [89.642, 26.221]], [[89.346, 26.603], [89.344, 26.597], [89.346, 26.587], [89.349, 26.583]], [[89.346, 26.603], [89.348, 26.594], [89.353, 26.59], [89.349, 26.583]], [[89.326, 26.721], [89.331, 26.717], [89.332, 26.71], [89.329, 26.7], [89.324, 26.697], [89.322, 26.693], [89.323, 26.688], [89.328, 26.684], [89.333, 26.676], [89.332, 26.671], [89.335, 26.665], [89.336, 26.653], [89.342, 26.646], [89.342, 26.633], [89.345, 26.625], [89.343, 26.615], [89.345, 26.613], [89.346, 26.603]], [[89.323, 26.732], [89.321, 26.727], [89.326, 26.721]], [[89.325, 26.735], [89.323, 26.732]], [[89.325, 26.735], [89.326, 26.721]], [[89.327, 26.748], [89.325, 26.735]], [[89.33, 26.767], [89.328, 26.761], [89.323, 26.754], [89.327, 26.748]], [[89.33, 26.767], [89.331, 26.753], [89.327, 26.748]], [[89.366, 26.856], [89.356, 26.851], [89.348, 26.842], [89.347, 26.836], [89.341, 26.828], [89.339, 26.82], [89.341, 26.815], [89.337, 26.813], [89.335, 26.805], [89.327, 26.797], [89.325, 26.791], [89.325, 26.782], [89.313, 26.772], [89.315, 26.764], [89.31, 26.758], [89.319, 26.749], [89.32, 26.742], [89.323, 26.735], [89.323, 26.732]], [[89.366, 26.856], [89.363, 26.853], [89.365, 26.848], [89.362, 26.845], [89.363, 26.84], [89.358, 26.837], [89.357, 26.83], [89.351, 26.823], [89.349, 26.817], [89.346, 26.815], [89.339, 26.808], [89.339, 26.798], [89.336, 26.796], [89.335, 26.79], [89.328, 26.78], [89.33, 26.767]], [[89.374, 26.866], [89.366, 26.856]]]}, "properties": {"rivname": "Torsa", "ba_name": "Brahamaputra"}}, {"type": "Feature", "geometry": {"type": "LineString", "coordinates": [[73.43, 18.872], [73.425, 18.864], [73.416, 18.865], [73.413, 18.866], [73.409, 18.863], [73.403, 18.865], [73.396, 18.862], [73.396, 18.865], [73.39, 18.867], [73.387, 18.863], [73.383, 18.863], [73.378, 18.867], [73.374, 18.875], [73.372, 18.876], [73.363, 18.873]]}, "properties": {"rivname": "Salpe", "ba_name": "West flowing rivers from Tapi to Tadri"}}, {"type": "Feature", "geometry": {"type": "LineString", "coordinates": [[73.411, 18.776], [73.402, 18.773], [73.401, 18.768], [73.396, 18.764], [73.389, 18.765], [73.386, 18.762], [73.377, 18.765], [73.372, 18.767], [73.371, 18.772], [73.371, 18.785], [73.379, 18.794], [73.382, 18.801], [73.382, 18.807], [73.379, 18.811], [73.379, 18.816], [73.376, 18.828], [73.376, 18.836], [73.375, 18.839], [73.375, 18.853], [73.373, 18.862], [73.363, 18.873], [73.352, 18.87], [73.346, 18.878], [73.334, 18.884], [73.333, 18.887], [73.323, 18.89], [73.323, 18.894], [73.321, 18.901], [73.322, 18.907], [73.329, 18.908], [73.329, 18.914], [73.333, 18.919], [73.332, 18.926], [73.337, 18.929], [73.334, 18.938], [73.337, 18.942], [73.337, 18.95], [73.35, 18.957], [73.345, 18.961], [73.345, 18.967], [73.349, 18.969], [73.35, 18.976], [73.352, 18.979], [73.35, 18.985], [73.348, 18.986], [73.348, 18.994], [73.342, 19], [73.343, 19.009], [73.342, 19.016], [73.339, 19.021], [73.338, 19.028], [73.34, 19.034], [73.338, 19.042], [73.329, 19.043], [73.326, 19.037], [73.321, 19.038], [73.32, 19.042], [73.324, 19.049], [73.332, 19.056], [73.328, 19.064], [73.326, 19.073], [73.32, 19.076], [73.319, 19.081], [73.322, 19.088], [73.311, 19.098], [73.305, 19.111], [73.298, 19.116], [73.294, 19.121], [73.29, 19.121], [73.287, 19.116], [73.281, 19.112], [73.278, 19.113], [73.27, 19.121], [73.266, 19.123], [73.263, 19.128], [73.265, 19.131], [73.261, 19.139], [73.254, 19.148], [73.255, 19.159], [73.254, 19.167], [73.252, 19.171], [73.246, 19.178], [73.246, 19.185], [73.248, 19.195], [73.245, 19.207], [73.244, 19.217], [73.229, 19.221], [73.227, 19.225], [73.228, 19.229], [73.236, 19.233], [73.236, 19.237], [73.23, 19.243], [73.229, 19.25], [73.216, 19.257], [73.207, 19.257], [73.201, 19.262], [73.192, 19.259], [73.193, 19.251], [73.188, 19.253], [73.183, 19.257], [73.173, 19.251], [73.169, 19.251], [73.166, 19.255], [73.159, 19.259], [73.156, 19.264], [73.148, 19.269], [73.139, 19.269], [73.132, 19.281], [73.128, 19.283], [73.112, 19.279], [73.104, 19.273], [73.103, 19.266], [73.109, 19.257], [73.115, 19.252], [73.116, 19.246], [73.114, 19.237], [73.11, 19.234], [73.101, 19.233], [73.089, 19.241], [73.078, 19.241], [73.073, 19.238], [73.068, 19.233], [73.067, 19.228], [73.067, 19.221], [73.066, 19.21], [73.062, 19.204], [73.035, 19.198], [73.027, 19.2], [73.016, 19.216], [73.008, 19.222], [73.004, 19.228], [73.002, 19.24], [73, 19.242], [73, 19.249], [72.992, 19.266], [72.991, 19.273], [72.987, 19.284], [72.982, 19.289], [72.97, 19.296], [72.959, 19.3], [72.948, 19.297], [72.938, 19.287], [72.925, 19.29], [72.918, 19.289], [72.906, 19.289], [72.896, 19.294], [72.875, 19.313], [72.863, 19.319], [72.853, 19.323], [72.834, 19.324], [72.812, 19.317], [72.797, 19.316]]}, "properties": {"rivname": "Ulhas", "ba_name": "West flowing rivers from Tapi to Tadri"}}, {"type": "Feature", "geometry": {"type": "MultiLineString", "coordinates": [[[78.26, 13.159], [78.263, 13.159], [78.261, 13.148], [78.265, 13.139], [78.27, 13.136], [78.268, 13.133], [78.269, 13.125], [78.277, 13.118], [78.279, 13.111], [78.277, 13.107], [78.281, 13.104], [78.281, 13.098], [78.285, 13.091], [78.287, 13.083], [78.292, 13.076], [78.293, 13.071], [78.298, 13.061], [78.3, 13.06], [78.3, 13.052], [78.309, 13.042], [78.323, 13.04], [78.331, 13.033], [78.339, 13.022], [78.339, 13.007], [78.336, 13.003], [78.338, 12.999], [78.343, 12.997], [78.347, 12.993], [78.357, 12.988], [78.367, 12.982], [78.371, 12.983], [78.376, 12.979], [78.375, 12.976], [78.381, 12.973], [78.381, 12.971], [78.389, 12.967], [78.392, 12.972], [78.395, 12.974], [78.398, 12.979], [78.405, 12.986], [78.41, 12.986], [78.42, 12.983], [78.43, 12.984], [78.43, 12.978], [78.434, 12.974], [78.433, 12.967], [78.44, 12.962], [78.442, 12.957], [78.438, 12.954], [78.435, 12.944], [78.433, 12.943], [78.435, 12.937], [78.428, 12.931], [78.423, 12.924], [78.416, 12.921], [78.412, 12.924], [78.406, 12.924], [78.401, 12.922], [78.398, 12.916], [78.396, 12.906], [78.398, 12.903], [78.406, 12.896], [78.408, 12.891], [78.406, 12.886], [78.408, 12.875], [78.412, 12.871], [78.412, 12.866], [78.416, 12.86], [78.415, 12.857], [78.42, 12.854], [78.425, 12.854], [78.423, 12.847], [78.426, 12.839], [78.423, 12.831], [78.413, 12.828], [78.412, 12.82], [78.408, 12.817], [78.408, 12.814], [78.401, 12.809], [78.413, 12.785], [78.417, 12.782], [78.417, 12.774], [78.419, 12.769], [78.417, 12.767], [78.419, 12.739], [78.418, 12.733], [78.426, 12.734], [78.432, 12.739], [78.441, 12.741], [78.451, 12.721], [78.46, 12.707], [78.468, 12.697], [78.478, 12.678], [78.482, 12.672], [78.486, 12.677], [78.489, 12.676], [78.496, 12.678], [78.5, 12.682], [78.514, 12.679], [78.524, 12.678], [78.531, 12.684], [78.539, 12.685], [78.542, 12.671], [78.552, 12.667], [78.558, 12.668], [78.564, 12.667], [78.576, 12.669], [78.588, 12.674], [78.592, 12.679], [78.599, 12.678], [78.604, 12.68], [78.606, 12.688], [78.613, 12.687], [78.62, 12.69], [78.635, 12.703], [78.637, 12.707], [78.646, 12.712], [78.648, 12.715], [78.661, 12.724], [78.664, 12.73], [78.677, 12.743], [78.692, 12.765], [78.7, 12.774], [78.711, 12.79], [78.711, 12.799], [78.715, 12.802], [78.72, 12.804], [78.721, 12.809], [78.728, 12.813], [78.736, 12.814], [78.739, 12.816], [78.745, 12.815], [78.751, 12.819], [78.76, 12.827], [78.774, 12.835], [78.776, 12.842], [78.782, 12.848], [78.792, 12.849], [78.8, 12.854], [78.804, 12.854], [78.82, 12.859], [78.838, 12.869], [78.843, 12.877], [78.848, 12.88], [78.853, 12.88], [78.867, 12.888], [78.876, 12.892], [78.885, 12.894], [78.89, 12.898], [78.896, 12.905], [78.904, 12.911], [78.912, 12.911], [78.931, 12.917], [78.934, 12.916], [78.948, 12.92], [78.951, 12.923], [78.959, 12.925], [78.97, 12.929], [79.001, 12.931], [79.015, 12.926], [79.026, 12.927], [79.032, 12.925], [79.038, 12.921], [79.042, 12.92], [79.047, 12.921], [79.052, 12.926], [79.065, 12.93], [79.084, 12.933], [79.09, 12.935], [79.098, 12.936], [79.11, 12.936], [79.122, 12.937], [79.14, 12.938], [79.147, 12.94], [79.152, 12.944], [79.157, 12.945], [79.161, 12.951], [79.169, 12.953], [79.176, 12.957], [79.182, 12.957], [79.201, 12.955], [79.209, 12.955], [79.214, 12.954], [79.223, 12.958], [79.233, 12.958], [79.25, 12.953], [79.258, 12.947], [79.264, 12.939], [79.27, 12.933], [79.282, 12.925], [79.287, 12.923], [79.302, 12.92], [79.318, 12.919], [79.33, 12.915], [79.343, 12.909], [79.349, 12.904], [79.362, 12.892], [79.366, 12.886], [79.376, 12.878], [79.386, 12.874], [79.39, 12.874], [79.397, 12.871], [79.405, 12.871], [79.428, 12.876], [79.447, 12.876], [79.459, 12.873], [79.464, 12.873], [79.472, 12.87], [79.474, 12.872], [79.48, 12.87], [79.488, 12.874], [79.495, 12.873], [79.501, 12.868], [79.507, 12.859], [79.515, 12.857], [79.532, 12.862], [79.537, 12.863], [79.547, 12.858], [79.559, 12.853], [79.565, 12.849], [79.58, 12.844], [79.585, 12.84], [79.59, 12.833], [79.601, 12.83], [79.623, 12.823], [79.632, 12.815], [79.652, 12.806], [79.659, 12.804], [79.668, 12.8], [79.676, 12.799], [79.69, 12.799], [79.697, 12.798], [79.708, 12.794], [79.719, 12.794], [79.732, 12.791], [79.751, 12.783], [79.759, 12.776], [79.762, 12.776], [79.77, 12.777], [79.784, 12.779], [79.792, 12.787], [79.798, 12.79], [79.808, 12.79], [79.814, 12.79], [79.826, 12.783], [79.845, 12.775], [79.848, 12.772], [79.861, 12.767], [79.877, 12.768], [79.887, 12.764], [79.893, 12.764], [79.906, 12.759], [79.912, 12.756], [79.921, 12.752], [79.926, 12.748], [79.933, 12.739], [79.942, 12.731], [79.942, 12.726], [79.952, 12.712], [79.954, 12.707], [79.954, 12.696], [79.955, 12.688], [79.949, 12.664], [79.947, 12.659], [79.948, 12.653], [79.945, 12.642], [79.942, 12.638], [79.94, 12.629], [79.944, 12.621], [79.948, 12.617], [79.945, 12.611], [79.948, 12.599], [79.955, 12.594], [79.958, 12.589], [79.958, 12.585], [79.961, 12.582], [79.963, 12.575], [79.966, 12.573], [79.964, 12.569], [79.97, 12.558], [79.975, 12.553], [79.978, 12.553], [79.982, 12.547], [79.995, 12.542], [79.999, 12.542], [80.006, 12.536], [80.011, 12.533], [80.012, 12.526], [80.015, 12.521], [80.025, 12.52], [80.034, 12.515], [80.038, 12.51], [80.053, 12.5], [80.066, 12.504], [80.074, 12.5], [80.08, 12.497], [80.082, 12.493], [80.09, 12.491], [80.095, 12.491], [80.104, 12.483], [80.109, 12.482], [80.117, 12.485], [80.133, 12.481], [80.14, 12.473], [80.149, 12.468]], [[77.892, 13.288], [77.898, 13.279], [77.901, 13.278], [77.905, 13.283], [77.909, 13.284], [77.91, 13.294], [77.914, 13.3], [77.92, 13.299], [77.926, 13.303], [77.927, 13.308], [77.935, 13.306], [77.939, 13.302], [77.945, 13.299], [77.945, 13.295], [77.948, 13.291], [77.952, 13.28], [77.961, 13.275], [77.962, 13.271], [77.956, 13.265], [77.96, 13.263], [77.967, 13.262], [77.972, 13.255], [77.979, 13.254], [77.98, 13.25], [77.987, 13.249], [77.996, 13.242], [78.002, 13.239], [78, 13.236], [78.005, 13.226], [78.012, 13.225], [78.015, 13.223], [78.024, 13.225], [78.027, 13.22], [78.041, 13.221], [78.05, 13.218], [78.058, 13.213], [78.072, 13.219], [78.082, 13.22], [78.09, 13.222], [78.094, 13.224], [78.101, 13.222], [78.107, 13.225], [78.114, 13.223], [78.121, 13.223], [78.126, 13.22], [78.135, 13.223], [78.14, 13.222], [78.144, 13.225], [78.153, 13.223], [78.165, 13.227], [78.169, 13.221], [78.175, 13.219], [78.177, 13.215], [78.181, 13.215], [78.185, 13.211], [78.188, 13.212], [78.192, 13.209], [78.199, 13.207], [78.204, 13.202], [78.208, 13.19], [78.224, 13.187], [78.231, 13.182], [78.234, 13.175], [78.241, 13.171], [78.242, 13.168], [78.249, 13.166], [78.251, 13.159], [78.256, 13.16], [78.26, 13.159]], [[77.998, 13.434], [77.998, 13.43], [78.003, 13.427], [78.007, 13.42], [78.014, 13.416], [78.02, 13.421], [78.03, 13.416], [78.037, 13.418], [78.047, 13.416], [78.06, 13.415], [78.07, 13.414], [78.084, 13.409], [78.087, 13.407], [78.095, 13.405], [78.105, 13.397], [78.109, 13.397], [78.11, 13.386], [78.117, 13.373], [78.126, 13.365], [78.131, 13.362], [78.132, 13.354], [78.13, 13.343], [78.132, 13.334], [78.142, 13.318], [78.149, 13.316], [78.155, 13.312], [78.161, 13.311], [78.176, 13.313], [78.182, 13.307], [78.187, 13.3], [78.193, 13.295], [78.202, 13.285], [78.202, 13.282], [78.205, 13.276], [78.205, 13.271], [78.212, 13.258], [78.217, 13.258], [78.22, 13.254], [78.226, 13.253], [78.233, 13.255], [78.254, 13.249], [78.261, 13.249], [78.26, 13.246], [78.275, 13.231], [78.282, 13.22], [78.282, 13.211], [78.279, 13.202], [78.281, 13.197], [78.278, 13.194], [78.279, 13.19], [78.277, 13.186], [78.266, 13.182], [78.266, 13.178], [78.262, 13.17], [78.26, 13.159]]]}, "properties": {"rivname": "Palar", "ba_name": "East flowing rivers between Pennar and Kanyakumari"}}, {"type": "Feature", "geometry": {"type": "MultiLineString", "coordinates": [[[79.794, 11.772], [79.787, 11.774], [79.776, 11.768], [79.76, 11.774], [79.752, 11.775], [79.74, 11.78], [79.727, 11.782], [79.721, 11.789], [79.714, 11.793], [79.71, 11.794], [79.7, 11.792], [79.693, 11.792], [79.687, 11.794], [79.671, 11.81], [79.662, 11.809], [79.649, 11.8], [79.645, 11.798], [79.637, 11.8], [79.632, 11.803], [79.623, 11.813], [79.619, 11.823], [79.615, 11.825], [79.603, 11.83], [79.598, 11.836], [79.587, 11.842], [79.581, 11.843], [79.572, 11.84], [79.564, 11.84], [79.553, 11.845], [79.542, 11.848], [79.53, 11.856], [79.526, 11.857], [79.514, 11.857], [79.497, 11.864], [79.487, 11.866], [79.48, 11.866], [79.476, 11.87], [79.47, 11.871], [79.467, 11.87], [79.459, 11.872]], [[79.459, 11.872], [79.475, 11.879], [79.481, 11.878], [79.492, 11.882], [79.503, 11.881], [79.512, 11.878], [79.526, 11.878], [79.532, 11.877], [79.536, 11.875], [79.543, 11.867], [79.55, 11.865], [79.559, 11.862], [79.567, 11.853], [79.576, 11.852], [79.582, 11.847], [79.588, 11.845], [79.593, 11.846], [79.602, 11.845], [79.605, 11.85], [79.613, 11.855], [79.615, 11.854], [79.631, 11.855], [79.636, 11.853], [79.642, 11.85], [79.645, 11.852], [79.65, 11.849], [79.658, 11.851], [79.662, 11.861], [79.664, 11.862], [79.672, 11.857], [79.683, 11.864], [79.689, 11.865], [79.696, 11.86], [79.701, 11.862], [79.714, 11.86], [79.719, 11.852], [79.725, 11.854], [79.729, 11.854], [79.732, 11.845], [79.745, 11.849], [79.75, 11.849], [79.757, 11.851], [79.765, 11.847], [79.766, 11.841], [79.771, 11.838], [79.777, 11.84], [79.777, 11.846], [79.785, 11.848], [79.789, 11.843], [79.793, 11.844], [79.802, 11.842], [79.802, 11.839], [79.807, 11.833]], [[79.346, 11.9], [79.353, 11.901], [79.362, 11.905], [79.37, 11.908], [79.383, 11.914], [79.389, 11.914]], [[79.346, 11.9], [79.336, 11.905], [79.329, 11.911], [79.325, 11.913], [79.312, 11.919], [79.307, 11.919]], [[79.346, 11.9], [79.342, 11.899], [79.323, 11.903], [79.312, 11.909], [79.308, 11.914], [79.307, 11.919]], [[79.389, 11.914], [79.398, 11.911], [79.41, 11.902], [79.413, 11.902], [79.42, 11.889], [79.428, 11.884], [79.433, 11.877], [79.439, 11.878], [79.447, 11.873], [79.452, 11.875], [79.459, 11.872]], [[79.389, 11.914], [79.383, 11.918], [79.376, 11.919], [79.364, 11.917], [79.357, 11.924], [79.351, 11.923], [79.339, 11.924], [79.331, 11.922], [79.325, 11.924], [79.321, 11.922], [79.308, 11.925], [79.303, 11.934], [79.292, 11.943], [79.283, 11.948], [79.277, 11.949], [79.271, 11.949], [79.264, 11.952], [79.257, 11.951], [79.252, 11.948]], [[79.307, 11.919], [79.299, 11.922], [79.295, 11.925], [79.29, 11.926], [79.282, 11.936], [79.275, 11.941], [79.268, 11.941], [79.252, 11.948]], [[79.252, 11.948], [79.241, 11.947], [79.238, 11.949], [79.234, 11.949], [79.23, 11.953], [79.225, 11.956], [79.223, 11.959], [79.224, 11.966], [79.216, 11.973], [79.212, 11.974], [79.197, 11.971], [79.189, 11.975], [79.185, 11.974], [79.176, 11.968], [79.173, 11.968], [79.162, 11.963], [79.152, 11.966], [79.139, 11.965], [79.135, 11.966], [79.126, 11.972], [79.121, 11.978], [79.118, 11.979], [79.107, 11.984], [79.105, 11.991], [79.103, 11.995], [79.096, 12], [79.087, 12.002], [79.068, 12.001], [79.062, 12.006], [79.048, 12.015], [79.043, 12.014], [79.035, 12.019], [79.034, 12.027], [79.029, 12.032], [79.023, 12.035], [79.01, 12.046], [79.004, 12.047], [79, 12.045], [78.992, 12.049], [78.988, 12.054], [78.986, 12.061], [78.98, 12.066], [78.974, 12.067], [78.966, 12.064], [78.962, 12.065], [78.958, 12.07], [78.957, 12.078], [78.958, 12.087], [78.948, 12.091], [78.939, 12.095], [78.93, 12.096], [78.921, 12.101], [78.918, 12.109], [78.908, 12.127], [78.903, 12.132], [78.899, 12.132], [78.892, 12.137], [78.889, 12.141], [78.857, 12.155], [78.848, 12.16], [78.845, 12.164], [78.846, 12.169], [78.842, 12.175], [78.844, 12.179], [78.843, 12.193], [78.836, 12.195], [78.822, 12.188], [78.806, 12.181], [78.793, 12.173], [78.774, 12.165], [78.769, 12.165], [78.758, 12.163], [78.754, 12.16], [78.746, 12.15], [78.738, 12.133], [78.731, 12.13], [78.728, 12.127], [78.724, 12.126], [78.709, 12.122], [78.696, 12.115], [78.691, 12.115], [78.684, 12.106], [78.673, 12.105], [78.664, 12.102], [78.652, 12.101], [78.647, 12.104], [78.642, 12.106], [78.633, 12.105], [78.629, 12.108], [78.626, 12.112], [78.63, 12.123], [78.629, 12.129], [78.631, 12.135], [78.635, 12.142], [78.636, 12.146], [78.642, 12.151], [78.647, 12.162], [78.638, 12.167], [78.631, 12.177], [78.623, 12.181], [78.612, 12.182], [78.603, 12.176], [78.596, 12.168], [78.591, 12.165], [78.582, 12.164], [78.578, 12.178], [78.575, 12.194], [78.568, 12.193], [78.562, 12.188], [78.554, 12.18], [78.519, 12.18], [78.501, 12.171], [78.492, 12.17], [78.487, 12.167], [78.482, 12.168], [78.471, 12.174], [78.466, 12.179], [78.46, 12.181], [78.444, 12.19], [78.437, 12.191], [78.424, 12.189], [78.416, 12.191], [78.413, 12.201], [78.408, 12.206], [78.406, 12.212], [78.397, 12.213], [78.392, 12.205], [78.384, 12.207], [78.377, 12.211], [78.373, 12.209], [78.366, 12.209], [78.364, 12.218], [78.356, 12.218], [78.353, 12.226], [78.358, 12.231], [78.358, 12.236], [78.353, 12.242], [78.353, 12.247], [78.346, 12.251], [78.339, 12.257], [78.334, 12.264], [78.33, 12.266], [78.325, 12.264], [78.324, 12.26], [78.318, 12.257], [78.313, 12.261], [78.311, 12.265], [78.307, 12.264], [78.303, 12.276], [78.299, 12.28], [78.303, 12.286], [78.303, 12.29], [78.3, 12.297], [78.292, 12.298], [78.29, 12.303], [78.29, 12.309], [78.284, 12.329], [78.276, 12.342], [78.273, 12.344], [78.27, 12.355], [78.265, 12.358], [78.264, 12.364], [78.266, 12.368], [78.267, 12.375], [78.26, 12.384], [78.261, 12.388], [78.256, 12.393], [78.25, 12.391], [78.245, 12.396], [78.246, 12.403], [78.239, 12.409], [78.237, 12.415], [78.233, 12.421], [78.216, 12.425], [78.213, 12.434], [78.216, 12.441], [78.215, 12.448], [78.217, 12.451], [78.2, 12.457], [78.192, 12.461], [78.189, 12.47], [78.188, 12.477], [78.18, 12.485], [78.171, 12.496], [78.167, 12.502], [78.162, 12.505], [78.158, 12.512], [78.155, 12.512], [78.151, 12.517], [78.15, 12.521], [78.144, 12.528], [78.14, 12.534], [78.141, 12.538], [78.138, 12.551], [78.139, 12.561], [78.14, 12.569], [78.138, 12.573], [78.125, 12.579], [78.109, 12.579], [78.098, 12.576], [78.093, 12.574], [78.082, 12.57], [78.074, 12.573], [78.072, 12.569], [78.059, 12.57], [78.053, 12.571], [78.048, 12.579], [78.04, 12.577], [78.03, 12.578], [78.027, 12.582], [78.023, 12.577], [78.018, 12.576], [78.012, 12.572], [78.009, 12.572], [78.001, 12.581], [78, 12.585], [77.994, 12.585], [77.992, 12.594], [77.988, 12.601], [77.98, 12.606], [77.973, 12.605], [77.97, 12.613], [77.972, 12.618], [77.967, 12.626], [77.959, 12.634], [77.959, 12.639], [77.955, 12.639], [77.952, 12.643], [77.953, 12.652], [77.949, 12.657], [77.934, 12.666], [77.935, 12.671], [77.929, 12.679], [77.92, 12.681], [77.912, 12.677], [77.91, 12.679], [77.911, 12.687], [77.904, 12.686], [77.896, 12.692], [77.89, 12.687], [77.889, 12.691], [77.884, 12.689], [77.877, 12.692], [77.877, 12.699], [77.882, 12.699], [77.886, 12.704], [77.885, 12.711], [77.893, 12.715], [77.896, 12.722], [77.899, 12.735], [77.901, 12.742], [77.894, 12.747], [77.891, 12.742], [77.886, 12.744], [77.886, 12.75], [77.882, 12.752], [77.876, 12.76], [77.878, 12.766], [77.872, 12.774], [77.876, 12.79], [77.881, 12.787], [77.886, 12.788], [77.886, 12.799], [77.891, 12.809], [77.884, 12.812], [77.882, 12.816], [77.874, 12.824], [77.873, 12.83], [77.867, 12.833], [77.865, 12.838], [77.86, 12.84], [77.847, 12.855], [77.847, 12.857], [77.842, 12.862], [77.833, 12.861], [77.832, 12.868], [77.836, 12.87], [77.832, 12.873], [77.83, 12.878], [77.832, 12.882], [77.83, 12.89], [77.824, 12.901], [77.82, 12.913], [77.816, 12.914], [77.817, 12.919], [77.816, 12.928], [77.81, 12.935], [77.804, 12.939], [77.802, 12.944], [77.793, 12.945], [77.792, 12.95], [77.793, 12.958], [77.789, 12.96], [77.789, 12.964], [77.776, 12.975], [77.779, 12.981], [77.776, 12.982], [77.776, 12.992], [77.774, 12.994], [77.776, 13.006], [77.773, 13.006], [77.774, 13.016], [77.778, 13.018], [77.779, 13.023], [77.782, 13.027], [77.781, 13.042], [77.777, 13.045], [77.779, 13.05], [77.768, 13.058], [77.769, 13.066], [77.767, 13.071], [77.765, 13.084], [77.764, 13.102], [77.767, 13.107], [77.764, 13.109], [77.763, 13.117], [77.76, 13.119], [77.759, 13.124], [77.764, 13.127], [77.763, 13.131], [77.767, 13.133], [77.766, 13.141], [77.768, 13.143], [77.768, 13.149], [77.771, 13.15], [77.776, 13.16], [77.783, 13.168], [77.784, 13.171], [77.781, 13.178], [77.781, 13.186], [77.788, 13.194], [77.786, 13.199], [77.788, 13.211], [77.794, 13.218], [77.795, 13.224], [77.8, 13.229], [77.8, 13.231], [77.804, 13.24], [77.807, 13.244], [77.815, 13.246], [77.815, 13.251], [77.819, 13.254], [77.824, 13.263], [77.83, 13.271], [77.831, 13.282], [77.834, 13.289], [77.835, 13.297], [77.833, 13.303], [77.828, 13.306], [77.824, 13.315], [77.824, 13.32], [77.829, 13.328], [77.829, 13.336], [77.827, 13.339], [77.821, 13.343], [77.819, 13.342], [77.813, 13.347], [77.804, 13.349], [77.791, 13.361], [77.788, 13.366], [77.782, 13.369], [77.777, 13.366], [77.765, 13.369], [77.761, 13.375], [77.751, 13.386], [77.747, 13.388], [77.746, 13.391], [77.741, 13.392], [77.735, 13.403]]]}, "properties": {"rivname": "Ponnaiyar", "ba_name": "East flowing rivers between Pennar and Kanyakumari"}}, {"type": "Feature", "geometry": {"type": "MultiLineString", "coordinates": [[[71.344, 23.599], [71.349, 23.598], [71.356, 23.601], [71.358, 23.604], [71.367, 23.605], [71.373, 23.608], [71.378, 23.609], [71.391, 23.613], [71.399, 23.614], [71.405, 23.62], [71.411, 23.624], [71.419, 23.625], [71.42, 23.633], [71.427, 23.637], [71.432, 23.638], [71.433, 23.641], [71.438, 23.64], [71.441, 23.648], [71.44, 23.653], [71.452, 23.653], [71.455, 23.657], [71.45, 23.661], [71.458, 23.666], [71.456, 23.676], [71.456, 23.681], [71.459, 23.685], [71.465, 23.688]], [[71.465, 23.688], [71.457, 23.688], [71.447, 23.697], [71.439, 23.7], [71.427, 23.709], [71.421, 23.71], [71.412, 23.714], [71.407, 23.719], [71.401, 23.719], [71.392, 23.725], [71.385, 23.726], [71.37, 23.723], [71.365, 23.725], [71.359, 23.723], [71.353, 23.724], [71.35, 23.719], [71.346, 23.717], [71.339, 23.712], [71.322, 23.71], [71.316, 23.713], [71.31, 23.713], [71.304, 23.716], [71.297, 23.711], [71.292, 23.71], [71.287, 23.703], [71.279, 23.699], [71.268, 23.7], [71.259, 23.699], [71.256, 23.696], [71.249, 23.69], [71.242, 23.683], [71.238, 23.673], [71.231, 23.668], [71.214, 23.673], [71.202, 23.673], [71.193, 23.678], [71.181, 23.679], [71.167, 23.678], [71.156, 23.673], [71.15, 23.668], [71.142, 23.665], [71.141, 23.657], [71.144, 23.646], [71.146, 23.635], [71.145, 23.627], [71.14, 23.624], [71.128, 23.628], [71.116, 23.627], [71.108, 23.623], [71.097, 23.611], [71.093, 23.603]], [[72.983, 24.721], [72.978, 24.715], [72.961, 24.707], [72.954, 24.708], [72.947, 24.707], [72.941, 24.697], [72.932, 24.693], [72.922, 24.682], [72.913, 24.663], [72.909, 24.659], [72.904, 24.649], [72.901, 24.649], [72.899, 24.644], [72.892, 24.637], [72.892, 24.63], [72.89, 24.625], [72.885, 24.617], [72.879, 24.612], [72.876, 24.606], [72.868, 24.601], [72.86, 24.59], [72.859, 24.58], [72.851, 24.574], [72.844, 24.563], [72.838, 24.559], [72.831, 24.551], [72.827, 24.541], [72.827, 24.532], [72.823, 24.523], [72.817, 24.519], [72.807, 24.518], [72.799, 24.512], [72.797, 24.504], [72.788, 24.489], [72.78, 24.487], [72.775, 24.491], [72.768, 24.487], [72.767, 24.484], [72.756, 24.476], [72.752, 24.47], [72.747, 24.465], [72.743, 24.457], [72.736, 24.455], [72.725, 24.445], [72.716, 24.442], [72.704, 24.446], [72.696, 24.447], [72.685, 24.442], [72.682, 24.434], [72.666, 24.427], [72.659, 24.42], [72.647, 24.419], [72.642, 24.418], [72.631, 24.42], [72.61, 24.413], [72.602, 24.403], [72.594, 24.398], [72.589, 24.399], [72.585, 24.402], [72.58, 24.401], [72.576, 24.397], [72.573, 24.388], [72.564, 24.383], [72.556, 24.374], [72.549, 24.369], [72.538, 24.365], [72.522, 24.363], [72.504, 24.361], [72.498, 24.363], [72.491, 24.359], [72.485, 24.348], [72.474, 24.339], [72.473, 24.335], [72.469, 24.332], [72.461, 24.329], [72.456, 24.326], [72.446, 24.324], [72.441, 24.327], [72.428, 24.324], [72.419, 24.324], [72.41, 24.327], [72.397, 24.328], [72.382, 24.328], [72.36, 24.332], [72.341, 24.337], [72.333, 24.34], [72.323, 24.338], [72.316, 24.334], [72.299, 24.333], [72.294, 24.335], [72.279, 24.336], [72.261, 24.334], [72.257, 24.33], [72.249, 24.329], [72.243, 24.323], [72.239, 24.322], [72.232, 24.313], [72.23, 24.308], [72.225, 24.306], [72.21, 24.304], [72.203, 24.301], [72.196, 24.295], [72.182, 24.288], [72.178, 24.285], [72.169, 24.274], [72.161, 24.254], [72.157, 24.249], [72.152, 24.244], [72.149, 24.234], [72.147, 24.221], [72.142, 24.217], [72.135, 24.214], [72.12, 24.212], [72.098, 24.196], [72.094, 24.191], [72.087, 24.181], [72.081, 24.176], [72.063, 24.168], [72.054, 24.164], [72.051, 24.159], [72.049, 24.149], [72.05, 24.143], [72.046, 24.132], [72.04, 24.123], [72.041, 24.116], [72.037, 24.108], [72.034, 24.094], [72.03, 24.088], [72.028, 24.078], [72.025, 24.075], [72.019, 24.061], [72.011, 24.048], [71.991, 24.034], [71.982, 24.019], [71.977, 24.015], [71.964, 24.01], [71.946, 24.001], [71.936, 23.995], [71.922, 23.988], [71.915, 23.982], [71.91, 23.976], [71.899, 23.966], [71.881, 23.954], [71.876, 23.952], [71.87, 23.943], [71.872, 23.937], [71.873, 23.918], [71.869, 23.911], [71.871, 23.897], [71.866, 23.889], [71.86, 23.884], [71.849, 23.88], [71.844, 23.874], [71.843, 23.867], [71.836, 23.864], [71.818, 23.866], [71.813, 23.864], [71.812, 23.861], [71.813, 23.845], [71.805, 23.836], [71.798, 23.823], [71.793, 23.821], [71.782, 23.822], [71.776, 23.824], [71.767, 23.823], [71.753, 23.815], [71.735, 23.808], [71.729, 23.804], [71.72, 23.802], [71.708, 23.793], [71.695, 23.787], [71.69, 23.782], [71.684, 23.778], [71.682, 23.773], [71.676, 23.771], [71.665, 23.773], [71.655, 23.777], [71.65, 23.778], [71.639, 23.774], [71.631, 23.77], [71.616, 23.768], [71.611, 23.763], [71.605, 23.762], [71.593, 23.762], [71.588, 23.759], [71.586, 23.748], [71.573, 23.74], [71.553, 23.73], [71.545, 23.73], [71.537, 23.733], [71.529, 23.732], [71.523, 23.727], [71.519, 23.717], [71.51, 23.712], [71.503, 23.71], [71.496, 23.703], [71.492, 23.694], [71.483, 23.69], [71.465, 23.688]]]}, "properties": {"rivname": "Banas", "ba_name": "West flowing rivers of Kutch and Saurashtra including Luni"}}, {"type": "Feature", "geometry": {"type": "LineString", "coordinates": [[73.746, 20.557], [73.733, 20.558], [73.722, 20.554], [73.715, 20.555], [73.713, 20.559], [73.708, 20.56], [73.704, 20.565], [73.699, 20.569], [73.69, 20.565], [73.688, 20.569], [73.688, 20.575], [73.682, 20.582], [73.675, 20.585], [73.664, 20.584], [73.663, 20.589], [73.655, 20.592], [73.659, 20.596], [73.649, 20.603], [73.651, 20.605], [73.645, 20.608], [73.651, 20.613], [73.646, 20.616], [73.641, 20.624], [73.645, 20.628], [73.637, 20.632], [73.641, 20.635], [73.637, 20.638], [73.63, 20.636], [73.628, 20.641], [73.632, 20.644], [73.64, 20.642], [73.639, 20.648], [73.631, 20.647], [73.624, 20.657], [73.628, 20.664], [73.621, 20.663], [73.616, 20.667], [73.62, 20.671], [73.616, 20.676], [73.619, 20.679], [73.611, 20.686], [73.602, 20.681], [73.593, 20.683], [73.595, 20.688], [73.595, 20.693], [73.59, 20.694], [73.588, 20.689], [73.585, 20.689], [73.58, 20.697], [73.574, 20.699], [73.569, 20.695], [73.558, 20.695], [73.551, 20.692], [73.544, 20.692], [73.539, 20.69], [73.53, 20.69], [73.525, 20.693], [73.524, 20.686], [73.517, 20.688], [73.517, 20.696], [73.515, 20.703], [73.515, 20.708], [73.507, 20.711], [73.509, 20.715], [73.51, 20.722], [73.509, 20.731], [73.501, 20.731], [73.497, 20.732], [73.489, 20.733], [73.492, 20.739], [73.482, 20.743], [73.483, 20.748], [73.489, 20.754], [73.491, 20.763], [73.487, 20.781], [73.488, 20.786], [73.485, 20.788], [73.482, 20.796], [73.479, 20.799], [73.473, 20.798], [73.459, 20.808], [73.453, 20.81], [73.442, 20.809], [73.435, 20.813], [73.428, 20.814], [73.42, 20.82], [73.407, 20.821], [73.398, 20.826], [73.393, 20.828], [73.388, 20.822], [73.38, 20.824], [73.374, 20.831], [73.368, 20.832], [73.368, 20.839], [73.365, 20.842], [73.353, 20.847], [73.35, 20.85], [73.351, 20.858], [73.346, 20.862], [73.34, 20.864], [73.332, 20.86], [73.331, 20.868], [73.322, 20.87], [73.318, 20.879], [73.312, 20.882], [73.307, 20.879], [73.302, 20.884], [73.295, 20.882], [73.289, 20.883], [73.279, 20.896], [73.27, 20.895], [73.261, 20.898], [73.255, 20.899], [73.247, 20.907], [73.243, 20.908], [73.233, 20.905], [73.228, 20.901], [73.22, 20.901], [73.204, 20.898], [73.2, 20.896], [73.194, 20.888], [73.187, 20.888], [73.182, 20.89], [73.175, 20.888], [73.171, 20.892], [73.172, 20.899], [73.165, 20.903], [73.155, 20.901], [73.145, 20.906], [73.141, 20.906], [73.137, 20.904], [73.135, 20.897], [73.12, 20.897], [73.113, 20.9], [73.11, 20.894], [73.116, 20.889], [73.114, 20.883], [73.108, 20.882], [73.096, 20.885], [73.093, 20.885], [73.085, 20.878], [73.08, 20.879], [73.076, 20.886], [73.066, 20.885], [73.06, 20.879], [73.054, 20.878], [73.049, 20.874], [73.033, 20.872], [73.023, 20.863], [73.011, 20.862], [73.005, 20.868], [72.999, 20.864], [72.996, 20.865], [72.987, 20.861], [72.981, 20.854], [72.976, 20.855], [72.971, 20.858], [72.968, 20.855], [72.968, 20.848], [72.973, 20.844], [72.984, 20.845], [72.989, 20.843], [72.991, 20.84], [72.991, 20.835], [72.985, 20.829], [72.978, 20.816], [72.979, 20.804], [72.969, 20.783], [72.963, 20.781], [72.958, 20.782], [72.954, 20.775], [72.954, 20.769], [72.951, 20.761], [72.946, 20.76], [72.938, 20.764], [72.929, 20.763], [72.926, 20.76], [72.925, 20.753], [72.918, 20.752], [72.912, 20.746], [72.903, 20.745], [72.893, 20.751], [72.889, 20.748], [72.886, 20.742], [72.883, 20.74], [72.873, 20.738], [72.864, 20.737], [72.857, 20.74], [72.856, 20.747], [72.854, 20.75], [72.848, 20.753], [72.836, 20.752]]}, "properties": {"rivname": "Ambika", "ba_name": "West flowing rivers from Tapi to Tadri"}}, {"type": "Feature", "geometry": {"type": "MultiLineString", "coordinates": [[[84.679, 25.756], [84.688, 25.746], [84.689, 25.738]], [[84.679, 25.756], [84.69, 25.757], [84.699, 25.755], [84.714, 25.756], [84.72, 25.754], [84.728, 25.758], [84.734, 25.765], [84.735, 25.773], [84.74, 25.774], [84.745, 25.773], [84.754, 25.766], [84.756, 25.757], [84.764, 25.75], [84.772, 25.747], [84.783, 25.748], [84.792, 25.742]], [[84.582, 25.821], [84.589, 25.806], [84.596, 25.799], [84.604, 25.784], [84.625, 25.776], [84.633, 25.777], [84.639, 25.774], [84.65, 25.768], [84.662, 25.76], [84.672, 25.756], [84.679, 25.756]], [[84.438, 25.878], [84.449, 25.869], [84.46, 25.866], [84.466, 25.855], [84.468, 25.845], [84.463, 25.84], [84.463, 25.835], [84.466, 25.832], [84.465, 25.821], [84.47, 25.818], [84.476, 25.82], [84.492, 25.822], [84.497, 25.821], [84.504, 25.816], [84.51, 25.814], [84.516, 25.814], [84.523, 25.823], [84.528, 25.817], [84.539, 25.809], [84.547, 25.806], [84.556, 25.806], [84.561, 25.814], [84.565, 25.816], [84.571, 25.822], [84.582, 25.821]], [[84.438, 25.878], [84.445, 25.883], [84.452, 25.893], [84.46, 25.901], [84.467, 25.905], [84.478, 25.906], [84.486, 25.9], [84.491, 25.887], [84.496, 25.883], [84.498, 25.876], [84.499, 25.865], [84.507, 25.838], [84.513, 25.833], [84.522, 25.829], [84.536, 25.832], [84.549, 25.84], [84.561, 25.841], [84.567, 25.838], [84.57, 25.832], [84.582, 25.821]], [[84.399, 25.885], [84.411, 25.879], [84.422, 25.876], [84.43, 25.876], [84.438, 25.878]], [[84.272, 25.947], [84.285, 25.939], [84.293, 25.936], [84.311, 25.932], [84.333, 25.931], [84.341, 25.928], [84.351, 25.927], [84.36, 25.928], [84.369, 25.932], [84.375, 25.93], [84.38, 25.926], [84.387, 25.915], [84.391, 25.901], [84.391, 25.895], [84.394, 25.889], [84.399, 25.885]], [[84.272, 25.947], [84.29, 25.943], [84.303, 25.942], [84.329, 25.945], [84.373, 25.943], [84.392, 25.94], [84.397, 25.933], [84.399, 25.919], [84.401, 25.897], [84.399, 25.885]], [[84.205, 25.989], [84.225, 25.981], [84.236, 25.974], [84.251, 25.961], [84.254, 25.956], [84.272, 25.947]], [[84.184, 26.008], [84.186, 26.001], [84.184, 25.996], [84.195, 25.992], [84.198, 25.986], [84.205, 25.989]], [[84.184, 26.008], [84.17, 26.002], [84.166, 26.003], [84.162, 26.012], [84.15, 26.016], [84.145, 26.024], [84.139, 26.026], [84.141, 26.032], [84.138, 26.042], [84.13, 26.053], [84.125, 26.056], [84.119, 26.056], [84.11, 26.061], [84.102, 26.063], [84.099, 26.071], [84.079, 26.084]], [[84.179, 26.021], [84.183, 26.012], [84.184, 26.008]], [[84.179, 26.021], [84.186, 26.018], [84.192, 26.013], [84.198, 26.002], [84.198, 25.997], [84.202, 25.992], [84.205, 25.989]], [[84.166, 26.033], [84.177, 26.024], [84.179, 26.021]], [[84.079, 26.084], [84.084, 26.084], [84.091, 26.089]], [[84.091, 26.089], [84.096, 26.087], [84.118, 26.073], [84.126, 26.067], [84.13, 26.062], [84.137, 26.055], [84.149, 26.042], [84.157, 26.035], [84.166, 26.033]], [[84.039, 26.099], [84.046, 26.094], [84.049, 26.089], [84.057, 26.084], [84.071, 26.082], [84.079, 26.084]], [[84.039, 26.099], [84.046, 26.104], [84.059, 26.109]], [[84.08, 26.1], [84.088, 26.094], [84.091, 26.089]], [[84.08, 26.1], [84.101, 26.095], [84.11, 26.089], [84.119, 26.079], [84.124, 26.077], [84.135, 26.066], [84.139, 26.064], [84.147, 26.054], [84.151, 26.051], [84.16, 26.04], [84.166, 26.033]], [[84.059, 26.109], [84.072, 26.105], [84.08, 26.1]], [[84.056, 26.113], [84.059, 26.109]], [[83.996, 26.115], [84.002, 26.113], [84.012, 26.106], [84.035, 26.1], [84.039, 26.099]], [[83.941, 26.123], [83.946, 26.123], [83.954, 26.121], [83.968, 26.121], [83.988, 26.118], [83.996, 26.115]], [[83.941, 26.123], [83.945, 26.129], [83.951, 26.132], [83.956, 26.139]], [[83.956, 26.139], [83.965, 26.134], [83.977, 26.131], [83.984, 26.129], [83.991, 26.123], [83.996, 26.115]], [[83.956, 26.139], [83.962, 26.145], [83.965, 26.152], [83.969, 26.156], [83.975, 26.157], [83.987, 26.155], [84.004, 26.147], [84.011, 26.145]], [[84.011, 26.145], [84.017, 26.135], [84.029, 26.125], [84.034, 26.124], [84.056, 26.113]], [[84.011, 26.145], [84.015, 26.143], [84.031, 26.14], [84.044, 26.133], [84.051, 26.126], [84.056, 26.113]], [[83.862, 26.186], [83.869, 26.181], [83.869, 26.175], [83.866, 26.17], [83.866, 26.165], [83.869, 26.154], [83.875, 26.144], [83.894, 26.128], [83.906, 26.12], [83.912, 26.118], [83.922, 26.115], [83.93, 26.116], [83.941, 26.123]], [[83.785, 26.221], [83.794, 26.215], [83.803, 26.203], [83.809, 26.197], [83.82, 26.19], [83.829, 26.187], [83.836, 26.187], [83.839, 26.19], [83.846, 26.19], [83.857, 26.188], [83.862, 26.186]], [[83.775, 26.223], [83.785, 26.221]], [[83.608, 26.231], [83.611, 26.231]], [[83.611, 26.231], [83.622, 26.229], [83.64, 26.224], [83.642, 26.226], [83.644, 26.233], [83.65, 26.232], [83.657, 26.236], [83.661, 26.241], [83.663, 26.248], [83.662, 26.261], [83.664, 26.264], [83.67, 26.265], [83.688, 26.262], [83.69, 26.263], [83.699, 26.273], [83.71, 26.272]], [[83.611, 26.231], [83.62, 26.234], [83.626, 26.239], [83.631, 26.252], [83.635, 26.26], [83.641, 26.273], [83.648, 26.279], [83.651, 26.286], [83.654, 26.29], [83.66, 26.292], [83.68, 26.292], [83.695, 26.288], [83.71, 26.272]], [[83.77, 26.253], [83.772, 26.25], [83.775, 26.238], [83.778, 26.235], [83.78, 26.225], [83.785, 26.221]], [[83.77, 26.253], [83.78, 26.248], [83.785, 26.236], [83.792, 26.23], [83.795, 26.223], [83.812, 26.224], [83.82, 26.223], [83.833, 26.217], [83.842, 26.204], [83.851, 26.199], [83.862, 26.186]], [[83.723, 26.266], [83.727, 26.259], [83.728, 26.252], [83.728, 26.243], [83.73, 26.237], [83.74, 26.235], [83.744, 26.233], [83.757, 26.223], [83.764, 26.22], [83.769, 26.22], [83.775, 26.223]], [[83.723, 26.266], [83.729, 26.267]], [[83.729, 26.267], [83.732, 26.26], [83.739, 26.252], [83.745, 26.249], [83.755, 26.236], [83.763, 26.23], [83.775, 26.223]], [[83.729, 26.267], [83.736, 26.27], [83.743, 26.27], [83.759, 26.263], [83.767, 26.257], [83.77, 26.253]], [[83.413, 26.278], [83.417, 26.277], [83.433, 26.267], [83.448, 26.263], [83.456, 26.258], [83.462, 26.255], [83.472, 26.256], [83.489, 26.256], [83.497, 26.26], [83.505, 26.275], [83.511, 26.278], [83.523, 26.277]], [[83.71, 26.272], [83.719, 26.267], [83.723, 26.266]], [[83.523, 26.277], [83.532, 26.274], [83.546, 26.272], [83.553, 26.268], [83.561, 26.256], [83.574, 26.248], [83.581, 26.246], [83.587, 26.241], [83.596, 26.23], [83.608, 26.231]], [[83.523, 26.277], [83.538, 26.283], [83.545, 26.282], [83.557, 26.291], [83.563, 26.292], [83.574, 26.284], [83.578, 26.284], [83.584, 26.287], [83.594, 26.285], [83.595, 26.278], [83.59, 26.266], [83.587, 26.259], [83.588, 26.255], [83.594, 26.248], [83.596, 26.236], [83.6, 26.233], [83.608, 26.231]], [[83.365, 26.311], [83.364, 26.301], [83.364, 26.286], [83.368, 26.281], [83.377, 26.277], [83.397, 26.275], [83.413, 26.278]], [[83.365, 26.327], [83.365, 26.311]], [[83.365, 26.327], [83.372, 26.324], [83.381, 26.317], [83.394, 26.304], [83.409, 26.287], [83.413, 26.278]], [[83.307, 26.331], [83.324, 26.337], [83.332, 26.335], [83.336, 26.33], [83.343, 26.326], [83.354, 26.329], [83.358, 26.328], [83.365, 26.311]], [[83.307, 26.331], [83.313, 26.336], [83.325, 26.341]], [[83.325, 26.341], [83.344, 26.342], [83.35, 26.341]], [[83.35, 26.341], [83.359, 26.33], [83.365, 26.327]], [[83.286, 26.36], [83.296, 26.356], [83.303, 26.352], [83.305, 26.347], [83.314, 26.343], [83.325, 26.341]], [[83.286, 26.36], [83.293, 26.36], [83.305, 26.355], [83.316, 26.353], [83.34, 26.352], [83.346, 26.35], [83.35, 26.341]], [[83.136, 26.365], [83.139, 26.362], [83.151, 26.358], [83.155, 26.359], [83.166, 26.366], [83.17, 26.371], [83.178, 26.368], [83.182, 26.364], [83.188, 26.363], [83.192, 26.366], [83.203, 26.367], [83.208, 26.362], [83.225, 26.361], [83.231, 26.354], [83.23, 26.343], [83.237, 26.33], [83.239, 26.329], [83.251, 26.33], [83.255, 26.328], [83.261, 26.331], [83.266, 26.344], [83.275, 26.354], [83.28, 26.353], [83.286, 26.344], [83.292, 26.332], [83.299, 26.326], [83.304, 26.328], [83.307, 26.331]], [[83.11, 26.373], [83.112, 26.371], [83.128, 26.364], [83.136, 26.365]], [[83.11, 26.373], [83.116, 26.376], [83.129, 26.373]], [[83.129, 26.373], [83.136, 26.365]], [[83.129, 26.373], [83.141, 26.378], [83.155, 26.381], [83.167, 26.385], [83.178, 26.387], [83.193, 26.385], [83.201, 26.382], [83.209, 26.382], [83.223, 26.384], [83.236, 26.379], [83.248, 26.379], [83.255, 26.376], [83.266, 26.375], [83.274, 26.37], [83.283, 26.361], [83.286, 26.36]], [[83.027, 26.459], [83.033, 26.454], [83.038, 26.444], [83.038, 26.439], [83.042, 26.433], [83.049, 26.429], [83.053, 26.423], [83.059, 26.419], [83.067, 26.417], [83.07, 26.414], [83.076, 26.401], [83.082, 26.393], [83.088, 26.388], [83.092, 26.383], [83.1, 26.377], [83.11, 26.373]], [[82.979, 26.485], [82.982, 26.484], [82.988, 26.476], [82.995, 26.472], [83.011, 26.47], [83.018, 26.467], [83.027, 26.459]], [[82.979, 26.485], [82.984, 26.487], [82.993, 26.486], [83, 26.479], [83.011, 26.477], [83.017, 26.474], [83.023, 26.474], [83.028, 26.472], [83.029, 26.466], [83.027, 26.459]], [[82.821, 26.564], [82.833, 26.557], [82.854, 26.547], [82.863, 26.541], [82.876, 26.538], [82.882, 26.535], [82.886, 26.531], [82.891, 26.521], [82.905, 26.512], [82.922, 26.506], [82.929, 26.5], [82.946, 26.493], [82.956, 26.491], [82.979, 26.485]], [[82.821, 26.564], [82.809, 26.576], [82.799, 26.581], [82.793, 26.581], [82.784, 26.578], [82.779, 26.573], [82.77, 26.57], [82.761, 26.573], [82.747, 26.573], [82.745, 26.586], [82.738, 26.589], [82.725, 26.594], [82.716, 26.593], [82.71, 26.588], [82.7, 26.584], [82.686, 26.586], [82.679, 26.584], [82.678, 26.589], [82.673, 26.588], [82.667, 26.591], [82.662, 26.602], [82.654, 26.604], [82.649, 26.599], [82.644, 26.6], [82.635, 26.613], [82.622, 26.625], [82.619, 26.628], [82.609, 26.63], [82.605, 26.634], [82.597, 26.637], [82.578, 26.635], [82.571, 26.638], [82.568, 26.643], [82.566, 26.655], [82.559, 26.667], [82.549, 26.678], [82.505, 26.681], [82.496, 26.68], [82.481, 26.674], [82.473, 26.666]], [[82.551, 26.624], [82.552, 26.62], [82.56, 26.611], [82.568, 26.606], [82.574, 26.605], [82.589, 26.604], [82.609, 26.604], [82.622, 26.605], [82.636, 26.604], [82.641, 26.601], [82.649, 26.589], [82.651, 26.576], [82.656, 26.562], [82.671, 26.55], [82.681, 26.545], [82.687, 26.545], [82.697, 26.546], [82.725, 26.547], [82.742, 26.556], [82.753, 26.556], [82.777, 26.564], [82.788, 26.569], [82.794, 26.57], [82.806, 26.568], [82.821, 26.564]], [[82.551, 26.624], [82.549, 26.631], [82.55, 26.639], [82.548, 26.644], [82.538, 26.659]], [[82.39, 26.654], [82.394, 26.651], [82.408, 26.648], [82.424, 26.643], [82.438, 26.64], [82.447, 26.641], [82.452, 26.644], [82.466, 26.658]], [[82.512, 26.656], [82.51, 26.645], [82.512, 26.638], [82.531, 26.629], [82.551, 26.624]], [[82.466, 26.658], [82.477, 26.656], [82.485, 26.655], [82.501, 26.658], [82.506, 26.656], [82.512, 26.656]], [[82.466, 26.658], [82.473, 26.666]], [[82.538, 26.659], [82.528, 26.661], [82.512, 26.656]], [[82.473, 26.666], [82.486, 26.673], [82.497, 26.674], [82.518, 26.669], [82.526, 26.669], [82.538, 26.659]], [[82.323, 26.72], [82.321, 26.717], [82.327, 26.712], [82.333, 26.712], [82.333, 26.705], [82.337, 26.702], [82.347, 26.703], [82.347, 26.697], [82.338, 26.7], [82.342, 26.691], [82.35, 26.692], [82.354, 26.69], [82.358, 26.685], [82.36, 26.676], [82.373, 26.67], [82.372, 26.663], [82.378, 26.657], [82.39, 26.654]], [[82.323, 26.72], [82.309, 26.718], [82.302, 26.725]], [[82.323, 26.72], [82.328, 26.727], [82.321, 26.731], [82.323, 26.733], [82.334, 26.732], [82.356, 26.735], [82.36, 26.737]], [[82.302, 26.725], [82.307, 26.726], [82.314, 26.733], [82.319, 26.741], [82.326, 26.746], [82.333, 26.748], [82.341, 26.748], [82.35, 26.745], [82.36, 26.737]], [[82.36, 26.737], [82.367, 26.729], [82.376, 26.716], [82.382, 26.703], [82.385, 26.682], [82.387, 26.663], [82.39, 26.654]], [[81.946, 26.782], [81.955, 26.778], [81.969, 26.777], [81.994, 26.785], [82.009, 26.791], [82.019, 26.8], [82.034, 26.81], [82.049, 26.821], [82.067, 26.825], [82.075, 26.819], [82.085, 26.817], [82.09, 26.814], [82.09, 26.799], [82.094, 26.797], [82.101, 26.797], [82.109, 26.8], [82.119, 26.806], [82.125, 26.816], [82.13, 26.821], [82.152, 26.825], [82.166, 26.82], [82.178, 26.814], [82.19, 26.81], [82.2, 26.81], [82.205, 26.813], [82.212, 26.813], [82.229, 26.819], [82.246, 26.817], [82.252, 26.814], [82.265, 26.802], [82.271, 26.793], [82.274, 26.785], [82.274, 26.777], [82.266, 26.763], [82.269, 26.748], [82.275, 26.736], [82.28, 26.732], [82.293, 26.726], [82.302, 26.725]], [[81.91, 26.8], [81.916, 26.789], [81.921, 26.786], [81.927, 26.788], [81.94, 26.786], [81.946, 26.782]], [[81.91, 26.8], [81.921, 26.802], [81.927, 26.801], [81.945, 26.79], [81.946, 26.782]], [[81.909, 26.8], [81.91, 26.8]], [[81.874, 26.817], [81.881, 26.813], [81.891, 26.806], [81.898, 26.804], [81.909, 26.8]], [[81.874, 26.817], [81.88, 26.818], [81.892, 26.815], [81.896, 26.813], [81.902, 26.806], [81.909, 26.8]], [[81.609, 26.975], [81.611, 26.973], [81.63, 26.969], [81.64, 26.966], [81.648, 26.966], [81.653, 26.964], [81.662, 26.955], [81.67, 26.951], [81.677, 26.943], [81.68, 26.935], [81.683, 26.927], [81.686, 26.915], [81.696, 26.907], [81.707, 26.901], [81.718, 26.897], [81.732, 26.894], [81.749, 26.892], [81.761, 26.897], [81.768, 26.897], [81.776, 26.898], [81.783, 26.892], [81.787, 26.886], [81.793, 26.883], [81.806, 26.875], [81.809, 26.869], [81.809, 26.86], [81.825, 26.832], [81.839, 26.825], [81.848, 26.823], [81.858, 26.822], [81.866, 26.819], [81.874, 26.817]], [[81.609, 26.975], [81.612, 26.983], [81.621, 26.992], [81.621, 26.996], [81.611, 27.014], [81.606, 27.017], [81.6, 27.016]], [[81.603, 26.979], [81.609, 26.975]], [[81.6, 27.016], [81.604, 27.011], [81.605, 27.001], [81.608, 26.991], [81.602, 26.986], [81.603, 26.979]], [[81.48, 27.163], [81.483, 27.158], [81.489, 27.136], [81.479, 27.128], [81.475, 27.123], [81.477, 27.109], [81.481, 27.094], [81.485, 27.089], [81.492, 27.084], [81.494, 27.078], [81.502, 27.068], [81.504, 27.063], [81.506, 27.053], [81.506, 27.042], [81.509, 27.037], [81.519, 27.034], [81.528, 27.034], [81.541, 27.033], [81.546, 27.036], [81.552, 27.036], [81.571, 27.027], [81.579, 27.028], [81.59, 27.024], [81.6, 27.016]], [[81.48, 27.163], [81.485, 27.166], [81.486, 27.175]], [[81.474, 27.175], [81.473, 27.172], [81.48, 27.163]], [[81.486, 27.175], [81.483, 27.18], [81.477, 27.182]], [[81.477, 27.182], [81.478, 27.178], [81.474, 27.175]], [[81.457, 27.205], [81.457, 27.201], [81.461, 27.197], [81.463, 27.191], [81.463, 27.187], [81.474, 27.175]], [[81.47, 27.217], [81.467, 27.213], [81.462, 27.21], [81.46, 27.206], [81.457, 27.205]], [[81.47, 27.217], [81.473, 27.21], [81.473, 27.203], [81.474, 27.193], [81.477, 27.182]], [[81.448, 27.234], [81.451, 27.226], [81.453, 27.21], [81.457, 27.205]], [[81.45, 27.237], [81.459, 27.23], [81.466, 27.225], [81.47, 27.217]], [[81.444, 27.239], [81.448, 27.234]], [[81.444, 27.239], [81.45, 27.237]], [[81.447, 27.255], [81.447, 27.249], [81.449, 27.246], [81.45, 27.237]], [[81.447, 27.255], [81.454, 27.254], [81.459, 27.25], [81.47, 27.247], [81.476, 27.243], [81.479, 27.237], [81.477, 27.23], [81.477, 27.224], [81.481, 27.218], [81.493, 27.213], [81.497, 27.197], [81.491, 27.192], [81.486, 27.184], [81.486, 27.175]], [[81.42, 27.263], [81.417, 27.255], [81.421, 27.242], [81.424, 27.238], [81.431, 27.235], [81.448, 27.234]], [[81.436, 27.265], [81.433, 27.262], [81.43, 27.256], [81.436, 27.245], [81.444, 27.239]], [[81.436, 27.265], [81.447, 27.255]], [[81.443, 27.283], [81.434, 27.282], [81.431, 27.279], [81.426, 27.268], [81.42, 27.263]], [[81.443, 27.283], [81.44, 27.27], [81.436, 27.265]], [[81.419, 27.302], [81.426, 27.303]], [[81.426, 27.303], [81.423, 27.299], [81.422, 27.291], [81.425, 27.28], [81.424, 27.276], [81.419, 27.269], [81.42, 27.263]], [[81.426, 27.303], [81.43, 27.299], [81.434, 27.299], [81.44, 27.303]], [[81.44, 27.303], [81.445, 27.295], [81.446, 27.29], [81.443, 27.283]], [[81.407, 27.306], [81.413, 27.302], [81.419, 27.302]], [[81.407, 27.306], [81.411, 27.308], [81.416, 27.307], [81.419, 27.302]], [[81.389, 27.314], [81.397, 27.311], [81.407, 27.306]], [[81.389, 27.314], [81.406, 27.322], [81.413, 27.321], [81.42, 27.317], [81.427, 27.308], [81.435, 27.303], [81.44, 27.303]], [[81.358, 27.443], [81.354, 27.437], [81.351, 27.429], [81.351, 27.426], [81.354, 27.417], [81.36, 27.411], [81.375, 27.405], [81.382, 27.405], [81.39, 27.399], [81.397, 27.395], [81.4, 27.388], [81.397, 27.376], [81.383, 27.361], [81.38, 27.357], [81.37, 27.352], [81.37, 27.349], [81.373, 27.333], [81.377, 27.326], [81.381, 27.32], [81.389, 27.314]], [[81.384, 27.462], [81.377, 27.454], [81.371, 27.446], [81.368, 27.444], [81.358, 27.443]], [[81.384, 27.485], [81.384, 27.477], [81.382, 27.466], [81.384, 27.462]], [[81.384, 27.485], [81.392, 27.475], [81.391, 27.469], [81.384, 27.462]], [[81.368, 27.499], [81.369, 27.48], [81.365, 27.472], [81.366, 27.463], [81.363, 27.459], [81.361, 27.447], [81.358, 27.443]], [[81.368, 27.499], [81.384, 27.485]], [[81.342, 27.544], [81.339, 27.536], [81.34, 27.52], [81.338, 27.517], [81.33, 27.518], [81.33, 27.514], [81.336, 27.506], [81.344, 27.504], [81.363, 27.502], [81.368, 27.499]], [[81.342, 27.544], [81.346, 27.55], [81.35, 27.552], [81.357, 27.561], [81.357, 27.565], [81.351, 27.573], [81.345, 27.578]], [[81.345, 27.578], [81.342, 27.581], [81.343, 27.595], [81.339, 27.605], [81.331, 27.611], [81.32, 27.616], [81.316, 27.619], [81.312, 27.627], [81.31, 27.638], [81.304, 27.646], [81.302, 27.653]], [[81.279, 27.641], [81.283, 27.636], [81.284, 27.627], [81.29, 27.618], [81.297, 27.614], [81.298, 27.61], [81.313, 27.599], [81.32, 27.591], [81.325, 27.575], [81.325, 27.564], [81.336, 27.549], [81.341, 27.551], [81.344, 27.549], [81.342, 27.544]], [[81.302, 27.653], [81.29, 27.651], [81.281, 27.645], [81.279, 27.641]], [[81.313, 27.665], [81.313, 27.663], [81.306, 27.655], [81.302, 27.653]], [[81.313, 27.665], [81.308, 27.673], [81.302, 27.687], [81.301, 27.692], [81.292, 27.704], [81.296, 27.714], [81.295, 27.726], [81.3, 27.732]], [[81.321, 27.68], [81.319, 27.672], [81.313, 27.665]], [[81.321, 27.68], [81.332, 27.664], [81.331, 27.66], [81.337, 27.654], [81.345, 27.648], [81.354, 27.644], [81.355, 27.64], [81.35, 27.63], [81.359, 27.621], [81.356, 27.606], [81.35, 27.597], [81.352, 27.588], [81.345, 27.578]], [[81.3, 27.732], [81.305, 27.713], [81.317, 27.701], [81.32, 27.69], [81.321, 27.68]], [[81.307, 27.741], [81.306, 27.736], [81.3, 27.732]], [[81.274, 27.769], [81.273, 27.759], [81.278, 27.754], [81.284, 27.754], [81.299, 27.746], [81.307, 27.741]], [[81.274, 27.769], [81.287, 27.768], [81.29, 27.765], [81.295, 27.752], [81.299, 27.751], [81.307, 27.746], [81.307, 27.741]], [[81.264, 27.785], [81.259, 27.783], [81.25, 27.773], [81.252, 27.763], [81.255, 27.756], [81.256, 27.744], [81.256, 27.736], [81.257, 27.733], [81.265, 27.731], [81.275, 27.731], [81.277, 27.729], [81.276, 27.72], [81.277, 27.705], [81.28, 27.689], [81.279, 27.683], [81.272, 27.679], [81.264, 27.661], [81.267, 27.653], [81.274, 27.644], [81.279, 27.641]], [[81.264, 27.785], [81.265, 27.773], [81.274, 27.769]], [[81.207, 28.019], [81.211, 28.015], [81.213, 28.003], [81.217, 27.996], [81.216, 27.986], [81.217, 27.978], [81.216, 27.97], [81.218, 27.962], [81.222, 27.959], [81.228, 27.958], [81.236, 27.954], [81.239, 27.948], [81.242, 27.938], [81.239, 27.933], [81.244, 27.927], [81.242, 27.923], [81.246, 27.912], [81.247, 27.899], [81.249, 27.892], [81.255, 27.882], [81.256, 27.877], [81.249, 27.869], [81.253, 27.859], [81.25, 27.849], [81.247, 27.842], [81.25, 27.832], [81.253, 27.82], [81.257, 27.811], [81.256, 27.803], [81.264, 27.785]], [[81.181, 28.044], [81.188, 28.034], [81.194, 28.033], [81.197, 28.024], [81.207, 28.019]], [[81.181, 28.044], [81.192, 28.046], [81.194, 28.043], [81.202, 28.038], [81.21, 28.03], [81.21, 28.025], [81.207, 28.019]], [[81.034, 28.42], [81.023, 28.42], [81.017, 28.416], [81.016, 28.408], [81.02, 28.402], [81.021, 28.394], [81.035, 28.387], [81.037, 28.374], [81.037, 28.357], [81.039, 28.352], [81.048, 28.351], [81.054, 28.355], [81.058, 28.354], [81.066, 28.343], [81.076, 28.339], [81.081, 28.334], [81.083, 28.325], [81.081, 28.313], [81.081, 28.305], [81.084, 28.286], [81.086, 28.281], [81.088, 28.269], [81.084, 28.266], [81.084, 28.257], [81.092, 28.25], [81.096, 28.237], [81.096, 28.234], [81.088, 28.219], [81.081, 28.216], [81.082, 28.206], [81.08, 28.197], [81.087, 28.175], [81.091, 28.169], [81.094, 28.167], [81.101, 28.166], [81.106, 28.161], [81.106, 28.158], [81.113, 28.151], [81.115, 28.144], [81.122, 28.142], [81.124, 28.138], [81.134, 28.135], [81.138, 28.13], [81.146, 28.129], [81.151, 28.121], [81.153, 28.106], [81.158, 28.101], [81.16, 28.09], [81.159, 28.081], [81.155, 28.073], [81.155, 28.058], [81.156, 28.053], [81.16, 28.049], [81.169, 28.046], [81.181, 28.044]]]}, "properties": {"rivname": "Ghaghara", "ba_name": "Ganga"}}, {"type": "Feature", "geometry": {"type": "LineString", "coordinates": [[92.523, 22.937], [92.517, 22.938], [92.516, 22.944], [92.511, 22.951], [92.5, 22.956], [92.491, 22.955], [92.489, 22.952], [92.49, 22.94], [92.495, 22.932], [92.488, 22.93], [92.485, 22.931], [92.468, 22.927], [92.47, 22.915], [92.463, 22.908], [92.472, 22.902], [92.473, 22.894], [92.467, 22.892], [92.464, 22.89], [92.467, 22.885], [92.462, 22.88], [92.455, 22.878]]}, "properties": {"rivname": "Karnaphuli", "ba_name": "Minor rivers draining into Myanmar and Bangladesh"}}, {"type": "Feature", "geometry": {"type": "MultiLineString", "coordinates": [[[78.432, 31.633], [78.432, 31.625], [78.435, 31.622], [78.439, 31.613], [78.437, 31.604], [78.442, 31.596], [78.441, 31.591], [78.444, 31.581], [78.434, 31.578], [78.429, 31.582], [78.422, 31.581], [78.402, 31.582], [78.392, 31.583], [78.38, 31.581], [78.372, 31.586], [78.367, 31.593], [78.357, 31.594], [78.331, 31.603], [78.325, 31.603], [78.314, 31.599], [78.302, 31.597], [78.291, 31.591], [78.287, 31.581], [78.277, 31.568], [78.277, 31.562], [78.281, 31.556], [78.278, 31.551], [78.279, 31.542], [78.283, 31.534], [78.277, 31.521], [78.271, 31.518], [78.253, 31.515], [78.245, 31.51], [78.237, 31.508], [78.22, 31.497], [78.207, 31.499], [78.196, 31.496], [78.186, 31.497], [78.179, 31.498], [78.167, 31.511], [78.15, 31.516], [78.144, 31.52], [78.131, 31.518], [78.124, 31.514], [78.115, 31.513], [78.106, 31.517], [78.097, 31.516], [78.094, 31.519], [78.083, 31.522], [78.075, 31.521], [78.068, 31.522], [78.053, 31.525], [78.049, 31.528], [78.045, 31.534], [78.036, 31.541], [78.03, 31.542], [78.016, 31.539], [78.012, 31.544], [78.003, 31.55], [77.998, 31.557], [77.988, 31.564], [77.966, 31.566], [77.957, 31.564], [77.945, 31.57], [77.94, 31.568], [77.931, 31.569], [77.928, 31.568], [77.924, 31.56], [77.92, 31.557], [77.914, 31.556], [77.9, 31.564], [77.895, 31.569], [77.882, 31.569], [77.879, 31.565], [77.866, 31.571], [77.858, 31.576], [77.851, 31.578], [77.844, 31.572], [77.829, 31.571], [77.822, 31.564], [77.823, 31.56], [77.813, 31.552], [77.807, 31.549], [77.79, 31.549], [77.784, 31.547], [77.779, 31.541], [77.776, 31.534], [77.768, 31.525], [77.759, 31.523], [77.743, 31.514], [77.732, 31.51], [77.723, 31.505], [77.711, 31.504], [77.703, 31.497], [77.696, 31.494], [77.684, 31.484], [77.681, 31.477], [77.669, 31.463], [77.661, 31.461], [77.65, 31.456], [77.64, 31.456], [77.634, 31.452], [77.628, 31.451], [77.628, 31.443], [77.622, 31.436], [77.621, 31.427], [77.622, 31.414], [77.628, 31.409], [77.634, 31.4], [77.631, 31.392], [77.622, 31.388], [77.614, 31.391], [77.608, 31.397], [77.603, 31.398], [77.591, 31.399], [77.578, 31.397], [77.572, 31.389], [77.553, 31.39], [77.545, 31.382], [77.544, 31.373], [77.531, 31.356], [77.525, 31.351], [77.516, 31.348], [77.511, 31.349], [77.505, 31.348], [77.5, 31.354], [77.494, 31.355], [77.481, 31.355], [77.474, 31.35], [77.457, 31.351], [77.451, 31.344], [77.44, 31.345], [77.435, 31.344], [77.432, 31.34], [77.427, 31.341], [77.426, 31.345], [77.42, 31.348], [77.415, 31.346], [77.411, 31.347], [77.408, 31.355], [77.399, 31.361], [77.396, 31.361], [77.394, 31.355], [77.384, 31.36], [77.379, 31.358], [77.372, 31.36], [77.357, 31.353], [77.353, 31.345], [77.349, 31.339], [77.343, 31.334], [77.345, 31.326], [77.341, 31.324], [77.337, 31.313], [77.338, 31.307], [77.335, 31.297], [77.332, 31.293], [77.323, 31.292], [77.32, 31.29], [77.319, 31.284], [77.311, 31.28], [77.306, 31.276], [77.307, 31.27], [77.303, 31.266], [77.289, 31.268], [77.282, 31.263], [77.276, 31.266], [77.274, 31.272], [77.269, 31.272], [77.266, 31.267], [77.26, 31.265], [77.252, 31.26], [77.247, 31.251], [77.236, 31.257], [77.223, 31.261], [77.22, 31.261], [77.212, 31.25], [77.205, 31.245], [77.199, 31.242], [77.193, 31.245], [77.192, 31.251], [77.187, 31.251], [77.179, 31.247], [77.172, 31.241], [77.167, 31.233], [77.162, 31.231], [77.151, 31.229], [77.141, 31.232], [77.138, 31.228], [77.129, 31.228], [77.123, 31.231], [77.123, 31.235], [77.126, 31.246], [77.122, 31.249], [77.114, 31.245], [77.11, 31.244], [77.102, 31.249], [77.092, 31.244], [77.089, 31.246], [77.079, 31.249], [77.076, 31.251], [77.073, 31.259], [77.063, 31.258], [77.055, 31.267], [77.032, 31.271], [77.023, 31.278], [77.02, 31.285], [77.009, 31.291], [77.002, 31.297], [76.994, 31.302], [76.974, 31.311], [76.969, 31.315], [76.968, 31.321], [76.963, 31.326], [76.955, 31.328], [76.95, 31.333], [76.942, 31.333], [76.945, 31.34], [76.943, 31.345], [76.937, 31.349], [76.922, 31.365], [76.919, 31.366], [76.911, 31.362], [76.905, 31.362], [76.9, 31.364], [76.895, 31.359], [76.891, 31.36], [76.876, 31.35], [76.872, 31.357], [76.876, 31.36], [76.871, 31.372], [76.865, 31.376], [76.866, 31.384], [76.876, 31.381], [76.881, 31.384], [76.883, 31.391], [76.882, 31.398], [76.88, 31.405], [76.875, 31.412], [76.873, 31.414], [76.861, 31.41], [76.853, 31.41], [76.845, 31.414], [76.837, 31.421], [76.829, 31.421], [76.819, 31.417], [76.812, 31.422], [76.808, 31.424], [76.797, 31.418], [76.797, 31.413], [76.8, 31.405], [76.8, 31.402], [76.783, 31.406], [76.767, 31.408], [76.76, 31.404], [76.757, 31.395], [76.751, 31.393], [76.752, 31.386], [76.739, 31.386], [76.728, 31.379], [76.726, 31.367], [76.724, 31.362], [76.727, 31.358], [76.733, 31.354], [76.74, 31.354], [76.753, 31.343], [76.755, 31.334], [76.751, 31.329], [76.747, 31.332], [76.745, 31.328], [76.746, 31.32], [76.751, 31.312], [76.743, 31.3], [76.736, 31.292], [76.728, 31.286], [76.723, 31.289], [76.72, 31.295], [76.713, 31.301], [76.707, 31.302], [76.695, 31.302], [76.686, 31.298], [76.685, 31.293], [76.688, 31.29], [76.697, 31.286], [76.699, 31.279], [76.695, 31.275], [76.693, 31.267], [76.685, 31.258], [76.679, 31.255], [76.663, 31.252], [76.653, 31.253], [76.649, 31.255], [76.631, 31.267], [76.627, 31.268], [76.619, 31.264], [76.614, 31.27], [76.614, 31.276], [76.615, 31.281], [76.613, 31.285], [76.602, 31.292], [76.58, 31.316], [76.577, 31.321], [76.556, 31.346], [76.549, 31.356], [76.534, 31.371], [76.525, 31.383], [76.493, 31.407], [76.485, 31.414], [76.471, 31.424], [76.461, 31.434], [76.442, 31.416], [76.427, 31.408], [76.423, 31.408], [76.411, 31.418], [76.403, 31.426], [76.395, 31.426], [76.394, 31.42], [76.396, 31.414], [76.394, 31.409], [76.386, 31.404], [76.38, 31.402], [76.368, 31.401], [76.366, 31.389], [76.366, 31.375], [76.371, 31.366], [76.373, 31.355], [76.37, 31.351], [76.369, 31.347], [76.372, 31.336], [76.386, 31.305], [76.411, 31.268], [76.437, 31.24], [76.451, 31.223], [76.456, 31.224], [76.465, 31.214], [76.493, 31.203], [76.522, 31.192], [76.532, 31.185], [76.54, 31.183], [76.55, 31.175], [76.557, 31.162], [76.563, 31.153], [76.56, 31.144], [76.56, 31.135], [76.562, 31.115], [76.568, 31.111], [76.58, 31.094], [76.579, 31.089], [76.566, 31.082], [76.559, 31.073], [76.549, 31.064], [76.547, 31.061], [76.539, 31.057], [76.525, 31.045], [76.522, 31.036], [76.533, 31.024], [76.539, 31.014], [76.538, 31.005], [76.536, 31.001], [76.519, 30.989], [76.515, 30.989], [76.508, 30.983], [76.496, 30.98], [76.484, 30.981], [76.472, 30.98], [76.467, 30.981], [76.455, 30.981], [76.446, 30.984], [76.441, 30.979], [76.432, 30.979], [76.425, 30.977], [76.419, 30.969], [76.412, 30.969], [76.407, 30.965], [76.402, 30.959], [76.386, 30.957], [76.379, 30.959], [76.373, 30.964], [76.369, 30.963], [76.358, 30.971], [76.342, 30.986], [76.331, 30.986], [76.318, 30.989], [76.307, 30.994], [76.301, 31.007], [76.295, 31.009], [76.279, 31.014], [76.274, 31.017], [76.267, 31.017], [76.264, 31.015], [76.255, 31.014], [76.249, 31.009], [76.243, 31.009], [76.234, 31.004], [76.224, 31.003], [76.216, 31.012], [76.211, 31.013], [76.204, 31.011], [76.199, 31.006], [76.187, 31.004], [76.178, 30.996], [76.172, 30.992], [76.165, 30.991], [76.157, 30.987], [76.152, 30.987], [76.143, 30.991], [76.132, 30.989], [76.115, 30.991], [76.104, 30.986], [76.093, 30.991], [76.085, 30.993], [76.073, 30.998], [76.063, 31.001], [76.05, 30.998], [76.035, 31.002], [76.031, 31.001], [76.026, 30.995], [76.022, 30.994], [76.012, 30.997], [76.007, 31.003], [75.997, 31.007], [75.987, 31.005], [75.986, 31.009], [75.98, 31.012], [75.959, 31.008], [75.943, 31.007], [75.938, 31.006], [75.931, 31.008], [75.919, 31.016], [75.901, 31.013], [75.892, 31.016], [75.887, 31.012], [75.872, 31.008], [75.861, 31.002], [75.856, 30.996], [75.847, 30.991], [75.843, 30.991], [75.835, 30.995], [75.831, 30.999], [75.822, 31.001], [75.817, 31], [75.809, 30.996], [75.801, 30.994], [75.789, 30.996], [75.781, 30.995], [75.777, 30.991], [75.767, 30.99], [75.749, 30.997], [75.736, 31.005], [75.733, 31.01], [75.726, 31.015], [75.717, 31.016], [75.712, 31.013], [75.706, 31.001], [75.703, 30.992], [75.694, 30.982], [75.69, 30.981], [75.687, 30.975], [75.678, 30.975], [75.673, 30.978], [75.664, 30.981], [75.656, 30.979], [75.649, 30.982], [75.643, 30.983], [75.637, 30.981], [75.631, 30.976], [75.616, 30.974], [75.601, 30.976], [75.591, 30.974], [75.582, 30.975], [75.579, 30.978], [75.569, 30.978], [75.563, 30.976], [75.554, 30.976], [75.548, 30.978], [75.539, 30.972], [75.536, 30.971], [75.529, 30.978], [75.516, 30.977], [75.512, 30.981], [75.508, 30.98], [75.503, 30.975], [75.501, 30.971], [75.488, 30.965], [75.481, 30.963], [75.472, 30.965], [75.465, 30.963], [75.463, 30.96], [75.458, 30.961], [75.456, 30.969], [75.451, 30.971], [75.438, 30.976], [75.433, 30.976], [75.425, 30.973], [75.416, 30.974], [75.406, 30.971], [75.402, 30.972], [75.394, 30.971], [75.387, 30.978], [75.389, 30.985], [75.378, 30.992], [75.375, 30.997], [75.369, 30.997], [75.365, 30.994], [75.356, 30.991], [75.349, 30.994], [75.348, 30.999], [75.342, 31.004], [75.336, 31.007], [75.334, 31.011], [75.328, 31.012], [75.32, 31.023], [75.307, 31.024], [75.296, 31.029], [75.285, 31.031], [75.277, 31.032], [75.27, 31.041], [75.26, 31.038], [75.258, 31.042], [75.244, 31.04], [75.242, 31.037], [75.226, 31.034], [75.221, 31.038], [75.215, 31.04], [75.208, 31.039], [75.202, 31.041], [75.197, 31.038], [75.192, 31.04], [75.188, 31.052], [75.191, 31.059], [75.19, 31.062], [75.183, 31.068], [75.174, 31.074], [75.163, 31.075], [75.156, 31.079], [75.15, 31.08], [75.147, 31.083], [75.148, 31.088], [75.138, 31.096], [75.136, 31.102], [75.13, 31.105], [75.128, 31.111], [75.129, 31.115], [75.115, 31.134], [75.102, 31.136], [75.095, 31.138], [75.082, 31.138], [75.07, 31.134], [75.062, 31.132], [75.054, 31.121], [75.052, 31.121], [75.046, 31.135], [75.043, 31.138], [75.041, 31.145], [75.037, 31.147], [75.03, 31.144], [75.025, 31.138], [75.019, 31.136], [75.015, 31.137], [75.009, 31.144], [74.994, 31.145], [74.989, 31.146], [74.985, 31.15], [74.975, 31.152], [74.963, 31.152], [74.954, 31.15], [74.95, 31.147], [74.94, 31.144], [74.935, 31.14], [74.912, 31.133], [74.907, 31.135], [74.898, 31.137], [74.889, 31.143], [74.886, 31.147], [74.872, 31.153], [74.87, 31.156], [74.864, 31.157], [74.853, 31.154], [74.847, 31.151], [74.837, 31.142], [74.829, 31.142], [74.821, 31.13], [74.815, 31.13], [74.809, 31.125], [74.803, 31.131], [74.793, 31.131], [74.787, 31.129], [74.784, 31.133], [74.774, 31.134], [74.771, 31.131], [74.762, 31.128], [74.758, 31.128], [74.754, 31.122], [74.75, 31.119], [74.75, 31.111], [74.74, 31.112], [74.735, 31.11], [74.725, 31.1], [74.723, 31.1], [74.721, 31.089], [74.723, 31.086], [74.72, 31.082], [74.716, 31.083], [74.709, 31.076], [74.702, 31.077], [74.696, 31.073], [74.675, 31.07], [74.653, 31.064], [74.643, 31.059], [74.635, 31.048], [74.635, 31.036], [74.631, 31.031], [74.622, 31.034], [74.616, 31.039], [74.61, 31.035], [74.597, 31.035], [74.593, 31.03], [74.594, 31.027], [74.603, 31.012], [74.593, 30.994], [74.582, 30.989], [74.571, 30.988], [74.566, 30.988], [74.559, 30.995], [74.555, 30.995], [74.545, 30.992]], [[78.74, 31.841], [78.731, 31.843], [78.721, 31.842], [78.715, 31.838], [78.707, 31.839], [78.696, 31.835], [78.69, 31.832], [78.676, 31.827], [78.671, 31.824], [78.665, 31.823], [78.658, 31.815], [78.647, 31.808], [78.639, 31.799], [78.635, 31.789], [78.637, 31.781], [78.638, 31.771], [78.636, 31.763], [78.631, 31.754], [78.622, 31.751], [78.606, 31.751], [78.595, 31.756], [78.59, 31.757], [78.584, 31.755], [78.58, 31.748], [78.569, 31.743], [78.564, 31.747], [78.558, 31.744], [78.555, 31.737], [78.548, 31.731], [78.548, 31.723], [78.539, 31.709], [78.531, 31.701], [78.525, 31.7], [78.522, 31.696], [78.513, 31.694], [78.51, 31.69], [78.504, 31.686], [78.493, 31.684], [78.489, 31.678], [78.482, 31.675], [78.468, 31.665], [78.457, 31.668], [78.449, 31.665], [78.446, 31.662], [78.443, 31.652], [78.445, 31.644], [78.436, 31.638], [78.432, 31.633]]]}, "properties": {"rivname": "Satluj", "ba_name": "Indus (Up to border)"}}, {"type": "Feature", "geometry": {"type": "MultiLineString", "coordinates": [[[80.829, 15.711], [80.833, 15.721], [80.831, 15.727], [80.83, 15.734], [80.832, 15.739], [80.833, 15.748], [80.841, 15.771], [80.847, 15.779], [80.849, 15.785], [80.853, 15.8], [80.856, 15.814], [80.859, 15.823], [80.868, 15.836], [80.875, 15.852], [80.885, 15.867], [80.894, 15.872], [80.898, 15.882], [80.898, 15.901], [80.902, 15.914], [80.903, 15.931], [80.906, 15.94], [80.909, 15.944], [80.911, 15.963], [80.909, 15.969], [80.901, 15.977], [80.898, 15.984], [80.893, 15.99], [80.888, 16.001], [80.887, 16.009], [80.881, 16.026], [80.885, 16.031], [80.885, 16.043], [80.891, 16.053], [80.887, 16.063]], [[80.887, 16.063], [80.89, 16.069], [80.897, 16.065], [80.9, 16.053], [80.911, 16.043], [80.913, 16.038], [80.924, 16.033], [80.93, 16.033], [80.939, 16.036], [80.945, 16.043], [80.955, 16.047], [80.959, 16.047], [80.968, 16.044], [80.983, 16.043], [80.99, 16.044], [81, 16.05], [81.005, 16.056], [81.005, 16.061], [81.002, 16.075], [81.003, 16.078], [81, 16.087], [81.007, 16.091], [81.012, 16.091], [81.021, 16.088], [81.027, 16.085], [81.04, 16.079], [81.045, 16.073], [81.045, 16.061], [81.047, 16.058], [81.052, 16.058], [81.063, 16.06], [81.069, 16.058], [81.072, 16.056], [81.073, 16.048], [81.073, 16.037], [81.074, 16.029], [81.071, 16.021], [81.064, 16.012], [81.064, 16.006], [81.07, 16], [81.079, 15.999], [81.089, 16.006], [81.098, 16.008], [81.118, 16.001], [81.125, 15.995], [81.125, 15.988]], [[80.272, 16.599], [80.281, 16.599], [80.285, 16.594], [80.295, 16.591], [80.305, 16.591], [80.323, 16.594], [80.327, 16.592], [80.341, 16.584], [80.351, 16.583], [80.358, 16.585], [80.374, 16.585], [80.381, 16.585], [80.392, 16.588], [80.402, 16.585], [80.414, 16.587], [80.418, 16.585], [80.424, 16.579], [80.431, 16.575], [80.448, 16.573], [80.461, 16.573], [80.465, 16.572], [80.471, 16.567], [80.478, 16.564], [80.485, 16.563], [80.499, 16.566], [80.51, 16.57], [80.517, 16.571], [80.527, 16.568], [80.531, 16.564], [80.541, 16.549], [80.547, 16.545], [80.558, 16.541], [80.568, 16.536], [80.575, 16.531], [80.586, 16.524], [80.594, 16.518], [80.6, 16.51], [80.607, 16.505], [80.623, 16.494], [80.635, 16.485], [80.649, 16.47], [80.659, 16.463], [80.665, 16.462], [80.671, 16.464], [80.675, 16.459], [80.681, 16.437], [80.694, 16.424], [80.697, 16.414], [80.708, 16.406], [80.714, 16.4], [80.717, 16.393], [80.717, 16.385], [80.713, 16.381], [80.713, 16.378], [80.72, 16.364], [80.727, 16.356], [80.731, 16.342], [80.742, 16.341], [80.745, 16.339], [80.75, 16.331], [80.755, 16.328], [80.756, 16.323], [80.751, 16.32], [80.75, 16.317], [80.756, 16.311], [80.762, 16.304], [80.768, 16.301], [80.774, 16.29], [80.778, 16.288], [80.785, 16.288], [80.791, 16.286], [80.796, 16.28], [80.797, 16.274], [80.803, 16.269], [80.811, 16.265], [80.816, 16.265], [80.82, 16.261], [80.822, 16.254], [80.826, 16.249], [80.826, 16.241], [80.824, 16.235], [80.825, 16.229], [80.824, 16.223], [80.829, 16.219], [80.83, 16.208], [80.833, 16.201], [80.841, 16.186], [80.842, 16.183], [80.837, 16.174], [80.838, 16.166], [80.842, 16.151], [80.843, 16.143], [80.846, 16.139], [80.861, 16.139], [80.87, 16.131], [80.873, 16.119], [80.881, 16.11], [80.887, 16.097], [80.887, 16.089], [80.88, 16.081], [80.882, 16.072], [80.887, 16.063]], [[80.171, 16.639], [80.181, 16.626], [80.19, 16.616], [80.2, 16.61], [80.203, 16.606], [80.213, 16.601], [80.228, 16.599], [80.234, 16.597], [80.244, 16.589], [80.25, 16.588], [80.26, 16.591], [80.264, 16.595], [80.272, 16.599]], [[80.171, 16.639], [80.175, 16.64], [80.178, 16.637], [80.183, 16.63], [80.189, 16.629], [80.195, 16.633], [80.201, 16.633], [80.208, 16.629], [80.211, 16.626], [80.236, 16.613], [80.24, 16.612], [80.248, 16.613], [80.259, 16.611], [80.264, 16.605], [80.271, 16.602], [80.272, 16.599]], [[73.632, 17.989], [73.642, 17.989], [73.649, 17.987], [73.658, 17.982], [73.664, 17.982], [73.673, 17.98], [73.677, 17.98], [73.684, 17.976], [73.691, 17.969], [73.694, 17.965], [73.701, 17.96], [73.72, 17.953], [73.727, 17.952], [73.738, 17.948], [73.75, 17.947], [73.776, 17.958], [73.79, 17.967], [73.797, 17.973], [73.817, 17.981], [73.823, 17.981], [73.828, 17.977], [73.837, 17.976], [73.845, 17.971], [73.849, 17.972], [73.851, 17.967], [73.855, 17.97], [73.863, 17.967], [73.865, 17.964], [73.871, 17.963], [73.872, 17.958], [73.893, 17.95], [73.895, 17.944], [73.9, 17.942], [73.908, 17.931], [73.912, 17.932], [73.916, 17.928], [73.922, 17.93], [73.928, 17.924], [73.933, 17.913], [73.937, 17.91], [73.936, 17.906], [73.941, 17.903], [73.941, 17.9], [73.952, 17.892], [73.957, 17.889], [73.96, 17.883], [73.965, 17.88], [73.966, 17.868], [73.963, 17.857], [73.965, 17.848], [73.964, 17.841], [73.966, 17.836], [73.964, 17.833], [73.968, 17.83], [73.976, 17.818], [73.978, 17.814], [73.986, 17.805], [73.991, 17.804], [74.007, 17.794], [74.013, 17.794], [74.016, 17.789], [74.024, 17.786], [74.026, 17.778], [74.033, 17.774], [74.036, 17.767], [74.047, 17.759], [74.051, 17.753], [74.054, 17.751], [74.057, 17.743], [74.06, 17.742], [74.06, 17.732], [74.057, 17.725], [74.063, 17.72], [74.057, 17.71], [74.061, 17.707], [74.055, 17.699], [74.054, 17.695], [74.049, 17.688], [74.05, 17.683], [74.054, 17.68], [74.058, 17.682], [74.066, 17.682], [74.068, 17.68], [74.066, 17.672], [74.07, 17.665], [74.079, 17.661], [74.086, 17.659], [74.094, 17.66], [74.096, 17.656], [74.107, 17.658], [74.111, 17.66], [74.113, 17.657], [74.121, 17.656], [74.129, 17.649], [74.13, 17.646], [74.127, 17.636], [74.133, 17.634], [74.138, 17.634], [74.141, 17.637], [74.145, 17.637], [74.15, 17.631], [74.157, 17.633], [74.159, 17.63], [74.158, 17.623], [74.158, 17.619], [74.162, 17.615], [74.161, 17.612], [74.154, 17.611], [74.151, 17.608], [74.151, 17.599], [74.154, 17.596], [74.153, 17.592], [74.149, 17.583], [74.151, 17.578], [74.148, 17.573], [74.151, 17.569], [74.156, 17.566], [74.159, 17.558], [74.155, 17.554], [74.157, 17.544], [74.151, 17.537], [74.148, 17.528], [74.15, 17.525], [74.146, 17.52], [74.142, 17.508], [74.135, 17.505], [74.128, 17.509], [74.125, 17.509], [74.121, 17.502], [74.11, 17.494], [74.102, 17.495], [74.098, 17.492], [74.095, 17.475], [74.098, 17.468], [74.103, 17.467], [74.107, 17.47], [74.115, 17.469], [74.118, 17.468], [74.119, 17.463], [74.117, 17.453], [74.117, 17.447], [74.12, 17.44], [74.116, 17.435], [74.114, 17.424], [74.115, 17.417], [74.12, 17.413], [74.12, 17.407], [74.116, 17.406], [74.108, 17.409], [74.105, 17.406], [74.108, 17.401], [74.115, 17.398], [74.116, 17.394], [74.124, 17.387], [74.123, 17.384], [74.118, 17.378], [74.122, 17.373], [74.128, 17.374], [74.134, 17.379], [74.14, 17.378], [74.141, 17.371], [74.135, 17.364], [74.137, 17.357], [74.149, 17.358], [74.151, 17.357], [74.148, 17.35], [74.142, 17.347], [74.143, 17.341], [74.16, 17.338], [74.173, 17.337], [74.177, 17.335], [74.172, 17.328], [74.173, 17.325], [74.18, 17.32], [74.181, 17.317], [74.18, 17.312], [74.168, 17.31], [74.168, 17.303], [74.171, 17.304], [74.176, 17.302], [74.175, 17.297], [74.184, 17.297], [74.196, 17.292], [74.207, 17.283], [74.211, 17.283], [74.225, 17.284], [74.233, 17.28], [74.232, 17.276], [74.226, 17.273], [74.221, 17.266], [74.209, 17.256], [74.207, 17.252], [74.208, 17.245], [74.202, 17.242], [74.188, 17.221], [74.187, 17.219], [74.191, 17.211], [74.198, 17.209], [74.217, 17.207], [74.221, 17.206], [74.228, 17.199], [74.231, 17.188], [74.229, 17.183], [74.221, 17.175], [74.214, 17.173], [74.199, 17.17], [74.192, 17.165], [74.193, 17.158], [74.199, 17.151], [74.224, 17.139], [74.239, 17.141], [74.249, 17.141], [74.257, 17.136], [74.263, 17.12], [74.273, 17.115], [74.281, 17.114], [74.287, 17.12], [74.292, 17.127], [74.301, 17.129], [74.307, 17.128], [74.309, 17.122], [74.309, 17.114], [74.306, 17.101], [74.311, 17.096], [74.32, 17.092], [74.328, 17.094], [74.329, 17.099], [74.327, 17.105], [74.331, 17.125], [74.336, 17.129], [74.339, 17.13], [74.35, 17.125], [74.355, 17.117], [74.368, 17.106], [74.372, 17.097], [74.371, 17.084], [74.368, 17.073], [74.365, 17.067], [74.365, 17.063], [74.377, 17.049], [74.39, 17.046], [74.392, 17.042], [74.388, 17.035], [74.381, 17.031], [74.382, 17.025], [74.389, 17.019], [74.395, 17.019], [74.397, 17.023], [74.396, 17.031], [74.399, 17.037], [74.407, 17.042], [74.423, 17.041], [74.428, 17.04], [74.432, 17.036], [74.437, 17.035], [74.446, 17.036], [74.454, 17.032], [74.458, 17.025], [74.468, 17.019], [74.471, 17.015], [74.472, 17], [74.469, 16.993], [74.461, 16.993], [74.455, 16.998], [74.452, 16.997], [74.448, 16.987], [74.45, 16.977], [74.457, 16.967], [74.463, 16.96], [74.47, 16.959], [74.474, 16.956], [74.483, 16.941], [74.486, 16.938], [74.5, 16.936], [74.507, 16.934], [74.512, 16.93], [74.514, 16.925], [74.524, 16.906], [74.535, 16.901], [74.54, 16.894], [74.545, 16.883], [74.553, 16.875], [74.557, 16.865], [74.557, 16.855], [74.554, 16.851], [74.546, 16.85], [74.537, 16.857], [74.532, 16.856], [74.534, 16.848], [74.548, 16.832], [74.555, 16.825], [74.559, 16.817], [74.558, 16.81], [74.561, 16.806], [74.577, 16.802], [74.595, 16.802], [74.609, 16.798], [74.615, 16.793], [74.625, 16.789], [74.631, 16.786], [74.635, 16.779], [74.641, 16.774], [74.643, 16.77], [74.643, 16.757], [74.645, 16.752], [74.665, 16.749], [74.677, 16.743], [74.694, 16.737], [74.7, 16.732], [74.698, 16.727], [74.69, 16.714], [74.685, 16.712], [74.675, 16.715], [74.646, 16.714], [74.633, 16.717], [74.629, 16.717], [74.627, 16.712], [74.625, 16.705], [74.622, 16.701], [74.617, 16.699], [74.606, 16.697], [74.602, 16.689], [74.604, 16.681], [74.609, 16.675], [74.622, 16.664], [74.631, 16.653], [74.636, 16.65], [74.643, 16.649], [74.649, 16.646], [74.657, 16.633], [74.662, 16.63], [74.668, 16.629], [74.688, 16.617], [74.689, 16.61], [74.687, 16.607], [74.68, 16.607], [74.672, 16.609], [74.662, 16.604], [74.658, 16.603], [74.643, 16.611], [74.636, 16.609], [74.633, 16.601], [74.634, 16.59], [74.635, 16.584], [74.64, 16.578], [74.647, 16.574], [74.667, 16.569], [74.68, 16.559], [74.687, 16.555], [74.696, 16.556], [74.704, 16.561], [74.712, 16.573], [74.725, 16.58], [74.732, 16.581], [74.738, 16.579], [74.742, 16.572], [74.746, 16.569], [74.753, 16.568], [74.762, 16.568], [74.772, 16.57], [74.79, 16.576], [74.795, 16.578], [74.804, 16.588], [74.805, 16.591], [74.805, 16.604], [74.806, 16.611], [74.806, 16.626], [74.808, 16.641], [74.815, 16.644], [74.819, 16.642], [74.825, 16.637], [74.831, 16.635], [74.84, 16.634], [74.847, 16.635], [74.858, 16.642], [74.869, 16.653], [74.875, 16.657], [74.885, 16.657], [74.899, 16.651], [74.91, 16.641], [74.913, 16.635], [74.915, 16.623], [74.923, 16.614], [74.933, 16.611], [74.94, 16.614], [74.946, 16.632], [74.949, 16.642], [74.951, 16.647], [74.959, 16.658], [74.965, 16.661], [74.979, 16.663], [74.987, 16.661], [74.994, 16.656], [75.001, 16.646], [75.005, 16.643], [75.019, 16.641], [75.024, 16.638], [75.028, 16.631], [75.028, 16.621], [75.032, 16.612], [75.041, 16.598], [75.044, 16.591], [75.045, 16.585], [75.051, 16.577], [75.058, 16.572], [75.071, 16.568], [75.082, 16.562], [75.088, 16.556], [75.089, 16.542], [75.091, 16.537], [75.1, 16.528], [75.102, 16.524], [75.104, 16.515], [75.107, 16.509], [75.113, 16.506], [75.122, 16.508], [75.126, 16.512], [75.132, 16.522], [75.142, 16.527], [75.153, 16.527], [75.159, 16.53], [75.163, 16.534], [75.167, 16.549], [75.165, 16.554], [75.159, 16.564], [75.157, 16.569], [75.157, 16.577], [75.158, 16.586], [75.161, 16.592], [75.174, 16.602], [75.181, 16.605], [75.197, 16.608], [75.213, 16.614], [75.222, 16.617], [75.23, 16.617], [75.247, 16.607], [75.259, 16.603], [75.264, 16.6], [75.261, 16.586], [75.264, 16.579], [75.271, 16.576], [75.288, 16.585], [75.293, 16.589], [75.298, 16.591], [75.304, 16.588], [75.307, 16.583], [75.306, 16.575], [75.307, 16.572], [75.313, 16.567], [75.32, 16.566], [75.331, 16.569], [75.339, 16.577], [75.349, 16.591], [75.354, 16.593], [75.367, 16.593], [75.376, 16.59], [75.384, 16.583], [75.388, 16.578], [75.389, 16.57], [75.386, 16.564], [75.385, 16.539], [75.389, 16.532], [75.393, 16.529], [75.399, 16.527], [75.412, 16.527], [75.424, 16.53], [75.437, 16.527], [75.449, 16.518], [75.454, 16.511], [75.456, 16.506], [75.458, 16.492], [75.463, 16.479], [75.461, 16.47], [75.447, 16.452], [75.434, 16.439], [75.433, 16.434], [75.435, 16.428], [75.446, 16.417], [75.449, 16.414], [75.465, 16.411], [75.471, 16.413], [75.48, 16.417], [75.489, 16.42], [75.496, 16.424], [75.5, 16.433], [75.501, 16.438], [75.5, 16.452], [75.506, 16.458], [75.515, 16.463], [75.533, 16.467], [75.544, 16.465], [75.552, 16.457], [75.553, 16.454], [75.553, 16.44], [75.556, 16.427], [75.564, 16.414], [75.568, 16.412], [75.573, 16.412], [75.577, 16.415], [75.58, 16.426], [75.589, 16.438], [75.599, 16.446], [75.609, 16.448], [75.63, 16.445], [75.639, 16.442], [75.662, 16.431], [75.675, 16.424], [75.678, 16.42], [75.689, 16.415], [75.702, 16.413], [75.705, 16.411], [75.714, 16.397], [75.718, 16.394], [75.729, 16.39], [75.74, 16.389], [75.771, 16.383], [75.783, 16.38], [75.811, 16.37], [75.824, 16.362], [75.842, 16.349], [75.851, 16.346], [75.868, 16.344], [75.88, 16.335], [75.901, 16.323], [75.905, 16.323], [75.936, 16.312], [75.945, 16.306], [75.954, 16.298], [75.96, 16.297], [75.972, 16.3], [75.978, 16.301], [75.99, 16.299], [76.003, 16.301], [76.014, 16.301], [76.03, 16.29], [76.043, 16.281], [76.054, 16.273], [76.063, 16.266], [76.068, 16.256], [76.068, 16.25], [76.064, 16.241], [76.059, 16.227], [76.059, 16.22], [76.063, 16.214], [76.072, 16.208], [76.088, 16.203], [76.112, 16.193], [76.134, 16.185], [76.14, 16.184], [76.169, 16.184], [76.211, 16.175], [76.23, 16.169], [76.248, 16.163], [76.258, 16.159], [76.272, 16.154], [76.278, 16.154], [76.284, 16.155], [76.289, 16.162], [76.296, 16.174], [76.302, 16.178], [76.314, 16.182], [76.32, 16.186], [76.33, 16.197], [76.337, 16.209], [76.345, 16.224], [76.348, 16.227], [76.35, 16.236], [76.358, 16.236], [76.366, 16.24], [76.38, 16.245], [76.39, 16.254], [76.401, 16.253], [76.413, 16.251], [76.43, 16.262], [76.435, 16.263], [76.441, 16.268], [76.454, 16.275], [76.464, 16.284], [76.468, 16.284], [76.473, 16.289], [76.486, 16.296], [76.496, 16.298], [76.512, 16.297], [76.52, 16.301], [76.524, 16.306], [76.549, 16.317], [76.556, 16.323], [76.572, 16.338], [76.579, 16.343], [76.585, 16.342], [76.591, 16.339], [76.6, 16.341], [76.609, 16.341], [76.619, 16.346], [76.627, 16.352], [76.639, 16.359], [76.65, 16.36], [76.653, 16.365], [76.664, 16.373], [76.676, 16.376], [76.687, 16.383], [76.692, 16.387], [76.702, 16.395], [76.705, 16.394], [76.716, 16.398], [76.73, 16.405], [76.734, 16.406], [76.746, 16.413], [76.751, 16.421], [76.757, 16.425], [76.767, 16.428], [76.779, 16.42], [76.784, 16.418], [76.807, 16.422], [76.812, 16.422], [76.824, 16.426], [76.834, 16.426], [76.837, 16.43], [76.85, 16.437], [76.856, 16.443], [76.861, 16.452], [76.866, 16.466], [76.864, 16.475], [76.866, 16.481], [76.871, 16.49], [76.874, 16.492], [76.885, 16.492], [76.907, 16.485], [76.914, 16.486], [76.921, 16.491], [76.931, 16.495], [76.935, 16.498], [76.955, 16.503], [76.963, 16.503], [76.974, 16.51], [76.976, 16.52], [76.968, 16.536], [76.968, 16.553], [76.97, 16.556], [76.982, 16.562], [76.992, 16.563], [77.006, 16.553], [77.011, 16.544], [77.005, 16.52], [77.005, 16.516], [77.012, 16.503], [77.016, 16.502], [77.025, 16.502], [77.034, 16.509], [77.038, 16.515], [77.047, 16.52], [77.054, 16.521], [77.062, 16.516], [77.066, 16.511], [77.079, 16.502], [77.087, 16.501], [77.095, 16.493], [77.1, 16.492], [77.115, 16.486], [77.123, 16.481], [77.145, 16.478], [77.155, 16.474], [77.158, 16.471], [77.16, 16.464], [77.164, 16.459], [77.165, 16.452], [77.161, 16.444], [77.169, 16.438], [77.175, 16.432], [77.182, 16.431], [77.202, 16.426], [77.207, 16.424], [77.231, 16.419], [77.239, 16.42], [77.255, 16.412], [77.261, 16.407], [77.271, 16.402], [77.276, 16.403], [77.279, 16.407], [77.283, 16.408], [77.287, 16.408], [77.298, 16.403], [77.305, 16.402], [77.317, 16.397], [77.322, 16.396], [77.33, 16.396], [77.337, 16.393], [77.343, 16.386], [77.355, 16.382], [77.372, 16.386], [77.378, 16.386], [77.391, 16.379], [77.394, 16.376], [77.408, 16.369], [77.416, 16.366], [77.426, 16.367], [77.436, 16.375], [77.437, 16.378], [77.447, 16.381], [77.456, 16.381], [77.462, 16.38], [77.469, 16.382], [77.474, 16.382], [77.488, 16.384], [77.492, 16.384], [77.508, 16.377], [77.513, 16.377], [77.524, 16.371], [77.527, 16.366], [77.537, 16.359], [77.547, 16.356], [77.553, 16.351], [77.558, 16.344], [77.57, 16.34], [77.574, 16.34], [77.585, 16.344], [77.604, 16.341], [77.609, 16.343], [77.624, 16.355], [77.629, 16.358], [77.643, 16.361], [77.651, 16.361], [77.678, 16.354], [77.688, 16.349], [77.702, 16.334], [77.706, 16.333], [77.712, 16.335], [77.723, 16.333], [77.731, 16.33], [77.739, 16.325], [77.766, 16.312], [77.786, 16.3], [77.813, 16.283], [77.822, 16.275], [77.831, 16.271], [77.835, 16.265], [77.844, 16.26], [77.857, 16.251], [77.874, 16.237], [77.886, 16.231], [77.893, 16.225], [77.896, 16.217], [77.906, 16.208], [77.909, 16.196], [77.913, 16.19], [77.927, 16.181], [77.932, 16.177], [77.935, 16.167], [77.936, 16.157], [77.942, 16.147], [77.943, 16.128], [77.951, 16.115], [77.962, 16.109], [77.973, 16.098], [77.991, 16.086], [78.006, 16.074], [78.029, 16.058], [78.037, 16.05], [78.04, 16.045], [78.059, 16.028], [78.081, 16.016], [78.114, 16.009], [78.124, 16], [78.134, 15.995], [78.141, 15.986], [78.144, 15.969], [78.148, 15.96], [78.157, 15.953], [78.173, 15.946], [78.214, 15.944], [78.22, 15.945], [78.23, 15.95], [78.249, 15.964], [78.249, 15.969], [78.252, 15.981], [78.256, 15.99], [78.255, 16], [78.251, 16.014], [78.253, 16.023], [78.261, 16.027], [78.277, 16.027], [78.288, 16.019], [78.299, 16.014], [78.309, 16.014], [78.312, 16.016], [78.321, 16.03], [78.33, 16.041], [78.334, 16.043], [78.364, 16.047], [78.373, 16.053], [78.383, 16.063], [78.394, 16.067], [78.398, 16.073], [78.411, 16.075], [78.421, 16.074], [78.429, 16.075], [78.443, 16.073], [78.46, 16.073], [78.481, 16.067], [78.496, 16.061], [78.522, 16.054], [78.529, 16.051], [78.543, 16.044], [78.555, 16.044], [78.566, 16.048], [78.578, 16.059], [78.586, 16.063], [78.593, 16.07], [78.597, 16.08], [78.604, 16.086], [78.61, 16.087], [78.625, 16.088], [78.635, 16.086], [78.645, 16.082], [78.648, 16.079], [78.646, 16.074], [78.651, 16.07], [78.66, 16.065], [78.674, 16.045], [78.682, 16.034], [78.686, 16.031], [78.698, 16.028], [78.722, 16.022], [78.731, 16.012], [78.739, 16.009], [78.749, 16.016], [78.757, 16.018], [78.769, 16.018], [78.773, 16.021], [78.781, 16.021], [78.792, 16.025], [78.795, 16.028], [78.801, 16.04], [78.817, 16.047], [78.823, 16.053], [78.829, 16.063], [78.836, 16.07], [78.839, 16.075], [78.842, 16.085], [78.842, 16.091], [78.84, 16.107], [78.833, 16.135], [78.833, 16.142], [78.838, 16.147], [78.85, 16.149], [78.856, 16.149], [78.871, 16.145], [78.875, 16.142], [78.88, 16.119], [78.888, 16.096], [78.889, 16.085], [78.894, 16.085], [78.902, 16.09], [78.905, 16.095], [78.916, 16.098], [78.921, 16.103], [78.922, 16.106], [78.92, 16.115], [78.922, 16.125], [78.925, 16.131], [78.923, 16.142], [78.916, 16.149], [78.912, 16.163], [78.905, 16.176], [78.904, 16.181], [78.907, 16.187], [78.914, 16.191], [78.926, 16.197], [78.938, 16.201], [78.949, 16.204], [78.965, 16.211], [78.971, 16.211], [78.982, 16.211], [78.991, 16.214], [79.002, 16.229], [79.007, 16.238], [79.014, 16.242], [79.027, 16.242], [79.052, 16.238], [79.06, 16.235], [79.066, 16.23], [79.074, 16.227], [79.081, 16.23], [79.085, 16.23], [79.09, 16.226], [79.103, 16.224], [79.11, 16.23], [79.119, 16.233], [79.124, 16.231], [79.132, 16.224], [79.146, 16.214], [79.158, 16.209], [79.172, 16.211], [79.192, 16.216], [79.21, 16.222], [79.22, 16.23], [79.224, 16.238], [79.224, 16.247], [79.225, 16.265], [79.225, 16.271], [79.23, 16.28], [79.231, 16.293], [79.232, 16.315], [79.234, 16.324], [79.234, 16.334], [79.232, 16.34], [79.223, 16.349], [79.21, 16.356], [79.212, 16.368], [79.212, 16.373], [79.207, 16.382], [79.208, 16.395], [79.21, 16.415], [79.21, 16.425], [79.212, 16.435], [79.212, 16.449], [79.218, 16.454], [79.231, 16.457], [79.233, 16.46], [79.22, 16.475], [79.216, 16.477], [79.213, 16.484], [79.213, 16.495], [79.22, 16.512], [79.222, 16.525], [79.222, 16.541], [79.225, 16.553], [79.257, 16.57], [79.268, 16.576], [79.276, 16.579], [79.287, 16.58], [79.3, 16.579], [79.319, 16.575], [79.33, 16.577], [79.337, 16.581], [79.342, 16.581], [79.35, 16.579], [79.365, 16.581], [79.368, 16.582], [79.379, 16.584], [79.382, 16.579], [79.391, 16.581], [79.404, 16.579], [79.408, 16.58], [79.418, 16.58], [79.428, 16.586], [79.433, 16.592], [79.436, 16.604], [79.439, 16.612], [79.442, 16.616], [79.448, 16.62], [79.458, 16.623], [79.462, 16.624], [79.47, 16.622], [79.478, 16.622], [79.486, 16.624], [79.489, 16.628], [79.497, 16.635], [79.505, 16.636], [79.53, 16.631], [79.541, 16.632], [79.56, 16.644], [79.579, 16.649], [79.581, 16.654], [79.587, 16.662], [79.59, 16.668], [79.604, 16.673], [79.624, 16.664], [79.631, 16.658], [79.633, 16.658], [79.645, 16.67], [79.656, 16.679], [79.661, 16.687], [79.663, 16.689], [79.675, 16.692], [79.683, 16.697], [79.687, 16.697], [79.7, 16.69], [79.724, 16.69], [79.727, 16.692], [79.733, 16.706], [79.736, 16.709], [79.744, 16.719], [79.749, 16.722], [79.765, 16.728], [79.776, 16.731], [79.787, 16.73], [79.792, 16.726], [79.796, 16.716], [79.8, 16.709], [79.808, 16.706], [79.813, 16.695], [79.82, 16.691], [79.833, 16.698], [79.834, 16.701], [79.844, 16.706], [79.857, 16.707], [79.87, 16.702], [79.887, 16.686], [79.888, 16.684], [79.89, 16.661], [79.893, 16.652], [79.897, 16.644], [79.907, 16.634], [79.912, 16.633], [79.923, 16.631], [79.934, 16.631], [79.942, 16.634], [79.95, 16.634], [79.956, 16.637], [79.967, 16.646], [79.973, 16.655], [79.972, 16.661], [79.983, 16.673], [79.992, 16.691], [79.996, 16.694], [79.999, 16.7], [80.004, 16.707], [80.007, 16.709], [80.013, 16.709], [80.024, 16.712], [80.03, 16.715], [80.033, 16.718], [80.034, 16.725], [80.039, 16.731], [80.052, 16.741], [80.056, 16.747], [80.054, 16.759], [80.054, 16.765], [80.057, 16.772], [80.064, 16.782], [80.07, 16.796], [80.071, 16.803], [80.071, 16.813], [80.073, 16.817], [80.086, 16.822], [80.102, 16.823], [80.114, 16.822], [80.121, 16.816], [80.13, 16.799], [80.132, 16.787], [80.132, 16.772], [80.134, 16.761], [80.139, 16.751], [80.145, 16.733], [80.145, 16.725], [80.141, 16.714], [80.142, 16.705], [80.146, 16.694], [80.144, 16.685], [80.14, 16.678], [80.138, 16.672], [80.137, 16.657], [80.139, 16.652], [80.147, 16.646], [80.162, 16.644], [80.171, 16.639]]]}, "properties": {"rivname": "Krishna", "ba_name": "Krishna"}}, {"type": "Feature", "geometry": {"type": "LineString", "coordinates": [[77.938, 17.245], [77.943, 17.25], [77.948, 17.252], [77.959, 17.249], [77.963, 17.261], [77.965, 17.271], [77.967, 17.272], [77.972, 17.281], [77.974, 17.283], [77.978, 17.291], [77.978, 17.298], [77.975, 17.305], [77.968, 17.307], [77.961, 17.313], [77.954, 17.316], [77.949, 17.316], [77.944, 17.319], [77.938, 17.327], [77.937, 17.33], [77.929, 17.336], [77.922, 17.337], [77.918, 17.34], [77.914, 17.346], [77.913, 17.355], [77.915, 17.365], [77.918, 17.368], [77.923, 17.369], [77.932, 17.377], [77.94, 17.381], [77.947, 17.389], [77.951, 17.388], [77.957, 17.391], [77.964, 17.392], [77.968, 17.389], [77.974, 17.393], [77.979, 17.391], [77.986, 17.391], [78, 17.4], [78.007, 17.404], [78.02, 17.409], [78.039, 17.413], [78.042, 17.413], [78.049, 17.416], [78.053, 17.424], [78.058, 17.424], [78.069, 17.433], [78.073, 17.435], [78.087, 17.436], [78.09, 17.438], [78.097, 17.439], [78.098, 17.442], [78.11, 17.447], [78.116, 17.445], [78.125, 17.447], [78.131, 17.442], [78.133, 17.442], [78.145, 17.44], [78.148, 17.437], [78.154, 17.434], [78.159, 17.428], [78.177, 17.425], [78.183, 17.422], [78.19, 17.423], [78.199, 17.419], [78.2, 17.413], [78.207, 17.408], [78.209, 17.401], [78.219, 17.396], [78.227, 17.398], [78.233, 17.394], [78.238, 17.397], [78.25, 17.398], [78.257, 17.395], [78.26, 17.389], [78.266, 17.385], [78.277, 17.385], [78.291, 17.381], [78.305, 17.375], [78.31, 17.375], [78.314, 17.378], [78.321, 17.38], [78.331, 17.376], [78.341, 17.373], [78.343, 17.379], [78.342, 17.383], [78.349, 17.385], [78.355, 17.381], [78.361, 17.381], [78.375, 17.372], [78.38, 17.373], [78.388, 17.371], [78.399, 17.371], [78.401, 17.373], [78.418, 17.371], [78.437, 17.374], [78.449, 17.36], [78.452, 17.36], [78.459, 17.368], [78.465, 17.37], [78.475, 17.371], [78.482, 17.373], [78.488, 17.379], [78.492, 17.38], [78.503, 17.386], [78.511, 17.386], [78.519, 17.378], [78.527, 17.375], [78.533, 17.378], [78.537, 17.382], [78.544, 17.384], [78.55, 17.38], [78.556, 17.382], [78.562, 17.386], [78.579, 17.39], [78.591, 17.388], [78.614, 17.387], [78.624, 17.386], [78.636, 17.383], [78.647, 17.386], [78.65, 17.385], [78.661, 17.378], [78.671, 17.382], [78.674, 17.386], [78.673, 17.39], [78.676, 17.4], [78.686, 17.405], [78.693, 17.403], [78.698, 17.396], [78.704, 17.394], [78.713, 17.401], [78.721, 17.399], [78.729, 17.385], [78.736, 17.386], [78.746, 17.386], [78.75, 17.384], [78.756, 17.385], [78.764, 17.392], [78.769, 17.398], [78.782, 17.404], [78.791, 17.409], [78.81, 17.411], [78.814, 17.414], [78.825, 17.413], [78.83, 17.416], [78.839, 17.415], [78.862, 17.409], [78.868, 17.402], [78.871, 17.395], [78.882, 17.389], [78.893, 17.378], [78.896, 17.371], [78.901, 17.369], [78.903, 17.372], [78.915, 17.378], [78.923, 17.38], [78.932, 17.379], [78.938, 17.377], [78.946, 17.368], [78.95, 17.367], [78.957, 17.364], [78.962, 17.358], [78.968, 17.357], [78.976, 17.353], [78.985, 17.353], [78.997, 17.347], [79.002, 17.348], [79.013, 17.359], [79.02, 17.361], [79.025, 17.365], [79.035, 17.367], [79.038, 17.366], [79.042, 17.361], [79.054, 17.363], [79.056, 17.36], [79.07, 17.354], [79.076, 17.353], [79.083, 17.355], [79.094, 17.36], [79.103, 17.361], [79.113, 17.359], [79.122, 17.354], [79.126, 17.349], [79.13, 17.349], [79.135, 17.344], [79.14, 17.342], [79.16, 17.341], [79.168, 17.344], [79.178, 17.351], [79.19, 17.353], [79.194, 17.354], [79.199, 17.36], [79.209, 17.365], [79.227, 17.373], [79.232, 17.372], [79.238, 17.36], [79.243, 17.356], [79.249, 17.356], [79.257, 17.36], [79.276, 17.361], [79.291, 17.357], [79.299, 17.357], [79.312, 17.359], [79.316, 17.358], [79.322, 17.36], [79.333, 17.356], [79.342, 17.359], [79.35, 17.353], [79.356, 17.352], [79.364, 17.346], [79.368, 17.347], [79.374, 17.343], [79.38, 17.345], [79.387, 17.344], [79.395, 17.347], [79.402, 17.345], [79.407, 17.347], [79.418, 17.345], [79.425, 17.347], [79.44, 17.347], [79.444, 17.344], [79.454, 17.344], [79.462, 17.338], [79.467, 17.337], [79.474, 17.333], [79.479, 17.327], [79.483, 17.316], [79.486, 17.296], [79.484, 17.288], [79.487, 17.278], [79.494, 17.272], [79.499, 17.261], [79.5, 17.257], [79.513, 17.246], [79.517, 17.241], [79.52, 17.234], [79.523, 17.218], [79.525, 17.206], [79.526, 17.194], [79.524, 17.191], [79.526, 17.182], [79.534, 17.173], [79.538, 17.166], [79.544, 17.16], [79.555, 17.15], [79.559, 17.145], [79.566, 17.129], [79.566, 17.127], [79.573, 17.114], [79.58, 17.107], [79.583, 17.1], [79.586, 17.095], [79.587, 17.089], [79.591, 17.086], [79.594, 17.079], [79.595, 17.071], [79.592, 17.061], [79.593, 17.057], [79.601, 17.048], [79.601, 17.038], [79.598, 17.036], [79.6, 17.024], [79.6, 17.019], [79.603, 17.013], [79.603, 17.008], [79.609, 16.995], [79.617, 16.976], [79.615, 16.959], [79.615, 16.938], [79.616, 16.926], [79.619, 16.916], [79.623, 16.91], [79.635, 16.902], [79.642, 16.889], [79.641, 16.884], [79.643, 16.88], [79.648, 16.864], [79.651, 16.86], [79.662, 16.854], [79.668, 16.845], [79.667, 16.826], [79.666, 16.823], [79.665, 16.813], [79.667, 16.808], [79.669, 16.796], [79.672, 16.788], [79.674, 16.778], [79.673, 16.766], [79.674, 16.756], [79.669, 16.741], [79.669, 16.731], [79.675, 16.724], [79.674, 16.717], [79.665, 16.708], [79.664, 16.7], [79.67, 16.695], [79.675, 16.692]]}, "properties": {"rivname": "Musi", "ba_name": "Krishna"}}]}