{"type":"FeatureCollection", "features": [
{"type":"Feature","geometry":{"type":"MultiPolygon","coordinates":[[[[74.554,31.753],[74.542,31.752],[74.518,31.741],[74.507,31.742],[74.503,31.731],[74.493,31.727],[74.486,31.722],[74.488,31.718],[74.494,31.715],[74.506,31.704],[74.507,31.699],[74.514,31.696],[74.521,31.691],[74.527,31.69],[74.536,31.681],[74.537,31.676],[74.533,31.671],[74.534,31.665],[74.542,31.657],[74.542,31.649],[74.547,31.645],[74.549,31.636],[74.554,31.63],[74.554,31.618],[74.558,31.612],[74.563,31.609],[74.578,31.607],[74.583,31.59],[74.591,31.585],[74.593,31.579],[74.612,31.571],[74.619,31.571],[74.62,31.567],[74.613,31.561],[74.62,31.558],[74.617,31.535],[74.612,31.529],[74.606,31.527],[74.595,31.526],[74.586,31.521],[74.584,31.513],[74.585,31.507],[74.579,31.502],[74.593,31.497],[74.595,31.5],[74.608,31.502],[74.616,31.496],[74.617,31.491],[74.627,31.487],[74.639,31.488],[74.634,31.479],[74.645,31.472],[74.655,31.463],[74.654,31.457],[74.643,31.448],[74.643,31.444],[74.648,31.44],[74.656,31.43],[74.65,31.425],[74.648,31.416],[74.641,31.418],[74.631,31.43],[74.624,31.424],[74.618,31.425],[74.609,31.423],[74.603,31.423],[74.603,31.418],[74.597,31.412],[74.59,31.398],[74.59,31.388],[74.588,31.384],[74.576,31.375],[74.569,31.373],[74.564,31.37],[74.554,31.367],[74.553,31.357],[74.548,31.347],[74.553,31.339],[74.55,31.333],[74.541,31.332],[74.541,31.322],[74.53,31.316],[74.532,31.31],[74.542,31.309],[74.543,31.3],[74.537,31.296],[74.532,31.287],[74.529,31.279],[74.524,31.274],[74.527,31.267],[74.531,31.255],[74.535,31.249],[74.532,31.243],[74.526,31.238],[74.524,31.232],[74.523,31.224],[74.526,31.219],[74.527,31.211],[74.52,31.199],[74.521,31.187],[74.515,31.186],[74.513,31.181],[74.517,31.169],[74.516,31.16],[74.518,31.151],[74.517,31.14],[74.518,31.137],[74.535,31.131],[74.539,31.123],[74.548,31.126],[74.554,31.124],[74.557,31.118],[74.556,31.106],[74.558,31.099],[74.558,31.089],[74.564,31.087],[74.57,31.088],[74.578,31.085],[74.583,31.089],[74.6,31.094],[74.605,31.088],[74.609,31.092],[74.609,31.098],[74.612,31.104],[74.612,31.112],[74.609,31.123],[74.604,31.128],[74.607,31.136],[74.619,31.134],[74.627,31.137],[74.639,31.136],[74.637,31.123],[74.643,31.122],[74.652,31.131],[74.665,31.136],[74.67,31.133],[74.671,31.128],[74.676,31.127],[74.681,31.131],[74.691,31.13],[74.694,31.121],[74.703,31.116],[74.703,31.105],[74.707,31.096],[74.696,31.087],[74.697,31.077],[74.695,31.073],[74.684,31.062],[74.668,31.055],[74.661,31.054],[74.646,31.054],[74.635,31.048],[74.615,31.045],[74.606,31.041],[74.6,31.044],[74.597,31.055],[74.592,31.058],[74.583,31.058],[74.566,31.054],[74.565,31.046],[74.55,31.033],[74.548,31.018],[74.544,31.01],[74.55,30.998],[74.544,30.991],[74.535,30.99],[74.526,30.986],[74.516,30.979],[74.511,30.97],[74.507,30.966],[74.502,30.969],[74.498,30.975],[74.493,30.977],[74.48,30.976],[74.46,30.97],[74.469,30.962],[74.461,30.959],[74.46,30.953],[74.448,30.954],[74.441,30.948],[74.428,30.945],[74.421,30.936],[74.428,30.932],[74.428,30.926],[74.413,30.927],[74.428,30.918],[74.426,30.912],[74.419,30.913],[74.408,30.912],[74.39,30.9],[74.372,30.895],[74.369,30.882],[74.364,30.879],[74.373,30.87],[74.386,30.865],[74.382,30.861],[74.371,30.86],[74.368,30.852],[74.359,30.85],[74.357,30.855],[74.343,30.854],[74.327,30.849],[74.323,30.842],[74.319,30.822],[74.306,30.811],[74.305,30.804],[74.297,30.801],[74.298,30.797],[74.307,30.794],[74.31,30.787],[74.302,30.78],[74.29,30.777],[74.283,30.773],[74.272,30.777],[74.264,30.772],[74.266,30.766],[74.276,30.758],[74.278,30.748],[74.288,30.74],[74.287,30.735],[74.273,30.733],[74.268,30.726],[74.258,30.724],[74.249,30.726],[74.241,30.723],[74.233,30.723],[74.227,30.709],[74.223,30.706],[74.221,30.692],[74.211,30.684],[74.199,30.669],[74.186,30.664],[74.176,30.651],[74.154,30.637],[74.151,30.633],[74.141,30.629],[74.129,30.634],[74.128,30.626],[74.122,30.618],[74.121,30.609],[74.115,30.608],[74.109,30.617],[74.102,30.614],[74.105,30.608],[74.103,30.6],[74.104,30.583],[74.102,30.574],[74.095,30.568],[74.078,30.556],[74.083,30.551],[74.093,30.552],[74.091,30.542],[74.082,30.531],[74.068,30.521],[74.056,30.522],[74.051,30.54],[74.046,30.54],[74.041,30.534],[74.036,30.531],[74.016,30.533],[74.011,30.527],[74.012,30.521],[74.02,30.513],[74.016,30.512],[74.004,30.515],[73.994,30.514],[73.989,30.51],[73.985,30.501],[73.971,30.489],[73.971,30.475],[73.967,30.463],[73.959,30.459],[73.95,30.462],[73.951,30.48],[73.948,30.486],[73.941,30.492],[73.935,30.489],[73.935,30.467],[73.94,30.456],[73.937,30.445],[73.931,30.441],[73.935,30.438],[73.959,30.44],[73.969,30.443],[73.973,30.441],[73.972,30.434],[73.967,30.424],[73.958,30.418],[73.969,30.413],[74.02,30.39],[74.146,30.33],[74.211,30.274],[74.267,30.232],[74.332,30.204],[74.388,30.19],[74.458,30.157],[74.542,30.12],[74.687,30.059],[74.756,30.027],[74.915,29.947],[74.976,29.915],[75.167,29.845],[75.223,29.821],[75.306,29.77],[75.367,29.747],[75.428,29.714],[75.619,29.588],[75.801,29.435],[75.898,29.369],[75.982,29.299],[76.043,29.248],[76.132,29.164],[76.211,29.066],[76.262,28.973],[76.309,28.88],[76.332,28.81],[76.332,28.717],[76.332,28.605],[76.285,28.53],[76.257,28.428],[76.225,28.297],[76.197,28.153],[76.187,28.055],[76.187,27.887],[76.197,27.784],[76.206,27.701],[76.206,27.612],[76.22,27.565],[76.309,27.342],[76.365,27.276],[76.435,27.211],[76.528,27.113],[76.644,27.029],[76.761,26.95],[76.929,26.885],[77.041,26.838],[77.241,26.796],[77.395,26.782],[77.586,26.782],[77.819,26.796],[77.949,26.801],[78.075,26.801],[78.252,26.801],[78.439,26.82],[78.523,26.848],[78.574,26.862],[78.705,26.871],[78.798,26.871],[78.928,26.875],[79.045,26.88],[79.157,26.885],[79.25,26.866],[79.436,26.829],[79.567,26.787],[79.707,26.754],[79.856,26.689],[79.963,26.642],[80.089,26.591],[80.154,26.545],[80.308,26.433],[80.434,26.358],[80.513,26.297],[80.616,26.232],[80.718,26.167],[80.779,26.13],[80.886,26.05],[81.035,25.971],[81.115,25.948],[81.222,25.934],[81.427,25.85],[81.585,25.775],[81.665,25.733],[81.73,25.705],[81.912,25.659],[82.065,25.626],[82.177,25.575],[82.252,25.5],[82.327,25.435],[82.396,25.393],[82.508,25.323],[82.648,25.211],[82.695,25.165],[82.751,25.099],[82.769,25.011],[82.774,24.927],[82.774,24.843],[82.765,24.797],[82.685,24.703],[82.625,24.643],[82.536,24.591],[82.42,24.535],[82.345,24.494],[82.215,24.433],[82.052,24.377],[81.944,24.335],[81.846,24.284],[81.702,24.26],[81.613,24.242],[81.487,24.205],[81.376,24.163],[81.222,24.093],[81.068,24.009],[80.965,23.976],[80.821,23.925],[80.756,23.878],[80.639,23.85],[80.476,23.794],[80.331,23.743],[80.215,23.696],[80.112,23.65],[79.926,23.575],[79.8,23.543],[79.711,23.51],[79.595,23.473],[79.474,23.449],[79.306,23.407],[79.138,23.365],[79.036,23.337],[78.914,23.323],[78.807,23.3],[78.686,23.272],[78.5,23.226],[78.388,23.198],[78.262,23.146],[78.066,23.095],[77.838,23.039],[77.721,22.993],[77.437,22.932],[77.171,22.857],[77.05,22.843],[76.943,22.82],[76.854,22.801],[76.728,22.769],[76.598,22.727],[76.509,22.694],[76.393,22.643],[76.285,22.592],[76.155,22.578],[76.034,22.545],[75.898,22.508],[75.749,22.442],[75.642,22.401],[75.432,22.405],[75.311,22.405],[75.134,22.438],[74.976,22.461],[74.873,22.498],[74.738,22.55],[74.649,22.634],[74.542,22.699],[74.439,22.801],[74.397,22.885],[74.286,22.993],[74.188,23.114],[74.09,23.323],[74.053,23.421],[74.006,23.547],[73.95,23.668],[73.927,23.738],[73.875,23.799],[73.792,23.925],[73.754,24.027],[73.698,24.13],[73.642,24.251],[73.61,24.335],[73.596,24.382],[73.512,24.549],[73.484,24.629],[73.419,24.703],[73.386,24.787],[73.349,24.824],[73.274,24.922],[73.2,25.006],[73.097,25.118],[72.971,25.267],[72.887,25.356],[72.785,25.44],[72.719,25.524],[72.631,25.584],[72.514,25.664],[72.407,25.743],[72.337,25.775],[72.225,25.831],[72.155,25.855],[72.03,25.943],[71.908,26.008],[71.806,26.083],[71.652,26.148],[71.512,26.26],[71.451,26.311],[71.447,26.363],[71.47,26.456],[71.54,26.531],[71.615,26.605],[71.661,26.642],[71.722,26.708],[71.778,26.768],[71.829,26.82],[71.913,26.917],[71.969,26.969],[72.002,27.006],[72.043,27.057],[72.113,27.104],[72.211,27.169],[72.249,27.197],[72.342,27.253],[72.477,27.276],[72.556,27.3],[72.617,27.318],[72.705,27.346],[72.785,27.37],[72.887,27.374],[72.999,27.384],[73.064,27.384],[73.19,27.388],[73.293,27.393],[73.391,27.43],[73.475,27.481],[73.572,27.579],[73.642,27.612],[73.754,27.687],[73.768,27.715],[73.852,27.845],[73.852,27.948],[73.852,28.087],[73.833,28.218],[73.801,28.316],[73.768,28.386],[73.722,28.479],[73.661,28.563],[73.6,28.703],[73.526,28.787],[73.461,28.857],[73.386,28.954],[73.311,29.048],[73.214,29.136],[73.096,29.253],[73.085,29.236],[73.061,29.21],[73.046,29.195],[73.042,29.191],[73.022,29.167],[72.999,29.143],[72.994,29.131],[72.992,29.121],[72.985,29.11],[72.982,29.102],[72.959,29.056],[72.949,29.033],[72.945,29.028],[72.934,29.023],[72.905,29.013],[72.893,29.007],[72.867,29],[72.849,28.991],[72.747,28.952],[72.716,28.939],[72.68,28.92],[72.656,28.907],[72.593,28.87],[72.556,28.853],[72.524,28.833],[72.489,28.815],[72.451,28.798],[72.435,28.793],[72.407,28.783],[72.389,28.769],[72.382,28.761],[72.35,28.725],[72.348,28.721],[72.312,28.686],[72.309,28.68],[72.302,28.673],[72.294,28.655],[72.287,28.625],[72.273,28.585],[72.27,28.58],[72.264,28.555],[72.257,28.541],[72.245,28.508],[72.244,28.501],[72.236,28.484],[72.22,28.434],[72.213,28.415],[72.21,28.402],[72.205,28.39],[72.197,28.383],[72.191,28.374],[72.169,28.355],[72.165,28.349],[72.129,28.309],[72.111,28.295],[72.093,28.284],[72.069,28.266],[72.047,28.249],[72.021,28.232],[71.999,28.214],[71.977,28.184],[71.968,28.171],[71.955,28.158],[71.944,28.146],[71.932,28.128],[71.927,28.111],[71.924,28.097],[71.922,28.081],[71.914,28.054],[71.915,28.044],[71.913,28.032],[71.907,28.003],[71.903,27.975],[71.899,27.963],[71.894,27.961],[71.86,27.947],[71.767,27.916],[71.744,27.907],[71.699,27.889],[71.665,27.879],[71.659,27.876],[71.605,27.875],[71.587,27.877],[71.549,27.873],[71.531,27.872],[71.448,27.874],[71.419,27.872],[71.41,27.873],[71.381,27.87],[71.273,27.85],[71.255,27.845],[71.23,27.837],[71.208,27.833],[71.183,27.823],[71.173,27.821],[71.086,27.786],[71.069,27.777],[71.033,27.766],[70.983,27.744],[70.96,27.732],[70.95,27.729],[70.905,27.71],[70.883,27.708],[70.856,27.712],[70.817,27.714],[70.787,27.72],[70.768,27.725],[70.762,27.729],[70.738,27.752],[70.721,27.783],[70.709,27.8],[70.699,27.811],[70.687,27.828],[70.684,27.842],[70.68,27.87],[70.681,27.891],[70.677,27.924],[70.668,27.935],[70.619,27.977],[70.615,27.984],[70.603,27.995],[70.592,28.01],[70.569,28.019],[70.548,28.029],[70.537,28.032],[70.497,28.037],[70.476,28.033],[70.442,28.022],[70.392,28.013],[70.374,28.012],[70.355,27.996],[70.31,27.949],[70.294,27.937],[70.273,27.925],[70.253,27.916],[70.242,27.908],[70.225,27.898],[70.205,27.877],[70.197,27.867],[70.154,27.827],[70.135,27.807],[70.121,27.781],[70.113,27.756],[70.101,27.733],[70.096,27.716],[70.082,27.684],[70.075,27.664],[70.059,27.635],[70.056,27.624],[70.05,27.613],[70.04,27.586],[70.032,27.572],[70.025,27.561],[70,27.545],[69.985,27.537],[69.965,27.523],[69.941,27.502],[69.926,27.484],[69.913,27.46],[69.897,27.438],[69.872,27.409],[69.853,27.394],[69.835,27.382],[69.811,27.363],[69.79,27.35],[69.764,27.325],[69.714,27.292],[69.705,27.285],[69.685,27.266],[69.672,27.254],[69.654,27.233],[69.642,27.223],[69.62,27.206],[69.611,27.198],[69.603,27.195],[69.59,27.183],[69.584,27.173],[69.579,27.158],[69.567,27.134],[69.563,27.123],[69.552,27.103],[69.539,27.065],[69.515,27.014],[69.514,27.01],[69.509,26.954],[69.499,26.872],[69.488,26.832],[69.484,26.808],[69.49,26.79],[69.5,26.768],[69.506,26.753],[69.515,26.742],[69.553,26.728],[69.571,26.72],[69.604,26.705],[69.634,26.693],[69.638,26.692],[69.67,26.677],[69.699,26.666],[69.711,26.662],[69.737,26.646],[69.776,26.614],[69.801,26.599],[69.839,26.589],[69.859,26.586],[69.879,26.581],[69.895,26.581],[69.974,26.588],[70.003,26.592],[70.042,26.599],[70.048,26.601],[70.064,26.6],[70.099,26.595],[70.107,26.593],[70.119,26.587],[70.139,26.573],[70.153,26.568],[70.164,26.56],[70.173,26.551],[70.176,26.538],[70.179,26.506],[70.182,26.496],[70.183,26.484],[70.178,26.44],[70.178,26.426],[70.184,26.375],[70.184,26.361],[70.176,26.339],[70.174,26.33],[70.166,26.301],[70.166,26.287],[70.174,26.257],[70.174,26.242],[70.172,26.231],[70.166,26.214],[70.147,26.17],[70.137,26.154],[70.126,26.14],[70.118,26.129],[70.093,26.098],[70.086,26.088],[70.086,26.062],[70.09,26.02],[70.092,25.993],[70.097,25.948],[70.099,25.935],[70.124,25.902],[70.134,25.885],[70.141,25.877],[70.156,25.855],[70.169,25.83],[70.194,25.816],[70.215,25.799],[70.235,25.777],[70.252,25.753],[70.263,25.719],[70.267,25.714],[70.276,25.709],[70.366,25.678],[70.391,25.674],[70.417,25.679],[70.451,25.683],[70.482,25.685],[70.524,25.685],[70.528,25.686],[70.557,25.695],[70.594,25.712],[70.609,25.715],[70.621,25.715],[70.648,25.733],[70.797,25.702],[70.928,25.627],[71.064,25.552],[71.207,25.478],[71.412,25.378],[71.499,25.304],[71.773,25.167],[71.866,25.099],[72.021,24.987],[72.102,24.912],[72.183,24.819],[72.245,24.713],[72.32,24.552],[72.388,24.421],[72.394,24.285],[72.401,24.148],[72.388,23.98],[72.351,23.825],[72.307,23.657],[72.233,23.52],[72.146,23.402],[72.077,23.309],[72.015,23.253],[71.953,23.184],[71.878,23.122],[71.773,23.029],[71.636,22.942],[71.524,22.855],[71.437,22.799],[71.319,22.718],[71.158,22.637],[71.052,22.569],[70.909,22.488],[70.735,22.358],[70.617,22.308],[70.437,22.227],[70.275,22.14],[70.113,22.097],[69.939,22.047],[69.815,22.016],[69.672,21.991],[69.56,21.979],[69.423,21.941],[69.281,21.898],[69.3,21.881],[69.317,21.868],[69.325,21.86],[69.344,21.846],[69.352,21.839],[69.358,21.837],[69.368,21.832],[69.375,21.827],[69.401,21.797],[69.412,21.788],[69.429,21.77],[69.444,21.759],[69.452,21.752],[69.471,21.741],[69.476,21.736],[69.503,21.708],[69.507,21.706],[69.534,21.679],[69.549,21.667],[69.572,21.647],[69.585,21.637],[69.591,21.638],[69.602,21.637],[69.61,21.629],[69.619,21.622],[69.641,21.599],[69.673,21.565],[69.687,21.552],[69.701,21.542],[69.703,21.538],[69.728,21.513],[69.74,21.498],[69.77,21.467],[69.773,21.462],[69.778,21.463],[69.785,21.45],[69.806,21.427],[69.843,21.385],[69.874,21.349],[69.883,21.339],[69.894,21.325],[69.908,21.31],[69.923,21.292],[69.939,21.275],[69.957,21.254],[69.997,21.21],[70.007,21.199],[70.016,21.192],[70.022,21.184],[70.032,21.176],[70.042,21.163],[70.06,21.142],[70.069,21.138],[70.071,21.133],[70.082,21.122],[70.085,21.12],[70.1,21.105],[70.107,21.103],[70.115,21.095],[70.134,21.08],[70.136,21.086],[70.141,21.082],[70.138,21.077],[70.142,21.069],[70.147,21.067],[70.158,21.055],[70.163,21.053],[70.18,21.037],[70.191,21.029],[70.212,21.01],[70.22,21.006],[70.227,20.999],[70.232,20.999],[70.24,20.993],[70.249,20.984],[70.252,20.979],[70.264,20.969],[70.287,20.953],[70.296,20.947],[70.315,20.935],[70.321,20.927],[70.325,20.927],[70.349,20.914],[70.353,20.909],[70.365,20.901],[70.373,20.903],[70.393,20.894],[70.407,20.883],[70.425,20.863],[70.439,20.853],[70.454,20.848],[70.463,20.841],[70.471,20.838],[70.475,20.841],[70.481,20.836],[70.487,20.834],[70.489,20.828],[70.494,20.827],[70.511,20.821],[70.519,20.814],[70.532,20.809],[70.536,20.804],[70.542,20.802],[70.55,20.805],[70.559,20.798],[70.562,20.793],[70.57,20.793],[70.579,20.788],[70.585,20.782],[70.592,20.782],[70.599,20.778],[70.608,20.777],[70.616,20.772],[70.632,20.768],[70.637,20.769],[70.645,20.763],[70.657,20.765],[70.672,20.761],[70.687,20.748],[70.696,20.745],[70.703,20.738],[70.713,20.736],[70.725,20.73],[70.73,20.728],[70.735,20.724],[70.744,20.72],[70.758,20.723],[70.766,20.721],[70.774,20.717],[70.793,20.712],[70.798,20.705],[70.804,20.701],[70.812,20.7],[70.822,20.692],[70.829,20.69],[70.836,20.691],[70.834,20.699],[70.84,20.705],[70.845,20.707],[70.855,20.708],[70.859,20.706],[70.869,20.706],[70.868,20.714],[70.873,20.723],[70.864,20.73],[70.858,20.742],[70.862,20.75],[70.865,20.738],[70.874,20.727],[70.886,20.733],[70.896,20.733],[70.905,20.737],[70.911,20.737],[70.915,20.742],[70.924,20.744],[70.927,20.737],[70.938,20.733],[70.955,20.735],[70.961,20.741],[70.966,20.742],[70.97,20.738],[70.981,20.744],[70.991,20.746],[70.998,20.74],[70.992,20.732],[71.011,20.74],[71.027,20.739],[71.036,20.736],[71.043,20.735],[71.046,20.731],[71.05,20.731],[71.061,20.736],[71.074,20.735],[71.081,20.739],[71.077,20.744],[71.078,20.75],[71.086,20.756],[71.094,20.758],[71.115,20.757],[71.12,20.754],[71.128,20.757],[71.138,20.757],[71.149,20.757],[71.15,20.771],[71.153,20.776],[71.161,20.781],[71.168,20.783],[71.189,20.785],[71.202,20.788],[71.205,20.798],[71.211,20.803],[71.228,20.803],[71.234,20.805],[71.239,20.811],[71.245,20.812],[71.26,20.817],[71.268,20.822],[71.272,20.822],[71.281,20.828],[71.289,20.829],[71.294,20.833],[71.3,20.835],[71.323,20.846],[71.332,20.847],[71.348,20.85],[71.372,20.853],[71.382,20.86],[71.382,20.865],[71.377,20.867],[71.378,20.874],[71.386,20.876],[71.396,20.865],[71.405,20.868],[71.412,20.867],[71.418,20.869],[71.426,20.867],[71.44,20.869],[71.448,20.882],[71.463,20.881],[71.472,20.889],[71.477,20.89],[71.482,20.905],[71.488,20.914],[71.493,20.918],[71.508,20.916],[71.516,20.922],[71.507,20.932],[71.511,20.936],[71.51,20.944],[71.515,20.948],[71.523,20.949],[71.53,20.943],[71.541,20.947],[71.546,20.951],[71.565,20.95],[71.568,20.954],[71.58,20.954],[71.581,20.959],[71.593,20.961],[71.599,20.965],[71.607,20.965],[71.615,20.97],[71.621,20.968],[71.637,20.973],[71.636,20.981],[71.638,20.99],[71.652,20.997],[71.664,20.999],[71.675,20.997],[71.689,21.008],[71.697,21.009],[71.708,21.017],[71.721,21.022],[71.728,21.021],[71.75,21.02],[71.753,21.022],[71.761,21.02],[71.765,21.026],[71.772,21.027],[71.783,21.033],[71.78,21.039],[71.786,21.04],[71.801,21.038],[71.807,21.04],[71.802,21.048],[71.798,21.053],[71.797,21.058],[71.804,21.064],[71.822,21.072],[71.824,21.068],[71.836,21.073],[71.843,21.078],[71.853,21.08],[71.87,21.09],[71.88,21.09],[71.885,21.094],[71.888,21.102],[71.898,21.107],[71.916,21.112],[71.927,21.111],[71.928,21.115],[71.94,21.116],[71.942,21.118],[71.952,21.118],[71.954,21.123],[71.963,21.124],[71.972,21.12],[71.977,21.131],[71.986,21.133],[71.983,21.138],[71.99,21.142],[72.004,21.142],[72.005,21.137],[72.011,21.135],[72.01,21.146],[72.018,21.15],[72.018,21.154],[72.026,21.154],[72.037,21.158],[72.048,21.161],[72.056,21.172],[72.063,21.173],[72.064,21.177],[72.069,21.18],[72.074,21.179],[72.08,21.185],[72.087,21.187],[72.087,21.19],[72.098,21.193],[72.106,21.197],[72.113,21.196],[72.115,21.202],[72.111,21.219],[72.101,21.223],[72.096,21.223],[72.089,21.229],[72.086,21.242],[72.082,21.246],[72.092,21.26],[72.097,21.265],[72.097,21.277],[72.102,21.278],[72.111,21.287],[72.112,21.296],[72.109,21.301],[72.112,21.309],[72.121,21.325],[72.135,21.342],[72.154,21.362],[72.16,21.37],[72.167,21.377],[72.171,21.39],[72.189,21.406],[72.201,21.413],[72.202,21.417],[72.21,21.425],[72.224,21.44],[72.224,21.444],[72.235,21.457],[72.236,21.464],[72.243,21.476],[72.254,21.503],[72.256,21.513],[72.258,21.518],[72.26,21.527],[72.265,21.542],[72.264,21.557],[72.267,21.563],[72.268,21.572],[72.273,21.581],[72.277,21.585],[72.293,21.61],[72.302,21.619],[72.306,21.627],[72.303,21.643],[72.296,21.653],[72.285,21.665],[72.285,21.679],[72.28,21.69],[72.26,21.723],[72.251,21.745],[72.248,21.751],[72.243,21.776],[72.241,21.787],[72.237,21.795],[72.246,21.792],[72.248,21.789],[72.25,21.769],[72.263,21.74],[72.27,21.748],[72.27,21.757],[72.266,21.766],[72.26,21.784],[72.259,21.797],[72.259,21.829],[72.256,21.848],[72.255,21.864],[72.258,21.877],[72.256,21.89],[72.248,21.908],[72.242,21.917],[72.231,21.927],[72.226,21.941],[72.22,21.948],[72.213,21.948],[72.202,21.94],[72.19,21.937],[72.183,21.94],[72.172,21.953],[72.16,21.957],[72.173,21.959],[72.187,21.944],[72.192,21.942],[72.206,21.953],[72.215,21.956],[72.221,21.956],[72.221,21.968],[72.225,21.976],[72.228,21.992],[72.232,22.003],[72.23,22.008],[72.224,22.007],[72.214,21.999],[72.2,22.004],[72.197,22.008],[72.197,22.017],[72.186,22.015],[72.18,22.019],[72.196,22.023],[72.21,22.01],[72.214,22.011],[72.224,22.021],[72.233,22.018],[72.233,22.025],[72.23,22.039],[72.231,22.049],[72.237,22.058],[72.257,22.067],[72.265,22.075],[72.277,22.079],[72.274,22.093],[72.281,22.092],[72.287,22.094],[72.287,22.1],[72.302,22.107],[72.303,22.089],[72.298,22.081],[72.304,22.077],[72.303,22.069],[72.298,22.063],[72.287,22.074],[72.268,22.063],[72.256,22.059],[72.245,22.053],[72.242,22.05],[72.245,22.033],[72.253,22.029],[72.261,22.019],[72.26,22.014],[72.255,22.007],[72.253,22],[72.252,21.987],[72.255,21.982],[72.262,21.981],[72.26,21.973],[72.26,21.96],[72.263,21.953],[72.263,21.947],[72.267,21.937],[72.275,21.93],[72.279,21.947],[72.279,21.955],[72.273,21.961],[72.271,21.968],[72.28,21.967],[72.285,21.982],[72.286,21.995],[72.293,22.018],[72.299,22.044],[72.303,22.056],[72.309,22.087],[72.315,22.102],[72.312,22.105],[72.311,22.112],[72.318,22.116],[72.321,22.12],[72.321,22.129],[72.312,22.14],[72.31,22.149],[72.311,22.163],[72.313,22.172],[72.313,22.181],[72.308,22.184],[72.303,22.183],[72.297,22.191],[72.3,22.195],[72.316,22.185],[72.32,22.172],[72.316,22.16],[72.316,22.147],[72.324,22.147],[72.342,22.135],[72.341,22.125],[72.35,22.127],[72.352,22.137],[72.35,22.147],[72.356,22.147],[72.357,22.152],[72.353,22.165],[72.355,22.172],[72.354,22.18],[72.36,22.187],[72.363,22.183],[72.359,22.176],[72.372,22.172],[72.375,22.167],[72.374,22.152],[72.379,22.158],[72.384,22.156],[72.387,22.16],[72.386,22.171],[72.389,22.175],[72.39,22.183],[72.381,22.195],[72.364,22.202],[72.361,22.208],[72.36,22.225],[72.361,22.229],[72.369,22.24],[72.371,22.245],[72.367,22.249],[72.364,22.258],[72.357,22.263],[72.358,22.268],[72.367,22.267],[72.378,22.261],[72.382,22.253],[72.381,22.244],[72.376,22.236],[72.377,22.226],[72.382,22.218],[72.39,22.215],[72.401,22.202],[72.405,22.214],[72.411,22.215],[72.413,22.223],[72.417,22.227],[72.413,22.25],[72.413,22.262],[72.416,22.268],[72.416,22.285],[72.414,22.297],[72.411,22.299],[72.388,22.299],[72.383,22.3],[72.376,22.305],[72.372,22.317],[72.373,22.323],[72.379,22.336],[72.389,22.344],[72.398,22.346],[72.404,22.352],[72.399,22.355],[72.394,22.363],[72.388,22.366],[72.382,22.376],[72.377,22.373],[72.365,22.373],[72.361,22.375],[72.376,22.385],[72.382,22.385],[72.394,22.382],[72.399,22.369],[72.412,22.358],[72.412,22.35],[72.406,22.334],[72.402,22.328],[72.39,22.317],[72.389,22.31],[72.394,22.307],[72.405,22.31],[72.435,22.301],[72.445,22.287],[72.449,22.276],[72.458,22.26],[72.471,22.243],[72.471,22.239],[72.482,22.241],[72.491,22.246],[72.494,22.242],[72.491,22.23],[72.481,22.226],[72.485,22.223],[72.481,22.212],[72.474,22.201],[72.488,22.197],[72.492,22.203],[72.493,22.21],[72.503,22.22],[72.508,22.232],[72.52,22.24],[72.524,22.245],[72.523,22.262],[72.526,22.269],[72.54,22.28],[72.553,22.281],[72.548,22.276],[72.537,22.274],[72.535,22.26],[72.536,22.255],[72.533,22.252],[72.535,22.246],[72.541,22.248],[72.545,22.244],[72.557,22.259],[72.561,22.259],[72.561,22.25],[72.57,22.255],[72.573,22.255],[72.596,22.273],[72.602,22.275],[72.608,22.279],[72.63,22.284],[72.637,22.284],[72.656,22.279],[72.658,22.27],[72.675,22.25],[72.683,22.245],[72.692,22.237],[72.718,22.236],[72.735,22.234],[72.741,22.233],[72.756,22.231],[72.762,22.232],[72.782,22.245],[72.795,22.256],[72.806,22.261],[72.81,22.265],[72.827,22.273],[72.844,22.282],[72.853,22.282],[72.856,22.264],[72.859,22.255],[72.867,22.243],[72.883,22.242],[72.895,22.246],[72.904,22.252],[72.91,22.259],[72.912,22.269],[72.912,22.275],[72.916,22.278],[72.92,22.27],[72.92,22.261],[72.912,22.245],[72.899,22.232],[72.886,22.231],[72.878,22.224],[72.87,22.223],[72.848,22.237],[72.835,22.238],[72.826,22.241],[72.818,22.248],[72.809,22.246],[72.8,22.239],[72.782,22.213],[72.78,22.204],[72.774,22.194],[72.758,22.174],[72.748,22.173],[72.737,22.176],[72.727,22.182],[72.708,22.186],[72.7,22.185],[72.688,22.194],[72.677,22.2],[72.658,22.213],[72.648,22.217],[72.64,22.218],[72.614,22.217],[72.601,22.213],[72.583,22.202],[72.569,22.188],[72.554,22.164],[72.547,22.15],[72.538,22.12],[72.527,22.078],[72.518,22.03],[72.514,22.018],[72.507,21.994],[72.505,21.977],[72.503,21.959],[72.502,21.935],[72.506,21.925],[72.505,21.91],[72.508,21.898],[72.515,21.891],[72.517,21.879],[72.547,21.878],[72.55,21.88],[72.572,21.882],[72.582,21.886],[72.587,21.9],[72.585,21.907],[72.586,21.919],[72.589,21.923],[72.6,21.932],[72.613,21.944],[72.629,21.955],[72.637,21.954],[72.618,21.941],[72.614,21.939],[72.608,21.932],[72.608,21.928],[72.614,21.921],[72.625,21.914],[72.629,21.909],[72.622,21.9],[72.621,21.893],[72.623,21.887],[72.617,21.873],[72.617,21.869],[72.612,21.861],[72.602,21.855],[72.599,21.849],[72.579,21.827],[72.571,21.824],[72.561,21.807],[72.556,21.802],[72.552,21.792],[72.549,21.773],[72.544,21.758],[72.543,21.743],[72.54,21.736],[72.536,21.735],[72.53,21.729],[72.525,21.719],[72.52,21.713],[72.518,21.706],[72.523,21.696],[72.522,21.69],[72.524,21.68],[72.534,21.67],[72.536,21.666],[72.547,21.658],[72.559,21.659],[72.568,21.666],[72.59,21.675],[72.595,21.68],[72.608,21.682],[72.615,21.68],[72.632,21.679],[72.659,21.678],[72.664,21.682],[72.67,21.683],[72.681,21.68],[72.698,21.682],[72.711,21.678],[72.736,21.69],[72.742,21.689],[72.748,21.683],[72.751,21.677],[72.762,21.669],[72.78,21.663],[72.798,21.662],[72.814,21.666],[72.833,21.673],[72.835,21.669],[72.816,21.656],[72.806,21.651],[72.787,21.645],[72.771,21.646],[72.757,21.65],[72.752,21.65],[72.747,21.642],[72.723,21.639],[72.714,21.642],[72.71,21.648],[72.705,21.652],[72.696,21.648],[72.692,21.641],[72.673,21.628],[72.66,21.628],[72.652,21.623],[72.648,21.617],[72.638,21.62],[72.628,21.617],[72.626,21.609],[72.622,21.603],[72.621,21.597],[72.617,21.595],[72.608,21.583],[72.613,21.571],[72.613,21.557],[72.621,21.548],[72.631,21.539],[72.644,21.534],[72.642,21.526],[72.649,21.525],[72.654,21.528],[72.661,21.527],[72.671,21.537],[72.681,21.54],[72.688,21.537],[72.706,21.532],[72.719,21.537],[72.722,21.535],[72.7,21.527],[72.686,21.528],[72.674,21.52],[72.671,21.515],[72.671,21.503],[72.667,21.493],[72.665,21.48],[72.658,21.471],[72.655,21.468],[72.653,21.465],[72.652,21.46],[72.65,21.448],[72.643,21.441],[72.646,21.435],[72.662,21.442],[72.669,21.447],[72.68,21.448],[72.689,21.462],[72.69,21.462],[72.696,21.464],[72.695,21.464],[72.695,21.463],[72.694,21.462],[72.693,21.462],[72.688,21.454],[72.687,21.445],[72.68,21.433],[72.668,21.428],[72.667,21.428],[72.663,21.425],[72.656,21.415],[72.646,21.402],[72.639,21.396],[72.625,21.382],[72.623,21.375],[72.623,21.365],[72.631,21.365],[72.635,21.362],[72.623,21.355],[72.625,21.351],[72.616,21.338],[72.598,21.319],[72.593,21.312],[72.591,21.301],[72.589,21.298],[72.589,21.279],[72.599,21.278],[72.597,21.25],[72.6,21.247],[72.603,21.239],[72.611,21.229],[72.623,21.232],[72.64,21.224],[72.647,21.22],[72.639,21.217],[72.63,21.224],[72.622,21.223],[72.62,21.217],[72.621,21.207],[72.619,21.205],[72.618,21.188],[72.62,21.182],[72.62,21.154],[72.621,21.143],[72.625,21.138],[72.624,21.133],[72.625,21.123],[72.627,21.12],[72.623,21.115],[72.626,21.106],[72.626,21.09],[72.636,21.08],[72.645,21.081],[72.652,21.077],[72.655,21.085],[72.659,21.088],[72.657,21.099],[72.661,21.108],[72.658,21.117],[72.658,21.123],[72.661,21.125],[72.66,21.139],[72.662,21.148],[72.665,21.153],[72.671,21.158],[72.681,21.158],[72.692,21.155],[72.71,21.145],[72.716,21.141],[72.709,21.133],[72.707,21.127],[72.705,21.107],[72.7,21.101],[72.704,21.085],[72.704,21.078],[72.694,21.066],[72.7,21.061],[72.712,21.065],[72.729,21.066],[72.746,21.06],[72.752,21.055],[72.755,21.05],[72.726,21.053],[72.723,21.049],[72.723,21.034],[72.725,21.022],[72.728,21.006],[72.733,20.998],[72.735,20.995],[72.737,20.974],[72.745,20.954],[72.755,20.933],[72.756,20.931],[72.756,20.93],[72.765,20.92],[72.769,20.918],[72.774,20.923],[72.775,20.931],[72.773,20.934],[72.784,20.941],[72.807,20.953],[72.81,20.954],[72.825,20.956],[72.836,20.954],[72.845,20.949],[72.845,20.946],[72.84,20.944],[72.838,20.944],[72.828,20.95],[72.825,20.95],[72.815,20.944],[72.805,20.937],[72.802,20.936],[72.783,20.931],[72.783,20.9],[72.789,20.884],[72.792,20.877],[72.801,20.861],[72.807,20.847],[72.812,20.838],[72.817,20.819],[72.818,20.803],[72.824,20.792],[72.826,20.78],[72.835,20.768],[72.838,20.761],[72.836,20.749],[72.844,20.737],[72.85,20.71],[72.86,20.687],[72.863,20.677],[72.869,20.654],[72.883,20.61],[72.886,20.571],[72.884,20.562],[72.877,20.555],[72.873,20.548],[72.871,20.536],[72.873,20.506],[72.868,20.499],[72.858,20.49],[72.847,20.477],[72.826,20.451],[72.822,20.442],[72.819,20.43],[72.823,20.413],[72.815,20.409],[72.811,20.395],[72.804,20.377],[72.801,20.373],[72.784,20.364],[72.776,20.358],[72.759,20.331],[72.761,20.317],[72.759,20.308],[72.752,20.294],[72.749,20.278],[72.749,20.273],[72.738,20.246],[72.738,20.235],[72.743,20.229],[72.745,20.211],[72.748,20.21],[72.754,20.216],[72.768,20.217],[72.769,20.211],[72.76,20.211],[72.755,20.209],[72.752,20.204],[72.746,20.202],[72.743,20.197],[72.738,20.19],[72.737,20.171],[72.735,20.157],[72.73,20.141],[72.727,20.122],[72.721,20.103],[72.71,20.092],[72.704,20.081],[72.704,20.064],[72.711,20.047],[72.712,20.037],[72.719,20.041],[72.725,20.036],[72.724,20.029],[72.717,20.023],[72.715,20.016],[72.718,20.011],[72.72,20],[72.72,19.979],[72.728,19.984],[72.731,19.976],[72.738,19.979],[72.741,19.973],[72.747,19.972],[72.748,19.976],[72.752,19.981],[72.76,19.981],[72.768,19.967],[72.768,19.957],[72.759,19.958],[72.753,19.957],[72.755,19.949],[72.758,19.948],[72.766,19.95],[72.769,19.946],[72.77,19.939],[72.763,19.937],[72.762,19.93],[72.771,19.907],[72.773,19.897],[72.763,19.894],[72.757,19.884],[72.754,19.882],[72.754,19.903],[72.75,19.912],[72.744,19.911],[72.74,19.906],[72.735,19.91],[72.737,19.923],[72.73,19.923],[72.725,19.937],[72.72,19.943],[72.725,19.946],[72.724,19.952],[72.715,19.952],[72.711,19.954],[72.708,19.968],[72.699,19.962],[72.684,19.96],[72.682,19.951],[72.669,19.943],[72.655,19.945],[72.65,19.942],[72.651,19.936],[72.658,19.922],[72.663,19.918],[72.666,19.9],[72.671,19.889],[72.673,19.873],[72.667,19.864],[72.656,19.86],[72.652,19.863],[72.65,19.869],[72.644,19.869],[72.645,19.863],[72.643,19.851],[72.644,19.839],[72.655,19.812],[72.661,19.81],[72.665,19.822],[72.68,19.805],[72.684,19.806],[72.687,19.811],[72.699,19.81],[72.72,19.822],[72.723,19.819],[72.722,19.813],[72.713,19.802],[72.71,19.8],[72.687,19.794],[72.686,19.793],[72.687,19.774],[72.671,19.762],[72.671,19.751],[72.678,19.746],[72.675,19.731],[72.676,19.714],[72.685,19.717],[72.696,19.717],[72.706,19.707],[72.714,19.693],[72.714,19.687],[72.704,19.684],[72.698,19.68],[72.695,19.668],[72.695,19.657],[72.699,19.641],[72.705,19.63],[72.72,19.619],[72.721,19.602],[72.714,19.59],[72.71,19.567],[72.71,19.553],[72.715,19.535],[72.728,19.52],[72.73,19.513],[72.73,19.5],[72.743,19.493],[72.749,19.486],[72.746,19.464],[72.753,19.432],[72.756,19.417],[72.759,19.389],[72.754,19.382],[72.758,19.374],[72.766,19.363],[72.777,19.352],[72.79,19.337],[72.8,19.33],[72.794,19.304],[72.784,19.3],[72.783,19.278],[72.781,19.268],[72.782,19.258],[72.782,19.237],[72.779,19.216],[72.783,19.206],[72.784,19.195],[72.794,19.191],[72.794,19.177],[72.792,19.169],[72.781,19.16],[72.781,19.153],[72.787,19.148],[72.788,19.137],[72.784,19.125],[72.795,19.125],[72.8,19.137],[72.807,19.137],[72.808,19.133],[72.818,19.123],[72.82,19.126],[72.826,19.124],[72.827,19.112],[72.822,19.11],[72.823,19.091],[72.822,19.075],[72.817,19.064],[72.818,19.05],[72.816,19.039],[72.82,19.019],[72.813,19.014],[72.813,19.004],[72.808,18.98],[72.8,18.965],[72.788,18.945],[72.788,18.939],[72.794,18.938],[72.803,18.947],[72.81,18.951],[72.817,18.95],[72.822,18.943],[72.821,18.933],[72.812,18.921],[72.806,18.909],[72.808,18.896],[72.811,18.894],[72.84,18.845],[72.865,18.804],[72.862,18.794],[72.893,18.798],[72.995,18.755],[73.097,18.66],[73.214,18.579],[73.316,18.499],[73.382,18.433],[73.513,18.331],[73.71,18.214],[73.842,18.068],[73.995,17.856],[74.068,17.732],[74.149,17.601],[74.178,17.36],[74.178,17.228],[74.17,17.097],[74.083,16.995],[73.973,16.944],[73.827,16.936],[73.652,16.973],[73.506,17.031],[73.36,17.112],[73.249,17.21],[73.249,17.2],[73.239,17.2],[73.239,17.194],[73.25,17.189],[73.259,17.182],[73.263,17.165],[73.267,17.158],[73.275,17.151],[73.269,17.146],[73.27,17.136],[73.273,17.127],[73.274,17.12],[73.271,17.114],[73.282,17.111],[73.287,17.101],[73.293,17.08],[73.3,17.077],[73.31,17.078],[73.312,17.074],[73.302,17.068],[73.295,17.072],[73.292,17.071],[73.294,17.056],[73.289,17.053],[73.288,17.048],[73.28,17.04],[73.276,17.04],[73.265,17.049],[73.258,17.046],[73.26,17.034],[73.259,17.024],[73.261,17.018],[73.265,17.016],[73.275,17.023],[73.282,17.014],[73.284,17.002],[73.272,16.993],[73.273,16.985],[73.276,16.985],[73.283,16.991],[73.293,16.985],[73.306,16.98],[73.306,16.974],[73.311,16.974],[73.313,16.965],[73.32,16.962],[73.326,16.962],[73.334,16.968],[73.332,16.95],[73.32,16.955],[73.313,16.953],[73.308,16.957],[73.302,16.97],[73.295,16.975],[73.294,16.966],[73.29,16.954],[73.285,16.948],[73.288,16.941],[73.29,16.926],[73.282,16.893],[73.286,16.892],[73.306,16.895],[73.315,16.888],[73.313,16.886],[73.302,16.888],[73.294,16.885],[73.293,16.874],[73.295,16.863],[73.294,16.858],[73.293,16.834],[73.298,16.823],[73.305,16.81],[73.315,16.805],[73.318,16.797],[73.315,16.784],[73.309,16.776],[73.304,16.763],[73.303,16.754],[73.304,16.743],[73.312,16.716],[73.323,16.691],[73.328,16.688],[73.34,16.686],[73.346,16.684],[73.341,16.68],[73.331,16.68],[73.327,16.675],[73.331,16.664],[73.332,16.648],[73.325,16.639],[73.326,16.635],[73.335,16.636],[73.342,16.631],[73.342,16.626],[73.336,16.623],[73.335,16.619],[73.344,16.616],[73.353,16.621],[73.366,16.635],[73.37,16.636],[73.379,16.63],[73.392,16.627],[73.399,16.62],[73.399,16.615],[73.392,16.613],[73.386,16.603],[73.386,16.597],[73.401,16.59],[73.402,16.586],[73.379,16.594],[73.379,16.611],[73.369,16.624],[73.366,16.624],[73.358,16.616],[73.355,16.609],[73.345,16.611],[73.344,16.602],[73.354,16.597],[73.351,16.592],[73.331,16.603],[73.324,16.603],[73.32,16.599],[73.323,16.59],[73.326,16.583],[73.334,16.577],[73.344,16.575],[73.346,16.568],[73.341,16.561],[73.325,16.555],[73.315,16.539],[73.314,16.533],[73.319,16.513],[73.327,16.51],[73.334,16.479],[73.344,16.475],[73.344,16.467],[73.347,16.454],[73.354,16.442],[73.37,16.394],[73.378,16.392],[73.389,16.401],[73.402,16.4],[73.406,16.403],[73.41,16.41],[73.417,16.411],[73.437,16.41],[73.45,16.412],[73.444,16.406],[73.432,16.404],[73.417,16.403],[73.412,16.401],[73.402,16.39],[73.39,16.389],[73.372,16.383],[73.373,16.363],[73.382,16.358],[73.387,16.358],[73.395,16.366],[73.399,16.362],[73.408,16.36],[73.416,16.366],[73.42,16.363],[73.41,16.355],[73.402,16.354],[73.392,16.356],[73.39,16.351],[73.391,16.345],[73.386,16.339],[73.388,16.333],[73.394,16.327],[73.394,16.31],[73.406,16.295],[73.412,16.281],[73.42,16.253],[73.426,16.222],[73.432,16.201],[73.442,16.196],[73.443,16.188],[73.451,16.147],[73.459,16.114],[73.462,16.113],[73.46,16.135],[73.463,16.141],[73.465,16.154],[73.472,16.159],[73.469,16.144],[73.471,16.13],[73.469,16.117],[73.47,16.105],[73.474,16.096],[73.468,16.09],[73.467,16.08],[73.468,16.068],[73.458,16.065],[73.459,16.057],[73.468,16.054],[73.471,16.047],[73.483,16.042],[73.487,16.038],[73.495,16.005],[73.489,15.992],[73.488,15.975],[73.499,15.97],[73.5,15.962],[73.509,15.962],[73.506,15.953],[73.508,15.943],[73.512,15.939],[73.521,15.937],[73.53,15.932],[73.535,15.932],[73.539,15.937],[73.545,15.936],[73.557,15.926],[73.565,15.924],[73.575,15.913],[73.59,15.91],[73.594,15.902],[73.6,15.896],[73.612,15.876],[73.616,15.867],[73.618,15.853],[73.622,15.852],[73.629,15.856],[73.633,15.851],[73.636,15.836],[73.642,15.819],[73.646,15.811],[73.656,15.798],[73.665,15.774],[73.666,15.765],[73.674,15.759],[73.689,15.755],[73.68,15.752],[73.671,15.753],[73.662,15.752],[73.66,15.745],[73.673,15.737],[73.678,15.725],[73.687,15.723],[73.693,15.725],[73.7,15.721],[73.697,15.718],[73.69,15.717],[73.691,15.706],[73.694,15.697],[73.702,15.691],[73.711,15.663],[73.716,15.661],[73.715,15.65],[73.724,15.625],[73.729,15.622],[73.732,15.615],[73.743,15.625],[73.744,15.63],[73.749,15.634],[73.759,15.637],[73.767,15.633],[73.752,15.626],[73.753,15.617],[73.752,15.611],[73.744,15.604],[73.731,15.601],[73.731,15.596],[73.736,15.59],[73.741,15.569],[73.743,15.565],[73.748,15.562],[73.759,15.531],[73.765,15.5],[73.768,15.494],[73.777,15.49],[73.783,15.497],[73.788,15.499],[73.801,15.494],[73.806,15.494],[73.811,15.5],[73.814,15.506],[73.823,15.505],[73.828,15.508],[73.834,15.505],[73.833,15.5],[73.824,15.498],[73.817,15.493],[73.808,15.484],[73.806,15.474],[73.808,15.465],[73.804,15.462],[73.794,15.467],[73.788,15.466],[73.786,15.462],[73.804,15.455],[73.822,15.454],[73.84,15.448],[73.848,15.452],[73.858,15.443],[73.864,15.432],[73.881,15.429],[73.896,15.418],[73.908,15.417],[73.911,15.424],[73.919,15.425],[73.928,15.435],[73.934,15.436],[73.937,15.431],[73.927,15.421],[73.926,15.416],[73.941,15.408],[73.922,15.404],[73.914,15.403],[73.908,15.408],[73.9,15.408],[73.885,15.403],[73.881,15.4],[73.873,15.4],[73.86,15.407],[73.847,15.4],[73.844,15.401],[73.843,15.411],[73.834,15.41],[73.829,15.404],[73.824,15.41],[73.819,15.412],[73.813,15.399],[73.805,15.402],[73.801,15.406],[73.788,15.413],[73.784,15.411],[73.791,15.398],[73.801,15.396],[73.804,15.393],[73.81,15.38],[73.833,15.369],[73.843,15.36],[73.849,15.363],[73.858,15.363],[73.862,15.368],[73.87,15.37],[73.879,15.363],[73.892,15.338],[73.902,15.308],[73.915,15.258],[73.923,15.237],[73.931,15.207],[73.94,15.177],[73.947,15.146],[73.952,15.15],[73.951,15.157],[73.947,15.169],[73.949,15.176],[73.956,15.179],[73.959,15.174],[73.955,15.171],[73.957,15.162],[73.958,15.144],[73.949,15.136],[73.941,15.135],[73.938,15.132],[73.94,15.12],[73.931,15.111],[73.916,15.107],[73.917,15.102],[73.923,15.099],[73.921,15.093],[73.914,15.09],[73.914,15.085],[73.919,15.083],[73.928,15.085],[73.933,15.078],[73.94,15.076],[73.949,15.076],[73.953,15.071],[73.959,15.068],[73.963,15.069],[73.968,15.063],[73.97,15.056],[73.975,15.054],[73.981,15.056],[73.984,15.053],[73.982,15.046],[73.986,15.042],[73.987,15.035],[73.984,15.026],[73.997,15.018],[73.998,15.013],[74.004,15.009],[74.018,15.008],[74.027,14.999],[74.039,14.991],[74.046,14.987],[74.037,14.98],[74.044,14.965],[74.055,14.962],[74.047,14.951],[74.042,14.947],[74.044,14.926],[74.042,14.915],[74.055,14.912],[74.06,14.908],[74.067,14.907],[74.076,14.908],[74.082,14.904],[74.088,14.896],[74.097,14.893],[74.098,14.887],[74.097,14.88],[74.103,14.874],[74.107,14.866],[74.113,14.846],[74.121,14.838],[74.124,14.847],[74.129,14.848],[74.138,14.846],[74.142,14.851],[74.142,14.857],[74.154,14.858],[74.163,14.863],[74.166,14.872],[74.173,14.869],[74.176,14.872],[74.176,14.879],[74.181,14.881],[74.189,14.879],[74.193,14.883],[74.212,14.887],[74.207,14.879],[74.209,14.876],[74.221,14.872],[74.234,14.872],[74.249,14.876],[74.25,14.871],[74.239,14.862],[74.231,14.86],[74.227,14.86],[74.216,14.868],[74.205,14.867],[74.192,14.864],[74.182,14.857],[74.176,14.855],[74.179,14.845],[74.171,14.841],[74.171,14.829],[74.165,14.819],[74.157,14.813],[74.156,14.822],[74.158,14.831],[74.162,14.838],[74.156,14.84],[74.146,14.835],[74.136,14.833],[74.125,14.833],[74.125,14.818],[74.123,14.806],[74.115,14.799],[74.103,14.803],[74.095,14.803],[74.095,14.797],[74.106,14.794],[74.108,14.786],[74.12,14.783],[74.121,14.775],[74.124,14.773],[74.13,14.778],[74.136,14.778],[74.144,14.774],[74.152,14.765],[74.154,14.75],[74.159,14.751],[74.161,14.761],[74.163,14.766],[74.177,14.767],[74.176,14.762],[74.167,14.756],[74.167,14.752],[74.18,14.746],[74.183,14.739],[74.192,14.73],[74.195,14.724],[74.2,14.72],[74.207,14.721],[74.204,14.733],[74.225,14.736],[74.224,14.745],[74.228,14.747],[74.237,14.747],[74.246,14.74],[74.251,14.733],[74.263,14.722],[74.265,14.713],[74.256,14.706],[74.27,14.697],[74.276,14.689],[74.279,14.673],[74.275,14.669],[74.276,14.664],[74.286,14.663],[74.28,14.656],[74.285,14.64],[74.28,14.629],[74.272,14.629],[74.272,14.624],[74.279,14.619],[74.285,14.609],[74.297,14.604],[74.305,14.601],[74.311,14.604],[74.313,14.614],[74.317,14.616],[74.319,14.611],[74.33,14.612],[74.34,14.607],[74.346,14.609],[74.357,14.6],[74.364,14.598],[74.377,14.6],[74.391,14.604],[74.402,14.611],[74.414,14.617],[74.419,14.623],[74.426,14.622],[74.421,14.614],[74.412,14.607],[74.399,14.602],[74.39,14.594],[74.384,14.592],[74.374,14.593],[74.366,14.592],[74.351,14.596],[74.342,14.601],[74.329,14.603],[74.319,14.601],[74.314,14.596],[74.302,14.595],[74.295,14.592],[74.294,14.587],[74.299,14.581],[74.301,14.575],[74.305,14.571],[74.308,14.561],[74.314,14.551],[74.314,14.545],[74.309,14.538],[74.309,14.534],[74.313,14.527],[74.308,14.523],[74.315,14.518],[74.321,14.52],[74.331,14.514],[74.341,14.517],[74.352,14.525],[74.352,14.536],[74.36,14.548],[74.363,14.558],[74.37,14.557],[74.369,14.543],[74.378,14.541],[74.376,14.534],[74.379,14.53],[74.387,14.523],[74.393,14.508],[74.401,14.496],[74.408,14.487],[74.421,14.478],[74.434,14.474],[74.438,14.464],[74.435,14.462],[74.427,14.472],[74.422,14.473],[74.412,14.471],[74.41,14.465],[74.411,14.452],[74.408,14.448],[74.396,14.451],[74.39,14.45],[74.386,14.453],[74.386,14.459],[74.381,14.463],[74.381,14.474],[74.375,14.481],[74.375,14.485],[74.38,14.487],[74.378,14.494],[74.373,14.497],[74.373,14.502],[74.378,14.509],[74.378,14.515],[74.373,14.522],[74.364,14.521],[74.362,14.515],[74.357,14.511],[74.358,14.499],[74.362,14.487],[74.366,14.482],[74.375,14.464],[74.381,14.443],[74.385,14.424],[74.387,14.421],[74.403,14.419],[74.397,14.413],[74.397,14.408],[74.405,14.382],[74.406,14.375],[74.403,14.37],[74.408,14.35],[74.41,14.331],[74.414,14.312],[74.418,14.304],[74.426,14.281],[74.432,14.28],[74.427,14.293],[74.431,14.298],[74.436,14.288],[74.444,14.281],[74.449,14.28],[74.461,14.284],[74.469,14.292],[74.472,14.284],[74.479,14.284],[74.488,14.278],[74.491,14.264],[74.505,14.256],[74.512,14.249],[74.527,14.24],[74.516,14.24],[74.497,14.244],[74.477,14.253],[74.47,14.256],[74.463,14.254],[74.458,14.25],[74.453,14.253],[74.449,14.259],[74.435,14.267],[74.432,14.262],[74.438,14.253],[74.444,14.232],[74.446,14.224],[74.454,14.206],[74.462,14.202],[74.465,14.198],[74.469,14.183],[74.475,14.169],[74.478,14.153],[74.478,14.139],[74.484,14.12],[74.483,14.1],[74.49,14.084],[74.492,14.08],[74.498,14.063],[74.499,14.049],[74.501,14.041],[74.508,14.031],[74.513,14.036],[74.524,14.034],[74.524,14.025],[74.51,14.028],[74.506,14.026],[74.511,14.013],[74.512,14],[74.516,13.989],[74.523,13.979],[74.53,13.974],[74.538,13.973],[74.538,13.96],[74.549,13.953],[74.567,13.949],[74.575,13.94],[74.58,13.927],[74.587,13.92],[74.589,13.908],[74.598,13.878],[74.608,13.866],[74.626,13.859],[74.621,13.848],[74.607,13.859],[74.611,13.843],[74.614,13.835],[74.619,13.812],[74.628,13.779],[74.629,13.766],[74.631,13.749],[74.632,13.729],[74.64,13.713],[74.641,13.696],[74.643,13.688],[74.645,13.673],[74.65,13.663],[74.66,13.651],[74.663,13.643],[74.667,13.642],[74.669,13.649],[74.67,13.668],[74.672,13.68],[74.678,13.691],[74.677,13.7],[74.668,13.714],[74.679,13.706],[74.682,13.701],[74.699,13.696],[74.713,13.697],[74.692,13.689],[74.682,13.681],[74.68,13.675],[74.696,13.667],[74.703,13.674],[74.708,13.669],[74.7,13.66],[74.7,13.656],[74.705,13.652],[74.711,13.649],[74.729,13.647],[74.741,13.648],[74.754,13.644],[74.76,13.639],[74.756,13.633],[74.75,13.636],[74.739,13.637],[74.728,13.635],[74.712,13.639],[74.707,13.635],[74.721,13.625],[74.709,13.615],[74.695,13.619],[74.695,13.625],[74.698,13.63],[74.698,13.636],[74.694,13.639],[74.686,13.638],[74.681,13.635],[74.681,13.63],[74.685,13.622],[74.682,13.608],[74.677,13.611],[74.676,13.623],[74.673,13.63],[74.67,13.633],[74.664,13.631],[74.668,13.62],[74.669,13.611],[74.672,13.6],[74.675,13.568],[74.681,13.526],[74.682,13.502],[74.686,13.473],[74.689,13.463],[74.698,13.463],[74.701,13.445],[74.706,13.444],[74.712,13.456],[74.716,13.467],[74.733,13.476],[74.74,13.472],[74.739,13.465],[74.75,13.46],[74.746,13.454],[74.73,13.458],[74.724,13.459],[74.719,13.453],[74.717,13.441],[74.707,13.436],[74.707,13.426],[74.714,13.42],[74.724,13.416],[74.737,13.414],[74.74,13.41],[74.745,13.393],[74.743,13.387],[74.739,13.39],[74.732,13.403],[74.725,13.402],[74.718,13.404],[74.711,13.403],[74.705,13.412],[74.7,13.416],[74.696,13.424],[74.695,13.437],[74.692,13.448],[74.686,13.45],[74.686,13.442],[74.69,13.422],[74.694,13.398],[74.696,13.378],[74.695,13.358],[74.696,13.352],[74.7,13.349],[74.708,13.347],[74.718,13.335],[74.721,13.327],[74.725,13.321],[74.724,13.314],[74.725,13.305],[74.724,13.297],[74.726,13.291],[74.72,13.288],[74.719,13.312],[74.714,13.326],[74.703,13.344],[74.701,13.338],[74.706,13.328],[74.712,13.311],[74.714,13.288],[74.716,13.281],[74.724,13.265],[74.728,13.252],[74.739,13.204],[74.746,13.188],[74.749,13.186],[74.754,13.164],[74.756,13.149],[74.763,13.119],[74.766,13.091],[74.772,13.086],[74.774,13.09],[74.775,13.1],[74.778,13.103],[74.788,13.105],[74.789,13.097],[74.783,13.096],[74.779,13.09],[74.784,13.07],[74.782,13.058],[74.777,13.071],[74.772,13.07],[74.779,13.057],[74.782,13.054],[74.783,13.031],[74.79,13.005],[74.792,12.993],[74.799,12.959],[74.803,12.931],[74.805,12.911],[74.807,12.895],[74.81,12.886],[74.815,12.879],[74.822,12.857],[74.828,12.831],[74.846,12.793],[74.855,12.777],[74.86,12.773],[74.864,12.755],[74.879,12.729],[74.885,12.712],[74.89,12.707],[74.896,12.694],[74.907,12.668],[74.917,12.646],[74.92,12.636],[74.936,12.6],[74.945,12.577],[74.95,12.568],[74.96,12.54],[74.972,12.513],[74.981,12.488],[74.985,12.487],[74.991,12.492],[74.996,12.477],[74.994,12.468],[75.002,12.448],[75.014,12.426],[75.021,12.416],[75.024,12.411],[75.041,12.39],[75.049,12.375],[75.065,12.34],[75.072,12.328],[75.079,12.312],[75.081,12.31],[75.089,12.29],[75.09,12.289],[75.102,12.256],[75.105,12.246],[75.111,12.235],[75.122,12.208],[75.13,12.187],[75.136,12.175],[75.142,12.156],[75.155,12.128],[75.159,12.113],[75.165,12.099],[75.169,12.094],[75.178,12.074],[75.185,12.056],[75.202,12.018],[75.204,12.004],[75.208,12.002],[75.212,12.007],[75.223,12.013],[75.23,12.022],[75.236,12.023],[75.243,12.021],[75.249,12.016],[75.259,12.001],[75.265,11.993],[75.274,11.976],[75.288,11.958],[75.296,11.952],[75.301,11.956],[75.294,11.971],[75.29,11.977],[75.288,11.99],[75.293,11.989],[75.299,11.982],[75.304,11.971],[75.31,11.967],[75.311,11.975],[75.319,11.973],[75.321,11.958],[75.324,11.953],[75.333,11.949],[75.35,11.933],[75.35,11.927],[75.342,11.927],[75.333,11.934],[75.323,11.941],[75.314,11.943],[75.309,11.94],[75.311,11.93],[75.319,11.919],[75.323,11.907],[75.32,11.904],[75.322,11.898],[75.332,11.894],[75.337,11.89],[75.344,11.881],[75.349,11.875],[75.356,11.866],[75.358,11.854],[75.363,11.851],[75.369,11.852],[75.373,11.857],[75.384,11.86],[75.4,11.842],[75.41,11.835],[75.417,11.826],[75.422,11.815],[75.428,11.807],[75.439,11.797],[75.454,11.785],[75.461,11.774],[75.458,11.766],[75.464,11.764],[75.474,11.768],[75.481,11.758],[75.481,11.752],[75.511,11.728],[75.521,11.713],[75.531,11.704],[75.547,11.676],[75.557,11.653],[75.559,11.65],[75.569,11.623],[75.574,11.613],[75.581,11.59],[75.586,11.574],[75.597,11.547],[75.601,11.542],[75.604,11.533],[75.611,11.506],[75.621,11.476],[75.629,11.469],[75.633,11.462],[75.637,11.46],[75.646,11.463],[75.654,11.462],[75.669,11.455],[75.677,11.45],[75.689,11.439],[75.7,11.423],[75.709,11.402],[75.721,11.383],[75.729,11.368],[75.74,11.357],[75.74,11.353],[75.739,11.328],[75.744,11.321],[75.748,11.317],[75.752,11.305],[75.756,11.298],[75.761,11.283],[75.767,11.27],[75.774,11.25],[75.784,11.218],[75.792,11.197],[75.798,11.179],[75.803,11.169],[75.809,11.167],[75.815,11.172],[75.823,11.168],[75.824,11.159],[75.812,11.16],[75.81,11.154],[75.818,11.14],[75.822,11.137],[75.829,11.124],[75.834,11.113],[75.837,11.099],[75.846,11.073],[75.852,11.054],[75.86,11.015],[75.867,10.993],[75.868,10.973],[75.871,10.956],[75.878,10.93],[75.881,10.912],[75.889,10.876],[75.895,10.843],[75.897,10.828],[75.901,10.81],[75.902,10.803],[75.904,10.796],[75.909,10.793],[75.913,10.784],[75.916,10.775],[75.925,10.765],[75.932,10.745],[75.935,10.729],[75.948,10.705],[75.956,10.683],[75.961,10.678],[75.967,10.663],[75.991,10.608],[76.003,10.587],[76.011,10.572],[76.018,10.551],[76.026,10.532],[76.033,10.507],[76.039,10.507],[76.035,10.519],[76.035,10.527],[76.038,10.53],[76.048,10.532],[76.048,10.536],[76.04,10.553],[76.038,10.561],[76.041,10.566],[76.048,10.567],[76.05,10.562],[76.047,10.558],[76.049,10.549],[76.053,10.541],[76.066,10.535],[76.066,10.529],[76.062,10.527],[76.068,10.513],[76.055,10.527],[76.042,10.525],[76.04,10.519],[76.045,10.507],[76.055,10.491],[76.059,10.481],[76.053,10.482],[76.052,10.478],[76.062,10.465],[76.067,10.455],[76.074,10.435],[76.075,10.433],[76.091,10.399],[76.095,10.392],[76.105,10.364],[76.11,10.343],[76.121,10.315],[76.129,10.284],[76.134,10.264],[76.14,10.258],[76.141,10.25],[76.139,10.239],[76.14,10.233],[76.147,10.219],[76.155,10.199],[76.162,10.191],[76.167,10.189],[76.17,10.179],[76.168,10.175],[76.17,10.165],[76.176,10.154],[76.183,10.13],[76.185,10.118],[76.19,10.101],[76.194,10.083],[76.197,10.066],[76.202,10.049],[76.209,10.032],[76.215,10.022],[76.22,10.002],[76.228,9.993],[76.243,9.969],[76.241,9.954],[76.242,9.946],[76.247,9.929],[76.251,9.922],[76.258,9.902],[76.264,9.881],[76.272,9.837],[76.278,9.807],[76.285,9.753],[76.286,9.725],[76.29,9.672],[76.298,9.626],[76.306,9.597],[76.307,9.575],[76.309,9.564],[76.315,9.539],[76.319,9.504],[76.326,9.473],[76.33,9.455],[76.333,9.446],[76.337,9.422],[76.343,9.403],[76.349,9.384],[76.363,9.351],[76.365,9.35],[76.373,9.332],[76.384,9.315],[76.391,9.298],[76.401,9.273],[76.411,9.244],[76.421,9.221],[76.429,9.206],[76.436,9.187],[76.438,9.185],[76.448,9.161],[76.458,9.143],[76.465,9.119],[76.474,9.105],[76.482,9.096],[76.489,9.079],[76.491,9.077],[76.507,9.041],[76.515,9.018],[76.524,8.996],[76.53,8.975],[76.532,8.963],[76.535,8.951],[76.536,8.944],[76.542,8.931],[76.546,8.92],[76.547,8.906],[76.55,8.898],[76.554,8.891],[76.569,8.881],[76.579,8.884],[76.592,8.877],[76.603,8.868],[76.615,8.856],[76.623,8.845],[76.628,8.837],[76.645,8.818],[76.656,8.803],[76.672,8.79],[76.672,8.781],[76.68,8.775],[76.683,8.768],[76.694,8.756],[76.696,8.751],[76.713,8.731],[76.719,8.72],[76.73,8.708],[76.738,8.697],[76.742,8.693],[76.751,8.68],[76.766,8.661],[76.77,8.655],[76.795,8.629],[76.798,8.624],[76.805,8.616],[76.809,8.61],[76.824,8.59],[76.84,8.569],[76.848,8.561],[76.856,8.551],[76.863,8.538],[76.874,8.524],[76.878,8.52],[76.885,8.51],[76.892,8.5],[76.92,8.468],[76.931,8.457],[76.937,8.448],[76.954,8.432],[76.971,8.413],[76.973,8.394],[76.975,8.39],[76.983,8.38],[76.99,8.375],[76.999,8.378],[77.006,8.36],[77.013,8.357],[77.02,8.357],[77.048,8.333],[77.056,8.324],[77.079,8.307],[77.094,8.294],[77.1,8.291],[77.122,8.272],[77.128,8.266],[77.144,8.254],[77.168,8.241],[77.17,8.237],[77.187,8.22],[77.205,8.207],[77.223,8.198],[77.234,8.189],[77.239,8.178],[77.25,8.17],[77.277,8.164],[77.283,8.16],[77.3,8.147],[77.31,8.126],[77.318,8.121],[77.336,8.123],[77.341,8.125],[77.361,8.123],[77.374,8.115],[77.39,8.107],[77.399,8.105],[77.41,8.103],[77.422,8.099],[77.442,8.094],[77.455,8.089],[77.467,8.088],[77.492,8.083],[77.505,8.08],[77.528,8.081],[77.547,8.078],[77.556,8.079],[77.566,8.09],[77.559,8.103],[77.559,8.112],[77.563,8.122],[77.578,8.132],[77.589,8.141],[77.606,8.146],[77.635,8.152],[77.646,8.157],[77.655,8.159],[77.663,8.157],[77.673,8.156],[77.691,8.16],[77.677,8.188],[77.607,8.253],[77.588,8.3],[77.551,8.346],[77.5,8.416],[77.444,8.496],[77.392,8.566],[77.355,8.631],[77.313,8.696],[77.28,8.794],[77.267,8.855],[77.253,8.92],[77.248,8.971],[77.234,9.078],[77.229,9.158],[77.229,9.288],[77.211,9.405],[77.169,9.503],[77.169,9.698],[77.169,9.792],[77.197,9.866],[77.215,9.941],[77.267,10.015],[77.28,10.095],[77.285,10.202],[77.285,10.267],[77.304,10.328],[77.346,10.467],[77.369,10.551],[77.378,10.645],[77.406,10.747],[77.392,10.873],[77.374,10.943],[77.36,11.013],[77.313,11.129],[77.29,11.171],[77.253,11.223],[77.215,11.26],[77.103,11.353],[76.996,11.404],[76.903,11.442],[76.772,11.484],[76.67,11.53],[76.577,11.591],[76.446,11.656],[76.381,11.684],[76.325,11.721],[76.246,11.768],[76.157,11.824],[76.115,11.871],[75.971,11.973],[75.84,12.094],[75.807,12.146],[75.77,12.192],[75.668,12.318],[75.616,12.397],[75.546,12.462],[75.518,12.509],[75.467,12.602],[75.425,12.738],[75.341,12.896],[75.318,12.98],[75.299,13.064],[75.257,13.208],[75.202,13.344],[75.174,13.469],[75.146,13.563],[75.122,13.651],[75.09,13.758],[75.057,13.842],[75.043,13.926],[74.992,14.01],[74.973,14.052],[74.912,14.141],[74.875,14.187],[74.866,14.238],[74.843,14.304],[74.833,14.355],[74.796,14.448],[74.749,14.607],[74.707,14.686],[74.651,14.775],[74.6,14.83],[74.53,14.91],[74.493,14.966],[74.465,15.026],[74.432,15.133],[74.4,15.231],[74.386,15.381],[74.376,15.488],[74.381,15.558],[74.395,15.614],[74.404,15.688],[74.432,15.777],[74.474,15.865],[74.568,15.94],[74.647,16.005],[74.726,16.084],[74.777,16.154],[74.838,16.215],[74.959,16.359],[75.164,16.588],[75.281,16.69],[75.36,16.756],[75.444,16.872],[75.537,16.951],[75.621,17.035],[75.691,17.091],[75.789,17.203],[75.835,17.268],[75.957,17.385],[76.027,17.427],[76.078,17.478],[76.096,17.525],[76.213,17.623],[76.301,17.722],[76.364,17.809],[76.419,17.9],[76.451,17.948],[76.474,17.992],[76.49,18.058],[76.5,18.142],[76.506,18.21],[76.506,18.312],[76.453,18.407],[76.38,18.535],[76.32,18.58],[76.285,18.611],[76.243,18.642],[76.16,18.684],[76.112,18.713],[76.049,18.75],[75.905,18.852],[75.832,18.902],[75.73,18.955],[75.651,19.002],[75.58,19.052],[75.522,19.093],[75.467,19.128],[75.381,19.206],[75.315,19.29],[75.273,19.348],[75.229,19.395],[75.182,19.44],[75.119,19.505],[75.056,19.56],[75.022,19.605],[74.972,19.691],[74.953,19.725],[74.951,19.767],[74.93,19.817],[74.904,19.917],[74.875,19.995],[74.87,20.035],[74.87,20.066],[74.872,20.137],[74.87,20.284],[74.87,20.336],[74.901,20.517],[74.938,20.578],[74.961,20.614],[74.99,20.68],[75.029,20.722],[75.069,20.751],[75.113,20.79],[75.155,20.845],[75.218,20.913],[75.297,20.973],[75.355,20.992],[75.436,20.992],[75.58,20.997],[75.693,20.997],[75.785,21.018],[75.897,21.018],[76.039,21.018],[76.133,21.018],[76.299,21.023],[76.409,21.015],[76.511,21.008],[76.626,20.966],[76.715,20.953],[76.789,20.945],[76.928,20.945],[77.03,20.942],[77.148,20.942],[77.235,20.968],[77.413,21],[77.505,21.021],[77.615,21.044],[77.693,21.07],[77.738,21.091],[77.864,21.173],[78.024,21.27],[78.095,21.33],[78.171,21.406],[78.239,21.485],[78.281,21.542],[78.409,21.66],[78.58,21.776],[78.724,21.907],[78.813,22.009],[78.884,22.062],[78.963,22.114],[79.031,22.161],[79.149,22.277],[79.243,22.361],[79.343,22.416],[79.469,22.489],[79.602,22.549],[79.747,22.623],[79.865,22.675],[79.92,22.728],[80.003,22.77],[80.087,22.833],[80.184,22.872],[80.266,22.911],[80.413,22.971],[80.491,23.011],[80.578,23.034],[80.696,23.076],[80.829,23.105],[80.974,23.139],[81.102,23.155],[81.207,23.163],[81.33,23.163],[81.456,23.158],[81.632,23.126],[81.81,23.063],[82.007,22.958],[82.151,22.885],[82.295,22.806],[82.418,22.715],[82.536,22.628],[82.612,22.539],[82.704,22.489],[82.804,22.387],[82.94,22.274],[83.027,22.211],[83.132,22.111],[83.213,22.02],[83.302,21.936],[83.417,21.828],[83.486,21.731],[83.562,21.695],[83.64,21.655],[83.729,21.6],[83.845,21.516],[83.952,21.432],[84.068,21.362],[84.141,21.293],[84.193,21.257],[84.275,21.257],[84.351,21.244],[84.424,21.207],[84.503,21.157],[84.6,21.12],[84.644,21.073],[84.718,21.008],[84.797,20.968],[84.875,20.913],[84.938,20.882],[85.017,20.85],[85.074,20.8],[85.156,20.724],[85.198,20.698],[85.269,20.617],[85.3,20.554],[85.352,20.504],[85.415,20.444],[85.442,20.386],[85.473,20.289],[85.486,20.195],[85.486,20.093],[85.511,19.969],[85.535,19.878],[85.577,19.795],[85.577,19.691],[85.63,19.714],[85.644,19.724],[85.652,19.726],[85.667,19.736],[85.682,19.743],[85.696,19.751],[85.714,19.756],[85.741,19.766],[85.758,19.77],[85.77,19.775],[85.821,19.791],[85.839,19.795],[85.846,19.799],[85.866,19.804],[85.886,19.811],[85.898,19.817],[85.909,19.82],[85.933,19.825],[85.974,19.833],[85.994,19.835],[86.002,19.837],[86.028,19.839],[86.045,19.841],[86.058,19.846],[86.068,19.852],[86.076,19.853],[86.083,19.852],[86.092,19.854],[86.105,19.861],[86.113,19.862],[86.131,19.867],[86.142,19.871],[86.167,19.878],[86.197,19.883],[86.212,19.888],[86.229,19.895],[86.231,19.902],[86.221,19.909],[86.223,19.925],[86.226,19.931],[86.232,19.933],[86.246,19.923],[86.242,19.911],[86.246,19.908],[86.256,19.912],[86.264,19.919],[86.27,19.924],[86.299,19.934],[86.333,19.942],[86.343,19.943],[86.351,19.946],[86.367,19.948],[86.375,19.952],[86.378,19.955],[86.371,19.959],[86.368,19.975],[86.379,19.982],[86.38,19.995],[86.382,20.001],[86.389,20.004],[86.4,19.999],[86.407,20.006],[86.415,20.028],[86.426,20.045],[86.429,20.053],[86.438,20.057],[86.443,20.052],[86.447,20.056],[86.45,20.064],[86.462,20.077],[86.48,20.092],[86.49,20.107],[86.498,20.122],[86.504,20.129],[86.509,20.139],[86.527,20.168],[86.535,20.177],[86.543,20.184],[86.555,20.192],[86.582,20.209],[86.586,20.215],[86.597,20.22],[86.608,20.227],[86.625,20.236],[86.633,20.239],[86.646,20.246],[86.654,20.249],[86.674,20.258],[86.673,20.268],[86.693,20.274],[86.739,20.298],[86.757,20.308],[86.784,20.326],[86.783,20.338],[86.778,20.344],[86.782,20.347],[86.78,20.359],[86.782,20.365],[86.781,20.372],[86.774,20.374],[86.781,20.381],[86.781,20.385],[86.774,20.39],[86.766,20.389],[86.751,20.379],[86.745,20.38],[86.747,20.39],[86.741,20.396],[86.735,20.394],[86.732,20.381],[86.727,20.377],[86.722,20.388],[86.715,20.392],[86.712,20.399],[86.716,20.401],[86.721,20.397],[86.73,20.401],[86.733,20.411],[86.734,20.424],[86.733,20.441],[86.739,20.46],[86.737,20.465],[86.727,20.475],[86.727,20.482],[86.735,20.482],[86.74,20.477],[86.749,20.472],[86.751,20.474],[86.757,20.488],[86.76,20.493],[86.757,20.502],[86.754,20.515],[86.761,20.515],[86.763,20.507],[86.77,20.505],[86.778,20.519],[86.787,20.529],[86.823,20.556],[86.856,20.574],[86.879,20.591],[86.892,20.601],[86.902,20.607],[86.914,20.618],[86.919,20.621],[86.932,20.632],[86.942,20.638],[86.945,20.638],[86.954,20.645],[86.975,20.658],[86.987,20.666],[87.015,20.683],[87.029,20.694],[87.037,20.701],[87.056,20.711],[87.054,20.715],[87.042,20.71],[87.023,20.698],[87.015,20.694],[87.007,20.695],[86.998,20.699],[86.978,20.697],[86.966,20.688],[86.962,20.692],[86.965,20.696],[86.972,20.699],[86.969,20.706],[86.94,20.706],[86.929,20.703],[86.91,20.706],[86.904,20.711],[86.912,20.715],[86.928,20.714],[86.934,20.716],[86.944,20.717],[86.974,20.712],[86.998,20.71],[87.007,20.713],[87.01,20.72],[87.01,20.727],[87.006,20.737],[87,20.746],[86.999,20.763],[86.994,20.769],[86.985,20.772],[86.951,20.763],[86.942,20.766],[86.922,20.766],[86.905,20.762],[86.898,20.763],[86.881,20.773],[86.857,20.773],[86.846,20.767],[86.831,20.755],[86.829,20.752],[86.823,20.732],[86.814,20.73],[86.802,20.734],[86.798,20.738],[86.795,20.75],[86.798,20.755],[86.807,20.755],[86.815,20.752],[86.82,20.757],[86.82,20.765],[86.823,20.769],[86.833,20.776],[86.743,20.787],[86.656,20.802],[86.568,20.809],[86.364,20.853],[86.247,20.86],[86.064,20.904],[85.845,20.962],[85.604,21.057],[85.385,21.108],[85.137,21.167],[84.867,21.24],[84.553,21.349],[84.334,21.444],[84.166,21.583],[83.983,21.758],[83.844,21.853],[83.713,21.919],[83.589,22.079],[83.508,22.218],[83.406,22.364],[83.319,22.532],[83.238,22.686],[83.158,22.81],[83.158,22.934],[83.187,23.08],[83.275,23.233],[83.362,23.35],[83.479,23.467],[83.625,23.62],[83.793,23.693],[83.859,23.737],[83.976,23.759],[84.085,23.759],[84.224,23.759],[84.428,23.759],[84.538,23.759],[84.75,23.759],[84.983,23.759],[85.217,23.715],[85.349,23.715],[85.473,23.679],[85.67,23.664],[85.809,23.642],[85.925,23.62],[86.072,23.598],[86.174,23.555],[86.327,23.489],[86.473,23.46],[86.634,23.387],[86.729,23.321],[86.787,23.248],[86.853,23.168],[86.875,23.036],[86.948,22.817],[86.984,22.642],[87.028,22.518],[87.028,22.408],[87.021,22.306],[87.021,22.167],[87.028,21.985],[87.043,21.773],[87.065,21.649],[87.129,21.495],[87.15,21.508],[87.161,21.512],[87.19,21.524],[87.205,21.53],[87.223,21.535],[87.238,21.537],[87.267,21.539],[87.275,21.538],[87.294,21.54],[87.305,21.539],[87.32,21.541],[87.329,21.54],[87.361,21.541],[87.371,21.539],[87.388,21.532],[87.397,21.532],[87.398,21.539],[87.395,21.542],[87.376,21.556],[87.373,21.563],[87.359,21.568],[87.346,21.569],[87.338,21.572],[87.338,21.576],[87.347,21.58],[87.357,21.576],[87.374,21.576],[87.384,21.573],[87.395,21.565],[87.403,21.548],[87.41,21.545],[87.417,21.549],[87.427,21.572],[87.438,21.581],[87.448,21.587],[87.474,21.6],[87.502,21.604],[87.509,21.604],[87.534,21.608],[87.551,21.611],[87.558,21.614],[87.564,21.621],[87.574,21.617],[87.585,21.62],[87.605,21.622],[87.611,21.624],[87.633,21.627],[87.655,21.632],[87.667,21.632],[87.696,21.641],[87.707,21.645],[87.731,21.658],[87.744,21.668],[87.752,21.676],[87.754,21.681],[87.759,21.684],[87.765,21.681],[87.785,21.687],[87.814,21.701],[87.837,21.716],[87.844,21.724],[87.852,21.73],[87.87,21.746],[87.875,21.754],[87.897,21.774],[87.897,21.782],[87.91,21.785],[87.926,21.795],[87.941,21.807],[87.961,21.826],[87.964,21.832],[87.976,21.845],[87.975,21.85],[87.98,21.858],[87.983,21.866],[87.992,21.885],[88.004,21.904],[88.011,21.92],[88.013,21.928],[88.02,21.945],[88.021,21.95],[88.031,21.968],[88.036,21.981],[88.046,22],[88.052,22.007],[88.053,22.013],[88.032,22.025],[88.018,22.04],[88.014,22.064],[88.011,22.07],[87.991,22.087],[87.982,22.099],[87.97,22.094],[87.96,22.096],[87.959,22.1],[87.963,22.103],[87.985,22.105],[87.992,22.103],[87.998,22.09],[88.009,22.084],[88.028,22.068],[88.034,22.061],[88.028,22.053],[88.027,22.048],[88.038,22.035],[88.062,22.013],[88.079,22.021],[88.083,22.021],[88.113,22.042],[88.129,22.051],[88.149,22.06],[88.167,22.074],[88.178,22.085],[88.189,22.099],[88.194,22.111],[88.191,22.116],[88.174,22.134],[88.167,22.144],[88.16,22.151],[88.146,22.168],[88.142,22.178],[88.135,22.185],[88.117,22.188],[88.106,22.192],[88.093,22.19],[88.085,22.187],[88.073,22.187],[88.065,22.19],[88.059,22.195],[88.05,22.205],[88.035,22.209],[88.03,22.208],[88.027,22.202],[88.018,22.2],[88.007,22.202],[88.001,22.206],[87.99,22.209],[87.981,22.216],[87.975,22.222],[87.971,22.237],[87.959,22.244],[87.94,22.26],[87.937,22.265],[87.935,22.285],[87.936,22.299],[87.933,22.314],[87.944,22.325],[87.947,22.333],[87.947,22.34],[87.941,22.359],[87.943,22.364],[87.93,22.404],[87.917,22.416],[87.912,22.422],[87.9,22.421],[87.894,22.424],[87.881,22.438],[87.883,22.441],[87.894,22.435],[87.921,22.436],[87.927,22.429],[87.927,22.42],[87.942,22.407],[87.947,22.405],[87.949,22.399],[87.949,22.391],[87.95,22.383],[87.955,22.37],[87.958,22.348],[87.957,22.317],[87.96,22.305],[87.959,22.285],[87.96,22.28],[87.978,22.255],[87.984,22.246],[87.994,22.239],[88.015,22.228],[88.023,22.226],[88.026,22.223],[88.049,22.22],[88.065,22.236],[88.075,22.253],[88.076,22.272],[88.079,22.284],[88.089,22.303],[88.099,22.302],[88.105,22.304],[88.105,22.296],[88.1,22.282],[88.092,22.27],[88.089,22.263],[88.088,22.248],[88.083,22.231],[88.07,22.216],[88.073,22.21],[88.087,22.208],[88.095,22.209],[88.117,22.209],[88.129,22.203],[88.139,22.202],[88.152,22.199],[88.164,22.198],[88.173,22.195],[88.189,22.268],[88.245,22.347],[88.282,22.398],[88.338,22.463],[88.403,22.566],[88.455,22.636],[88.511,22.748],[88.557,22.846],[88.613,22.92],[88.669,22.972],[88.706,23],[88.781,23.06],[88.874,23.092],[88.873,23.099],[88.885,23.102],[88.889,23.108],[88.894,23.106],[88.9,23.109],[88.908,23.118],[88.911,23.124],[88.921,23.127],[88.924,23.13],[88.926,23.142],[88.934,23.141],[88.934,23.155],[88.941,23.172],[88.958,23.18],[88.965,23.192],[88.972,23.195],[88.985,23.185],[88.985,23.193],[88.993,23.201],[88.991,23.209],[88.997,23.212],[88.993,23.22],[88.983,23.225],[88.979,23.223],[88.971,23.214],[88.96,23.21],[88.955,23.205],[88.943,23.208],[88.933,23.214],[88.927,23.215],[88.922,23.211],[88.917,23.213],[88.922,23.223],[88.922,23.228],[88.917,23.232],[88.905,23.23],[88.884,23.229],[88.87,23.232],[88.86,23.23],[88.856,23.227],[88.845,23.233],[88.844,23.238],[88.838,23.24],[88.834,23.237],[88.827,23.24],[88.834,23.247],[88.824,23.249],[88.821,23.253],[88.812,23.252],[88.811,23.241],[88.814,23.23],[88.818,23.225],[88.817,23.219],[88.804,23.218],[88.789,23.22],[88.781,23.226],[88.78,23.235],[88.771,23.242],[88.761,23.237],[88.75,23.24],[88.735,23.25],[88.724,23.255],[88.723,23.264],[88.727,23.266],[88.727,23.272],[88.719,23.276],[88.712,23.29],[88.703,23.292],[88.7,23.295],[88.703,23.304],[88.713,23.311],[88.718,23.303],[88.724,23.301],[88.729,23.303],[88.731,23.312],[88.73,23.319],[88.736,23.318],[88.739,23.311],[88.747,23.309],[88.749,23.312],[88.75,23.32],[88.74,23.331],[88.741,23.341],[88.738,23.344],[88.738,23.351],[88.751,23.353],[88.753,23.36],[88.761,23.361],[88.766,23.364],[88.766,23.37],[88.762,23.382],[88.757,23.39],[88.756,23.4],[88.762,23.404],[88.764,23.412],[88.761,23.421],[88.764,23.426],[88.768,23.444],[88.773,23.446],[88.778,23.44],[88.784,23.439],[88.787,23.442],[88.793,23.443],[88.792,23.467],[88.794,23.473],[88.801,23.478],[88.803,23.483],[88.799,23.488],[88.802,23.491],[88.8,23.499],[88.79,23.498],[88.783,23.5],[88.774,23.495],[88.776,23.487],[88.774,23.482],[88.766,23.487],[88.76,23.488],[88.758,23.48],[88.746,23.483],[88.743,23.493],[88.734,23.499],[88.731,23.511],[88.722,23.51],[88.716,23.512],[88.712,23.516],[88.699,23.52],[88.696,23.528],[88.69,23.531],[88.688,23.541],[88.678,23.548],[88.665,23.552],[88.659,23.56],[88.656,23.568],[88.652,23.586],[88.645,23.59],[88.643,23.599],[88.649,23.604],[88.647,23.611],[88.631,23.608],[88.624,23.605],[88.611,23.603],[88.606,23.6],[88.603,23.606],[88.591,23.602],[88.585,23.603],[88.585,23.609],[88.594,23.617],[88.597,23.629],[88.597,23.637],[88.593,23.64],[88.582,23.638],[88.566,23.642],[88.565,23.648],[88.572,23.66],[88.573,23.668],[88.578,23.672],[88.573,23.693],[88.57,23.706],[88.568,23.717],[88.575,23.727],[88.578,23.738],[88.578,23.751],[88.582,23.759],[88.583,23.767],[88.577,23.775],[88.564,23.783],[88.567,23.789],[88.579,23.788],[88.585,23.791],[88.586,23.798],[88.596,23.802],[88.596,23.806],[88.59,23.814],[88.6,23.816],[88.605,23.819],[88.603,23.824],[88.595,23.828],[88.591,23.836],[88.592,23.847],[88.59,23.853],[88.579,23.856],[88.58,23.862],[88.585,23.864],[88.589,23.87],[88.596,23.872],[88.604,23.867],[88.611,23.869],[88.615,23.875],[88.622,23.877],[88.626,23.875],[88.63,23.865],[88.637,23.863],[88.649,23.87],[88.662,23.87],[88.668,23.874],[88.668,23.883],[88.671,23.886],[88.683,23.888],[88.689,23.891],[88.696,23.901],[88.707,23.901],[88.708,23.907],[88.704,23.911],[88.708,23.916],[88.725,23.917],[88.735,23.915],[88.737,23.916],[88.737,23.931],[88.746,23.936],[88.743,23.946],[88.744,23.955],[88.737,23.962],[88.739,23.967],[88.738,23.979],[88.745,23.986],[88.759,23.988],[88.773,23.984],[88.775,23.989],[88.769,23.996],[88.766,24.007],[88.762,24.01],[88.749,24.005],[88.734,23.996],[88.731,23.996],[88.733,24.007],[88.741,24.015],[88.741,24.025],[88.743,24.036],[88.739,24.048],[88.73,24.051],[88.727,24.054],[88.74,24.057],[88.739,24.065],[88.735,24.064],[88.726,24.067],[88.728,24.079],[88.729,24.097],[88.725,24.101],[88.714,24.1],[88.708,24.096],[88.702,24.099],[88.702,24.109],[88.699,24.115],[88.701,24.12],[88.714,24.121],[88.732,24.128],[88.738,24.135],[88.748,24.138],[88.749,24.146],[88.747,24.153],[88.735,24.168],[88.734,24.172],[88.736,24.187],[88.736,24.224],[88.737,24.234],[88.742,24.262],[88.741,24.269],[88.735,24.285],[88.731,24.289],[88.727,24.298],[88.712,24.308],[88.704,24.311],[88.687,24.314],[88.675,24.315],[88.66,24.313],[88.655,24.307],[88.65,24.309],[88.641,24.306],[88.63,24.309],[88.628,24.315],[88.612,24.316],[88.606,24.309],[88.595,24.311],[88.588,24.316],[88.584,24.325],[88.573,24.323],[88.567,24.304],[88.561,24.298],[88.556,24.298],[88.551,24.303],[88.546,24.318],[88.543,24.325],[88.533,24.335],[88.531,24.339],[88.524,24.344],[88.508,24.345],[88.499,24.35],[88.495,24.354],[88.477,24.36],[88.453,24.373],[88.437,24.379],[88.427,24.38],[88.404,24.376],[88.392,24.372],[88.376,24.37],[88.354,24.373],[88.343,24.378],[88.306,24.405],[88.286,24.424],[88.277,24.437],[88.27,24.442],[88.249,24.449],[88.243,24.452],[88.234,24.453],[88.215,24.454],[88.206,24.457],[88.195,24.465],[88.19,24.475],[88.178,24.491],[88.166,24.5],[88.147,24.507],[88.128,24.522],[88.122,24.529],[88.116,24.533],[88.103,24.547],[88.102,24.55],[88.088,24.568],[88.082,24.58],[88.07,24.599],[88.068,24.605],[88.062,24.617],[88.052,24.631],[88.035,24.647],[88.017,24.659],[88.014,24.664],[88.014,24.67],[88.02,24.679],[88.024,24.682],[88.031,24.69],[88.045,24.698],[88.048,24.705],[88.063,24.716],[88.068,24.722],[88.074,24.735],[88.071,24.745],[88.072,24.751],[88.071,24.769],[88.081,24.77],[88.097,24.779],[88.105,24.779],[88.109,24.783],[88.108,24.791],[88.117,24.813],[88.118,24.819],[88.123,24.819],[88.129,24.822],[88.13,24.811],[88.133,24.804],[88.14,24.802],[88.141,24.817],[88.135,24.83],[88.137,24.833],[88.143,24.831],[88.144,24.839],[88.148,24.843],[88.146,24.851],[88.153,24.853],[88.162,24.85],[88.166,24.852],[88.168,24.858],[88.175,24.858],[88.176,24.863],[88.165,24.867],[88.162,24.873],[88.167,24.877],[88.167,24.881],[88.159,24.887],[88.16,24.892],[88.17,24.89],[88.169,24.898],[88.148,24.919],[88.143,24.926],[88.143,24.931],[88.156,24.932],[88.163,24.935],[88.167,24.941],[88.176,24.945],[88.188,24.947],[88.199,24.953],[88.174,25],[88.077,25.042],[87.974,25.042],[87.867,25.038],[87.727,24.977],[87.615,24.926],[87.485,24.86],[87.382,24.823],[87.284,24.791],[87.116,24.73],[86.93,24.679],[86.799,24.679],[86.669,24.688],[86.543,24.693],[86.426,24.697],[86.282,24.725],[86.119,24.753],[85.97,24.777],[85.881,24.791],[85.727,24.837],[85.569,24.926],[85.415,24.996],[85.196,25.103],[85.056,25.177],[84.958,25.271],[84.888,25.378],[84.814,25.466],[84.739,25.522],[84.646,25.625],[84.581,25.714],[84.506,25.797],[84.408,25.919],[84.301,26.03],[84.198,26.096],[84.105,26.17],[84.04,26.24],[83.928,26.31],[83.807,26.394],[83.709,26.473],[83.578,26.543],[83.462,26.59],[83.345,26.613],[83.247,26.646],[83.159,26.697],[83.089,26.739],[82.935,26.837],[82.795,26.911],[82.683,26.944],[82.604,26.967],[82.525,26.986],[82.385,27.075],[82.227,27.149],[82.082,27.228],[81.947,27.303],[81.849,27.331],[81.723,27.401],[81.63,27.466],[81.467,27.601],[81.383,27.676],[81.243,27.746],[81.122,27.797],[80.959,27.909],[80.814,27.993],[80.679,28.063],[80.558,28.1],[80.413,28.179],[80.283,28.212],[80.194,28.226],[80.059,28.245],[79.98,28.245],[79.798,28.245],[79.653,28.245],[79.532,28.24],[79.392,28.221],[79.257,28.165],[79.113,28.109],[78.987,28.091],[78.87,28.049],[78.712,27.979],[78.591,27.886],[78.516,27.806],[78.437,27.732],[78.344,27.671],[78.241,27.611],[78.157,27.531],[78.078,27.471],[77.971,27.41],[77.821,27.35],[77.649,27.28],[77.556,27.252],[77.467,27.252],[77.271,27.252],[77.192,27.266],[77.09,27.298],[76.964,27.378],[76.885,27.438],[76.838,27.49],[76.754,27.573],[76.665,27.681],[76.628,27.802],[76.61,27.9],[76.61,28.007],[76.614,28.114],[76.619,28.179],[76.633,28.226],[76.675,28.31],[76.712,28.38],[76.787,28.548],[76.805,28.594],[76.885,28.715],[76.95,28.785],[76.992,28.827],[77.076,28.893],[77.141,28.967],[77.178,29.018],[77.229,29.084],[77.257,29.126],[77.29,29.172],[77.402,29.265],[77.453,29.363],[77.467,29.447],[77.458,29.531],[77.444,29.61],[77.411,29.722],[77.374,29.839],[77.299,29.946],[77.211,30.03],[77.057,30.137],[76.964,30.193],[76.852,30.258],[76.721,30.3],[76.656,30.31],[76.54,30.352],[76.423,30.394],[76.358,30.431],[76.269,30.449],[76.148,30.482],[76.041,30.566],[75.938,30.65],[75.859,30.715],[75.766,30.78],[75.654,30.86],[75.542,30.92],[75.407,31],[75.262,31.079],[75.137,31.172],[75.015,31.298],[74.945,31.372],[74.857,31.447],[74.773,31.512],[74.689,31.615],[74.624,31.685],[74.563,31.745],[74.554,31.753]]],[[[82.426,17.144],[82.376,17.194],[82.29,17.235],[82.192,17.255],[82.04,17.292],[81.933,17.313],[81.851,17.321],[81.731,17.358],[81.608,17.403],[81.464,17.457],[81.354,17.518],[81.206,17.613],[81.107,17.67],[80.996,17.748],[80.918,17.826],[80.852,17.937],[80.766,18.11],[80.709,18.204],[80.659,18.303],[80.622,18.405],[80.598,18.496],[80.553,18.611],[80.503,18.705],[80.442,18.833],[80.405,18.886],[80.36,18.993],[80.331,19.03],[80.314,19.087],[80.273,19.165],[80.224,19.272],[80.166,19.408],[80.06,19.551],[80.006,19.666],[79.912,19.777],[79.826,19.888],[79.711,19.987],[79.665,20.036],[79.563,20.073],[79.468,20.085],[79.304,20.085],[79.205,20.081],[79.135,20.065],[79.066,20.028],[79,19.966],[78.955,19.896],[78.91,19.835],[78.856,19.736],[78.848,19.617],[78.86,19.519],[78.877,19.395],[78.901,19.33],[78.942,19.268],[79.02,19.149],[79.066,19.1],[79.123,19.042],[79.189,18.972],[79.226,18.927],[79.267,18.89],[79.333,18.824],[79.402,18.734],[79.448,18.656],[79.485,18.611],[79.534,18.529],[79.563,18.467],[79.583,18.397],[79.657,18.229],[79.69,18.175],[79.731,18.11],[79.821,17.917],[79.821,17.847],[79.858,17.736],[79.871,17.674],[79.908,17.58],[79.928,17.53],[79.957,17.473],[79.986,17.407],[80.014,17.321],[80.035,17.198],[80.043,17.12],[80.035,17.038],[80.031,16.955],[80.031,16.836],[80.035,16.758],[80.023,16.684],[80.006,16.532],[80.002,16.458],[79.994,16.364],[79.977,16.257],[79.973,16.187],[79.965,15.998],[79.949,15.904],[79.949,15.83],[79.924,15.735],[79.916,15.666],[79.875,15.604],[79.867,15.559],[79.842,15.497],[79.768,15.292],[79.739,15.247],[79.674,15.152],[79.657,15.054],[79.641,15.017],[79.616,14.967],[79.571,14.914],[79.522,14.828],[79.468,14.704],[79.419,14.61],[79.386,14.515],[79.345,14.413],[79.316,14.335],[79.287,14.273],[79.197,14.125],[79.131,14.023],[79.086,13.944],[79.041,13.834],[78.975,13.719],[78.901,13.608],[78.836,13.484],[78.753,13.287],[78.733,13.176],[78.643,13.024],[78.618,12.963],[78.569,12.881],[78.499,12.798],[78.439,12.701],[78.38,12.607],[78.293,12.468],[78.154,12.271],[78.074,12.132],[78.052,11.949],[78.008,11.811],[77.993,11.679],[78.001,11.577],[78.001,11.46],[78.037,11.402],[78.096,11.365],[78.212,11.372],[78.3,11.402],[78.38,11.482],[78.453,11.562],[78.534,11.657],[78.585,11.745],[78.651,11.825],[78.738,11.927],[78.855,12.081],[78.965,12.249],[79.074,12.329],[79.227,12.431],[79.395,12.519],[79.622,12.577],[79.775,12.621],[80.023,12.643],[80.208,12.642],[80.222,12.682],[80.226,12.698],[80.232,12.71],[80.237,12.726],[80.246,12.75],[80.254,12.767],[80.256,12.781],[80.252,12.79],[80.247,12.793],[80.247,12.801],[80.251,12.84],[80.252,12.878],[80.26,12.937],[80.264,12.949],[80.265,12.958],[80.271,12.981],[80.273,12.995],[80.279,13.013],[80.28,13.024],[80.283,13.034],[80.285,13.055],[80.291,13.072],[80.301,13.084],[80.306,13.095],[80.306,13.099],[80.301,13.102],[80.3,13.114],[80.298,13.119],[80.299,13.132],[80.308,13.152],[80.31,13.164],[80.315,13.178],[80.323,13.207],[80.333,13.245],[80.342,13.27],[80.346,13.293],[80.346,13.312],[80.341,13.351],[80.337,13.369],[80.333,13.402],[80.333,13.409],[80.33,13.427],[80.329,13.438],[80.324,13.435],[80.326,13.42],[80.327,13.413],[80.328,13.385],[80.325,13.383],[80.32,13.388],[80.306,13.397],[80.295,13.399],[80.289,13.403],[80.287,13.411],[80.292,13.413],[80.291,13.421],[80.284,13.427],[80.284,13.431],[80.287,13.44],[80.292,13.44],[80.298,13.435],[80.311,13.432],[80.312,13.444],[80.31,13.449],[80.318,13.452],[80.318,13.458],[80.313,13.462],[80.309,13.468],[80.302,13.476],[80.293,13.498],[80.29,13.512],[80.284,13.534],[80.274,13.557],[80.256,13.59],[80.244,13.619],[80.241,13.635],[80.237,13.656],[80.236,13.683],[80.24,13.716],[80.244,13.73],[80.246,13.751],[80.248,13.759],[80.249,13.788],[80.245,13.805],[80.239,13.808],[80.24,13.816],[80.239,13.826],[80.224,13.86],[80.216,13.874],[80.207,13.899],[80.2,13.913],[80.185,13.953],[80.174,13.982],[80.169,13.992],[80.159,13.993],[80.156,14.002],[80.151,14.01],[80.144,14.018],[80.146,14.023],[80.154,14.024],[80.145,14.056],[80.141,14.08],[80.137,14.104],[80.13,14.136],[80.129,14.149],[80.129,14.184],[80.133,14.211],[80.137,14.237],[80.131,14.241],[80.125,14.24],[80.127,14.247],[80.137,14.247],[80.146,14.254],[80.144,14.267],[80.147,14.284],[80.151,14.299],[80.163,14.322],[80.169,14.34],[80.173,14.347],[80.174,14.36],[80.173,14.374],[80.174,14.384],[80.179,14.441],[80.179,14.457],[80.182,14.48],[80.187,14.514],[80.188,14.533],[80.191,14.55],[80.195,14.564],[80.189,14.567],[80.171,14.567],[80.162,14.562],[80.143,14.556],[80.13,14.546],[80.116,14.53],[80.093,14.534],[80.095,14.537],[80.107,14.544],[80.118,14.548],[80.135,14.558],[80.14,14.564],[80.147,14.568],[80.165,14.575],[80.18,14.583],[80.184,14.59],[80.182,14.596],[80.172,14.606],[80.164,14.621],[80.16,14.636],[80.154,14.671],[80.145,14.691],[80.139,14.694],[80.133,14.684],[80.129,14.682],[80.121,14.683],[80.12,14.69],[80.13,14.693],[80.134,14.695],[80.134,14.704],[80.13,14.714],[80.114,14.733],[80.111,14.74],[80.096,14.78],[80.095,14.788],[80.091,14.801],[80.077,14.809],[80.075,14.817],[80.089,14.814],[80.086,14.822],[80.093,14.827],[80.093,14.833],[80.088,14.857],[80.086,14.876],[80.074,14.925],[80.067,14.963],[80.066,14.975],[80.063,14.987],[80.053,15],[80.051,15.007],[80.048,15.022],[80.046,15.05],[80.047,15.074],[80.048,15.085],[80.051,15.113],[80.059,15.137],[80.065,15.164],[80.071,15.173],[80.074,15.182],[80.063,15.186],[80.053,15.199],[80.043,15.205],[80.032,15.207],[80.035,15.213],[80.048,15.213],[80.062,15.202],[80.067,15.195],[80.071,15.193],[80.082,15.192],[80.084,15.195],[80.087,15.21],[80.087,15.216],[80.082,15.233],[80.08,15.257],[80.081,15.267],[80.084,15.278],[80.091,15.291],[80.1,15.326],[80.103,15.334],[80.109,15.346],[80.119,15.36],[80.13,15.38],[80.143,15.393],[80.154,15.406],[80.157,15.414],[80.17,15.427],[80.173,15.434],[80.184,15.45],[80.197,15.463],[80.202,15.476],[80.202,15.485],[80.205,15.491],[80.21,15.495],[80.211,15.502],[80.204,15.5],[80.194,15.49],[80.187,15.489],[80.187,15.496],[80.195,15.499],[80.207,15.509],[80.212,15.519],[80.213,15.535],[80.207,15.541],[80.191,15.551],[80.186,15.56],[80.179,15.56],[80.171,15.553],[80.166,15.552],[80.159,15.553],[80.14,15.55],[80.137,15.551],[80.136,15.559],[80.154,15.56],[80.164,15.559],[80.169,15.561],[80.169,15.57],[80.175,15.573],[80.181,15.567],[80.196,15.559],[80.207,15.547],[80.219,15.543],[80.223,15.547],[80.228,15.569],[80.234,15.584],[80.235,15.591],[80.24,15.614],[80.244,15.621],[80.248,15.632],[80.252,15.64],[80.26,15.65],[80.267,15.665],[80.272,15.671],[80.277,15.682],[80.288,15.69],[80.298,15.703],[80.311,15.717],[80.321,15.724],[80.336,15.743],[80.345,15.752],[80.36,15.764],[80.393,15.784],[80.41,15.792],[80.42,15.798],[80.433,15.804],[80.448,15.809],[80.46,15.816],[80.47,15.819],[80.488,15.827],[80.5,15.834],[80.516,15.842],[80.521,15.846],[80.521,15.851],[80.517,15.853],[80.505,15.853],[80.498,15.857],[80.512,15.858],[80.524,15.861],[80.532,15.86],[80.547,15.861],[80.534,15.854],[80.541,15.851],[80.563,15.861],[80.579,15.867],[80.594,15.869],[80.605,15.868],[80.617,15.871],[80.641,15.878],[80.662,15.88],[80.669,15.879],[80.691,15.883],[80.702,15.883],[80.707,15.885],[80.731,15.886],[80.744,15.885],[80.756,15.88],[80.782,15.863],[80.808,15.836],[80.814,15.82],[80.816,15.809],[80.813,15.795],[80.814,15.781],[80.812,15.77],[80.815,15.758],[80.82,15.744],[80.816,15.742],[80.81,15.751],[80.805,15.75],[80.804,15.745],[80.807,15.734],[80.804,15.72],[80.805,15.715],[80.811,15.713],[80.824,15.713],[80.839,15.707],[80.851,15.708],[80.861,15.717],[80.87,15.721],[80.878,15.722],[80.905,15.725],[80.915,15.727],[80.917,15.731],[80.911,15.741],[80.905,15.747],[80.896,15.755],[80.892,15.761],[80.876,15.794],[80.861,15.812],[80.86,15.818],[80.863,15.822],[80.868,15.823],[80.872,15.82],[80.874,15.807],[80.882,15.794],[80.887,15.789],[80.895,15.772],[80.91,15.755],[80.92,15.747],[80.93,15.738],[80.938,15.729],[80.945,15.728],[80.96,15.736],[80.98,15.749],[80.987,15.755],[80.989,15.765],[80.966,15.784],[80.959,15.794],[80.95,15.802],[80.942,15.803],[80.94,15.807],[80.949,15.811],[80.957,15.807],[80.976,15.789],[80.977,15.786],[80.991,15.778],[80.993,15.774],[81.007,15.763],[81.012,15.769],[81.012,15.776],[81.008,15.785],[81.003,15.79],[81,15.8],[80.996,15.818],[80.996,15.824],[80.999,15.833],[81.013,15.853],[81.028,15.871],[81.034,15.88],[81.04,15.892],[81.045,15.897],[81.063,15.908],[81.075,15.92],[81.079,15.924],[81.103,15.936],[81.111,15.943],[81.125,15.951],[81.14,15.961],[81.141,15.965],[81.127,15.973],[81.122,15.98],[81.113,15.989],[81.111,15.994],[81.104,15.999],[81.085,16],[81.087,16.005],[81.099,16.008],[81.114,16.003],[81.123,15.993],[81.129,15.982],[81.143,15.975],[81.153,15.975],[81.153,15.979],[81.148,15.993],[81.146,16.009],[81.148,16.019],[81.152,16.032],[81.161,16.05],[81.171,16.064],[81.181,16.076],[81.185,16.084],[81.189,16.103],[81.193,16.129],[81.198,16.146],[81.2,16.164],[81.202,16.172],[81.206,16.177],[81.211,16.193],[81.212,16.205],[81.223,16.227],[81.229,16.234],[81.243,16.246],[81.248,16.252],[81.258,16.258],[81.266,16.267],[81.263,16.27],[81.247,16.261],[81.241,16.262],[81.253,16.27],[81.263,16.279],[81.266,16.286],[81.266,16.294],[81.261,16.297],[81.246,16.301],[81.246,16.304],[81.253,16.309],[81.255,16.316],[81.258,16.319],[81.287,16.324],[81.301,16.332],[81.315,16.338],[81.317,16.345],[81.308,16.343],[81.302,16.344],[81.304,16.349],[81.313,16.352],[81.312,16.359],[81.331,16.364],[81.341,16.366],[81.347,16.366],[81.356,16.36],[81.368,16.356],[81.372,16.36],[81.382,16.359],[81.393,16.368],[81.4,16.377],[81.409,16.381],[81.413,16.378],[81.412,16.373],[81.408,16.371],[81.409,16.356],[81.403,16.357],[81.401,16.36],[81.392,16.356],[81.391,16.352],[81.403,16.346],[81.402,16.339],[81.405,16.337],[81.433,16.342],[81.46,16.344],[81.485,16.347],[81.515,16.352],[81.529,16.351],[81.548,16.356],[81.554,16.36],[81.554,16.375],[81.548,16.381],[81.55,16.39],[81.557,16.385],[81.561,16.375],[81.566,16.368],[81.572,16.366],[81.58,16.36],[81.573,16.357],[81.565,16.356],[81.573,16.348],[81.582,16.345],[81.593,16.342],[81.61,16.34],[81.65,16.338],[81.661,16.336],[81.683,16.328],[81.697,16.322],[81.7,16.319],[81.702,16.305],[81.709,16.303],[81.716,16.312],[81.716,16.321],[81.719,16.327],[81.724,16.332],[81.726,16.338],[81.723,16.343],[81.725,16.356],[81.735,16.357],[81.735,16.343],[81.728,16.323],[81.723,16.313],[81.726,16.307],[81.75,16.317],[81.777,16.33],[81.784,16.335],[81.793,16.339],[81.808,16.348],[81.827,16.356],[81.84,16.364],[81.855,16.371],[81.865,16.372],[81.876,16.376],[81.894,16.381],[81.91,16.387],[81.927,16.39],[81.938,16.391],[81.95,16.398],[81.955,16.415],[81.957,16.426],[81.964,16.437],[81.969,16.433],[81.963,16.408],[81.964,16.398],[81.968,16.396],[81.979,16.404],[81.988,16.409],[82.007,16.423],[82.018,16.427],[82.022,16.43],[82.034,16.434],[82.057,16.445],[82.069,16.45],[82.09,16.462],[82.104,16.469],[82.118,16.474],[82.138,16.485],[82.141,16.484],[82.141,16.498],[82.143,16.517],[82.155,16.531],[82.164,16.55],[82.17,16.555],[82.18,16.561],[82.189,16.564],[82.198,16.565],[82.2,16.558],[82.192,16.548],[82.169,16.521],[82.167,16.507],[82.158,16.498],[82.159,16.494],[82.168,16.496],[82.183,16.503],[82.198,16.513],[82.201,16.516],[82.219,16.525],[82.23,16.534],[82.249,16.542],[82.258,16.545],[82.288,16.548],[82.295,16.551],[82.304,16.552],[82.313,16.555],[82.31,16.56],[82.296,16.556],[82.281,16.555],[82.265,16.556],[82.264,16.56],[82.27,16.564],[82.288,16.566],[82.298,16.57],[82.298,16.576],[82.302,16.581],[82.305,16.591],[82.302,16.596],[82.296,16.598],[82.295,16.604],[82.291,16.608],[82.288,16.619],[82.292,16.62],[82.3,16.609],[82.306,16.605],[82.31,16.607],[82.312,16.616],[82.315,16.626],[82.322,16.624],[82.327,16.611],[82.326,16.599],[82.327,16.582],[82.313,16.586],[82.321,16.575],[82.327,16.573],[82.332,16.58],[82.333,16.596],[82.336,16.604],[82.336,16.617],[82.335,16.624],[82.328,16.641],[82.325,16.645],[82.324,16.651],[82.335,16.667],[82.343,16.673],[82.352,16.68],[82.364,16.693],[82.368,16.702],[82.364,16.706],[82.359,16.705],[82.356,16.692],[82.348,16.687],[82.34,16.689],[82.339,16.693],[82.343,16.7],[82.343,16.71],[82.339,16.712],[82.329,16.715],[82.321,16.72],[82.32,16.725],[82.33,16.729],[82.345,16.721],[82.351,16.724],[82.349,16.737],[82.349,16.751],[82.358,16.782],[82.361,16.791],[82.363,16.801],[82.367,16.815],[82.372,16.826],[82.376,16.843],[82.375,16.869],[82.375,16.879],[82.373,16.908],[82.372,16.923],[82.368,16.94],[82.361,16.954],[82.351,16.973],[82.344,16.98],[82.337,16.983],[82.333,16.982],[82.335,16.973],[82.34,16.966],[82.354,16.955],[82.356,16.946],[82.362,16.939],[82.366,16.928],[82.367,16.903],[82.367,16.867],[82.365,16.862],[82.365,16.826],[82.363,16.818],[82.358,16.822],[82.354,16.831],[82.357,16.842],[82.352,16.849],[82.344,16.851],[82.337,16.849],[82.327,16.851],[82.323,16.849],[82.322,16.842],[82.316,16.84],[82.311,16.852],[82.304,16.857],[82.283,16.861],[82.282,16.867],[82.274,16.866],[82.267,16.872],[82.262,16.883],[82.251,16.887],[82.249,16.897],[82.251,16.912],[82.251,16.923],[82.253,16.932],[82.259,16.933],[82.266,16.931],[82.27,16.936],[82.272,16.951],[82.279,16.971],[82.28,16.984],[82.284,16.996],[82.296,17.014],[82.301,17.024],[82.306,17.03],[82.323,17.045],[82.337,17.059],[82.354,17.074],[82.365,17.085],[82.371,17.094],[82.384,17.105],[82.387,17.109],[82.399,17.119],[82.41,17.127],[82.426,17.144]]],[[[74.101,11.204],[74.113,11.211],[74.121,11.224],[74.123,11.235],[74.122,11.245],[74.118,11.258],[74.108,11.275],[74.101,11.285],[74.09,11.298],[74.073,11.315],[74.062,11.323],[74.05,11.331],[74.031,11.339],[74.012,11.349],[74,11.352],[73.991,11.352],[73.978,11.348],[73.973,11.344],[73.967,11.337],[73.964,11.328],[73.963,11.322],[73.965,11.306],[73.969,11.295],[73.978,11.28],[73.996,11.256],[74.004,11.247],[74.012,11.241],[74.036,11.224],[74.052,11.213],[74.066,11.207],[74.082,11.203],[74.101,11.204]]],[[[71.845,11.835],[71.84,11.843],[71.832,11.883],[71.831,11.893],[71.822,11.915],[71.817,11.927],[71.808,11.94],[71.804,11.954],[71.801,11.97],[71.795,11.987],[71.786,12.002],[71.781,12.005],[71.773,12.004],[71.761,11.992],[71.756,11.984],[71.749,11.977],[71.734,11.961],[71.732,11.957],[71.733,11.947],[71.738,11.94],[71.75,11.931],[71.755,11.917],[71.756,11.906],[71.758,11.9],[71.761,11.872],[71.772,11.854],[71.774,11.845],[71.782,11.835],[71.796,11.831],[71.815,11.831],[71.832,11.825],[71.84,11.821],[71.846,11.827],[71.845,11.835]]],[[[72.265,10.011],[72.285,10.024],[72.301,10.03],[72.306,10.034],[72.312,10.045],[72.319,10.051],[72.323,10.056],[72.326,10.067],[72.334,10.079],[72.342,10.099],[72.341,10.106],[72.338,10.111],[72.334,10.131],[72.33,10.139],[72.323,10.137],[72.313,10.121],[72.301,10.11],[72.296,10.108],[72.276,10.093],[72.269,10.077],[72.26,10.072],[72.245,10.056],[72.241,10.049],[72.236,10.027],[72.235,10.017],[72.241,10.008],[72.244,10.006],[72.252,10.01],[72.265,10.011]]],[[[72.179,11.491],[72.187,11.492],[72.195,11.496],[72.197,11.502],[72.192,11.519],[72.192,11.534],[72.19,11.552],[72.194,11.571],[72.195,11.591],[72.191,11.6],[72.176,11.607],[72.166,11.602],[72.161,11.591],[72.151,11.579],[72.146,11.567],[72.139,11.557],[72.137,11.552],[72.139,11.524],[72.146,11.511],[72.147,11.503],[72.154,11.496],[72.161,11.493],[72.179,11.491]]],[[[72.096,11.192],[72.102,11.208],[72.103,11.218],[72.098,11.222],[72.09,11.209],[72.078,11.198],[72.067,11.193],[72.038,11.189],[72.025,11.188],[72.01,11.194],[72.002,11.195],[72.001,11.192],[72.01,11.182],[72.018,11.169],[72.025,11.161],[72.038,11.137],[72.043,11.128],[72.051,11.122],[72.06,11.122],[72.069,11.125],[72.076,11.129],[72.083,11.142],[72.086,11.153],[72.088,11.164],[72.096,11.192]]],[[[71.901,12.285],[71.907,12.289],[71.913,12.301],[71.92,12.316],[71.922,12.326],[71.923,12.338],[71.926,12.346],[71.926,12.363],[71.926,12.378],[71.92,12.388],[71.914,12.391],[71.897,12.403],[71.885,12.4],[71.88,12.394],[71.884,12.354],[71.882,12.347],[71.883,12.336],[71.89,12.32],[71.891,12.312],[71.889,12.301],[71.891,12.288],[71.901,12.285]]],[[[73.063,8.329],[73.053,8.329],[73.039,8.321],[73.031,8.315],[73.01,8.303],[73.007,8.298],[73.008,8.275],[73.01,8.27],[73.016,8.266],[73.04,8.26],[73.05,8.262],[73.054,8.268],[73.07,8.283],[73.068,8.287],[73.068,8.298],[73.073,8.309],[73.08,8.32],[73.085,8.322],[73.085,8.327],[73.081,8.329],[73.063,8.329]]],[[[73.646,10.053],[73.65,10.061],[73.649,10.079],[73.653,10.095],[73.654,10.106],[73.657,10.116],[73.664,10.129],[73.666,10.138],[73.661,10.155],[73.659,10.155],[73.644,10.136],[73.643,10.133],[73.635,10.12],[73.626,10.113],[73.62,10.103],[73.62,10.099],[73.622,10.078],[73.622,10.075],[73.64,10.055],[73.646,10.053]]],[[[72.647,10.578],[72.639,10.582],[72.633,10.578],[72.628,10.571],[72.615,10.553],[72.615,10.542],[72.62,10.539],[72.625,10.545],[72.638,10.555],[72.651,10.561],[72.653,10.567],[72.652,10.573],[72.647,10.578]]],[[[73.67,10.817],[73.661,10.816],[73.659,10.809],[73.663,10.802],[73.678,10.801],[73.704,10.811],[73.7,10.816],[73.677,10.816],[73.67,10.817]]],[[[72.17,10.809],[72.177,10.816],[72.183,10.828],[72.187,10.838],[72.2,10.858],[72.208,10.875],[72.203,10.878],[72.195,10.87],[72.189,10.849],[72.178,10.827],[72.169,10.814],[72.17,10.809]]],[[[72.791,11.259],[72.788,11.257],[72.78,11.24],[72.776,11.225],[72.763,11.19],[72.765,11.188],[72.77,11.202],[72.777,11.212],[72.785,11.239],[72.791,11.253],[72.791,11.259]]],[[[73.009,11.467],[73.013,11.471],[73.011,11.488],[73.006,11.496],[73.001,11.497],[72.997,11.492],[73,11.478],[73.004,11.471],[73.009,11.467]]],[[[72.719,11.695],[72.716,11.704],[72.708,11.7],[72.7,11.688],[72.701,11.684],[72.709,11.679],[72.716,11.688],[72.719,11.695]]],[[[72.722,11.112],[72.733,11.125],[72.735,11.135],[72.729,11.135],[72.722,11.13],[72.717,11.12],[72.718,11.115],[72.722,11.112]]],[[[72.291,10.945],[72.288,10.945],[72.285,10.936],[72.294,10.935],[72.291,10.945]]],[[[72.327,10.949],[72.317,10.948],[72.317,10.941],[72.327,10.949]]]]},"properties":{"zone":"III"}},
{"type":"Feature","geometry":{"type":"MultiPolygon","coordinates":[[[[71.11,24.396],[71.083,24.389],[71.078,24.387],[71.067,24.378],[71.058,24.363],[71.037,24.353],[71.015,24.351],[71.002,24.353],[70.994,24.359],[70.988,24.367],[70.982,24.365],[70.963,24.354],[70.949,24.353],[70.942,24.346],[70.918,24.33],[70.914,24.324],[70.894,24.309],[70.882,24.305],[70.874,24.297],[70.873,24.287],[70.878,24.275],[70.884,24.271],[70.9,24.265],[70.905,24.26],[70.897,24.257],[70.879,24.246],[70.867,24.244],[70.86,24.246],[70.848,24.241],[70.84,24.232],[70.834,24.229],[70.796,24.224],[70.783,24.221],[70.759,24.219],[70.735,24.22],[70.722,24.217],[70.711,24.217],[70.689,24.22],[70.67,24.22],[70.645,24.225],[70.597,24.245],[70.582,24.248],[70.574,24.255],[70.576,24.262],[70.582,24.272],[70.582,24.278],[70.577,24.294],[70.577,24.304],[70.575,24.308],[70.573,24.318],[70.569,24.323],[70.565,24.335],[70.56,24.352],[70.573,24.36],[70.58,24.366],[70.592,24.388],[70.599,24.404],[70.6,24.409],[70.574,24.422],[70.561,24.419],[70.542,24.41],[70.509,24.402],[70.475,24.392],[70.463,24.387],[70.442,24.383],[70.43,24.382],[70.419,24.378],[70.402,24.369],[70.388,24.36],[70.372,24.354],[70.353,24.354],[70.304,24.348],[70.269,24.334],[70.259,24.332],[70.246,24.325],[70.22,24.322],[70.201,24.315],[70.183,24.309],[70.15,24.302],[70.14,24.301],[70.12,24.298],[70.108,24.294],[70.104,24.282],[70.096,24.267],[70.089,24.247],[70.073,24.217],[70.068,24.202],[70.064,24.197],[70.052,24.19],[70.038,24.178],[70.025,24.172],[70.016,24.17],[69.98,24.171],[69.953,24.171],[69.879,24.171],[69.812,24.172],[69.772,24.171],[69.73,24.172],[69.715,24.184],[69.604,24.281],[69.595,24.288],[69.588,24.291],[69.563,24.283],[69.54,24.277],[69.535,24.277],[69.512,24.272],[69.484,24.268],[69.467,24.27],[69.45,24.279],[69.437,24.28],[69.401,24.272],[69.375,24.27],[69.353,24.273],[69.309,24.281],[69.193,24.238],[69.14,24.257],[69.135,24.258],[69.098,24.272],[69.092,24.272],[69.04,24.245],[69.035,24.242],[69.029,24.234],[69.022,24.23],[69.005,24.223],[68.99,24.228],[68.982,24.233],[68.969,24.272],[68.957,24.288],[68.943,24.302],[68.934,24.296],[68.914,24.284],[68.903,24.275],[68.895,24.261],[68.885,24.225],[68.878,24.215],[68.871,24.212],[68.859,24.213],[68.853,24.217],[68.851,24.221],[68.842,24.257],[68.843,24.278],[68.842,24.281],[68.828,24.317],[68.817,24.312],[68.806,24.313],[68.763,24.294],[68.762,24.291],[68.769,24.285],[68.77,24.273],[68.766,24.195],[68.763,24.129],[68.762,24.127],[68.759,24.081],[68.753,23.97],[68.748,23.968],[68.67,23.968],[68.631,23.968],[68.551,23.968],[68.543,23.959],[68.538,23.945],[68.543,23.937],[68.548,23.933],[68.558,23.933],[68.56,23.93],[68.56,23.924],[68.58,23.924],[68.588,23.922],[68.587,23.941],[68.596,23.942],[68.6,23.938],[68.606,23.937],[68.612,23.93],[68.613,23.924],[68.62,23.916],[68.618,23.908],[68.634,23.903],[68.641,23.904],[68.644,23.909],[68.654,23.917],[68.657,23.915],[68.65,23.907],[68.639,23.898],[68.632,23.898],[68.626,23.901],[68.613,23.903],[68.604,23.898],[68.598,23.893],[68.583,23.885],[68.572,23.88],[68.566,23.863],[68.556,23.854],[68.551,23.84],[68.545,23.834],[68.534,23.828],[68.524,23.827],[68.515,23.825],[68.523,23.817],[68.522,23.81],[68.525,23.8],[68.517,23.794],[68.516,23.783],[68.524,23.777],[68.527,23.771],[68.525,23.759],[68.529,23.755],[68.535,23.757],[68.552,23.781],[68.556,23.788],[68.565,23.798],[68.575,23.821],[68.587,23.835],[68.597,23.84],[68.617,23.838],[68.627,23.835],[68.645,23.838],[68.65,23.845],[68.657,23.847],[68.666,23.853],[68.665,23.858],[68.672,23.862],[68.693,23.861],[68.701,23.857],[68.716,23.857],[68.727,23.859],[68.745,23.867],[68.747,23.86],[68.74,23.861],[68.729,23.855],[68.726,23.846],[68.734,23.843],[68.735,23.838],[68.727,23.834],[68.728,23.831],[68.743,23.844],[68.743,23.837],[68.727,23.829],[68.717,23.826],[68.711,23.826],[68.685,23.82],[68.675,23.811],[68.67,23.811],[68.66,23.803],[68.652,23.794],[68.637,23.771],[68.631,23.759],[68.621,23.753],[68.604,23.748],[68.601,23.74],[68.595,23.732],[68.58,23.728],[68.558,23.719],[68.553,23.712],[68.546,23.697],[68.54,23.694],[68.536,23.689],[68.528,23.688],[68.526,23.676],[68.519,23.668],[68.517,23.662],[68.501,23.657],[68.497,23.65],[68.498,23.645],[68.489,23.635],[68.489,23.627],[68.492,23.623],[68.491,23.616],[68.493,23.607],[68.491,23.601],[68.487,23.596],[68.488,23.579],[68.492,23.574],[68.495,23.556],[68.494,23.549],[68.484,23.549],[68.49,23.54],[68.49,23.533],[68.496,23.525],[68.495,23.517],[68.498,23.514],[68.497,23.507],[68.492,23.503],[68.499,23.494],[68.512,23.493],[68.51,23.489],[68.502,23.491],[68.5,23.485],[68.501,23.475],[68.509,23.469],[68.507,23.463],[68.51,23.456],[68.515,23.458],[68.525,23.448],[68.525,23.455],[68.518,23.455],[68.521,23.462],[68.526,23.453],[68.531,23.448],[68.532,23.44],[68.535,23.435],[68.534,23.423],[68.536,23.422],[68.55,23.422],[68.546,23.418],[68.553,23.415],[68.559,23.42],[68.562,23.414],[68.565,23.402],[68.564,23.394],[68.558,23.396],[68.557,23.39],[68.564,23.382],[68.572,23.376],[68.58,23.377],[68.576,23.388],[68.581,23.39],[68.584,23.383],[68.592,23.374],[68.598,23.37],[68.599,23.385],[68.606,23.38],[68.613,23.367],[68.613,23.362],[68.622,23.353],[68.633,23.352],[68.637,23.344],[68.625,23.34],[68.626,23.336],[68.633,23.335],[68.635,23.331],[68.633,23.319],[68.636,23.317],[68.645,23.323],[68.649,23.306],[68.657,23.303],[68.673,23.304],[68.689,23.309],[68.693,23.307],[68.685,23.302],[68.667,23.299],[68.661,23.296],[68.652,23.295],[68.649,23.297],[68.632,23.296],[68.63,23.291],[68.636,23.273],[68.641,23.267],[68.656,23.272],[68.66,23.267],[68.66,23.262],[68.649,23.258],[68.648,23.254],[68.642,23.25],[68.643,23.246],[68.628,23.247],[68.625,23.243],[68.613,23.242],[68.605,23.243],[68.605,23.239],[68.609,23.235],[68.613,23.228],[68.62,23.223],[68.626,23.221],[68.629,23.225],[68.639,23.223],[68.635,23.219],[68.627,23.216],[68.61,23.218],[68.6,23.223],[68.599,23.24],[68.59,23.238],[68.585,23.233],[68.585,23.222],[68.594,23.212],[68.608,23.203],[68.612,23.198],[68.627,23.187],[68.636,23.184],[68.641,23.179],[68.645,23.172],[68.648,23.171],[68.655,23.154],[68.673,23.142],[68.683,23.137],[68.7,23.128],[68.734,23.103],[68.75,23.088],[68.762,23.079],[68.785,23.073],[68.802,23.065],[68.812,23.061],[68.817,23.056],[68.833,23.045],[68.841,23.042],[68.885,23.015],[68.895,23.01],[68.906,23.007],[68.912,22.999],[68.928,22.992],[68.941,22.981],[68.945,22.98],[68.969,22.967],[68.97,22.964],[68.98,22.961],[68.988,22.956],[69.005,22.949],[69.012,22.945],[69.021,22.941],[69.029,22.936],[69.045,22.93],[69.06,22.919],[69.068,22.916],[69.078,22.909],[69.098,22.897],[69.114,22.887],[69.127,22.875],[69.132,22.872],[69.149,22.866],[69.161,22.86],[69.176,22.851],[69.18,22.847],[69.197,22.838],[69.208,22.84],[69.208,22.837],[69.223,22.836],[69.228,22.84],[69.231,22.835],[69.247,22.83],[69.259,22.828],[69.267,22.824],[69.284,22.827],[69.301,22.832],[69.319,22.832],[69.334,22.828],[69.347,22.82],[69.358,22.823],[69.385,22.814],[69.389,22.814],[69.409,22.805],[69.425,22.795],[69.439,22.783],[69.446,22.778],[69.449,22.78],[69.46,22.779],[69.469,22.774],[69.474,22.773],[69.482,22.777],[69.493,22.778],[69.486,22.787],[69.501,22.788],[69.514,22.785],[69.533,22.786],[69.548,22.779],[69.553,22.786],[69.565,22.772],[69.571,22.77],[69.58,22.762],[69.596,22.76],[69.601,22.758],[69.616,22.757],[69.617,22.768],[69.63,22.763],[69.641,22.767],[69.651,22.762],[69.657,22.757],[69.668,22.756],[69.673,22.757],[69.686,22.747],[69.695,22.742],[69.705,22.741],[69.711,22.738],[69.716,22.741],[69.715,22.752],[69.72,22.76],[69.731,22.773],[69.734,22.781],[69.737,22.781],[69.747,22.794],[69.745,22.803],[69.753,22.82],[69.758,22.824],[69.776,22.83],[69.788,22.839],[69.802,22.851],[69.812,22.85],[69.828,22.858],[69.845,22.865],[69.866,22.873],[69.877,22.872],[69.887,22.87],[69.89,22.867],[69.902,22.865],[69.918,22.873],[69.934,22.885],[69.937,22.893],[69.951,22.893],[69.97,22.897],[69.99,22.9],[69.996,22.903],[70,22.9],[70.024,22.902],[70.031,22.896],[70.048,22.899],[70.055,22.904],[70.069,22.904],[70.082,22.909],[70.098,22.908],[70.106,22.909],[70.113,22.913],[70.122,22.92],[70.132,22.925],[70.139,22.933],[70.139,22.941],[70.135,22.943],[70.12,22.945],[70.123,22.951],[70.114,22.957],[70.11,22.962],[70.113,22.973],[70.123,22.982],[70.125,22.993],[70.134,22.985],[70.129,22.977],[70.123,22.973],[70.12,22.967],[70.123,22.961],[70.132,22.961],[70.142,22.952],[70.149,22.951],[70.162,22.943],[70.168,22.948],[70.176,22.951],[70.195,22.95],[70.209,22.952],[70.225,22.96],[70.216,22.975],[70.227,22.966],[70.23,22.97],[70.229,22.977],[70.235,22.98],[70.251,22.973],[70.262,22.963],[70.266,22.962],[70.268,22.956],[70.287,22.945],[70.293,22.945],[70.305,22.951],[70.307,22.945],[70.322,22.937],[70.345,22.93],[70.351,22.931],[70.363,22.935],[70.384,22.945],[70.393,22.963],[70.395,22.973],[70.395,22.995],[70.392,22.998],[70.396,23.016],[70.397,23.026],[70.417,23.044],[70.424,23.052],[70.438,23.063],[70.443,23.065],[70.463,23.067],[70.479,23.071],[70.485,23.077],[70.493,23.075],[70.491,23.063],[70.472,23.012],[70.459,22.994],[70.456,22.987],[70.447,22.98],[70.435,22.962],[70.432,22.96],[70.426,22.943],[70.423,22.933],[70.407,22.918],[70.388,22.91],[70.385,22.91],[70.377,22.9],[70.356,22.871],[70.345,22.852],[70.341,22.848],[70.338,22.839],[70.339,22.831],[70.443,22.861],[70.542,22.899],[70.667,22.973],[70.772,23.048],[70.884,23.141],[70.977,23.228],[71.002,23.327],[71.039,23.383],[71.145,23.52],[71.251,23.613],[71.338,23.669],[71.375,23.787],[71.369,23.893],[71.363,23.986],[71.319,24.061],[71.294,24.148],[71.213,24.266],[71.164,24.353],[71.126,24.39],[71.11,24.396]]],[[[68.358,23.805],[68.35,23.801],[68.349,23.782],[68.34,23.765],[68.335,23.759],[68.339,23.752],[68.338,23.73],[68.332,23.725],[68.321,23.72],[68.315,23.714],[68.312,23.702],[68.307,23.693],[68.298,23.685],[68.298,23.681],[68.292,23.678],[68.281,23.67],[68.28,23.663],[68.273,23.659],[68.269,23.65],[68.253,23.647],[68.24,23.647],[68.236,23.641],[68.229,23.642],[68.225,23.644],[68.207,23.642],[68.205,23.648],[68.196,23.638],[68.186,23.624],[68.187,23.611],[68.195,23.604],[68.198,23.597],[68.205,23.596],[68.205,23.602],[68.215,23.601],[68.217,23.606],[68.224,23.604],[68.226,23.598],[68.22,23.591],[68.231,23.589],[68.243,23.594],[68.24,23.6],[68.244,23.607],[68.255,23.601],[68.264,23.602],[68.269,23.608],[68.268,23.621],[68.273,23.621],[68.276,23.613],[68.284,23.611],[68.286,23.605],[68.282,23.598],[68.274,23.594],[68.279,23.584],[68.289,23.579],[68.295,23.579],[68.305,23.583],[68.307,23.587],[68.315,23.583],[68.318,23.589],[68.33,23.589],[68.347,23.598],[68.351,23.605],[68.348,23.616],[68.353,23.617],[68.359,23.628],[68.372,23.635],[68.375,23.643],[68.381,23.644],[68.391,23.655],[68.406,23.693],[68.408,23.702],[68.415,23.713],[68.418,23.724],[68.415,23.748],[68.419,23.77],[68.425,23.777],[68.426,23.796],[68.412,23.793],[68.407,23.788],[68.398,23.785],[68.377,23.792],[68.364,23.803],[68.358,23.805]]],[[[68.358,23.975],[68.348,23.963],[68.345,23.953],[68.347,23.937],[68.342,23.925],[68.335,23.918],[68.326,23.914],[68.32,23.915],[68.297,23.921],[68.283,23.92],[68.279,23.916],[68.275,23.898],[68.267,23.892],[68.258,23.88],[68.258,23.876],[68.264,23.876],[68.279,23.87],[68.259,23.872],[68.254,23.859],[68.249,23.854],[68.241,23.85],[68.235,23.836],[68.225,23.835],[68.216,23.836],[68.211,23.828],[68.209,23.811],[68.215,23.794],[68.218,23.781],[68.225,23.774],[68.226,23.763],[68.219,23.755],[68.213,23.757],[68.213,23.763],[68.203,23.75],[68.193,23.731],[68.2,23.721],[68.207,23.708],[68.22,23.7],[68.228,23.701],[68.227,23.69],[68.238,23.681],[68.245,23.679],[68.256,23.68],[68.265,23.688],[68.267,23.696],[68.26,23.707],[68.255,23.712],[68.254,23.719],[68.261,23.725],[68.263,23.731],[68.261,23.738],[68.266,23.746],[68.262,23.753],[68.262,23.76],[68.266,23.774],[68.27,23.781],[68.274,23.797],[68.296,23.804],[68.296,23.81],[68.289,23.815],[68.289,23.817],[68.294,23.821],[68.306,23.825],[68.315,23.824],[68.32,23.808],[68.323,23.808],[68.33,23.815],[68.338,23.819],[68.336,23.839],[68.339,23.843],[68.348,23.862],[68.348,23.876],[68.342,23.89],[68.345,23.901],[68.35,23.908],[68.363,23.914],[68.384,23.915],[68.403,23.921],[68.409,23.924],[68.419,23.934],[68.426,23.953],[68.432,23.96],[68.434,23.967],[68.401,23.965],[68.38,23.968],[68.375,23.967],[68.358,23.975]]],[[[68.498,23.967],[68.444,23.968],[68.442,23.963],[68.437,23.957],[68.428,23.937],[68.437,23.938],[68.442,23.936],[68.448,23.94],[68.461,23.933],[68.456,23.929],[68.451,23.918],[68.454,23.916],[68.453,23.899],[68.451,23.894],[68.454,23.882],[68.445,23.876],[68.445,23.871],[68.439,23.866],[68.428,23.862],[68.431,23.853],[68.445,23.85],[68.464,23.86],[68.472,23.862],[68.475,23.876],[68.48,23.89],[68.485,23.899],[68.494,23.905],[68.502,23.907],[68.513,23.92],[68.518,23.924],[68.517,23.942],[68.503,23.946],[68.499,23.95],[68.496,23.96],[68.498,23.967]]],[[[68.396,23.878],[68.39,23.875],[68.377,23.873],[68.374,23.86],[68.371,23.856],[68.357,23.85],[68.355,23.846],[68.347,23.842],[68.343,23.837],[68.343,23.831],[68.348,23.825],[68.347,23.818],[68.326,23.799],[68.325,23.795],[68.33,23.787],[68.338,23.801],[68.349,23.809],[68.357,23.811],[68.37,23.81],[68.374,23.806],[68.377,23.797],[68.39,23.791],[68.4,23.79],[68.412,23.797],[68.418,23.806],[68.425,23.81],[68.43,23.822],[68.439,23.834],[68.438,23.839],[68.429,23.848],[68.425,23.855],[68.425,23.865],[68.417,23.871],[68.409,23.872],[68.396,23.878]]],[[[68.497,23.831],[68.49,23.83],[68.475,23.821],[68.464,23.82],[68.455,23.815],[68.454,23.809],[68.448,23.806],[68.45,23.799],[68.45,23.791],[68.455,23.786],[68.456,23.774],[68.451,23.767],[68.448,23.759],[68.437,23.743],[68.445,23.739],[68.448,23.741],[68.465,23.743],[68.47,23.74],[68.477,23.741],[68.478,23.748],[68.483,23.753],[68.488,23.748],[68.488,23.737],[68.495,23.737],[68.5,23.743],[68.517,23.755],[68.522,23.771],[68.522,23.775],[68.516,23.779],[68.512,23.789],[68.515,23.796],[68.523,23.804],[68.519,23.811],[68.52,23.818],[68.514,23.818],[68.508,23.826],[68.497,23.831]]],[[[68.449,23.938],[68.441,23.935],[68.435,23.936],[68.427,23.933],[68.42,23.921],[68.405,23.912],[68.386,23.906],[68.368,23.907],[68.356,23.903],[68.35,23.896],[68.35,23.891],[68.356,23.876],[68.356,23.86],[68.35,23.846],[68.372,23.86],[68.373,23.869],[68.376,23.875],[68.388,23.876],[68.396,23.88],[68.411,23.873],[68.417,23.872],[68.427,23.865],[68.442,23.87],[68.446,23.879],[68.452,23.882],[68.448,23.893],[68.452,23.913],[68.449,23.919],[68.453,23.923],[68.456,23.934],[68.449,23.938]]],[[[68.308,23.824],[68.304,23.823],[68.29,23.817],[68.297,23.812],[68.298,23.804],[68.278,23.797],[68.273,23.793],[68.272,23.78],[68.267,23.771],[68.264,23.76],[68.265,23.754],[68.269,23.752],[68.267,23.742],[68.263,23.738],[68.265,23.727],[68.257,23.716],[68.268,23.705],[68.286,23.714],[68.294,23.722],[68.295,23.726],[68.307,23.73],[68.313,23.73],[68.324,23.734],[68.315,23.765],[68.314,23.779],[68.315,23.789],[68.322,23.805],[68.319,23.807],[68.313,23.822],[68.308,23.824]]],[[[68.535,23.946],[68.525,23.941],[68.531,23.933],[68.534,23.924],[68.53,23.917],[68.513,23.903],[68.508,23.903],[68.5,23.897],[68.487,23.891],[68.487,23.885],[68.49,23.867],[68.508,23.864],[68.516,23.857],[68.521,23.857],[68.533,23.876],[68.538,23.867],[68.545,23.872],[68.567,23.899],[68.567,23.903],[68.582,23.915],[68.589,23.917],[68.588,23.922],[68.58,23.923],[68.562,23.923],[68.558,23.923],[68.559,23.928],[68.557,23.932],[68.542,23.934],[68.535,23.946]]],[[[68.473,23.48],[68.46,23.477],[68.457,23.471],[68.444,23.467],[68.445,23.462],[68.442,23.455],[68.438,23.454],[68.435,23.441],[68.429,23.441],[68.426,23.446],[68.412,23.443],[68.414,23.43],[68.42,23.429],[68.418,23.44],[68.424,23.44],[68.428,23.434],[68.435,23.433],[68.442,23.444],[68.449,23.45],[68.462,23.453],[68.46,23.433],[68.465,23.422],[68.458,23.418],[68.466,23.412],[68.467,23.406],[68.478,23.403],[68.485,23.405],[68.487,23.415],[68.49,23.427],[68.49,23.445],[68.495,23.453],[68.495,23.457],[68.487,23.466],[68.487,23.473],[68.483,23.477],[68.473,23.48]]],[[[68.558,23.314],[68.556,23.312],[68.553,23.298],[68.56,23.287],[68.565,23.283],[68.563,23.278],[68.558,23.274],[68.546,23.283],[68.54,23.284],[68.538,23.271],[68.54,23.267],[68.557,23.256],[68.559,23.253],[68.575,23.249],[68.58,23.252],[68.578,23.258],[68.572,23.261],[68.588,23.264],[68.592,23.267],[68.606,23.268],[68.607,23.273],[68.615,23.272],[68.61,23.284],[68.612,23.292],[68.605,23.299],[68.595,23.3],[68.589,23.306],[68.582,23.31],[68.58,23.302],[68.572,23.304],[68.565,23.302],[68.558,23.314]]],[[[68.482,23.597],[68.481,23.591],[68.478,23.59],[68.473,23.593],[68.468,23.592],[68.462,23.583],[68.464,23.576],[68.456,23.572],[68.451,23.565],[68.442,23.563],[68.435,23.557],[68.433,23.551],[68.435,23.547],[68.43,23.543],[68.43,23.524],[68.429,23.515],[68.433,23.513],[68.434,23.523],[68.438,23.523],[68.443,23.536],[68.454,23.546],[68.468,23.553],[68.475,23.559],[68.473,23.563],[68.48,23.568],[68.485,23.575],[68.484,23.584],[68.486,23.588],[68.482,23.597]]],[[[68.589,23.374],[68.578,23.373],[68.571,23.374],[68.572,23.364],[68.577,23.363],[68.58,23.357],[68.584,23.353],[68.59,23.344],[68.595,23.338],[68.606,23.335],[68.612,23.336],[68.62,23.331],[68.62,23.337],[68.617,23.347],[68.618,23.354],[68.611,23.358],[68.607,23.353],[68.6,23.358],[68.595,23.369],[68.589,23.374]]],[[[68.248,23.88],[68.216,23.867],[68.216,23.848],[68.224,23.847],[68.233,23.842],[68.238,23.851],[68.251,23.862],[68.255,23.874],[68.248,23.88]]],[[[70.448,23.052],[70.445,23.05],[70.432,23.035],[70.42,23.027],[70.413,23.017],[70.41,22.998],[70.414,22.99],[70.425,23],[70.434,23.014],[70.438,23.021],[70.448,23.052]]],[[[68.456,23.625],[68.451,23.624],[68.444,23.62],[68.436,23.619],[68.435,23.616],[68.441,23.603],[68.441,23.595],[68.439,23.589],[68.446,23.588],[68.448,23.6],[68.455,23.604],[68.467,23.602],[68.465,23.623],[68.456,23.625]]],[[[68.506,23.342],[68.503,23.34],[68.505,23.327],[68.503,23.324],[68.512,23.318],[68.519,23.317],[68.536,23.317],[68.534,23.325],[68.529,23.326],[68.528,23.337],[68.519,23.342],[68.513,23.339],[68.506,23.342]]],[[[68.485,23.628],[68.481,23.627],[68.48,23.62],[68.473,23.62],[68.47,23.616],[68.47,23.605],[68.467,23.597],[68.468,23.593],[68.473,23.594],[68.48,23.591],[68.478,23.606],[68.483,23.607],[68.49,23.603],[68.489,23.614],[68.49,23.624],[68.485,23.628]]],[[[68.537,23.405],[68.536,23.397],[68.542,23.394],[68.546,23.397],[68.549,23.388],[68.553,23.385],[68.554,23.377],[68.56,23.376],[68.557,23.37],[68.551,23.37],[68.553,23.36],[68.559,23.363],[68.562,23.37],[68.567,23.377],[68.559,23.382],[68.553,23.392],[68.555,23.397],[68.542,23.405],[68.537,23.405]]],[[[68.588,23.319],[68.583,23.315],[68.592,23.31],[68.594,23.305],[68.6,23.301],[68.615,23.298],[68.617,23.303],[68.609,23.313],[68.597,23.316],[68.594,23.315],[68.588,23.319]]],[[[70.482,23.065],[70.477,23.064],[70.465,23.056],[70.453,23.043],[70.447,23.028],[70.45,23.025],[70.458,23.039],[70.47,23.051],[70.478,23.057],[70.482,23.065]]],[[[68.507,23.457],[68.507,23.45],[68.503,23.448],[68.505,23.439],[68.504,23.431],[68.521,23.437],[68.521,23.445],[68.519,23.449],[68.512,23.452],[68.507,23.457]]],[[[68.458,23.6],[68.452,23.595],[68.453,23.588],[68.457,23.588],[68.451,23.573],[68.462,23.577],[68.462,23.583],[68.467,23.592],[68.466,23.598],[68.458,23.6]]],[[[68.479,23.555],[68.47,23.553],[68.469,23.549],[68.457,23.542],[68.458,23.537],[68.463,23.535],[68.47,23.539],[68.475,23.538],[68.48,23.546],[68.482,23.553],[68.479,23.555]]],[[[68.467,23.74],[68.459,23.737],[68.459,23.725],[68.467,23.728],[68.487,23.728],[68.487,23.731],[68.475,23.735],[68.467,23.74]]],[[[70.442,23.05],[70.429,23.047],[70.418,23.035],[70.419,23.027],[70.43,23.035],[70.442,23.05]]],[[[68.467,23.498],[68.464,23.497],[68.464,23.489],[68.459,23.487],[68.46,23.48],[68.471,23.48],[68.473,23.487],[68.47,23.496],[68.467,23.498]]],[[[68.481,23.501],[68.478,23.497],[68.473,23.496],[68.474,23.481],[68.481,23.478],[68.487,23.486],[68.486,23.495],[68.481,23.501]]],[[[68.217,23.779],[68.215,23.768],[68.217,23.756],[68.224,23.762],[68.223,23.772],[68.217,23.779]]],[[[70.455,22.996],[70.434,22.982],[70.439,22.979],[70.449,22.985],[70.455,22.99],[70.455,22.996]]],[[[68.498,23.489],[68.487,23.486],[68.482,23.478],[68.488,23.473],[68.498,23.48],[68.498,23.489]]],[[[68.349,23.8],[68.342,23.789],[68.34,23.783],[68.345,23.778],[68.348,23.783],[68.349,23.8]]],[[[68.605,23.81],[68.599,23.804],[68.593,23.803],[68.595,23.797],[68.602,23.796],[68.607,23.803],[68.605,23.81]]],[[[68.609,23.231],[68.604,23.231],[68.606,23.222],[68.613,23.222],[68.609,23.231]]],[[[68.533,23.874],[68.528,23.864],[68.535,23.866],[68.533,23.874]]],[[[68.643,23.314],[68.634,23.314],[68.637,23.307],[68.643,23.314]]],[[[68.415,23.41],[68.415,23.403],[68.419,23.4],[68.424,23.403],[68.415,23.41]]],[[[68.501,23.453],[68.496,23.447],[68.5,23.445],[68.501,23.453]]],[[[75.549,34.098],[75.507,34.133],[75.455,34.164],[75.392,34.196],[75.311,34.231],[75.259,34.248],[75.168,34.276],[75.133,34.287],[75.021,34.308],[74.941,34.329],[74.836,34.329],[74.745,34.318],[74.7,34.304],[74.644,34.266],[74.602,34.199],[74.591,34.126],[74.605,34.056],[74.637,33.979],[74.686,33.923],[74.728,33.864],[74.794,33.804],[74.874,33.738],[74.972,33.682],[75.095,33.626],[75.203,33.556],[75.287,33.525],[75.381,33.504],[75.472,33.483],[75.546,33.479],[75.63,33.479],[75.689,33.497],[75.759,33.539],[75.836,33.644],[75.836,33.78],[75.832,33.857],[75.797,33.909],[75.766,33.941],[75.717,33.986],[75.65,34.035],[75.636,34.049],[75.63,34.046],[75.549,34.098]]],[[[77.444,31.07],[77.542,31.084],[77.647,31.116],[77.759,31.168],[77.839,31.221],[77.884,31.266],[77.951,31.329],[78,31.431],[78,31.602],[77.961,31.668],[77.888,31.78],[77.867,31.819],[77.818,31.889],[77.759,31.972],[77.71,32.028],[77.668,32.067],[77.613,32.107],[77.601,32.109],[77.552,32.14],[77.51,32.172],[77.44,32.21],[77.378,32.242],[77.315,32.28],[77.234,32.312],[77.15,32.347],[77.042,32.389],[76.902,32.427],[76.86,32.444],[76.759,32.458],[76.65,32.458],[76.573,32.455],[76.465,32.42],[76.399,32.364],[76.36,32.329],[76.332,32.294],[76.283,32.217],[76.252,32.161],[76.234,32.06],[76.224,32.004],[76.224,31.934],[76.238,31.847],[76.29,31.773],[76.343,31.707],[76.42,31.623],[76.472,31.56],[76.545,31.487],[76.664,31.385],[76.755,31.291],[76.811,31.256],[76.909,31.203],[76.958,31.175],[77.024,31.147],[77.122,31.112],[77.234,31.081],[77.367,31.07],[77.444,31.07]]],[[[80.333,29.508],[80.349,29.536],[80.349,29.547],[80.358,29.553],[80.394,29.589],[80.408,29.631],[80.414,29.654],[80.395,29.669],[80.391,29.686],[80.379,29.71],[80.379,29.718],[80.373,29.721],[80.37,29.725],[80.37,29.74],[80.375,29.749],[80.386,29.748],[80.391,29.752],[80.393,29.757],[80.402,29.76],[80.41,29.79],[80.419,29.792],[80.425,29.796],[80.433,29.798],[80.435,29.803],[80.442,29.806],[80.445,29.801],[80.454,29.798],[80.47,29.801],[80.49,29.794],[80.496,29.796],[80.501,29.812],[80.511,29.823],[80.525,29.83],[80.536,29.84],[80.542,29.848],[80.555,29.854],[80.562,29.865],[80.562,29.876],[80.571,29.887],[80.574,29.895],[80.573,29.923],[80.579,29.934],[80.6,29.954],[80.608,29.958],[80.617,29.958],[80.629,29.964],[80.634,29.964],[80.639,29.96],[80.659,29.959],[80.682,29.961],[80.692,29.975],[80.706,29.986],[80.715,29.995],[80.725,30.001],[80.735,29.997],[80.744,30.002],[80.755,30.019],[80.761,30.032],[80.763,30.048],[80.773,30.058],[80.781,30.061],[80.789,30.066],[80.799,30.077],[80.803,30.084],[80.811,30.094],[80.824,30.1],[80.833,30.099],[80.841,30.101],[80.846,30.105],[80.851,30.117],[80.875,30.131],[80.878,30.136],[80.876,30.15],[80.868,30.172],[80.883,30.184],[80.888,30.195],[80.897,30.206],[80.903,30.216],[80.913,30.218],[80.918,30.215],[80.922,30.207],[80.921,30.186],[80.928,30.179],[80.937,30.177],[80.952,30.182],[80.963,30.185],[80.971,30.183],[80.98,30.191],[80.993,30.187],[81.028,30.198],[81.043,30.199],[81.042,30.21],[81.033,30.228],[81.034,30.245],[81.032,30.252],[81.025,30.257],[81.008,30.265],[80.982,30.27],[80.955,30.279],[80.931,30.282],[80.911,30.288],[80.898,30.294],[80.88,30.298],[80.86,30.302],[80.841,30.308],[80.826,30.314],[80.797,30.332],[80.787,30.342],[80.774,30.37],[80.764,30.382],[80.746,30.397],[80.714,30.413],[80.675,30.44],[80.664,30.44],[80.653,30.445],[80.643,30.454],[80.608,30.477],[80.591,30.484],[80.581,30.483],[80.576,30.47],[80.57,30.462],[80.559,30.458],[80.554,30.459],[80.545,30.455],[80.541,30.449],[80.529,30.455],[80.519,30.465],[80.509,30.48],[80.5,30.485],[80.472,30.488],[80.463,30.491],[80.438,30.5],[80.431,30.505],[80.424,30.513],[80.421,30.521],[80.415,30.526],[80.406,30.524],[80.396,30.518],[80.383,30.521],[80.36,30.532],[80.352,30.537],[80.343,30.541],[80.33,30.548],[80.32,30.562],[80.308,30.564],[80.293,30.569],[80.282,30.568],[80.272,30.563],[80.272,30.569],[80.267,30.569],[80.262,30.563],[80.255,30.56],[80.244,30.567],[80.226,30.577],[80.221,30.592],[80.221,30.597],[80.227,30.602],[80.226,30.61],[80.214,30.613],[80.214,30.622],[80.223,30.631],[80.224,30.639],[80.215,30.65],[80.203,30.656],[80.195,30.664],[80.198,30.674],[80.214,30.685],[80.225,30.686],[80.235,30.692],[80.239,30.709],[80.246,30.717],[80.252,30.735],[80.243,30.752],[80.238,30.76],[80.233,30.761],[80.226,30.758],[80.222,30.752],[80.212,30.754],[80.205,30.758],[80.2,30.769],[80.2,30.781],[80.196,30.784],[80.183,30.802],[80.174,30.807],[80.163,30.808],[80.155,30.806],[80.153,30.79],[80.141,30.788],[80.128,30.775],[80.118,30.774],[80.103,30.785],[80.098,30.79],[80.089,30.794],[80.085,30.814],[80.079,30.819],[80.065,30.827],[80.059,30.838],[80.053,30.837],[80.04,30.838],[80.025,30.848],[80.012,30.861],[80.003,30.864],[79.983,30.877],[79.957,30.886],[79.95,30.887],[79.936,30.885],[79.93,30.887],[79.923,30.898],[79.921,30.904],[79.913,30.916],[79.895,30.92],[79.89,30.925],[79.89,30.933],[79.881,30.956],[79.874,30.97],[79.87,30.973],[79.862,30.976],[79.856,30.975],[79.846,30.978],[79.839,30.978],[79.825,30.972],[79.82,30.972],[79.808,30.979],[79.776,30.988],[79.767,30.993],[79.761,31.001],[79.753,31.001],[79.748,30.997],[79.74,30.985],[79.729,30.98],[79.712,30.976],[79.686,30.979],[79.678,30.981],[79.669,30.98],[79.665,30.974],[79.665,30.965],[79.658,30.962],[79.639,30.96],[79.631,30.956],[79.619,30.947],[79.609,30.942],[79.605,30.937],[79.6,30.938],[79.591,30.949],[79.575,30.951],[79.569,30.953],[79.54,30.929],[79.497,30.873],[79.453,30.823],[79.391,30.755],[79.379,30.724],[79.292,30.587],[79.261,30.519],[79.229,30.388],[79.223,30.258],[79.242,30.133],[79.261,30.071],[79.329,29.972],[79.428,29.903],[79.503,29.86],[79.596,29.785],[79.696,29.692],[79.807,29.649],[79.95,29.586],[80.131,29.537],[80.193,29.53],[80.333,29.508]]],[[[87.683,26.436],[87.679,26.436],[87.679,26.416],[87.651,26.406],[87.653,26.393],[87.629,26.393],[87.614,26.391],[87.609,26.381],[87.59,26.382],[87.587,26.394],[87.576,26.396],[87.555,26.405],[87.55,26.419],[87.537,26.421],[87.518,26.43],[87.494,26.437],[87.478,26.44],[87.463,26.44],[87.444,26.433],[87.429,26.421],[87.411,26.421],[87.389,26.419],[87.378,26.408],[87.37,26.407],[87.365,26.403],[87.361,26.393],[87.356,26.386],[87.355,26.373],[87.358,26.361],[87.341,26.348],[87.33,26.358],[87.318,26.364],[87.314,26.372],[87.303,26.367],[87.29,26.374],[87.267,26.374],[87.266,26.388],[87.268,26.397],[87.265,26.408],[87.257,26.412],[87.246,26.415],[87.231,26.414],[87.222,26.406],[87.218,26.404],[87.213,26.408],[87.213,26.413],[87.188,26.414],[87.191,26.405],[87.169,26.404],[87.157,26.406],[87.13,26.423],[87.115,26.434],[87.092,26.452],[87.089,26.471],[87.083,26.505],[87.083,26.515],[87.078,26.537],[87.075,26.541],[87.074,26.56],[87.075,26.577],[87.072,26.586],[87.046,26.587],[87.046,26.573],[87.041,26.565],[87.027,26.549],[87.016,26.534],[87,26.527],[86.987,26.528],[86.978,26.519],[86.964,26.522],[86.951,26.519],[86.947,26.517],[86.934,26.516],[86.931,26.498],[86.932,26.488],[86.896,26.487],[86.893,26.481],[86.896,26.469],[86.897,26.462],[86.887,26.461],[86.871,26.454],[86.862,26.455],[86.855,26.448],[86.851,26.448],[86.843,26.44],[86.823,26.44],[86.795,26.448],[86.773,26.458],[86.768,26.458],[86.763,26.446],[86.755,26.447],[86.754,26.442],[86.747,26.432],[86.735,26.424],[86.73,26.426],[86.72,26.435],[86.708,26.437],[86.699,26.442],[86.697,26.449],[86.693,26.451],[86.648,26.463],[86.635,26.467],[86.629,26.471],[86.628,26.478],[86.618,26.486],[86.603,26.489],[86.589,26.494],[86.573,26.498],[86.569,26.5],[86.556,26.515],[86.551,26.531],[86.538,26.541],[86.526,26.544],[86.515,26.54],[86.501,26.542],[86.455,26.569],[86.428,26.575],[86.398,26.586],[86.396,26.595],[86.38,26.598],[86.359,26.604],[86.343,26.606],[86.346,26.617],[86.329,26.619],[86.311,26.62],[86.296,26.613],[86.273,26.616],[86.256,26.613],[86.25,26.61],[86.244,26.602],[86.237,26.597],[86.237,26.591],[86.222,26.59],[86.206,26.596],[86.201,26.594],[86.198,26.608],[86.194,26.615],[86.178,26.614],[86.176,26.618],[86.169,26.614],[86.162,26.614],[86.15,26.609],[86.143,26.604],[86.139,26.608],[86.143,26.622],[86.139,26.629],[86.127,26.628],[86.114,26.633],[86.089,26.644],[86.077,26.65],[86.072,26.659],[86.058,26.66],[86.038,26.666],[86.03,26.666],[86.017,26.66],[86.015,26.656],[86.002,26.657],[85.996,26.655],[85.983,26.657],[85.976,26.659],[85.957,26.65],[85.954,26.641],[85.952,26.627],[85.946,26.623],[85.944,26.616],[85.937,26.617],[85.932,26.614],[85.912,26.609],[85.902,26.602],[85.899,26.595],[85.89,26.592],[85.888,26.586],[85.883,26.583],[85.876,26.582],[85.858,26.57],[85.852,26.568],[85.848,26.572],[85.849,26.579],[85.857,26.591],[85.852,26.608],[85.847,26.611],[85.831,26.613],[85.83,26.603],[85.818,26.603],[85.806,26.613],[85.806,26.618],[85.802,26.625],[85.769,26.632],[85.759,26.638],[85.742,26.645],[85.737,26.65],[85.736,26.665],[85.728,26.669],[85.724,26.681],[85.725,26.7],[85.727,26.705],[85.725,26.71],[85.728,26.715],[85.727,26.724],[85.735,26.738],[85.73,26.748],[85.73,26.753],[85.734,26.765],[85.736,26.778],[85.736,26.795],[85.727,26.807],[85.729,26.81],[85.726,26.817],[85.706,26.831],[85.678,26.845],[85.666,26.846],[85.644,26.853],[85.637,26.872],[85.624,26.874],[85.609,26.857],[85.588,26.848],[85.588,26.854],[85.585,26.858],[85.576,26.86],[85.571,26.853],[85.567,26.841],[85.559,26.843],[85.555,26.834],[85.545,26.837],[85.523,26.813],[85.517,26.815],[85.507,26.815],[85.501,26.813],[85.498,26.808],[85.496,26.797],[85.493,26.797],[85.48,26.802],[85.479,26.793],[85.475,26.789],[85.463,26.786],[85.455,26.781],[85.438,26.789],[85.426,26.786],[85.419,26.79],[85.409,26.791],[85.404,26.781],[85.395,26.775],[85.388,26.775],[85.381,26.764],[85.372,26.758],[85.362,26.763],[85.354,26.757],[85.342,26.745],[85.337,26.741],[85.348,26.703],[85.376,26.637],[85.441,26.535],[85.488,26.456],[85.544,26.353],[85.632,26.227],[85.744,26.111],[85.851,26.027],[85.954,25.98],[86.061,25.929],[86.234,25.864],[86.467,25.85],[86.583,25.84],[86.723,25.836],[86.802,25.836],[86.956,25.836],[87.096,25.854],[87.212,25.906],[87.282,25.948],[87.427,26.045],[87.529,26.125],[87.599,26.185],[87.627,26.232],[87.669,26.307],[87.683,26.395],[87.683,26.436]]],[[[89.414,26.041],[89.426,26.043],[89.43,26.04],[89.436,26.022],[89.432,26.015],[89.446,26.01],[89.458,26.003],[89.477,25.996],[89.485,25.998],[89.504,26.005],[89.509,26.003],[89.523,26.006],[89.533,26.004],[89.541,26.008],[89.548,26.004],[89.55,25.999],[89.545,25.985],[89.548,25.978],[89.548,25.971],[89.554,25.967],[89.562,25.966],[89.568,25.973],[89.576,25.968],[89.581,25.968],[89.582,25.976],[89.591,25.98],[89.59,25.99],[89.59,25.998],[89.586,26.003],[89.585,26.016],[89.583,26.026],[89.59,26.034],[89.593,26.044],[89.6,26.04],[89.601,26.047],[89.604,26.049],[89.615,26.049],[89.613,26.056],[89.607,26.061],[89.61,26.067],[89.614,26.063],[89.619,26.063],[89.625,26.056],[89.631,26.062],[89.648,26.063],[89.653,26.068],[89.639,26.08],[89.639,26.096],[89.635,26.105],[89.632,26.107],[89.627,26.102],[89.62,26.102],[89.619,26.097],[89.614,26.095],[89.613,26.089],[89.605,26.098],[89.598,26.101],[89.603,26.107],[89.603,26.111],[89.61,26.113],[89.618,26.112],[89.628,26.114],[89.63,26.119],[89.629,26.128],[89.622,26.12],[89.617,26.123],[89.608,26.121],[89.605,26.139],[89.598,26.162],[89.605,26.164],[89.612,26.16],[89.619,26.166],[89.618,26.174],[89.619,26.18],[89.625,26.182],[89.632,26.178],[89.641,26.18],[89.644,26.173],[89.654,26.168],[89.66,26.177],[89.66,26.183],[89.648,26.186],[89.641,26.186],[89.635,26.189],[89.637,26.197],[89.646,26.193],[89.652,26.196],[89.647,26.206],[89.641,26.216],[89.643,26.225],[89.649,26.229],[89.658,26.223],[89.664,26.222],[89.675,26.228],[89.683,26.23],[89.688,26.226],[89.687,26.216],[89.694,26.212],[89.679,26.208],[89.677,26.202],[89.685,26.198],[89.688,26.193],[89.692,26.184],[89.699,26.178],[89.7,26.173],[89.69,26.172],[89.688,26.168],[89.704,26.161],[89.71,26.153],[89.716,26.157],[89.718,26.166],[89.722,26.166],[89.724,26.157],[89.732,26.156],[89.739,26.158],[89.748,26.157],[89.753,26.153],[89.757,26.144],[89.77,26.132],[89.77,26.128],[89.765,26.113],[89.771,26.107],[89.787,26.106],[89.789,26.102],[89.786,26.095],[89.786,26.086],[89.796,26.08],[89.801,26.073],[89.801,26.059],[89.797,26.059],[89.788,26.053],[89.793,26.045],[89.786,26.045],[89.787,26.039],[89.804,26.036],[89.8,26.029],[89.793,26.022],[89.799,26.018],[89.806,26.027],[89.813,26.038],[89.817,26.034],[89.821,26.024],[89.821,26.012],[89.818,25.989],[89.828,25.985],[89.835,25.986],[89.833,26],[89.835,26.007],[89.843,26.005],[89.85,25.995],[89.855,25.992],[89.871,25.976],[89.868,25.97],[89.859,25.969],[89.851,25.972],[89.845,25.972],[89.841,25.968],[89.847,25.962],[89.848,25.956],[89.841,25.955],[89.831,25.947],[89.834,25.944],[89.844,25.941],[89.857,25.941],[89.869,25.944],[89.879,25.944],[89.887,25.942],[89.887,25.938],[89.874,25.913],[89.851,25.89],[89.84,25.878],[89.836,25.868],[89.835,25.852],[89.835,25.838],[89.83,25.829],[89.819,25.817],[89.821,25.813],[89.827,25.812],[89.831,25.805],[89.833,25.792],[89.838,25.774],[89.843,25.761],[89.841,25.755],[89.828,25.742],[89.827,25.738],[89.83,25.729],[89.836,25.718],[89.84,25.715],[89.856,25.715],[89.856,25.706],[89.849,25.696],[89.848,25.691],[89.866,25.664],[89.872,25.654],[89.881,25.631],[89.883,25.615],[89.879,25.598],[89.874,25.588],[89.879,25.576],[89.875,25.557],[89.87,25.548],[89.858,25.541],[89.856,25.538],[89.863,25.523],[89.862,25.517],[89.857,25.499],[89.854,25.482],[89.857,25.468],[89.856,25.463],[89.845,25.449],[89.837,25.434],[89.832,25.42],[89.829,25.403],[89.822,25.396],[89.818,25.388],[89.817,25.369],[89.823,25.347],[89.829,25.333],[89.838,25.326],[89.843,25.318],[89.843,25.312],[89.837,25.296],[89.853,25.292],[89.872,25.287],[89.877,25.287],[89.893,25.295],[89.902,25.305],[89.911,25.307],[89.923,25.304],[89.932,25.299],[89.965,25.3],[89.975,25.301],[89.979,25.298],[89.981,25.289],[89.984,25.285],[89.995,25.279],[90.012,25.271],[90.034,25.264],[90.046,25.261],[90.062,25.256],[90.075,25.243],[90.084,25.239],[90.097,25.237],[90.103,25.234],[90.115,25.224],[90.127,25.223],[90.142,25.224],[90.162,25.223],[90.172,25.221],[90.19,25.216],[90.205,25.21],[90.217,25.203],[90.228,25.202],[90.236,25.203],[90.249,25.2],[90.257,25.196],[90.263,25.195],[90.278,25.197],[90.294,25.189],[90.308,25.186],[90.327,25.189],[90.334,25.191],[90.355,25.174],[90.38,25.161],[90.412,25.156],[90.418,25.151],[90.428,25.147],[90.447,25.143],[90.455,25.15],[90.469,25.152],[90.483,25.156],[90.487,25.159],[90.513,25.168],[90.549,25.17],[90.561,25.17],[90.599,25.173],[90.615,25.173],[90.622,25.172],[90.639,25.173],[90.64,25.178],[90.652,25.181],[90.655,25.19],[90.658,25.193],[90.668,25.184],[90.671,25.172],[90.678,25.167],[90.683,25.169],[90.692,25.161],[90.704,25.16],[90.717,25.164],[90.723,25.164],[90.735,25.154],[90.74,25.153],[90.743,25.157],[90.744,25.165],[90.763,25.165],[90.769,25.17],[90.778,25.182],[90.783,25.183],[90.793,25.182],[90.804,25.172],[90.811,25.167],[90.822,25.163],[90.844,25.161],[90.857,25.159],[90.872,25.159],[90.889,25.166],[90.911,25.162],[90.947,25.169],[90.968,25.171],[90.978,25.174],[91.011,25.181],[91.038,25.188],[91.053,25.191],[91.066,25.192],[91.084,25.201],[91.097,25.2],[91.11,25.196],[91.128,25.193],[91.137,25.192],[91.152,25.196],[91.161,25.197],[91.17,25.195],[91.184,25.195],[91.196,25.199],[91.216,25.2],[91.233,25.197],[91.255,25.197],[91.267,25.206],[91.277,25.204],[91.293,25.193],[91.294,25.186],[91.31,25.183],[91.323,25.185],[91.329,25.182],[91.33,25.177],[91.348,25.172],[91.359,25.177],[91.371,25.173],[91.379,25.167],[91.391,25.17],[91.407,25.166],[91.412,25.167],[91.416,25.172],[91.421,25.169],[91.434,25.155],[91.449,25.149],[91.466,25.151],[91.469,25.149],[91.473,25.136],[91.496,25.134],[91.503,25.137],[91.51,25.145],[91.531,25.144],[91.55,25.148],[91.556,25.151],[91.564,25.157],[91.577,25.163],[91.582,25.17],[91.605,25.173],[91.604,25.16],[91.606,25.152],[91.604,25.146],[91.608,25.143],[91.621,25.146],[91.627,25.143],[91.631,25.13],[91.637,25.125],[91.645,25.124],[91.653,25.13],[91.663,25.129],[91.674,25.137],[91.691,25.138],[91.697,25.14],[91.705,25.15],[91.707,25.156],[91.714,25.158],[91.724,25.156],[91.729,25.152],[91.747,25.148],[91.75,25.153],[91.746,25.167],[91.749,25.171],[91.769,25.167],[91.809,25.169],[91.824,25.174],[91.833,25.173],[91.844,25.178],[91.854,25.175],[91.874,25.175],[91.895,25.18],[91.916,25.182],[91.95,25.183],[91.962,25.181],[91.972,25.176],[91.977,25.172],[91.986,25.171],[91.993,25.18],[92.005,25.187],[92.013,25.189],[92.029,25.183],[92.038,25.185],[92.049,25.182],[92.065,25.187],[92.077,25.186],[92.084,25.183],[92.096,25.177],[92.107,25.173],[92.125,25.165],[92.137,25.156],[92.138,25.143],[92.152,25.137],[92.178,25.123],[92.192,25.122],[92.187,25.133],[92.194,25.134],[92.202,25.125],[92.222,25.121],[92.225,25.115],[92.217,25.115],[92.212,25.111],[92.232,25.097],[92.247,25.091],[92.277,25.081],[92.286,25.076],[92.3,25.072],[92.311,25.071],[92.32,25.075],[92.326,25.08],[92.336,25.082],[92.343,25.078],[92.346,25.066],[92.345,25.055],[92.352,25.048],[92.367,25.049],[92.372,25.045],[92.386,25.044],[92.392,25.041],[92.404,25.033],[92.418,25.034],[92.425,25.03],[92.426,25.018],[92.42,24.992],[92.419,24.98],[92.422,24.975],[92.43,24.97],[92.437,24.968],[92.448,24.97],[92.459,24.967],[92.465,24.963],[92.46,24.955],[92.451,24.953],[92.451,24.947],[92.454,24.942],[92.459,24.941],[92.478,24.943],[92.488,24.942],[92.489,24.937],[92.484,24.931],[92.489,24.921],[92.495,24.906],[92.494,24.885],[92.498,24.874],[92.497,24.868],[92.487,24.867],[92.481,24.868],[92.464,24.875],[92.45,24.874],[92.443,24.869],[92.437,24.86],[92.43,24.857],[92.423,24.858],[92.416,24.864],[92.41,24.864],[92.402,24.855],[92.395,24.855],[92.385,24.862],[92.381,24.87],[92.374,24.875],[92.365,24.878],[92.357,24.886],[92.35,24.888],[92.348,24.883],[92.342,24.883],[92.331,24.893],[92.315,24.901],[92.312,24.91],[92.307,24.916],[92.298,24.916],[92.292,24.91],[92.285,24.908],[92.27,24.91],[92.25,24.908],[92.243,24.904],[92.243,24.9],[92.251,24.892],[92.253,24.882],[92.246,24.873],[92.236,24.866],[92.236,24.861],[92.246,24.853],[92.248,24.849],[92.247,24.833],[92.253,24.829],[92.264,24.831],[92.271,24.829],[92.273,24.817],[92.274,24.802],[92.282,24.791],[92.282,24.787],[92.27,24.781],[92.265,24.774],[92.264,24.764],[92.267,24.759],[92.27,24.748],[92.267,24.733],[92.265,24.713],[92.257,24.701],[92.244,24.703],[92.233,24.697],[92.226,24.68],[92.225,24.673],[92.228,24.663],[92.239,24.648],[92.239,24.637],[92.237,24.63],[92.231,24.618],[92.222,24.609],[92.223,24.599],[92.229,24.594],[92.233,24.581],[92.234,24.552],[92.232,24.537],[92.233,24.527],[92.233,24.502],[92.227,24.499],[92.204,24.512],[92.196,24.517],[92.18,24.525],[92.17,24.528],[92.158,24.525],[92.154,24.513],[92.154,24.503],[92.157,24.485],[92.166,24.44],[92.172,24.426],[92.171,24.422],[92.147,24.426],[92.139,24.422],[92.125,24.396],[92.126,24.388],[92.124,24.382],[92.113,24.379],[92.104,24.381],[92.094,24.374],[92.078,24.374],[92.046,24.376],[92.036,24.377],[92.028,24.384],[92.02,24.386],[92.01,24.385],[92.005,24.393],[91.998,24.394],[91.991,24.383],[91.987,24.382],[91.979,24.386],[91.974,24.383],[91.975,24.377],[91.986,24.362],[91.992,24.351],[92.004,24.338],[92.004,24.333],[91.998,24.328],[91.991,24.328],[91.981,24.334],[91.975,24.339],[91.969,24.352],[91.962,24.358],[91.95,24.349],[91.936,24.341],[91.927,24.339],[91.926,24.334],[91.927,24.322],[91.933,24.311],[91.939,24.29],[91.943,24.283],[91.944,24.275],[91.944,24.258],[91.931,24.228],[91.929,24.209],[91.925,24.199],[91.92,24.183],[91.915,24.148],[91.913,24.14],[91.907,24.137],[91.895,24.136],[91.889,24.141],[91.882,24.159],[91.871,24.174],[91.855,24.191],[91.85,24.199],[91.848,24.206],[91.855,24.215],[91.854,24.221],[91.848,24.225],[91.835,24.215],[91.831,24.214],[91.822,24.215],[91.814,24.223],[91.807,24.225],[91.798,24.222],[91.792,24.226],[91.785,24.227],[91.764,24.24],[91.749,24.245],[91.753,24.223],[91.756,24.214],[91.757,24.2],[91.761,24.183],[91.762,24.168],[91.767,24.149],[91.766,24.142],[91.749,24.142],[91.739,24.147],[91.731,24.148],[91.72,24.154],[91.715,24.155],[91.71,24.163],[91.702,24.16],[91.694,24.167],[91.685,24.187],[91.683,24.198],[91.679,24.205],[91.672,24.21],[91.671,24.218],[91.675,24.232],[91.667,24.231],[91.654,24.219],[91.656,24.206],[91.663,24.193],[91.662,24.186],[91.651,24.179],[91.648,24.169],[91.646,24.154],[91.64,24.145],[91.64,24.131],[91.644,24.12],[91.642,24.11],[91.638,24.103],[91.629,24.097],[91.615,24.095],[91.603,24.095],[91.602,24.09],[91.605,24.081],[91.591,24.075],[91.578,24.08],[91.569,24.076],[91.553,24.076],[91.536,24.08],[91.501,24.086],[91.498,24.089],[91.496,24.096],[91.48,24.098],[91.469,24.097],[91.462,24.098],[91.449,24.103],[91.438,24.103],[91.435,24.106],[91.428,24.109],[91.414,24.109],[91.397,24.107],[91.387,24.109],[91.382,24.105],[91.381,24.084],[91.386,24.069],[91.404,24.054],[91.402,24.045],[91.396,24.032],[91.395,24.023],[91.386,24.013],[91.379,23.998],[91.385,23.976],[91.38,23.976],[91.368,23.98],[91.363,23.985],[91.35,23.981],[91.34,23.982],[91.334,23.991],[91.328,23.993],[91.324,23.991],[91.307,23.99],[91.304,23.985],[91.304,23.978],[91.297,23.97],[91.29,23.97],[91.289,23.98],[91.284,23.98],[91.274,23.961],[91.27,23.958],[91.265,23.947],[91.269,23.94],[91.276,23.933],[91.276,23.928],[91.269,23.925],[91.242,23.928],[91.238,23.925],[91.246,23.92],[91.247,23.913],[91.243,23.907],[91.237,23.904],[91.233,23.886],[91.24,23.877],[91.242,23.864],[91.252,23.843],[91.254,23.838],[91.245,23.822],[91.234,23.808],[91.234,23.801],[91.228,23.787],[91.231,23.771],[91.23,23.76],[91.227,23.745],[91.222,23.742],[91.214,23.75],[91.205,23.754],[91.2,23.754],[91.175,23.747],[91.167,23.749],[91.164,23.746],[91.155,23.729],[91.152,23.712],[91.156,23.702],[91.157,23.689],[91.165,23.688],[91.204,23.69],[91.207,23.682],[91.206,23.671],[91.208,23.666],[91.207,23.65],[91.203,23.646],[91.197,23.647],[91.196,23.653],[91.183,23.656],[91.172,23.662],[91.161,23.664],[91.161,23.654],[91.163,23.644],[91.161,23.639],[91.16,23.627],[91.163,23.618],[91.163,23.601],[91.166,23.598],[91.174,23.598],[91.179,23.596],[91.178,23.587],[91.182,23.584],[91.198,23.562],[91.199,23.552],[91.206,23.548],[91.213,23.55],[91.214,23.547],[91.212,23.537],[91.208,23.532],[91.205,23.52],[91.208,23.514],[91.213,23.511],[91.22,23.512],[91.225,23.499],[91.238,23.499],[91.242,23.49],[91.249,23.49],[91.252,23.47],[91.259,23.448],[91.272,23.433],[91.27,23.424],[91.277,23.418],[91.282,23.406],[91.28,23.397],[91.286,23.377],[91.29,23.376],[91.296,23.38],[91.297,23.373],[91.291,23.37],[91.299,23.351],[91.304,23.35],[91.31,23.358],[91.317,23.36],[91.314,23.349],[91.304,23.346],[91.3,23.34],[91.299,23.333],[91.294,23.32],[91.302,23.316],[91.311,23.316],[91.316,23.314],[91.318,23.309],[91.304,23.298],[91.304,23.287],[91.318,23.283],[91.319,23.278],[91.315,23.273],[91.315,23.267],[91.32,23.257],[91.326,23.257],[91.329,23.253],[91.323,23.246],[91.326,23.238],[91.328,23.216],[91.326,23.205],[91.328,23.181],[91.328,23.164],[91.335,23.156],[91.338,23.147],[91.339,23.137],[91.344,23.123],[91.356,23.096],[91.366,23.083],[91.37,23.075],[91.378,23.071],[91.385,23.065],[91.393,23.062],[91.404,23.063],[91.414,23.064],[91.421,23.072],[91.419,23.078],[91.414,23.083],[91.408,23.094],[91.406,23.103],[91.407,23.111],[91.402,23.118],[91.398,23.14],[91.395,23.151],[91.388,23.161],[91.389,23.17],[91.384,23.183],[91.384,23.195],[91.391,23.203],[91.388,23.209],[91.391,23.217],[91.391,23.226],[91.395,23.229],[91.403,23.23],[91.401,23.245],[91.409,23.253],[91.402,23.258],[91.402,23.263],[91.406,23.265],[91.413,23.258],[91.416,23.261],[91.411,23.282],[91.416,23.282],[91.425,23.261],[91.431,23.262],[91.448,23.263],[91.457,23.258],[91.453,23.251],[91.454,23.247],[91.462,23.246],[91.47,23.233],[91.466,23.226],[91.458,23.22],[91.464,23.216],[91.482,23.219],[91.487,23.205],[91.475,23.198],[91.477,23.194],[91.483,23.191],[91.504,23.19],[91.507,23.186],[91.497,23.18],[91.498,23.171],[91.494,23.156],[91.505,23.151],[91.504,23.148],[91.513,23.147],[91.517,23.144],[91.507,23.133],[91.508,23.127],[91.517,23.123],[91.519,23.118],[91.517,23.107],[91.523,23.103],[91.527,23.092],[91.533,23.09],[91.529,23.082],[91.535,23.069],[91.534,23.064],[91.53,23.062],[91.538,23.057],[91.536,23.046],[91.537,23.04],[91.548,23.041],[91.551,23.039],[91.55,23.033],[91.543,23.024],[91.549,23.017],[91.549,23.011],[91.546,22.998],[91.548,22.995],[91.558,23.002],[91.561,22.998],[91.557,22.986],[91.558,22.982],[91.579,22.97],[91.586,22.975],[91.595,22.977],[91.608,22.967],[91.61,22.964],[91.607,22.958],[91.615,22.949],[91.621,22.944],[91.629,22.955],[91.638,22.969],[91.659,22.981],[91.67,22.979],[91.677,22.982],[91.691,22.985],[91.696,22.99],[91.703,22.991],[91.71,22.988],[91.715,22.988],[91.726,22.994],[91.73,23.001],[91.739,23.008],[91.748,23.013],[91.768,23.036],[91.774,23.041],[91.78,23.033],[91.785,23.043],[91.777,23.064],[91.779,23.07],[91.787,23.074],[91.796,23.069],[91.81,23.07],[91.82,23.078],[91.816,23.082],[91.827,23.087],[91.835,23.096],[91.834,23.1],[91.821,23.099],[91.819,23.113],[91.815,23.119],[91.811,23.135],[91.81,23.156],[91.805,23.18],[91.798,23.195],[91.793,23.201],[91.791,23.213],[91.791,23.231],[91.784,23.24],[91.778,23.251],[91.777,23.27],[91.777,23.276],[91.787,23.301],[91.788,23.307],[91.802,23.318],[91.808,23.327],[91.806,23.332],[91.815,23.344],[91.824,23.348],[91.83,23.36],[91.841,23.374],[91.84,23.393],[91.848,23.402],[91.856,23.407],[91.866,23.408],[91.876,23.416],[91.884,23.426],[91.892,23.434],[91.908,23.439],[91.921,23.438],[91.936,23.435],[91.946,23.439],[91.945,23.454],[91.943,23.461],[91.946,23.471],[91.953,23.474],[91.974,23.479],[91.978,23.482],[91.975,23.501],[91.971,23.512],[91.961,23.519],[91.959,23.524],[91.966,23.534],[91.967,23.538],[91.962,23.561],[91.956,23.571],[91.955,23.586],[91.959,23.605],[91.958,23.611],[91.948,23.627],[91.946,23.635],[91.949,23.646],[91.941,23.661],[91.941,23.671],[91.938,23.681],[91.94,23.688],[91.944,23.692],[91.961,23.698],[91.957,23.703],[91.953,23.713],[91.956,23.728],[91.962,23.733],[91.975,23.735],[91.983,23.731],[91.988,23.719],[91.991,23.706],[92,23.685],[92.012,23.663],[92.026,23.655],[92.042,23.648],[92.051,23.646],[92.07,23.647],[92.077,23.646],[92.081,23.649],[92.085,23.66],[92.086,23.674],[92.089,23.676],[92.106,23.677],[92.115,23.689],[92.125,23.695],[92.129,23.703],[92.136,23.707],[92.141,23.715],[92.146,23.728],[92.154,23.734],[92.171,23.738],[92.177,23.738],[92.178,23.732],[92.176,23.728],[92.181,23.708],[92.192,23.709],[92.2,23.705],[92.208,23.705],[92.216,23.691],[92.216,23.678],[92.211,23.661],[92.215,23.654],[92.224,23.653],[92.232,23.66],[92.238,23.67],[92.237,23.684],[92.239,23.69],[92.246,23.696],[92.246,23.705],[92.243,23.71],[92.249,23.718],[92.254,23.722],[92.268,23.724],[92.282,23.715],[92.287,23.705],[92.291,23.702],[92.295,23.687],[92.292,23.671],[92.279,23.644],[92.279,23.638],[92.284,23.634],[92.284,23.626],[92.298,23.626],[92.301,23.62],[92.294,23.615],[92.293,23.607],[92.294,23.597],[92.309,23.591],[92.313,23.567],[92.314,23.554],[92.312,23.544],[92.313,23.534],[92.324,23.527],[92.321,23.518],[92.325,23.504],[92.324,23.494],[92.325,23.485],[92.328,23.476],[92.322,23.471],[92.323,23.468],[92.334,23.464],[92.331,23.453],[92.332,23.43],[92.336,23.43],[92.347,23.435],[92.351,23.426],[92.35,23.42],[92.361,23.41],[92.356,23.402],[92.361,23.396],[92.359,23.386],[92.367,23.38],[92.365,23.375],[92.378,23.372],[92.385,23.36],[92.386,23.351],[92.384,23.341],[92.373,23.329],[92.376,23.321],[92.383,23.321],[92.386,23.318],[92.391,23.307],[92.387,23.294],[92.393,23.281],[92.399,23.272],[92.393,23.264],[92.397,23.257],[92.405,23.238],[92.393,23.24],[92.388,23.239],[92.362,23.238],[92.357,23.234],[92.361,23.206],[92.358,23.195],[92.363,23.187],[92.365,23.178],[92.364,23.17],[92.367,23.149],[92.363,23.138],[92.366,23.132],[92.372,23.13],[92.373,23.126],[92.367,23.115],[92.366,23.105],[92.373,23.099],[92.373,23.092],[92.376,23.087],[92.386,23.088],[92.389,23.071],[92.396,23.055],[92.396,23.051],[92.388,23.04],[92.387,23.036],[92.39,23.03],[92.385,23.022],[92.385,23.013],[92.391,23.006],[92.386,22.984],[92.383,22.978],[92.373,22.971],[92.378,22.963],[92.377,22.95],[92.374,22.945],[92.375,22.934],[92.383,22.929],[92.397,22.93],[92.401,22.928],[92.401,22.923],[92.403,22.913],[92.415,22.918],[92.421,22.917],[92.422,22.911],[92.436,22.888],[92.443,22.894],[92.448,22.893],[92.451,22.882],[92.458,22.874],[92.458,22.864],[92.462,22.862],[92.459,22.855],[92.464,22.847],[92.458,22.841],[92.462,22.831],[92.455,22.828],[92.456,22.817],[92.465,22.809],[92.468,22.796],[92.475,22.78],[92.477,22.765],[92.48,22.751],[92.485,22.746],[92.496,22.746],[92.503,22.742],[92.51,22.735],[92.517,22.712],[92.52,22.701],[92.522,22.685],[92.527,22.666],[92.526,22.662],[92.527,22.638],[92.535,22.634],[92.534,22.63],[92.526,22.622],[92.534,22.61],[92.538,22.596],[92.539,22.577],[92.529,22.573],[92.53,22.563],[92.538,22.552],[92.543,22.542],[92.547,22.524],[92.549,22.491],[92.549,22.469],[92.552,22.457],[92.555,22.445],[92.556,22.416],[92.56,22.401],[92.565,22.388],[92.565,22.378],[92.568,22.366],[92.574,22.355],[92.578,22.336],[92.581,22.318],[92.583,22.313],[92.583,22.297],[92.579,22.279],[92.585,22.271],[92.592,22.255],[92.594,22.235],[92.592,22.218],[92.6,22.207],[92.601,22.2],[92.599,22.181],[92.602,22.176],[92.607,22.177],[92.614,22.169],[92.614,22.155],[92.608,22.127],[92.6,22.124],[92.597,22.127],[92.592,22.14],[92.584,22.144],[92.574,22.142],[92.564,22.133],[92.564,22.128],[92.573,22.12],[92.583,22.099],[92.594,22.079],[92.595,22.066],[92.601,22.062],[92.602,22.052],[92.598,22.043],[92.599,22.038],[92.603,22.033],[92.605,22.026],[92.599,22.011],[92.61,22.002],[92.615,21.993],[92.61,21.979],[92.627,21.984],[92.635,21.987],[92.642,21.997],[92.656,22.013],[92.66,22.014],[92.678,22.013],[92.684,22.022],[92.687,22.04],[92.684,22.049],[92.684,22.062],[92.682,22.091],[92.681,22.104],[92.687,22.106],[92.688,22.08],[92.694,22.079],[92.694,22.098],[92.697,22.121],[92.698,22.137],[92.697,22.147],[92.701,22.152],[92.715,22.151],[92.73,22.148],[92.735,22.137],[92.74,22.134],[92.763,22.125],[92.767,22.121],[92.766,22.114],[92.771,22.109],[92.786,22.107],[92.814,22.094],[92.823,22.078],[92.833,22.074],[92.846,22.06],[92.86,22.066],[92.867,22.059],[92.869,22.035],[92.872,22.028],[92.886,22.016],[92.891,22.01],[92.893,22.002],[92.901,21.979],[92.903,21.952],[92.908,21.944],[92.913,21.947],[92.911,21.955],[92.913,21.963],[92.924,21.994],[92.936,22.006],[92.928,22.015],[92.931,22.018],[92.939,22.016],[92.953,22.028],[92.958,22.028],[92.963,22.025],[92.964,22.018],[92.97,22.008],[92.976,22.004],[92.985,21.981],[92.996,21.976],[93.003,21.978],[93.006,21.982],[93.007,22.009],[93.005,22.018],[92.998,22.03],[92.997,22.037],[92.997,22.053],[93.005,22.068],[93.011,22.083],[93.012,22.091],[93.01,22.1],[93.013,22.103],[93.036,22.103],[93.049,22.097],[93.062,22.1],[93.063,22.111],[93.056,22.125],[93.044,22.136],[93.052,22.163],[93.05,22.173],[93.041,22.191],[93.051,22.201],[93.056,22.201],[93.074,22.208],[93.085,22.2],[93.099,22.196],[93.114,22.199],[93.116,22.196],[93.119,22.186],[93.127,22.176],[93.135,22.174],[93.151,22.175],[93.159,22.18],[93.163,22.191],[93.166,22.197],[93.162,22.202],[93.156,22.207],[93.153,22.215],[93.153,22.226],[93.143,22.238],[93.144,22.244],[93.148,22.245],[93.157,22.244],[93.167,22.247],[93.187,22.247],[93.193,22.253],[93.205,22.258],[93.206,22.263],[93.198,22.278],[93.198,22.297],[93.197,22.31],[93.193,22.322],[93.203,22.327],[93.196,22.334],[93.196,22.341],[93.194,22.356],[93.189,22.368],[93.194,22.377],[93.189,22.388],[93.188,22.393],[93.192,22.4],[93.191,22.406],[93.185,22.411],[93.185,22.416],[93.187,22.424],[93.184,22.431],[93.179,22.436],[93.172,22.448],[93.159,22.451],[93.153,22.449],[93.142,22.456],[93.131,22.472],[93.135,22.484],[93.134,22.492],[93.126,22.507],[93.13,22.517],[93.128,22.523],[93.108,22.529],[93.113,22.538],[93.112,22.552],[93.118,22.557],[93.126,22.572],[93.133,22.579],[93.142,22.583],[93.14,22.605],[93.133,22.62],[93.126,22.626],[93.121,22.627],[93.114,22.632],[93.112,22.636],[93.115,22.649],[93.107,22.656],[93.1,22.671],[93.1,22.676],[93.104,22.683],[93.101,22.693],[93.095,22.698],[93.089,22.706],[93.096,22.711],[93.099,22.725],[93.11,22.741],[93.105,22.767],[93.096,22.807],[93.106,22.81],[93.113,22.813],[93.108,22.825],[93.118,22.834],[93.119,22.86],[93.127,22.866],[93.13,22.872],[93.135,22.89],[93.136,22.897],[93.132,22.904],[93.136,22.91],[93.16,22.91],[93.165,22.916],[93.163,22.919],[93.154,22.924],[93.15,22.928],[93.149,22.947],[93.143,22.958],[93.139,22.961],[93.144,22.968],[93.145,22.977],[93.14,22.991],[93.13,22.993],[93.126,22.998],[93.127,23.003],[93.133,23.01],[93.129,23.023],[93.133,23.032],[93.13,23.044],[93.137,23.053],[93.139,23.057],[93.144,23.059],[93.153,23.055],[93.159,23.049],[93.165,23.046],[93.174,23.05],[93.18,23.055],[93.184,23.054],[93.191,23.057],[93.203,23.054],[93.217,23.042],[93.229,23.024],[93.231,23.019],[93.238,23.011],[93.25,23.003],[93.265,23.009],[93.271,23.007],[93.275,23.002],[93.285,23.001],[93.294,23.002],[93.299,23.005],[93.312,23.019],[93.318,23.018],[93.329,23.032],[93.333,23.04],[93.342,23.061],[93.35,23.061],[93.354,23.069],[93.355,23.074],[93.348,23.077],[93.349,23.081],[93.359,23.092],[93.362,23.113],[93.366,23.117],[93.379,23.124],[93.39,23.135],[93.391,23.141],[93.387,23.144],[93.376,23.14],[93.371,23.147],[93.373,23.155],[93.377,23.163],[93.378,23.171],[93.382,23.184],[93.384,23.207],[93.392,23.216],[93.391,23.22],[93.38,23.241],[93.375,23.252],[93.372,23.271],[93.372,23.279],[93.378,23.286],[93.377,23.297],[93.374,23.303],[93.374,23.316],[93.376,23.329],[93.375,23.334],[93.369,23.34],[93.363,23.351],[93.364,23.354],[93.373,23.359],[93.387,23.359],[93.396,23.36],[93.393,23.37],[93.401,23.38],[93.411,23.384],[93.403,23.394],[93.395,23.407],[93.394,23.419],[93.394,23.429],[93.398,23.453],[93.403,23.463],[93.404,23.471],[93.401,23.481],[93.405,23.493],[93.405,23.505],[93.413,23.517],[93.425,23.53],[93.424,23.549],[93.421,23.558],[93.421,23.565],[93.424,23.568],[93.43,23.578],[93.432,23.585],[93.43,23.591],[93.43,23.615],[93.426,23.641],[93.425,23.65],[93.433,23.668],[93.442,23.678],[93.434,23.692],[93.42,23.7],[93.414,23.708],[93.412,23.719],[93.415,23.729],[93.412,23.74],[93.404,23.752],[93.401,23.765],[93.402,23.771],[93.407,23.795],[93.407,23.81],[93.399,23.816],[93.396,23.82],[93.397,23.831],[93.394,23.837],[93.394,23.86],[93.393,23.873],[93.393,23.883],[93.395,23.909],[93.397,23.921],[93.396,23.926],[93.388,23.93],[93.373,23.934],[93.362,23.942],[93.353,23.957],[93.349,23.974],[93.345,23.977],[93.335,23.979],[93.332,23.983],[93.336,23.992],[93.338,24.009],[93.334,24.02],[93.34,24.027],[93.331,24.036],[93.34,24.041],[93.334,24.053],[93.34,24.064],[93.336,24.069],[93.332,24.086],[93.341,24.091],[93.344,24.088],[93.351,24.094],[93.347,24.101],[93.344,24.109],[93.354,24.105],[93.364,24.089],[93.389,24.084],[93.402,24.08],[93.413,24.075],[93.422,24.068],[93.43,24.058],[93.437,24.04],[93.438,24.031],[93.441,24.024],[93.451,24.019],[93.456,24.006],[93.464,23.995],[93.463,23.975],[93.469,23.967],[93.483,23.963],[93.487,23.957],[93.493,23.953],[93.5,23.952],[93.506,23.945],[93.512,23.943],[93.528,23.957],[93.537,23.959],[93.552,23.961],[93.555,23.966],[93.554,23.975],[93.561,23.985],[93.566,23.984],[93.574,23.974],[93.577,23.966],[93.581,23.964],[93.594,23.963],[93.606,23.969],[93.613,23.977],[93.618,23.987],[93.617,23.995],[93.614,23.999],[93.613,24.006],[93.618,24.01],[93.625,24.011],[93.632,24.009],[93.649,24.009],[93.66,24],[93.671,24.004],[93.674,24.007],[93.71,24.001],[93.717,24.001],[93.737,23.994],[93.741,23.997],[93.743,24.004],[93.754,24.005],[93.759,23.999],[93.767,23.985],[93.77,23.978],[93.776,23.973],[93.782,23.965],[93.79,23.963],[93.794,23.952],[93.798,23.951],[93.802,23.942],[93.802,23.932],[93.805,23.928],[93.813,23.925],[93.834,23.927],[93.845,23.933],[93.863,23.933],[93.874,23.942],[93.884,23.942],[93.893,23.95],[93.904,23.952],[93.917,23.952],[93.95,23.945],[93.956,23.942],[93.959,23.932],[93.966,23.929],[93.973,23.93],[93.978,23.928],[93.998,23.926],[94.01,23.929],[94.014,23.929],[94.024,23.921],[94.039,23.912],[94.043,23.908],[94.047,23.895],[94.053,23.892],[94.072,23.887],[94.092,23.888],[94.097,23.883],[94.1,23.871],[94.11,23.861],[94.111,23.847],[94.119,23.837],[94.125,23.837],[94.131,23.84],[94.135,23.85],[94.143,23.85],[94.151,23.846],[94.157,23.847],[94.161,23.859],[94.164,23.883],[94.166,23.923],[94.167,23.929],[94.173,23.933],[94.186,23.928],[94.192,23.932],[94.193,23.938],[94.19,23.945],[94.191,23.959],[94.197,23.972],[94.206,23.986],[94.211,23.992],[94.222,24.008],[94.228,24.015],[94.241,24.038],[94.231,24.053],[94.229,24.061],[94.236,24.06],[94.243,24.057],[94.246,24.064],[94.256,24.084],[94.256,24.09],[94.253,24.101],[94.255,24.114],[94.254,24.137],[94.259,24.162],[94.263,24.166],[94.276,24.17],[94.28,24.174],[94.281,24.197],[94.284,24.207],[94.288,24.217],[94.291,24.234],[94.3,24.239],[94.309,24.248],[94.324,24.286],[94.324,24.313],[94.323,24.333],[94.343,24.333],[94.348,24.336],[94.374,24.365],[94.382,24.378],[94.372,24.387],[94.361,24.393],[94.363,24.398],[94.371,24.399],[94.388,24.403],[94.395,24.407],[94.4,24.415],[94.404,24.425],[94.405,24.438],[94.404,24.447],[94.397,24.456],[94.408,24.463],[94.4,24.481],[94.405,24.483],[94.418,24.484],[94.426,24.487],[94.433,24.51],[94.437,24.514],[94.452,24.549],[94.456,24.56],[94.462,24.569],[94.481,24.576],[94.486,24.583],[94.494,24.586],[94.504,24.595],[94.517,24.61],[94.528,24.626],[94.537,24.642],[94.547,24.668],[94.549,24.686],[94.543,24.701],[94.547,24.71],[94.553,24.713],[94.559,24.712],[94.567,24.705],[94.573,24.705],[94.57,24.715],[94.574,24.724],[94.582,24.723],[94.583,24.716],[94.581,24.708],[94.587,24.704],[94.607,24.715],[94.608,24.727],[94.614,24.737],[94.629,24.758],[94.629,24.766],[94.621,24.778],[94.621,24.789],[94.623,24.798],[94.631,24.808],[94.631,24.823],[94.634,24.836],[94.637,24.842],[94.652,24.856],[94.653,24.867],[94.658,24.871],[94.676,24.88],[94.685,24.888],[94.688,24.893],[94.689,24.901],[94.698,24.921],[94.702,24.927],[94.715,24.936],[94.71,24.946],[94.702,24.953],[94.698,24.962],[94.699,24.972],[94.709,24.987],[94.722,24.995],[94.731,25.006],[94.738,25.018],[94.742,25.038],[94.747,25.057],[94.747,25.069],[94.742,25.095],[94.742,25.13],[94.732,25.136],[94.725,25.137],[94.71,25.143],[94.7,25.153],[94.695,25.154],[94.684,25.151],[94.674,25.158],[94.654,25.166],[94.644,25.168],[94.635,25.175],[94.627,25.184],[94.619,25.185],[94.61,25.183],[94.598,25.189],[94.589,25.199],[94.582,25.209],[94.583,25.219],[94.589,25.231],[94.59,25.24],[94.596,25.261],[94.595,25.268],[94.595,25.283],[94.599,25.292],[94.61,25.316],[94.633,25.353],[94.634,25.361],[94.634,25.374],[94.637,25.386],[94.641,25.395],[94.646,25.4],[94.668,25.406],[94.675,25.42],[94.676,25.436],[94.679,25.444],[94.679,25.453],[94.685,25.459],[94.718,25.466],[94.743,25.473],[94.748,25.476],[94.753,25.486],[94.759,25.485],[94.764,25.476],[94.769,25.475],[94.776,25.478],[94.781,25.484],[94.794,25.487],[94.802,25.487],[94.809,25.489],[94.815,25.5],[94.817,25.507],[94.825,25.522],[94.826,25.532],[94.833,25.544],[94.85,25.557],[94.884,25.559],[94.901,25.56],[94.901,25.564],[94.888,25.575],[94.884,25.581],[94.885,25.586],[94.892,25.591],[94.908,25.597],[94.914,25.601],[94.917,25.608],[94.919,25.618],[94.922,25.626],[94.923,25.634],[94.929,25.647],[94.932,25.658],[94.939,25.669],[94.95,25.677],[94.98,25.697],[94.986,25.702],[94.995,25.715],[94.999,25.726],[95.006,25.732],[95.015,25.732],[95.03,25.735],[95.037,25.741],[95.049,25.756],[95.042,25.772],[95.042,25.776],[95.048,25.792],[95.046,25.803],[95.04,25.806],[95.034,25.813],[95.031,25.82],[95.03,25.84],[95.024,25.845],[95.021,25.852],[95.012,25.865],[95.012,25.874],[95.019,25.881],[95.016,25.894],[95.019,25.903],[95.025,25.913],[95.033,25.92],[95.033,25.928],[95.042,25.928],[95.05,25.938],[95.054,25.94],[95.07,25.942],[95.076,25.944],[95.09,25.955],[95.103,25.961],[95.114,25.981],[95.125,25.988],[95.128,25.993],[95.137,26],[95.146,26.012],[95.159,26.025],[95.161,26.028],[95.162,26.047],[95.18,26.068],[95.182,26.078],[95.168,26.09],[95.163,26.092],[95.148,26.088],[95.141,26.094],[95.135,26.096],[95.123,26.094],[95.117,26.103],[95.118,26.115],[95.125,26.13],[95.121,26.142],[95.114,26.156],[95.115,26.162],[95.123,26.176],[95.125,26.187],[95.122,26.19],[95.125,26.197],[95.135,26.203],[95.139,26.208],[95.13,26.219],[95.12,26.226],[95.118,26.232],[95.123,26.239],[95.127,26.25],[95.118,26.268],[95.118,26.273],[95.124,26.279],[95.128,26.286],[95.128,26.301],[95.125,26.33],[95.131,26.336],[95.125,26.348],[95.132,26.369],[95.133,26.382],[95.119,26.392],[95.102,26.395],[95.103,26.409],[95.106,26.418],[95.103,26.424],[95.099,26.426],[95.084,26.446],[95.079,26.447],[95.064,26.444],[95.064,26.451],[95.066,26.461],[95.073,26.467],[95.073,26.472],[95.088,26.489],[95.1,26.497],[95.101,26.507],[95.111,26.513],[95.118,26.524],[95.118,26.528],[95.112,26.542],[95.122,26.551],[95.124,26.556],[95.136,26.554],[95.142,26.557],[95.142,26.562],[95.152,26.575],[95.154,26.581],[95.15,26.592],[95.152,26.613],[95.156,26.617],[95.169,26.624],[95.179,26.637],[95.189,26.642],[95.204,26.643],[95.217,26.655],[95.229,26.672],[95.238,26.686],[95.241,26.688],[95.248,26.686],[95.257,26.68],[95.259,26.667],[95.269,26.657],[95.28,26.657],[95.29,26.655],[95.3,26.65],[95.306,26.651],[95.315,26.661],[95.344,26.672],[95.363,26.671],[95.369,26.673],[95.381,26.682],[95.392,26.685],[95.404,26.69],[95.42,26.69],[95.426,26.694],[95.433,26.702],[95.439,26.716],[95.451,26.726],[95.456,26.731],[95.458,26.739],[95.463,26.744],[95.48,26.748],[95.486,26.755],[95.499,26.776],[95.504,26.79],[95.512,26.807],[95.522,26.813],[95.53,26.825],[95.543,26.831],[95.552,26.833],[95.56,26.831],[95.565,26.823],[95.572,26.819],[95.582,26.816],[95.589,26.816],[95.608,26.814],[95.619,26.83],[95.629,26.843],[95.632,26.86],[95.631,26.867],[95.634,26.873],[95.639,26.876],[95.648,26.877],[95.655,26.891],[95.66,26.898],[95.67,26.903],[95.678,26.898],[95.689,26.893],[95.695,26.888],[95.7,26.88],[95.708,26.878],[95.718,26.877],[95.728,26.881],[95.742,26.894],[95.752,26.901],[95.755,26.908],[95.754,26.913],[95.749,26.923],[95.753,26.933],[95.76,26.938],[95.758,26.957],[95.776,26.983],[95.802,27.005],[95.805,27.014],[95.812,27.015],[95.835,27.008],[95.854,27.015],[95.864,27.015],[95.874,27.014],[95.886,27.021],[95.897,27.025],[95.912,27.038],[95.933,27.046],[95.954,27.061],[95.96,27.075],[95.976,27.104],[95.986,27.118],[96.001,27.133],[96.013,27.148],[96.02,27.159],[96.026,27.181],[96.033,27.189],[96.054,27.196],[96.065,27.206],[96.083,27.21],[96.089,27.22],[96.095,27.224],[96.111,27.226],[96.147,27.242],[96.16,27.247],[96.178,27.247],[96.193,27.258],[96.202,27.259],[96.214,27.262],[96.223,27.273],[96.231,27.278],[96.238,27.277],[96.264,27.27],[96.275,27.272],[96.278,27.279],[96.287,27.287],[96.307,27.295],[96.316,27.291],[96.332,27.288],[96.344,27.281],[96.351,27.282],[96.357,27.286],[96.36,27.293],[96.379,27.29],[96.387,27.287],[96.398,27.291],[96.412,27.292],[96.421,27.298],[96.429,27.302],[96.442,27.303],[96.457,27.301],[96.466,27.305],[96.482,27.297],[96.49,27.298],[96.496,27.301],[96.501,27.3],[96.513,27.293],[96.518,27.286],[96.526,27.29],[96.541,27.302],[96.557,27.317],[96.571,27.321],[96.575,27.326],[96.587,27.333],[96.596,27.337],[96.594,27.348],[96.608,27.361],[96.616,27.365],[96.626,27.364],[96.642,27.36],[96.651,27.361],[96.656,27.363],[96.666,27.364],[96.689,27.357],[96.694,27.357],[96.702,27.363],[96.708,27.372],[96.718,27.369],[96.736,27.356],[96.749,27.354],[96.768,27.357],[96.78,27.35],[96.797,27.346],[96.801,27.342],[96.812,27.321],[96.82,27.312],[96.831,27.302],[96.845,27.297],[96.847,27.292],[96.85,27.271],[96.861,27.26],[96.87,27.258],[96.88,27.259],[96.883,27.255],[96.882,27.246],[96.887,27.239],[96.885,27.228],[96.88,27.224],[96.861,27.215],[96.858,27.21],[96.859,27.198],[96.861,27.191],[96.87,27.184],[96.897,27.172],[96.913,27.166],[96.95,27.164],[96.968,27.162],[96.979,27.157],[96.987,27.152],[96.993,27.144],[97.007,27.137],[97.024,27.132],[97.036,27.122],[97.047,27.109],[97.057,27.101],[97.065,27.099],[97.073,27.1],[97.093,27.109],[97.102,27.111],[97.108,27.11],[97.125,27.094],[97.134,27.091],[97.14,27.093],[97.146,27.11],[97.15,27.116],[97.165,27.127],[97.166,27.134],[97.161,27.145],[97.15,27.152],[97.144,27.168],[97.134,27.168],[97.121,27.175],[97.118,27.19],[97.111,27.199],[97.094,27.205],[97.089,27.212],[97.09,27.232],[97.088,27.238],[97.076,27.244],[97.053,27.267],[97.051,27.276],[97.038,27.28],[97.035,27.299],[97.011,27.311],[96.998,27.321],[96.995,27.331],[96.992,27.346],[96.984,27.349],[96.98,27.354],[96.977,27.365],[96.966,27.37],[96.964,27.377],[96.97,27.387],[96.964,27.393],[96.96,27.407],[96.944,27.412],[96.936,27.418],[96.928,27.442],[96.921,27.448],[96.912,27.45],[96.907,27.454],[96.906,27.473],[96.91,27.484],[96.921,27.495],[96.928,27.507],[96.933,27.522],[96.924,27.534],[96.92,27.543],[96.911,27.55],[96.908,27.568],[96.909,27.58],[96.898,27.582],[96.894,27.585],[96.893,27.613],[96.896,27.616],[96.908,27.619],[96.915,27.623],[96.926,27.638],[96.937,27.659],[96.944,27.663],[96.954,27.666],[96.986,27.663],[96.988,27.668],[96.988,27.677],[96.994,27.693],[97.005,27.717],[97.011,27.733],[97.024,27.741],[97.032,27.744],[97.043,27.741],[97.052,27.744],[97.057,27.749],[97.063,27.752],[97.077,27.744],[97.086,27.74],[97.091,27.742],[97.096,27.759],[97.1,27.767],[97.093,27.78],[97.097,27.785],[97.119,27.79],[97.129,27.798],[97.132,27.807],[97.147,27.811],[97.155,27.814],[97.164,27.821],[97.163,27.828],[97.177,27.834],[97.197,27.856],[97.232,27.882],[97.242,27.896],[97.251,27.901],[97.275,27.911],[97.303,27.922],[97.309,27.917],[97.318,27.904],[97.316,27.881],[97.338,27.886],[97.359,27.877],[97.366,27.878],[97.373,27.885],[97.383,27.888],[97.382,27.895],[97.374,27.904],[97.373,27.91],[97.382,27.918],[97.382,27.922],[97.37,27.936],[97.373,27.955],[97.373,27.978],[97.377,27.984],[97.386,28.004],[97.406,28.007],[97.41,28.016],[97.393,28.026],[97.377,28.032],[97.372,28.031],[97.363,28.044],[97.369,28.055],[97.368,28.062],[97.361,28.06],[97.326,28.057],[97.314,28.059],[97.307,28.062],[97.303,28.069],[97.305,28.085],[97.312,28.093],[97.334,28.112],[97.335,28.117],[97.322,28.134],[97.32,28.141],[97.326,28.155],[97.354,28.181],[97.359,28.189],[97.367,28.193],[97.382,28.187],[97.387,28.184],[97.395,28.186],[97.395,28.193],[97.385,28.205],[97.37,28.218],[97.36,28.224],[97.346,28.227],[97.329,28.24],[97.317,28.245],[97.308,28.245],[97.303,28.251],[97.302,28.257],[97.277,28.269],[97.264,28.271],[97.237,28.268],[97.23,28.274],[97.224,28.288],[97.22,28.293],[97.21,28.292],[97.198,28.289],[97.188,28.288],[97.174,28.29],[97.165,28.295],[97.155,28.32],[97.148,28.327],[97.126,28.345],[97.122,28.35],[97.109,28.352],[97.089,28.363],[97.062,28.353],[97.048,28.352],[97.038,28.343],[97.033,28.332],[97.019,28.32],[97.001,28.312],[96.993,28.31],[96.983,28.316],[96.97,28.317],[96.958,28.326],[96.949,28.334],[96.922,28.339],[96.917,28.346],[96.917,28.357],[96.907,28.365],[96.895,28.38],[96.891,28.38],[96.866,28.375],[96.859,28.372],[96.849,28.362],[96.823,28.361],[96.808,28.362],[96.794,28.365],[96.78,28.365],[96.771,28.368],[96.764,28.384],[96.76,28.399],[96.755,28.41],[96.748,28.416],[96.731,28.425],[96.714,28.428],[96.703,28.432],[96.679,28.446],[96.662,28.461],[96.658,28.461],[96.637,28.459],[96.619,28.459],[96.596,28.461],[96.577,28.458],[96.557,28.448],[96.549,28.437],[96.532,28.43],[96.518,28.418],[96.508,28.413],[96.495,28.419],[96.478,28.42],[96.456,28.414],[96.445,28.402],[96.437,28.396],[96.43,28.387],[96.425,28.358],[96.421,28.346],[96.411,28.342],[96.397,28.339],[96.39,28.358],[96.378,28.359],[96.373,28.382],[96.369,28.389],[96.36,28.389],[96.318,28.381],[96.313,28.384],[96.303,28.4],[96.286,28.404],[96.266,28.406],[96.264,28.412],[96.273,28.419],[96.295,28.435],[96.308,28.441],[96.333,28.458],[96.34,28.465],[96.365,28.475],[96.371,28.482],[96.37,28.492],[96.365,28.5],[96.359,28.505],[96.341,28.517],[96.323,28.526],[96.324,28.53],[96.333,28.534],[96.342,28.547],[96.353,28.556],[96.369,28.56],[96.399,28.558],[96.405,28.56],[96.405,28.573],[96.398,28.586],[96.399,28.59],[96.406,28.59],[96.413,28.584],[96.421,28.581],[96.426,28.583],[96.433,28.593],[96.443,28.602],[96.471,28.618],[96.492,28.634],[96.493,28.639],[96.482,28.661],[96.473,28.675],[96.469,28.68],[96.471,28.684],[96.489,28.684],[96.497,28.688],[96.506,28.697],[96.521,28.705],[96.531,28.707],[96.558,28.708],[96.571,28.71],[96.584,28.717],[96.608,28.749],[96.614,28.761],[96.614,28.774],[96.607,28.794],[96.594,28.811],[96.583,28.817],[96.574,28.826],[96.561,28.844],[96.558,28.852],[96.552,28.859],[96.546,28.871],[96.536,28.88],[96.535,28.893],[96.538,28.917],[96.534,28.926],[96.523,28.944],[96.52,28.962],[96.518,28.968],[96.512,28.967],[96.5,28.96],[96.492,28.959],[96.487,28.962],[96.477,28.991],[96.488,29.007],[96.498,29.028],[96.511,29.049],[96.524,29.076],[96.518,29.075],[96.5,29.068],[96.491,29.063],[96.476,29.057],[96.466,29.051],[96.458,29.043],[96.435,29.034],[96.42,29.034],[96.388,29.031],[96.368,29.032],[96.346,29.029],[96.321,29.01],[96.309,29.003],[96.293,28.996],[96.286,28.989],[96.281,28.981],[96.26,28.962],[96.255,28.956],[96.248,28.94],[96.228,28.926],[96.215,28.92],[96.186,28.909],[96.174,28.901],[96.166,28.903],[96.163,28.919],[96.145,28.935],[96.154,28.944],[96.155,28.953],[96.18,28.966],[96.184,28.975],[96.185,28.985],[96.18,28.997],[96.175,29.001],[96.165,29.017],[96.161,29.034],[96.15,29.05],[96.137,29.062],[96.115,29.075],[96.124,29.078],[96.17,29.085],[96.186,29.092],[96.2,29.103],[96.218,29.136],[96.228,29.144],[96.249,29.148],[96.256,29.152],[96.26,29.158],[96.291,29.16],[96.308,29.166],[96.332,29.167],[96.346,29.168],[96.358,29.179],[96.363,29.196],[96.371,29.216],[96.388,29.231],[96.392,29.244],[96.393,29.254],[96.388,29.261],[96.382,29.274],[96.375,29.281],[96.369,29.284],[96.363,29.283],[96.351,29.27],[96.345,29.265],[96.32,29.259],[96.313,29.257],[96.293,29.233],[96.283,29.233],[96.266,29.234],[96.251,29.231],[96.244,29.233],[96.235,29.241],[96.227,29.258],[96.211,29.273],[96.204,29.292],[96.184,29.307],[96.186,29.343],[96.176,29.363],[96.159,29.381],[96.151,29.398],[96.14,29.406],[96.125,29.416],[96.114,29.426],[96.094,29.455],[96.088,29.46],[96.082,29.462],[96.071,29.461],[96.057,29.457],[96.036,29.442],[96.016,29.42],[96.004,29.411],[95.995,29.409],[95.979,29.399],[95.967,29.386],[95.958,29.381],[95.937,29.383],[95.891,29.39],[95.882,29.39],[95.86,29.366],[95.85,29.357],[95.842,29.352],[95.828,29.354],[95.821,29.351],[95.804,29.338],[95.798,29.335],[95.793,29.337],[95.785,29.355],[95.779,29.355],[95.767,29.343],[95.747,29.328],[95.745,29.315],[95.729,29.301],[95.717,29.297],[95.704,29.299],[95.694,29.285],[95.685,29.276],[95.675,29.27],[95.662,29.264],[95.645,29.255],[95.64,29.248],[95.633,29.248],[95.607,29.261],[95.601,29.261],[95.595,29.253],[95.589,29.241],[95.587,29.227],[95.588,29.217],[95.547,29.214],[95.54,29.213],[95.539,29.207],[95.543,29.196],[95.547,29.179],[95.549,29.15],[95.548,29.127],[95.54,29.129],[95.505,29.141],[95.498,29.139],[95.494,29.122],[95.494,29.108],[95.491,29.088],[95.488,29.075],[95.485,29.069],[95.476,29.064],[95.466,29.053],[95.461,29.041],[95.456,29.035],[95.44,29.035],[95.431,29.04],[95.423,29.04],[95.412,29.032],[95.386,29.036],[95.376,29.04],[95.347,29.045],[95.32,29.054],[95.305,29.061],[95.288,29.061],[95.269,29.056],[95.26,29.061],[95.252,29.067],[95.252,29.075],[95.253,29.084],[95.25,29.092],[95.253,29.109],[95.243,29.109],[95.219,29.107],[95.199,29.106],[95.18,29.107],[95.148,29.114],[95.124,29.115],[95.116,29.12],[95.105,29.139],[95.101,29.143],[95.081,29.145],[95.042,29.151],[95.023,29.16],[95.008,29.17],[95,29.172],[94.99,29.173],[94.995,29.165],[95.007,29.157],[95.013,29.151],[95.028,29.133],[95.025,29.13],[95.014,29.132],[94.998,29.14],[94.974,29.155],[94.971,29.159],[94.941,29.16],[94.93,29.162],[94.922,29.161],[94.91,29.166],[94.896,29.175],[94.884,29.181],[94.875,29.184],[94.85,29.182],[94.823,29.17],[94.813,29.166],[94.801,29.164],[94.796,29.169],[94.796,29.18],[94.8,29.195],[94.801,29.209],[94.799,29.218],[94.794,29.226],[94.786,29.233],[94.781,29.241],[94.77,29.252],[94.752,29.266],[94.74,29.282],[94.715,29.304],[94.698,29.314],[94.681,29.328],[94.67,29.332],[94.645,29.347],[94.632,29.348],[94.627,29.345],[94.628,29.337],[94.623,29.313],[94.615,29.301],[94.588,29.282],[94.582,29.281],[94.578,29.275],[94.576,29.25],[94.571,29.241],[94.562,29.229],[94.537,29.218],[94.518,29.217],[94.498,29.216],[94.483,29.218],[94.459,29.224],[94.435,29.227],[94.43,29.223],[94.418,29.212],[94.403,29.205],[94.381,29.194],[94.376,29.19],[94.372,29.166],[94.368,29.157],[94.354,29.15],[94.302,29.15],[94.292,29.148],[94.282,29.135],[94.262,29.116],[94.25,29.108],[94.242,29.1],[94.229,29.09],[94.219,29.084],[94.21,29.069],[94.189,29.039],[94.179,29.02],[94.176,29.007],[94.177,28.991],[94.171,28.981],[94.162,28.974],[94.161,28.959],[94.159,28.954],[94.14,28.94],[94.124,28.93],[94.083,28.905],[94.07,28.896],[94.048,28.873],[94.038,28.86],[94.034,28.853],[94.019,28.851],[94.007,28.846],[93.999,28.841],[94.004,28.819],[93.989,28.806],[93.989,28.798],[94.005,28.784],[94.005,28.775],[93.994,28.765],[93.981,28.759],[93.972,28.751],[93.969,28.742],[93.969,28.722],[93.966,28.718],[93.96,28.704],[93.947,28.688],[93.938,28.676],[93.93,28.671],[93.923,28.67],[93.908,28.676],[93.869,28.703],[93.862,28.705],[93.848,28.707],[93.839,28.704],[93.822,28.694],[93.789,28.671],[93.779,28.668],[93.765,28.674],[93.751,28.683],[93.735,28.689],[93.704,28.679],[93.689,28.679],[93.673,28.671],[93.643,28.661],[93.624,28.657],[93.611,28.655],[93.565,28.659],[93.538,28.658],[93.529,28.661],[93.524,28.665],[93.523,28.673],[93.513,28.679],[93.5,28.684],[93.488,28.68],[93.483,28.675],[93.478,28.653],[93.471,28.652],[93.467,28.657],[93.461,28.668],[93.45,28.676],[93.434,28.662],[93.416,28.652],[93.394,28.649],[93.374,28.644],[93.366,28.64],[93.355,28.638],[93.341,28.64],[93.337,28.633],[93.334,28.615],[93.332,28.608],[93.324,28.607],[93.311,28.601],[93.304,28.599],[93.302,28.592],[93.308,28.576],[93.309,28.566],[93.302,28.557],[93.293,28.543],[93.28,28.504],[93.258,28.491],[93.239,28.482],[93.233,28.477],[93.218,28.458],[93.212,28.452],[93.187,28.439],[93.185,28.432],[93.194,28.425],[93.23,28.408],[93.235,28.4],[93.226,28.377],[93.223,28.361],[93.227,28.34],[93.223,28.333],[93.211,28.323],[93.198,28.317],[93.184,28.316],[93.159,28.318],[93.14,28.324],[93.129,28.326],[93.116,28.315],[93.099,28.306],[93.091,28.306],[93.076,28.309],[93.05,28.302],[93.036,28.303],[93.028,28.303],[93.026,28.299],[93.03,28.286],[93.038,28.262],[93.024,28.252],[93.014,28.239],[93.004,28.23],[92.999,28.23],[92.994,28.234],[92.991,28.242],[92.99,28.251],[92.978,28.259],[92.969,28.261],[92.96,28.258],[92.946,28.248],[92.927,28.242],[92.917,28.234],[92.909,28.215],[92.899,28.204],[92.844,28.179],[92.832,28.171],[92.825,28.173],[92.822,28.184],[92.823,28.197],[92.82,28.201],[92.812,28.203],[92.804,28.202],[92.787,28.183],[92.741,28.151],[92.725,28.144],[92.709,28.136],[92.691,28.125],[92.684,28.117],[92.671,28.078],[92.665,28.067],[92.667,28.062],[92.685,28.058],[92.699,28.048],[92.713,28.033],[92.725,28.016],[92.732,28.001],[92.743,27.989],[92.734,27.971],[92.718,27.948],[92.705,27.933],[92.69,27.919],[92.673,27.899],[92.655,27.892],[92.624,27.884],[92.609,27.877],[92.589,27.856],[92.58,27.841],[92.564,27.82],[92.558,27.817],[92.548,27.817],[92.538,27.824],[92.519,27.839],[92.505,27.841],[92.496,27.836],[92.481,27.821],[92.471,27.814],[92.459,27.802],[92.448,27.8],[92.431,27.811],[92.418,27.822],[92.402,27.82],[92.387,27.815],[92.384,27.794],[92.368,27.793],[92.354,27.79],[92.333,27.783],[92.32,27.778],[92.311,27.779],[92.289,27.807],[92.282,27.825],[92.272,27.853],[92.268,27.857],[92.259,27.862],[92.25,27.863],[92.238,27.862],[92.205,27.857],[92.175,27.842],[92.16,27.836],[92.124,27.81],[92.103,27.793],[92.089,27.779],[92.06,27.759],[92.053,27.756],[92.042,27.757],[92.005,27.767],[91.988,27.769],[91.977,27.759],[91.97,27.751],[91.96,27.75],[91.949,27.728],[91.938,27.721],[91.923,27.715],[91.913,27.726],[91.907,27.727],[91.883,27.721],[91.875,27.734],[91.865,27.736],[91.862,27.742],[91.856,27.765],[91.85,27.775],[91.838,27.779],[91.834,27.796],[91.833,27.807],[91.829,27.81],[91.82,27.803],[91.815,27.803],[91.809,27.809],[91.793,27.804],[91.776,27.801],[91.763,27.801],[91.751,27.803],[91.714,27.813],[91.699,27.822],[91.684,27.844],[91.674,27.856],[91.667,27.858],[91.647,27.854],[91.632,27.855],[91.627,27.857],[91.612,27.854],[91.599,27.862],[91.589,27.856],[91.582,27.862],[91.575,27.86],[91.569,27.852],[91.564,27.851],[91.558,27.858],[91.549,27.855],[91.551,27.847],[91.561,27.831],[91.565,27.821],[91.57,27.815],[91.578,27.812],[91.589,27.818],[91.604,27.821],[91.62,27.811],[91.633,27.801],[91.634,27.794],[91.636,27.771],[91.644,27.765],[91.645,27.758],[91.634,27.747],[91.634,27.731],[91.628,27.715],[91.628,27.706],[91.621,27.702],[91.619,27.696],[91.615,27.693],[91.607,27.695],[91.601,27.692],[91.603,27.686],[91.597,27.683],[91.594,27.671],[91.572,27.652],[91.562,27.633],[91.568,27.62],[91.581,27.608],[91.581,27.599],[91.567,27.584],[91.571,27.575],[91.586,27.562],[91.599,27.539],[91.61,27.543],[91.614,27.541],[91.62,27.522],[91.625,27.513],[91.633,27.508],[91.643,27.503],[91.648,27.498],[91.652,27.484],[91.658,27.482],[91.679,27.494],[91.688,27.502],[91.694,27.502],[91.704,27.495],[91.715,27.491],[91.718,27.473],[91.724,27.47],[91.737,27.47],[91.746,27.473],[91.761,27.473],[91.767,27.466],[91.778,27.464],[91.793,27.469],[91.813,27.472],[91.822,27.469],[91.833,27.468],[91.853,27.482],[91.867,27.481],[91.876,27.472],[91.895,27.473],[91.902,27.468],[91.913,27.471],[91.927,27.471],[91.943,27.46],[91.959,27.461],[91.969,27.466],[91.983,27.464],[91.993,27.474],[92.015,27.481],[92.023,27.479],[92.024,27.467],[92.021,27.457],[92.023,27.447],[92.028,27.441],[92.042,27.436],[92.048,27.425],[92.046,27.412],[92.051,27.406],[92.057,27.403],[92.058,27.399],[92.05,27.378],[92.05,27.368],[92.052,27.357],[92.064,27.344],[92.062,27.326],[92.071,27.317],[92.081,27.309],[92.106,27.301],[92.121,27.292],[92.124,27.287],[92.122,27.275],[92.113,27.273],[92.105,27.268],[92.098,27.272],[92.087,27.271],[92.082,27.275],[92.073,27.276],[92.052,27.271],[92.043,27.266],[92.043,27.261],[92.053,27.256],[92.056,27.251],[92.069,27.244],[92.073,27.223],[92.07,27.214],[92.061,27.202],[92.06,27.189],[92.054,27.183],[92.044,27.18],[92.039,27.176],[92.029,27.171],[92.027,27.161],[92.028,27.153],[92.032,27.15],[92.04,27.137],[92.031,27.122],[92.025,27.114],[92.026,27.107],[92.031,27.096],[92.031,27.078],[92.039,27.069],[92.037,27.064],[92.045,27.059],[92.048,27.051],[92.067,27.051],[92.08,27.039],[92.082,27.032],[92.083,27.02],[92.091,27.016],[92.1,27.008],[92.106,27.007],[92.105,26.982],[92.107,26.977],[92.116,26.975],[92.12,26.959],[92.115,26.948],[92.12,26.931],[92.116,26.918],[92.112,26.906],[92.111,26.893],[92.101,26.881],[92.1,26.867],[92.092,26.86],[92.085,26.861],[92.079,26.857],[92.074,26.856],[92.058,26.847],[92.048,26.846],[92.02,26.85],[91.997,26.854],[91.988,26.857],[91.976,26.866],[91.963,26.877],[91.957,26.887],[91.945,26.894],[91.9,26.915],[91.887,26.915],[91.861,26.913],[91.857,26.911],[91.835,26.875],[91.821,26.863],[91.805,26.851],[91.778,26.838],[91.762,26.829],[91.73,26.812],[91.722,26.811],[91.7,26.811],[91.69,26.804],[91.682,26.804],[91.657,26.814],[91.636,26.82],[91.627,26.821],[91.615,26.816],[91.604,26.808],[91.594,26.804],[91.564,26.799],[91.514,26.792],[91.496,26.789],[91.482,26.791],[91.471,26.797],[91.458,26.807],[91.44,26.817],[91.412,26.835],[91.406,26.834],[91.402,26.829],[91.383,26.801],[91.376,26.796],[91.363,26.789],[91.34,26.779],[91.299,26.785],[91.281,26.796],[91.266,26.804],[91.253,26.806],[91.241,26.808],[91.206,26.808],[91.184,26.811],[91.134,26.808],[91.11,26.814],[91.101,26.819],[91.093,26.818],[91.079,26.8],[91.058,26.779],[91.045,26.779],[91.035,26.78],[91.018,26.785],[91,26.788],[90.98,26.785],[90.931,26.782],[90.901,26.778],[90.875,26.779],[90.853,26.777],[90.806,26.774],[90.767,26.773],[90.745,26.775],[90.738,26.769],[90.727,26.767],[90.704,26.768],[90.687,26.777],[90.684,26.78],[90.674,26.78],[90.653,26.774],[90.641,26.786],[90.635,26.791],[90.606,26.797],[90.593,26.798],[90.585,26.797],[90.568,26.799],[90.558,26.806],[90.553,26.812],[90.543,26.816],[90.533,26.823],[90.488,26.853],[90.459,26.872],[90.427,26.898],[90.415,26.902],[90.369,26.898],[90.36,26.896],[90.354,26.887],[90.351,26.876],[90.346,26.872],[90.317,26.851],[90.306,26.848],[90.295,26.848],[90.267,26.855],[90.249,26.858],[90.231,26.858],[90.22,26.854],[90.2,26.833],[90.188,26.804],[90.194,26.77],[90.151,26.755],[90.133,26.749],[90.073,26.732],[90.06,26.729],[90.05,26.729],[90.025,26.73],[90.007,26.734],[89.99,26.727],[89.963,26.723],[89.937,26.723],[89.926,26.722],[89.895,26.724],[89.868,26.737],[89.864,26.731],[89.863,26.72],[89.865,26.709],[89.86,26.703],[89.838,26.711],[89.826,26.714],[89.812,26.715],[89.803,26.713],[89.797,26.706],[89.787,26.703],[89.782,26.699],[89.776,26.701],[89.772,26.708],[89.763,26.715],[89.76,26.721],[89.764,26.726],[89.765,26.735],[89.758,26.736],[89.752,26.733],[89.749,26.728],[89.739,26.727],[89.732,26.722],[89.725,26.73],[89.713,26.733],[89.709,26.737],[89.696,26.736],[89.686,26.737],[89.679,26.74],[89.675,26.739],[89.672,26.728],[89.664,26.718],[89.66,26.718],[89.647,26.723],[89.639,26.719],[89.62,26.726],[89.621,26.733],[89.633,26.742],[89.647,26.747],[89.653,26.753],[89.655,26.761],[89.66,26.763],[89.659,26.772],[89.651,26.777],[89.645,26.783],[89.64,26.782],[89.632,26.776],[89.624,26.785],[89.617,26.789],[89.6,26.793],[89.572,26.802],[89.568,26.813],[89.565,26.815],[89.552,26.812],[89.543,26.813],[89.534,26.819],[89.523,26.815],[89.517,26.817],[89.512,26.814],[89.509,26.808],[89.502,26.803],[89.486,26.803],[89.47,26.805],[89.448,26.768],[89.434,26.694],[89.415,26.605],[89.406,26.531],[89.406,26.433],[89.406,26.288],[89.406,26.111],[89.414,26.041]]],[[[89.602,25.961],[89.598,25.964],[89.593,25.961],[89.589,25.955],[89.576,25.951],[89.585,25.948],[89.584,25.935],[89.593,25.939],[89.599,25.936],[89.602,25.942],[89.613,25.943],[89.616,25.952],[89.608,25.954],[89.608,25.959],[89.602,25.961]]],[[[92.899,12.915],[92.898,12.904],[92.896,12.899],[92.886,12.894],[92.881,12.895],[92.873,12.893],[92.871,12.888],[92.873,12.881],[92.864,12.88],[92.858,12.878],[92.844,12.875],[92.84,12.877],[92.843,12.885],[92.84,12.891],[92.831,12.885],[92.826,12.888],[92.823,12.896],[92.804,12.897],[92.791,12.889],[92.794,12.878],[92.793,12.864],[92.788,12.861],[92.781,12.859],[92.769,12.862],[92.768,12.852],[92.763,12.852],[92.759,12.858],[92.758,12.847],[92.754,12.848],[92.741,12.837],[92.738,12.828],[92.739,12.812],[92.737,12.811],[92.733,12.833],[92.724,12.827],[92.721,12.817],[92.721,12.788],[92.724,12.773],[92.73,12.752],[92.731,12.744],[92.735,12.739],[92.739,12.738],[92.741,12.722],[92.739,12.715],[92.74,12.703],[92.73,12.698],[92.731,12.692],[92.736,12.683],[92.733,12.675],[92.744,12.672],[92.753,12.675],[92.763,12.671],[92.77,12.673],[92.777,12.685],[92.786,12.691],[92.787,12.678],[92.789,12.675],[92.783,12.664],[92.783,12.655],[92.781,12.653],[92.777,12.666],[92.774,12.67],[92.768,12.668],[92.758,12.669],[92.752,12.671],[92.744,12.667],[92.742,12.661],[92.733,12.653],[92.736,12.64],[92.729,12.636],[92.722,12.628],[92.719,12.64],[92.716,12.64],[92.712,12.623],[92.704,12.607],[92.703,12.613],[92.697,12.608],[92.692,12.608],[92.686,12.612],[92.685,12.603],[92.694,12.6],[92.701,12.6],[92.707,12.593],[92.704,12.59],[92.709,12.576],[92.706,12.57],[92.705,12.564],[92.709,12.559],[92.708,12.555],[92.7,12.544],[92.699,12.539],[92.7,12.526],[92.695,12.519],[92.696,12.513],[92.702,12.509],[92.701,12.501],[92.705,12.499],[92.709,12.492],[92.702,12.485],[92.7,12.469],[92.702,12.461],[92.706,12.45],[92.701,12.448],[92.702,12.438],[92.698,12.431],[92.698,12.419],[92.7,12.407],[92.696,12.4],[92.696,12.391],[92.704,12.372],[92.7,12.367],[92.7,12.334],[92.699,12.327],[92.703,12.327],[92.71,12.31],[92.713,12.313],[92.72,12.304],[92.73,12.303],[92.736,12.301],[92.743,12.302],[92.756,12.297],[92.757,12.303],[92.761,12.307],[92.766,12.307],[92.771,12.317],[92.779,12.313],[92.79,12.312],[92.795,12.306],[92.802,12.313],[92.811,12.315],[92.83,12.305],[92.848,12.308],[92.853,12.314],[92.866,12.315],[92.87,12.317],[92.878,12.314],[92.885,12.324],[92.888,12.332],[92.881,12.335],[92.88,12.344],[92.888,12.344],[92.889,12.351],[92.881,12.356],[92.873,12.353],[92.869,12.362],[92.861,12.361],[92.86,12.369],[92.85,12.381],[92.845,12.39],[92.841,12.392],[92.838,12.398],[92.841,12.407],[92.834,12.41],[92.833,12.418],[92.83,12.42],[92.829,12.424],[92.829,12.426],[92.833,12.43],[92.838,12.43],[92.847,12.423],[92.864,12.427],[92.874,12.417],[92.887,12.422],[92.899,12.417],[92.89,12.432],[92.876,12.443],[92.872,12.441],[92.865,12.445],[92.858,12.452],[92.86,12.455],[92.87,12.446],[92.878,12.446],[92.892,12.436],[92.899,12.428],[92.91,12.42],[92.907,12.407],[92.916,12.408],[92.915,12.412],[92.921,12.427],[92.919,12.429],[92.923,12.437],[92.923,12.443],[92.931,12.449],[92.938,12.447],[92.942,12.45],[92.949,12.464],[92.957,12.467],[92.958,12.474],[92.954,12.476],[92.945,12.472],[92.943,12.467],[92.935,12.471],[92.93,12.479],[92.938,12.482],[92.941,12.486],[92.945,12.498],[92.949,12.499],[92.959,12.487],[92.964,12.488],[92.964,12.493],[92.968,12.497],[92.965,12.505],[92.966,12.514],[92.97,12.518],[92.974,12.531],[92.976,12.542],[92.969,12.562],[92.962,12.576],[92.962,12.584],[92.957,12.593],[92.956,12.611],[92.959,12.619],[92.958,12.625],[92.957,12.642],[92.963,12.661],[92.962,12.669],[92.965,12.676],[92.963,12.684],[92.965,12.694],[92.962,12.696],[92.965,12.705],[92.972,12.712],[92.976,12.709],[92.98,12.71],[92.977,12.718],[92.969,12.719],[92.965,12.725],[92.964,12.73],[92.969,12.74],[92.962,12.747],[92.962,12.753],[92.952,12.757],[92.948,12.764],[92.949,12.77],[92.941,12.769],[92.934,12.774],[92.934,12.781],[92.938,12.783],[92.943,12.79],[92.948,12.792],[92.949,12.799],[92.954,12.808],[92.947,12.818],[92.944,12.827],[92.948,12.837],[92.941,12.838],[92.936,12.854],[92.929,12.859],[92.927,12.872],[92.928,12.884],[92.919,12.888],[92.917,12.885],[92.907,12.883],[92.904,12.886],[92.91,12.897],[92.91,12.904],[92.906,12.915],[92.899,12.915]]],[[[93.03,13.57],[93.029,13.576],[93.017,13.571],[93.014,13.548],[93.014,13.543],[93.008,13.543],[93.005,13.557],[93.002,13.561],[92.995,13.564],[92.993,13.571],[92.987,13.57],[92.981,13.552],[92.985,13.547],[92.987,13.541],[92.992,13.536],[92.99,13.529],[92.984,13.527],[92.975,13.527],[92.974,13.536],[92.967,13.542],[92.959,13.541],[92.951,13.543],[92.948,13.537],[92.941,13.537],[92.932,13.539],[92.923,13.536],[92.917,13.536],[92.914,13.532],[92.914,13.526],[92.918,13.522],[92.926,13.521],[92.927,13.515],[92.923,13.512],[92.93,13.502],[92.925,13.496],[92.917,13.501],[92.914,13.498],[92.907,13.499],[92.904,13.496],[92.905,13.49],[92.903,13.481],[92.899,13.477],[92.894,13.475],[92.888,13.478],[92.878,13.475],[92.872,13.472],[92.871,13.465],[92.876,13.46],[92.874,13.452],[92.875,13.446],[92.882,13.441],[92.884,13.43],[92.871,13.426],[92.869,13.417],[92.873,13.415],[92.865,13.401],[92.86,13.405],[92.859,13.409],[92.847,13.411],[92.844,13.407],[92.842,13.398],[92.844,13.393],[92.852,13.387],[92.859,13.386],[92.863,13.39],[92.867,13.386],[92.863,13.381],[92.855,13.378],[92.85,13.37],[92.845,13.377],[92.84,13.375],[92.836,13.366],[92.836,13.358],[92.834,13.353],[92.836,13.347],[92.835,13.338],[92.827,13.329],[92.829,13.312],[92.834,13.305],[92.839,13.307],[92.842,13.302],[92.836,13.293],[92.839,13.288],[92.834,13.284],[92.829,13.288],[92.823,13.277],[92.829,13.269],[92.834,13.269],[92.838,13.261],[92.851,13.263],[92.854,13.258],[92.854,13.253],[92.85,13.244],[92.85,13.239],[92.841,13.239],[92.84,13.243],[92.832,13.243],[92.828,13.237],[92.828,13.227],[92.829,13.223],[92.829,13.209],[92.821,13.201],[92.825,13.194],[92.821,13.183],[92.836,13.175],[92.834,13.17],[92.827,13.174],[92.816,13.17],[92.813,13.164],[92.814,13.153],[92.821,13.148],[92.833,13.149],[92.845,13.142],[92.839,13.136],[92.844,13.13],[92.842,13.127],[92.826,13.13],[92.821,13.133],[92.819,13.128],[92.81,13.127],[92.816,13.116],[92.824,13.116],[92.82,13.103],[92.808,13.1],[92.806,13.085],[92.812,13.079],[92.805,13.075],[92.8,13.083],[92.802,13.087],[92.797,13.09],[92.798,13.074],[92.793,13.058],[92.797,13.051],[92.794,13.045],[92.793,13.033],[92.793,13.027],[92.79,13.025],[92.788,13.017],[92.791,13.013],[92.799,13.01],[92.802,13.012],[92.807,13.007],[92.81,13.009],[92.822,13.012],[92.819,13.001],[92.81,12.998],[92.813,12.992],[92.819,12.99],[92.813,12.983],[92.803,12.985],[92.8,12.992],[92.795,12.987],[92.793,12.98],[92.798,12.972],[92.792,12.965],[92.793,12.952],[92.801,12.948],[92.801,12.941],[92.799,12.93],[92.796,12.926],[92.794,12.915],[92.8,12.906],[92.802,12.9],[92.81,12.9],[92.826,12.895],[92.83,12.886],[92.839,12.893],[92.844,12.89],[92.844,12.885],[92.841,12.877],[92.856,12.878],[92.862,12.881],[92.872,12.883],[92.87,12.888],[92.871,12.899],[92.876,12.905],[92.872,12.91],[92.866,12.903],[92.859,12.902],[92.854,12.916],[92.854,12.926],[92.858,12.935],[92.869,12.934],[92.871,12.937],[92.877,12.947],[92.872,12.95],[92.877,12.958],[92.875,12.965],[92.881,12.97],[92.883,12.984],[92.888,12.983],[92.892,12.991],[92.899,12.995],[92.898,12.987],[92.907,12.986],[92.906,12.976],[92.907,12.966],[92.91,12.962],[92.908,12.951],[92.913,12.947],[92.916,12.956],[92.922,12.962],[92.927,12.958],[92.931,12.961],[92.939,12.972],[92.938,12.981],[92.932,12.98],[92.927,12.99],[92.919,12.987],[92.916,12.993],[92.916,12.999],[92.908,13],[92.907,13.013],[92.903,13.02],[92.905,13.028],[92.914,13.046],[92.916,13.055],[92.911,13.061],[92.914,13.072],[92.918,13.066],[92.921,13.057],[92.926,13.062],[92.935,13.062],[92.937,13.076],[92.942,13.063],[92.941,13.052],[92.936,13.052],[92.934,13.047],[92.935,13.042],[92.941,13.035],[92.951,13.029],[92.955,13.019],[92.96,13.015],[92.969,13.017],[92.966,13.026],[92.965,13.037],[92.97,13.032],[92.984,13.026],[92.989,13.026],[92.99,13.032],[92.995,13.035],[93.003,13.031],[93.006,13.032],[93.01,13.04],[93.009,13.044],[93.013,13.049],[93.02,13.051],[93.03,13.069],[93.026,13.076],[93.03,13.081],[93.034,13.081],[93.035,13.089],[93.034,13.093],[93.032,13.125],[93.031,13.129],[93.037,13.14],[93.034,13.155],[93.034,13.165],[93.037,13.17],[93.032,13.178],[93.035,13.19],[93.044,13.212],[93.042,13.223],[93.051,13.228],[93.056,13.233],[93.055,13.243],[93.058,13.252],[93.057,13.256],[93.061,13.263],[93.054,13.263],[93.046,13.259],[93.04,13.268],[93.041,13.273],[93.047,13.279],[93.039,13.281],[93.032,13.276],[93.03,13.281],[93.025,13.28],[93.02,13.277],[93.013,13.276],[93.016,13.292],[93.022,13.294],[93.022,13.298],[93.014,13.299],[93.013,13.306],[93.004,13.318],[92.998,13.313],[92.996,13.316],[92.985,13.318],[92.979,13.324],[92.964,13.324],[92.953,13.333],[92.955,13.344],[92.96,13.352],[92.96,13.358],[92.967,13.361],[92.976,13.35],[92.98,13.335],[92.984,13.329],[92.989,13.33],[92.989,13.342],[93.003,13.354],[93.013,13.353],[93.026,13.349],[93.027,13.346],[93.04,13.351],[93.046,13.346],[93.042,13.339],[93.04,13.322],[93.048,13.322],[93.056,13.329],[93.061,13.328],[93.061,13.317],[93.064,13.31],[93.07,13.307],[93.072,13.322],[93.075,13.329],[93.086,13.333],[93.09,13.336],[93.088,13.344],[93.078,13.341],[93.076,13.347],[93.071,13.347],[93.065,13.36],[93.056,13.382],[93.05,13.38],[93.052,13.39],[93.064,13.393],[93.068,13.397],[93.068,13.402],[93.059,13.401],[93.062,13.418],[93.058,13.419],[93.056,13.413],[93.048,13.405],[93.042,13.416],[93.037,13.416],[93.041,13.428],[93.033,13.426],[93.028,13.434],[93.035,13.436],[93.035,13.442],[93.033,13.457],[93.029,13.461],[93.02,13.464],[93.025,13.468],[93.031,13.465],[93.035,13.471],[93.034,13.475],[93.037,13.48],[93.041,13.492],[93.04,13.5],[93.043,13.505],[93.043,13.521],[93.045,13.529],[93.041,13.534],[93.038,13.55],[93.03,13.57]]],[[[92.698,12.24],[92.69,12.236],[92.685,12.222],[92.687,12.213],[92.674,12.218],[92.668,12.204],[92.663,12.198],[92.662,12.193],[92.656,12.19],[92.666,12.217],[92.663,12.218],[92.649,12.184],[92.644,12.177],[92.641,12.155],[92.638,12.144],[92.635,12.14],[92.63,12.116],[92.625,12.107],[92.623,12.096],[92.623,12.092],[92.619,12.065],[92.625,12.062],[92.621,12.053],[92.626,12.048],[92.617,12.026],[92.612,12.009],[92.614,11.99],[92.612,11.984],[92.613,11.959],[92.61,11.955],[92.608,11.948],[92.611,11.943],[92.608,11.928],[92.606,11.924],[92.612,11.914],[92.61,11.891],[92.611,11.879],[92.611,11.871],[92.6,11.866],[92.602,11.873],[92.602,11.896],[92.594,11.899],[92.592,11.887],[92.588,11.887],[92.581,11.921],[92.579,11.927],[92.574,11.928],[92.563,11.947],[92.56,11.941],[92.56,11.935],[92.556,11.929],[92.542,11.922],[92.541,11.917],[92.534,11.913],[92.538,11.904],[92.536,11.9],[92.526,11.896],[92.525,11.879],[92.525,11.872],[92.522,11.87],[92.514,11.85],[92.519,11.839],[92.518,11.834],[92.522,11.827],[92.525,11.827],[92.532,11.833],[92.536,11.839],[92.542,11.836],[92.541,11.82],[92.549,11.817],[92.55,11.809],[92.553,11.797],[92.552,11.785],[92.559,11.769],[92.554,11.767],[92.552,11.757],[92.553,11.755],[92.552,11.723],[92.562,11.694],[92.573,11.699],[92.575,11.716],[92.582,11.717],[92.59,11.715],[92.595,11.711],[92.593,11.703],[92.599,11.693],[92.598,11.679],[92.596,11.673],[92.591,11.671],[92.6,11.656],[92.599,11.652],[92.606,11.643],[92.608,11.637],[92.617,11.633],[92.621,11.633],[92.626,11.628],[92.631,11.628],[92.633,11.64],[92.631,11.65],[92.638,11.646],[92.634,11.636],[92.645,11.633],[92.644,11.624],[92.636,11.616],[92.624,11.618],[92.618,11.622],[92.609,11.621],[92.609,11.616],[92.606,11.608],[92.609,11.601],[92.61,11.594],[92.618,11.586],[92.62,11.578],[92.617,11.563],[92.621,11.562],[92.629,11.572],[92.632,11.573],[92.633,11.58],[92.647,11.572],[92.642,11.561],[92.643,11.558],[92.651,11.552],[92.649,11.545],[92.645,11.543],[92.648,11.522],[92.661,11.512],[92.667,11.504],[92.672,11.504],[92.678,11.512],[92.685,11.512],[92.688,11.509],[92.696,11.506],[92.704,11.499],[92.705,11.493],[92.712,11.489],[92.717,11.495],[92.718,11.503],[92.722,11.509],[92.727,11.519],[92.724,11.526],[92.724,11.532],[92.732,11.542],[92.735,11.553],[92.73,11.56],[92.74,11.571],[92.738,11.576],[92.741,11.578],[92.745,11.59],[92.741,11.593],[92.749,11.607],[92.753,11.609],[92.752,11.633],[92.747,11.643],[92.756,11.648],[92.758,11.656],[92.754,11.658],[92.757,11.665],[92.751,11.667],[92.745,11.676],[92.739,11.678],[92.735,11.677],[92.72,11.685],[92.716,11.676],[92.719,11.671],[92.716,11.665],[92.73,11.661],[92.729,11.658],[92.72,11.653],[92.711,11.653],[92.713,11.645],[92.708,11.644],[92.705,11.652],[92.699,11.65],[92.7,11.641],[92.693,11.638],[92.689,11.641],[92.685,11.634],[92.68,11.629],[92.673,11.627],[92.669,11.635],[92.669,11.641],[92.665,11.645],[92.668,11.654],[92.684,11.651],[92.686,11.658],[92.692,11.665],[92.708,11.669],[92.702,11.673],[92.701,11.678],[92.704,11.683],[92.703,11.697],[92.708,11.701],[92.712,11.695],[92.716,11.706],[92.719,11.705],[92.722,11.698],[92.729,11.696],[92.732,11.699],[92.739,11.691],[92.745,11.692],[92.742,11.707],[92.747,11.711],[92.755,11.702],[92.758,11.708],[92.755,11.718],[92.756,11.727],[92.759,11.73],[92.761,11.745],[92.766,11.752],[92.766,11.764],[92.768,11.771],[92.767,11.78],[92.771,11.786],[92.769,11.799],[92.775,11.813],[92.776,11.825],[92.778,11.829],[92.776,11.834],[92.781,11.843],[92.781,11.851],[92.784,11.857],[92.786,11.867],[92.786,11.883],[92.78,11.891],[92.78,11.897],[92.787,11.901],[92.783,11.905],[92.788,11.919],[92.787,11.926],[92.783,11.93],[92.785,11.936],[92.771,11.94],[92.765,11.94],[92.753,11.932],[92.747,11.933],[92.738,11.917],[92.733,11.905],[92.732,11.873],[92.73,11.86],[92.727,11.862],[92.725,11.881],[92.727,11.9],[92.724,11.919],[92.726,11.923],[92.724,11.932],[92.718,11.935],[92.717,11.946],[92.719,11.963],[92.733,11.971],[92.731,11.976],[92.726,11.974],[92.724,11.982],[92.728,11.983],[92.73,11.994],[92.734,11.998],[92.739,11.997],[92.736,11.985],[92.737,11.977],[92.745,11.983],[92.749,11.978],[92.755,11.982],[92.758,11.989],[92.75,11.993],[92.744,11.989],[92.743,11.994],[92.763,11.999],[92.766,12.003],[92.765,12.012],[92.759,12.008],[92.758,12.003],[92.75,12.005],[92.75,12.011],[92.747,12.017],[92.737,12.021],[92.742,12.03],[92.739,12.035],[92.747,12.036],[92.754,12.028],[92.762,12.021],[92.768,12.027],[92.777,12.024],[92.776,12.041],[92.783,12.046],[92.78,12.051],[92.772,12.047],[92.768,12.047],[92.765,12.052],[92.755,12.058],[92.758,12.063],[92.753,12.071],[92.742,12.075],[92.736,12.084],[92.735,12.091],[92.736,12.104],[92.738,12.112],[92.744,12.121],[92.746,12.131],[92.751,12.14],[92.756,12.153],[92.758,12.164],[92.758,12.177],[92.752,12.181],[92.749,12.178],[92.736,12.182],[92.731,12.182],[92.718,12.177],[92.712,12.17],[92.704,12.169],[92.705,12.18],[92.709,12.187],[92.713,12.189],[92.709,12.2],[92.71,12.211],[92.708,12.217],[92.706,12.229],[92.698,12.24]]],[[[93.849,7.241],[93.838,7.243],[93.838,7.24],[93.821,7.237],[93.81,7.229],[93.81,7.222],[93.807,7.217],[93.808,7.212],[93.802,7.203],[93.792,7.213],[93.788,7.21],[93.785,7.216],[93.777,7.212],[93.771,7.207],[93.765,7.209],[93.767,7.214],[93.76,7.214],[93.752,7.207],[93.757,7.2],[93.749,7.197],[93.745,7.2],[93.739,7.191],[93.733,7.187],[93.725,7.184],[93.72,7.187],[93.714,7.192],[93.707,7.192],[93.702,7.188],[93.691,7.191],[93.686,7.189],[93.684,7.184],[93.674,7.176],[93.676,7.17],[93.675,7.163],[93.679,7.155],[93.679,7.148],[93.675,7.139],[93.667,7.139],[93.664,7.13],[93.656,7.127],[93.656,7.117],[93.659,7.112],[93.663,7.112],[93.667,7.117],[93.675,7.114],[93.675,7.111],[93.667,7.104],[93.66,7.104],[93.658,7.094],[93.662,7.085],[93.667,7.086],[93.67,7.08],[93.664,7.074],[93.663,7.067],[93.669,7.066],[93.668,7.055],[93.665,7.043],[93.673,7.037],[93.669,7.03],[93.674,7.025],[93.67,7.019],[93.671,7.013],[93.664,7.01],[93.666,7.004],[93.672,7.003],[93.678,7.016],[93.684,7.018],[93.691,7.017],[93.699,7.013],[93.703,7.008],[93.707,7.002],[93.704,6.994],[93.707,6.991],[93.719,6.994],[93.724,6.991],[93.733,6.979],[93.732,6.969],[93.737,6.96],[93.743,6.964],[93.747,6.962],[93.748,6.95],[93.752,6.946],[93.752,6.931],[93.745,6.93],[93.742,6.926],[93.747,6.919],[93.751,6.91],[93.756,6.909],[93.758,6.914],[93.765,6.917],[93.767,6.913],[93.764,6.908],[93.769,6.902],[93.766,6.897],[93.775,6.894],[93.778,6.881],[93.772,6.877],[93.776,6.872],[93.774,6.866],[93.782,6.857],[93.789,6.858],[93.794,6.848],[93.787,6.838],[93.787,6.831],[93.794,6.826],[93.797,6.82],[93.803,6.814],[93.806,6.814],[93.811,6.819],[93.815,6.818],[93.816,6.812],[93.81,6.804],[93.809,6.799],[93.812,6.793],[93.808,6.787],[93.814,6.779],[93.807,6.774],[93.804,6.768],[93.807,6.764],[93.82,6.757],[93.829,6.756],[93.835,6.757],[93.84,6.772],[93.846,6.778],[93.849,6.791],[93.846,6.801],[93.848,6.81],[93.854,6.816],[93.862,6.817],[93.87,6.814],[93.88,6.803],[93.882,6.795],[93.887,6.798],[93.89,6.806],[93.895,6.805],[93.903,6.815],[93.901,6.82],[93.91,6.833],[93.906,6.841],[93.897,6.842],[93.894,6.847],[93.895,6.855],[93.893,6.862],[93.894,6.869],[93.901,6.873],[93.902,6.88],[93.897,6.894],[93.9,6.897],[93.897,6.903],[93.901,6.908],[93.909,6.906],[93.912,6.908],[93.916,6.914],[93.912,6.922],[93.91,6.931],[93.917,6.935],[93.915,6.938],[93.918,6.945],[93.922,6.948],[93.927,6.955],[93.932,6.956],[93.943,6.952],[93.946,6.956],[93.944,6.96],[93.937,6.963],[93.933,6.971],[93.929,6.973],[93.93,6.984],[93.928,6.988],[93.915,6.996],[93.914,7],[93.917,7.006],[93.924,7.012],[93.931,7.01],[93.933,7.002],[93.946,6.995],[93.948,7],[93.947,7.008],[93.939,7.018],[93.927,7.027],[93.921,7.024],[93.917,7.026],[93.913,7.041],[93.916,7.047],[93.915,7.054],[93.906,7.064],[93.906,7.07],[93.903,7.077],[93.895,7.081],[93.887,7.087],[93.888,7.096],[93.886,7.106],[93.889,7.111],[93.891,7.122],[93.886,7.127],[93.885,7.137],[93.887,7.142],[93.888,7.156],[93.884,7.16],[93.886,7.167],[93.882,7.17],[93.88,7.177],[93.884,7.184],[93.883,7.204],[93.868,7.217],[93.86,7.217],[93.856,7.215],[93.847,7.218],[93.843,7.228],[93.848,7.233],[93.849,7.241]]],[[[92.518,10.897],[92.51,10.895],[92.507,10.89],[92.503,10.891],[92.493,10.889],[92.489,10.883],[92.479,10.871],[92.47,10.868],[92.457,10.862],[92.46,10.854],[92.46,10.844],[92.455,10.837],[92.447,10.836],[92.437,10.824],[92.433,10.821],[92.427,10.823],[92.428,10.818],[92.419,10.796],[92.409,10.784],[92.396,10.778],[92.386,10.784],[92.385,10.791],[92.378,10.785],[92.376,10.78],[92.377,10.771],[92.382,10.763],[92.379,10.754],[92.378,10.738],[92.383,10.722],[92.381,10.713],[92.381,10.694],[92.382,10.682],[92.384,10.676],[92.383,10.668],[92.394,10.666],[92.4,10.661],[92.41,10.645],[92.417,10.632],[92.421,10.616],[92.42,10.611],[92.415,10.608],[92.411,10.594],[92.41,10.583],[92.404,10.574],[92.401,10.572],[92.393,10.557],[92.394,10.553],[92.385,10.544],[92.382,10.539],[92.386,10.532],[92.393,10.531],[92.402,10.531],[92.411,10.538],[92.419,10.548],[92.434,10.548],[92.45,10.543],[92.463,10.535],[92.474,10.523],[92.482,10.518],[92.493,10.515],[92.499,10.511],[92.513,10.512],[92.524,10.517],[92.531,10.518],[92.533,10.527],[92.541,10.536],[92.544,10.544],[92.544,10.549],[92.548,10.554],[92.553,10.557],[92.568,10.576],[92.569,10.58],[92.564,10.586],[92.545,10.592],[92.54,10.605],[92.54,10.615],[92.546,10.629],[92.557,10.643],[92.568,10.651],[92.579,10.654],[92.58,10.658],[92.575,10.668],[92.579,10.676],[92.588,10.68],[92.593,10.677],[92.597,10.681],[92.597,10.691],[92.598,10.7],[92.589,10.719],[92.588,10.733],[92.583,10.741],[92.583,10.759],[92.588,10.78],[92.587,10.788],[92.576,10.795],[92.573,10.801],[92.563,10.804],[92.561,10.811],[92.561,10.824],[92.563,10.828],[92.556,10.844],[92.556,10.851],[92.559,10.857],[92.558,10.863],[92.55,10.871],[92.547,10.872],[92.538,10.882],[92.53,10.886],[92.522,10.897],[92.518,10.897]]],[[[92.829,12.302],[92.817,12.311],[92.81,12.314],[92.803,12.312],[92.796,12.304],[92.785,12.311],[92.769,12.31],[92.767,12.297],[92.776,12.3],[92.78,12.288],[92.779,12.281],[92.775,12.28],[92.771,12.272],[92.765,12.264],[92.757,12.271],[92.75,12.274],[92.748,12.262],[92.742,12.246],[92.749,12.242],[92.748,12.235],[92.752,12.232],[92.758,12.234],[92.769,12.229],[92.764,12.211],[92.769,12.201],[92.767,12.192],[92.768,12.189],[92.767,12.185],[92.765,12.182],[92.765,12.176],[92.761,12.167],[92.758,12.15],[92.754,12.146],[92.755,12.141],[92.748,12.125],[92.747,12.118],[92.739,12.099],[92.74,12.082],[92.744,12.076],[92.748,12.075],[92.756,12.076],[92.763,12.065],[92.774,12.074],[92.779,12.076],[92.782,12.081],[92.787,12.08],[92.793,12.084],[92.792,12.089],[92.795,12.096],[92.791,12.097],[92.788,12.103],[92.799,12.109],[92.81,12.106],[92.813,12.108],[92.812,12.117],[92.808,12.125],[92.803,12.13],[92.807,12.134],[92.811,12.13],[92.822,12.151],[92.82,12.156],[92.825,12.168],[92.836,12.168],[92.843,12.161],[92.847,12.16],[92.851,12.169],[92.854,12.172],[92.851,12.178],[92.856,12.186],[92.854,12.191],[92.848,12.189],[92.847,12.198],[92.854,12.204],[92.862,12.202],[92.864,12.198],[92.871,12.197],[92.875,12.193],[92.88,12.195],[92.882,12.201],[92.874,12.206],[92.873,12.226],[92.862,12.237],[92.859,12.247],[92.865,12.252],[92.876,12.251],[92.883,12.257],[92.888,12.268],[92.882,12.267],[92.883,12.274],[92.88,12.278],[92.887,12.286],[92.882,12.29],[92.873,12.289],[92.872,12.301],[92.867,12.301],[92.855,12.305],[92.85,12.302],[92.847,12.304],[92.839,12.304],[92.835,12.3],[92.829,12.302]]],[[[93.39,8.02],[93.379,8.025],[93.37,8.02],[93.361,8.01],[93.354,8.008],[93.344,8.011],[93.336,8.012],[93.33,8.006],[93.326,8],[93.323,7.989],[93.325,7.981],[93.323,7.973],[93.317,7.971],[93.311,7.962],[93.313,7.951],[93.318,7.944],[93.32,7.932],[93.323,7.928],[93.33,7.925],[93.334,7.936],[93.344,7.934],[93.347,7.927],[93.343,7.918],[93.346,7.915],[93.346,7.901],[93.349,7.9],[93.352,7.893],[93.365,7.887],[93.372,7.887],[93.378,7.884],[93.387,7.887],[93.393,7.894],[93.396,7.901],[93.408,7.903],[93.413,7.907],[93.426,7.907],[93.442,7.899],[93.452,7.885],[93.454,7.875],[93.462,7.873],[93.471,7.883],[93.475,7.893],[93.47,7.908],[93.466,7.915],[93.466,7.928],[93.463,7.934],[93.45,7.944],[93.445,7.951],[93.436,7.956],[93.433,7.966],[93.428,7.966],[93.423,7.96],[93.415,7.959],[93.41,7.963],[93.396,7.969],[93.397,7.974],[93.403,7.975],[93.404,7.982],[93.402,7.994],[93.407,8.01],[93.402,8.013],[93.397,8.018],[93.39,8.02]]],[[[93.713,7.443],[93.707,7.444],[93.708,7.426],[93.71,7.425],[93.707,7.413],[93.709,7.4],[93.708,7.394],[93.696,7.393],[93.695,7.391],[93.684,7.387],[93.68,7.376],[93.672,7.373],[93.664,7.381],[93.657,7.374],[93.65,7.368],[93.64,7.374],[93.633,7.371],[93.632,7.359],[93.633,7.337],[93.637,7.332],[93.636,7.32],[93.63,7.314],[93.621,7.31],[93.628,7.305],[93.634,7.288],[93.631,7.28],[93.634,7.275],[93.629,7.269],[93.639,7.257],[93.639,7.252],[93.647,7.244],[93.654,7.245],[93.661,7.253],[93.67,7.26],[93.672,7.269],[93.679,7.274],[93.679,7.282],[93.699,7.299],[93.7,7.303],[93.724,7.308],[93.727,7.315],[93.736,7.327],[93.739,7.342],[93.757,7.358],[93.755,7.363],[93.757,7.367],[93.756,7.374],[93.748,7.383],[93.745,7.383],[93.735,7.39],[93.728,7.397],[93.725,7.398],[93.721,7.405],[93.722,7.421],[93.72,7.431],[93.716,7.436],[93.713,7.443]]],[[[93.525,8.232],[93.521,8.234],[93.514,8.229],[93.497,8.224],[93.492,8.22],[93.493,8.21],[93.491,8.2],[93.484,8.194],[93.478,8.185],[93.47,8.181],[93.459,8.18],[93.455,8.175],[93.455,8.166],[93.457,8.158],[93.457,8.144],[93.463,8.144],[93.466,8.14],[93.459,8.134],[93.462,8.119],[93.472,8.099],[93.479,8.091],[93.481,8.096],[93.486,8.095],[93.489,8.089],[93.481,8.085],[93.483,8.081],[93.485,8.062],[93.486,8.052],[93.49,8.05],[93.494,8.054],[93.495,8.06],[93.507,8.074],[93.513,8.074],[93.514,8.084],[93.519,8.082],[93.524,8.084],[93.525,8.07],[93.531,8.068],[93.524,8.058],[93.526,8.053],[93.517,8.047],[93.514,8.049],[93.516,8.059],[93.513,8.065],[93.509,8.065],[93.51,8.051],[93.508,8.045],[93.504,8.045],[93.5,8.039],[93.49,8.046],[93.486,8.044],[93.487,8.016],[93.492,8.002],[93.501,7.998],[93.507,8.002],[93.507,8.007],[93.505,8.017],[93.508,8.034],[93.519,8.036],[93.526,8.034],[93.529,8.047],[93.537,8.045],[93.542,8.038],[93.55,8.036],[93.55,8.043],[93.547,8.047],[93.549,8.061],[93.552,8.064],[93.552,8.074],[93.548,8.089],[93.541,8.091],[93.535,8.096],[93.531,8.106],[93.52,8.128],[93.517,8.129],[93.513,8.139],[93.507,8.141],[93.503,8.149],[93.507,8.15],[93.508,8.156],[93.513,8.161],[93.511,8.169],[93.522,8.173],[93.528,8.182],[93.538,8.186],[93.538,8.191],[93.544,8.196],[93.546,8.205],[93.545,8.22],[93.543,8.226],[93.538,8.229],[93.525,8.232]]],[[[92.789,9.243],[92.776,9.257],[92.775,9.254],[92.779,9.247],[92.775,9.23],[92.772,9.228],[92.772,9.221],[92.765,9.215],[92.755,9.216],[92.748,9.212],[92.744,9.216],[92.736,9.216],[92.732,9.219],[92.725,9.219],[92.721,9.212],[92.722,9.199],[92.72,9.187],[92.722,9.184],[92.721,9.173],[92.718,9.16],[92.72,9.146],[92.726,9.138],[92.726,9.13],[92.733,9.123],[92.745,9.126],[92.758,9.127],[92.76,9.125],[92.774,9.126],[92.778,9.121],[92.787,9.118],[92.803,9.12],[92.813,9.125],[92.813,9.13],[92.817,9.135],[92.827,9.139],[92.83,9.138],[92.829,9.152],[92.832,9.164],[92.828,9.176],[92.825,9.179],[92.826,9.187],[92.825,9.195],[92.818,9.215],[92.812,9.223],[92.803,9.229],[92.793,9.241],[92.789,9.243]]],[[[92.641,11.51],[92.636,11.517],[92.632,11.515],[92.629,11.507],[92.621,11.498],[92.618,11.486],[92.615,11.482],[92.613,11.465],[92.612,11.459],[92.616,11.451],[92.624,11.442],[92.622,11.432],[92.625,11.427],[92.625,11.409],[92.62,11.402],[92.613,11.401],[92.609,11.402],[92.597,11.4],[92.588,11.401],[92.593,11.38],[92.589,11.374],[92.582,11.37],[92.582,11.367],[92.589,11.355],[92.598,11.348],[92.611,11.347],[92.62,11.35],[92.622,11.348],[92.63,11.35],[92.638,11.347],[92.641,11.351],[92.649,11.357],[92.657,11.358],[92.664,11.355],[92.669,11.363],[92.677,11.363],[92.681,11.367],[92.691,11.371],[92.692,11.386],[92.689,11.391],[92.683,11.39],[92.671,11.396],[92.665,11.395],[92.662,11.397],[92.66,11.406],[92.656,11.407],[92.658,11.412],[92.671,11.416],[92.674,11.419],[92.672,11.427],[92.68,11.429],[92.686,11.436],[92.684,11.444],[92.676,11.462],[92.677,11.471],[92.67,11.48],[92.671,11.486],[92.667,11.492],[92.663,11.491],[92.656,11.493],[92.644,11.501],[92.645,11.512],[92.641,11.51]]],[[[92.697,12.991],[92.691,12.993],[92.684,12.988],[92.68,12.976],[92.67,12.964],[92.668,12.954],[92.67,12.948],[92.675,12.951],[92.679,12.947],[92.674,12.933],[92.671,12.923],[92.67,12.905],[92.665,12.903],[92.667,12.896],[92.665,12.882],[92.657,12.87],[92.651,12.868],[92.649,12.862],[92.651,12.853],[92.651,12.846],[92.657,12.833],[92.661,12.828],[92.661,12.819],[92.666,12.812],[92.666,12.803],[92.663,12.794],[92.67,12.789],[92.678,12.809],[92.682,12.809],[92.689,12.818],[92.683,12.83],[92.678,12.825],[92.676,12.835],[92.679,12.838],[92.688,12.834],[92.692,12.835],[92.702,12.842],[92.704,12.846],[92.703,12.852],[92.709,12.856],[92.714,12.863],[92.72,12.874],[92.719,12.882],[92.722,12.889],[92.723,12.905],[92.72,12.913],[92.721,12.925],[92.721,12.947],[92.718,12.955],[92.72,12.963],[92.72,12.979],[92.715,12.982],[92.709,12.99],[92.704,12.988],[92.697,12.991]]],[[[92.984,12.042],[92.975,12.043],[92.975,12.036],[92.965,12.039],[92.961,12.029],[92.952,12.018],[92.951,12.014],[92.94,12.006],[92.932,12.006],[92.929,12],[92.93,11.994],[92.935,11.985],[92.948,11.986],[92.96,11.982],[92.965,11.974],[92.967,11.962],[92.974,11.949],[92.986,11.946],[92.991,11.952],[92.996,11.948],[92.995,11.941],[92.998,11.936],[93.006,11.929],[93.012,11.917],[93.022,11.902],[93.026,11.889],[93.033,11.884],[93.038,11.882],[93.045,11.884],[93.053,11.896],[93.053,11.904],[93.047,11.914],[93.047,11.921],[93.042,11.933],[93.04,11.939],[93.035,11.949],[93.028,11.952],[93.025,11.967],[93.022,11.971],[93.007,12.001],[93.007,12.008],[93.01,12.017],[93.004,12.028],[92.998,12.034],[92.989,12.037],[92.984,12.042]]],[[[93.127,8.356],[93.113,8.347],[93.106,8.349],[93.1,8.341],[93.096,8.339],[93.095,8.324],[93.086,8.307],[93.084,8.295],[93.085,8.276],[93.089,8.268],[93.1,8.253],[93.102,8.246],[93.121,8.224],[93.133,8.22],[93.158,8.207],[93.162,8.202],[93.172,8.202],[93.189,8.194],[93.202,8.197],[93.205,8.215],[93.196,8.221],[93.194,8.225],[93.178,8.231],[93.17,8.236],[93.153,8.244],[93.131,8.266],[93.126,8.277],[93.127,8.287],[93.133,8.302],[93.131,8.31],[93.134,8.319],[93.141,8.33],[93.143,8.347],[93.133,8.348],[93.127,8.356]]],[[[93.074,12.21],[93.066,12.211],[93.064,12.204],[93.057,12.193],[93.046,12.167],[93.041,12.152],[93.037,12.133],[93.041,12.127],[93.045,12.128],[93.051,12.118],[93.053,12.11],[93.066,12.098],[93.068,12.091],[93.075,12.084],[93.081,12.089],[93.085,12.089],[93.09,12.098],[93.093,12.113],[93.092,12.123],[93.088,12.13],[93.095,12.142],[93.094,12.148],[93.085,12.154],[93.085,12.159],[93.088,12.164],[93.09,12.177],[93.086,12.189],[93.086,12.196],[93.079,12.201],[93.074,12.21]]],[[[93.548,8.026],[93.548,8.017],[93.552,8.002],[93.549,8.001],[93.543,8.007],[93.542,8.017],[93.536,8.019],[93.535,8.024],[93.53,8.024],[93.531,8.009],[93.518,7.994],[93.514,7.999],[93.509,7.998],[93.508,7.985],[93.517,7.979],[93.522,7.971],[93.535,7.964],[93.538,7.958],[93.548,7.951],[93.553,7.949],[93.563,7.938],[93.573,7.931],[93.579,7.934],[93.581,7.945],[93.58,7.956],[93.583,7.971],[93.58,7.98],[93.583,7.985],[93.579,7.988],[93.582,7.992],[93.576,8],[93.571,8.011],[93.567,8.016],[93.563,8.025],[93.548,8.026]]],[[[92.216,11.595],[92.215,11.589],[92.208,11.586],[92.213,11.579],[92.215,11.572],[92.209,11.56],[92.208,11.55],[92.212,11.543],[92.213,11.535],[92.218,11.529],[92.224,11.531],[92.232,11.527],[92.253,11.526],[92.261,11.518],[92.27,11.523],[92.275,11.537],[92.27,11.548],[92.269,11.556],[92.268,11.571],[92.271,11.577],[92.27,11.585],[92.263,11.59],[92.241,11.592],[92.235,11.592],[92.23,11.588],[92.218,11.593],[92.216,11.595]]],[[[93.029,12.166],[93.023,12.163],[93.021,12.157],[93.011,12.151],[93.007,12.147],[93.002,12.133],[93.002,12.126],[93.006,12.117],[93.004,12.113],[93.009,12.102],[93.006,12.084],[93.008,12.076],[93.012,12.073],[93.02,12.073],[93.025,12.07],[93.035,12.061],[93.041,12.046],[93.045,12.046],[93.053,12.06],[93.053,12.07],[93.049,12.084],[93.041,12.09],[93.034,12.1],[93.035,12.103],[93.031,12.11],[93.032,12.119],[93.036,12.124],[93.03,12.136],[93.026,12.141],[93.027,12.157],[93.029,12.166]]],[[[92.991,12.109],[92.985,12.109],[92.982,12.106],[92.972,12.104],[92.967,12.109],[92.96,12.106],[92.961,12.094],[92.966,12.095],[92.971,12.092],[92.971,12.086],[92.961,12.083],[92.961,12.079],[92.964,12.069],[92.974,12.066],[92.98,12.055],[92.992,12.044],[93,12.048],[92.999,12.055],[93.001,12.063],[92.998,12.064],[93.001,12.079],[93,12.086],[93.006,12.1],[93.005,12.104],[92.993,12.107],[92.991,12.109]]],[[[92.731,12.242],[92.725,12.239],[92.722,12.233],[92.722,12.218],[92.724,12.207],[92.721,12.19],[92.725,12.189],[92.73,12.192],[92.733,12.185],[92.741,12.184],[92.748,12.181],[92.755,12.183],[92.763,12.182],[92.766,12.185],[92.767,12.189],[92.765,12.192],[92.768,12.202],[92.763,12.208],[92.763,12.229],[92.754,12.231],[92.746,12.23],[92.742,12.234],[92.738,12.231],[92.741,12.224],[92.735,12.22],[92.73,12.223],[92.731,12.229],[92.735,12.24],[92.731,12.242]]],[[[93.588,8.107],[93.579,8.125],[93.563,8.12],[93.562,8.118],[93.569,8.108],[93.573,8.106],[93.571,8.093],[93.578,8.084],[93.582,8.081],[93.582,8.074],[93.576,8.074],[93.572,8.068],[93.575,8.061],[93.581,8.056],[93.583,8.049],[93.586,8.049],[93.592,8.039],[93.6,8.044],[93.599,8.056],[93.592,8.064],[93.59,8.07],[93.592,8.076],[93.59,8.084],[93.59,8.101],[93.588,8.107]]],[[[93.614,8.575],[93.612,8.572],[93.615,8.565],[93.611,8.553],[93.611,8.544],[93.618,8.536],[93.619,8.53],[93.623,8.526],[93.626,8.508],[93.625,8.497],[93.629,8.489],[93.628,8.485],[93.619,8.481],[93.619,8.475],[93.623,8.462],[93.62,8.457],[93.621,8.44],[93.619,8.435],[93.622,8.427],[93.625,8.427],[93.628,8.439],[93.623,8.449],[93.626,8.464],[93.629,8.47],[93.636,8.471],[93.642,8.468],[93.639,8.48],[93.637,8.498],[93.632,8.506],[93.637,8.513],[93.634,8.517],[93.636,8.523],[93.627,8.527],[93.622,8.533],[93.622,8.538],[93.619,8.543],[93.618,8.553],[93.621,8.56],[93.618,8.571],[93.614,8.575]]],[[[93.017,13.675],[93.009,13.674],[92.998,13.667],[92.994,13.668],[92.982,13.665],[92.981,13.659],[92.977,13.655],[92.982,13.651],[92.986,13.643],[92.995,13.645],[93,13.649],[93.008,13.647],[93.024,13.627],[93.031,13.63],[93.032,13.634],[93.026,13.646],[93.025,13.66],[93.019,13.675],[93.017,13.675]]],[[[92.964,12.151],[92.957,12.148],[92.956,12.143],[92.962,12.124],[92.969,12.118],[92.983,12.112],[92.986,12.114],[92.996,12.113],[93.001,12.12],[92.992,12.137],[92.992,12.144],[92.983,12.149],[92.978,12.148],[92.964,12.151]]],[[[92.956,12.43],[92.949,12.429],[92.947,12.417],[92.944,12.421],[92.938,12.422],[92.931,12.417],[92.928,12.41],[92.925,12.392],[92.928,12.387],[92.919,12.376],[92.919,12.365],[92.933,12.361],[92.937,12.376],[92.942,12.382],[92.943,12.402],[92.946,12.406],[92.952,12.408],[92.954,12.413],[92.959,12.417],[92.961,12.422],[92.956,12.43]]],[[[93.103,12.261],[93.1,12.259],[93.1,12.249],[93.093,12.239],[93.088,12.237],[93.086,12.242],[93.084,12.258],[93.078,12.262],[93.071,12.258],[93.072,12.253],[93.068,12.249],[93.066,12.237],[93.063,12.234],[93.067,12.228],[93.084,12.223],[93.087,12.225],[93.093,12.224],[93.092,12.212],[93.102,12.206],[93.104,12.222],[93.101,12.232],[93.106,12.242],[93.106,12.26],[93.103,12.261]]],[[[93.032,11.837],[93.013,11.849],[93.013,11.839],[93.014,11.832],[93.02,11.831],[93.046,11.814],[93.051,11.813],[93.058,11.815],[93.063,11.819],[93.062,11.823],[93.072,11.835],[93.07,11.842],[93.063,11.845],[93.048,11.842],[93.036,11.836],[93.032,11.837]]],[[[92.934,12.308],[92.93,12.305],[92.929,12.291],[92.93,12.284],[92.926,12.28],[92.919,12.289],[92.911,12.293],[92.902,12.29],[92.904,12.278],[92.914,12.273],[92.914,12.268],[92.921,12.264],[92.923,12.259],[92.919,12.246],[92.919,12.238],[92.923,12.231],[92.929,12.238],[92.929,12.247],[92.927,12.251],[92.931,12.26],[92.942,12.276],[92.942,12.28],[92.937,12.284],[92.933,12.293],[92.936,12.298],[92.934,12.308]]],[[[92.71,12.829],[92.708,12.83],[92.706,12.819],[92.701,12.814],[92.7,12.801],[92.695,12.8],[92.695,12.794],[92.7,12.786],[92.705,12.781],[92.71,12.771],[92.713,12.737],[92.709,12.732],[92.713,12.72],[92.72,12.722],[92.718,12.734],[92.719,12.752],[92.725,12.749],[92.725,12.755],[92.718,12.768],[92.712,12.777],[92.714,12.785],[92.713,12.803],[92.713,12.819],[92.715,12.828],[92.71,12.829]]],[[[93.006,12.997],[92.993,12.991],[92.984,12.982],[92.979,12.979],[92.973,12.97],[92.965,12.979],[92.969,12.981],[92.959,12.989],[92.957,12.983],[92.953,12.98],[92.961,12.974],[92.963,12.969],[92.961,12.965],[92.954,12.968],[92.954,12.963],[92.959,12.956],[92.972,12.956],[92.974,12.946],[92.96,12.95],[92.958,12.943],[92.972,12.943],[92.973,12.937],[92.981,12.933],[92.983,12.937],[92.98,12.943],[92.981,12.951],[92.988,12.957],[92.98,12.96],[92.98,12.967],[92.99,12.979],[92.993,12.986],[93.001,12.989],[93.006,12.997]]],[[[92.541,11.603],[92.534,11.602],[92.533,11.59],[92.535,11.585],[92.533,11.571],[92.539,11.563],[92.548,11.561],[92.554,11.562],[92.559,11.571],[92.564,11.574],[92.562,11.582],[92.563,11.593],[92.554,11.592],[92.55,11.594],[92.545,11.592],[92.547,11.602],[92.541,11.603]]],[[[92.89,12.4],[92.885,12.406],[92.882,12.398],[92.87,12.404],[92.854,12.409],[92.846,12.406],[92.843,12.402],[92.844,12.396],[92.854,12.39],[92.86,12.389],[92.86,12.384],[92.863,12.38],[92.868,12.378],[92.873,12.385],[92.882,12.381],[92.883,12.388],[92.891,12.393],[92.89,12.4]]],[[[92.711,12.297],[92.706,12.3],[92.702,12.289],[92.703,12.282],[92.7,12.276],[92.703,12.271],[92.701,12.268],[92.704,12.254],[92.704,12.246],[92.713,12.235],[92.713,12.248],[92.716,12.259],[92.716,12.262],[92.721,12.28],[92.724,12.296],[92.711,12.297]]],[[[92.901,12.255],[92.894,12.255],[92.885,12.249],[92.885,12.239],[92.88,12.239],[92.879,12.247],[92.873,12.248],[92.87,12.238],[92.875,12.23],[92.874,12.223],[92.88,12.211],[92.881,12.224],[92.891,12.234],[92.896,12.233],[92.9,12.229],[92.908,12.232],[92.914,12.232],[92.909,12.241],[92.905,12.252],[92.901,12.255]]],[[[93.235,8.264],[93.229,8.262],[93.222,8.256],[93.22,8.246],[93.224,8.238],[93.234,8.23],[93.237,8.224],[93.245,8.224],[93.251,8.228],[93.249,8.241],[93.242,8.253],[93.24,8.26],[93.235,8.264]]],[[[93.868,12.294],[93.862,12.295],[93.851,12.29],[93.847,12.283],[93.849,12.28],[93.846,12.272],[93.856,12.265],[93.872,12.268],[93.876,12.273],[93.877,12.28],[93.874,12.288],[93.868,12.294]]],[[[94.26,13.436],[94.271,13.443],[94.276,13.45],[94.273,13.456],[94.276,13.469],[94.26,13.467],[94.253,13.462],[94.246,13.443],[94.252,13.436],[94.26,13.436]]],[[[92.927,13.024],[92.915,13.013],[92.921,13.001],[92.932,13],[92.937,12.996],[92.944,12.998],[92.939,13.01],[92.943,13.019],[92.939,13.026],[92.927,13.024]]],[[[93.044,8.471],[93.04,8.467],[93.036,8.454],[93.039,8.445],[93.044,8.442],[93.052,8.44],[93.059,8.441],[93.056,8.451],[93.056,8.461],[93.044,8.471]]],[[[92.756,11.967],[92.751,11.965],[92.739,11.962],[92.736,11.952],[92.742,11.951],[92.746,11.945],[92.76,11.949],[92.767,11.955],[92.766,11.965],[92.756,11.967]]],[[[92.601,11.971],[92.596,11.976],[92.589,11.976],[92.594,11.969],[92.596,11.96],[92.597,11.93],[92.602,11.931],[92.609,11.94],[92.607,11.944],[92.601,11.971]]],[[[92.844,13.44],[92.828,13.438],[92.822,13.435],[92.821,13.429],[92.822,13.422],[92.83,13.419],[92.835,13.42],[92.842,13.426],[92.846,13.432],[92.844,13.44]]],[[[92.706,11.289],[92.696,11.285],[92.693,11.281],[92.694,11.27],[92.699,11.258],[92.706,11.264],[92.705,11.271],[92.707,11.286],[92.706,11.289]]],[[[92.597,11.542],[92.597,11.563],[92.59,11.575],[92.588,11.569],[92.589,11.562],[92.584,11.549],[92.588,11.539],[92.595,11.534],[92.597,11.542]]],[[[92.612,11.588],[92.601,11.586],[92.601,11.567],[92.61,11.568],[92.616,11.564],[92.619,11.573],[92.617,11.583],[92.612,11.588]]],[[[92.61,11.559],[92.603,11.552],[92.606,11.548],[92.607,11.537],[92.611,11.533],[92.616,11.535],[92.619,11.543],[92.62,11.556],[92.61,11.559]]],[[[92.73,12.864],[92.722,12.866],[92.719,12.863],[92.712,12.845],[92.707,12.837],[92.715,12.833],[92.719,12.837],[92.725,12.854],[92.73,12.864]]],[[[92.794,12.912],[92.78,12.911],[92.775,12.912],[92.775,12.905],[92.78,12.902],[92.787,12.906],[92.787,12.898],[92.783,12.895],[92.793,12.892],[92.799,12.895],[92.797,12.909],[92.794,12.912]]],[[[92.877,12.931],[92.861,12.934],[92.86,12.926],[92.865,12.917],[92.872,12.916],[92.875,12.927],[92.883,12.922],[92.883,12.93],[92.877,12.931]]],[[[92.717,13.098],[92.706,13.095],[92.699,13.098],[92.696,13.09],[92.7,13.073],[92.706,13.072],[92.703,13.08],[92.709,13.088],[92.718,13.094],[92.717,13.098]]],[[[92.766,12.288],[92.762,12.294],[92.754,12.282],[92.754,12.276],[92.759,12.269],[92.765,12.266],[92.768,12.275],[92.767,12.287],[92.766,12.288]]],[[[92.749,12.289],[92.74,12.276],[92.739,12.266],[92.734,12.254],[92.742,12.255],[92.747,12.269],[92.749,12.289]]],[[[93.064,13.654],[93.057,13.654],[93.05,13.644],[93.043,13.638],[93.046,13.627],[93.049,13.625],[93.055,13.637],[93.055,13.643],[93.059,13.647],[93.066,13.649],[93.064,13.654]]],[[[92.935,12.225],[92.927,12.222],[92.925,12.216],[92.926,12.207],[92.936,12.202],[92.934,12.211],[92.941,12.217],[92.939,12.224],[92.935,12.225]]],[[[92.903,13.6],[92.895,13.601],[92.888,13.595],[92.887,13.588],[92.882,13.58],[92.886,13.575],[92.893,13.587],[92.899,13.591],[92.904,13.597],[92.903,13.6]]],[[[92.56,11.538],[92.552,11.538],[92.553,11.531],[92.562,11.518],[92.567,11.518],[92.569,11.528],[92.561,11.534],[92.56,11.538]]],[[[92.675,12.542],[92.669,12.535],[92.671,12.528],[92.677,12.523],[92.685,12.539],[92.675,12.542]]],[[[93.025,13.326],[93.018,13.329],[93.015,13.309],[93.024,13.305],[93.022,13.322],[93.025,13.326]]],[[[92.724,11.332],[92.718,11.329],[92.718,11.323],[92.714,11.321],[92.715,11.316],[92.724,11.318],[92.722,11.326],[92.724,11.332]]],[[[93.72,7.207],[93.721,7.213],[93.717,7.218],[93.709,7.23],[93.707,7.227],[93.713,7.208],[93.72,7.207]]],[[[93.12,12.148],[93.11,12.143],[93.115,12.13],[93.124,12.14],[93.12,12.148]]],[[[92.956,12.096],[92.956,12.105],[92.95,12.114],[92.949,12.097],[92.951,12.091],[92.956,12.096]]],[[[92.843,12.42],[92.834,12.427],[92.829,12.425],[92.829,12.422],[92.836,12.416],[92.843,12.416],[92.843,12.42]]],[[[92.721,12.781],[92.717,12.772],[92.725,12.766],[92.721,12.781]]],[[[93.689,7.396],[93.696,7.399],[93.692,7.404],[93.691,7.409],[93.684,7.407],[93.684,7.402],[93.689,7.396]]],[[[92.227,10.982],[92.22,10.983],[92.215,10.979],[92.218,10.973],[92.227,10.976],[92.227,10.982]]],[[[92.915,12.355],[92.91,12.351],[92.909,12.342],[92.911,12.338],[92.918,12.349],[92.915,12.355]]],[[[92.757,12.901],[92.753,12.902],[92.749,12.896],[92.749,12.892],[92.755,12.89],[92.757,12.901]]],[[[92.732,11.954],[92.725,11.955],[92.724,11.946],[92.727,11.942],[92.732,11.945],[92.729,11.95],[92.732,11.954]]],[[[92.789,12.893],[92.782,12.892],[92.783,12.883],[92.79,12.885],[92.789,12.893]]],[[[93.545,7.511],[93.55,7.519],[93.544,7.524],[93.541,7.522],[93.541,7.514],[93.545,7.511]]],[[[92.616,10.935],[92.61,10.938],[92.61,10.931],[92.614,10.928],[92.62,10.93],[92.616,10.935]]],[[[92.665,10.993],[92.66,10.99],[92.659,10.985],[92.664,10.983],[92.668,10.986],[92.665,10.993]]],[[[92.867,12.236],[92.87,12.249],[92.862,12.248],[92.863,12.238],[92.867,12.236]]],[[[92.866,12.421],[92.86,12.418],[92.86,12.414],[92.866,12.412],[92.87,12.414],[92.866,12.421]]],[[[92.604,11.535],[92.601,11.533],[92.602,11.524],[92.607,11.523],[92.606,11.534],[92.604,11.535]]],[[[92.774,12.931],[92.77,12.929],[92.772,12.918],[92.776,12.926],[92.774,12.931]]],[[[92.766,12.87],[92.762,12.866],[92.763,12.855],[92.767,12.857],[92.765,12.864],[92.766,12.87]]],[[[92.602,11.917],[92.595,11.915],[92.599,11.911],[92.602,11.917]]],[[[93.772,7.396],[93.768,7.403],[93.764,7.396],[93.772,7.396]]],[[[93.086,11.79],[93.08,11.788],[93.078,11.782],[93.083,11.78],[93.086,11.79]]],[[[92.874,13.506],[92.872,13.513],[92.867,13.509],[92.871,13.502],[92.874,13.506]]],[[[93.648,7.477],[93.644,7.471],[93.652,7.47],[93.654,7.474],[93.648,7.477]]],[[[93.071,13.413],[93.071,13.424],[93.067,13.424],[93.068,13.415],[93.071,13.413]]],[[[93.094,13.418],[93.09,13.419],[93.087,13.412],[93.091,13.41],[93.094,13.418]]]]},"properties":{"zone":"V"}},
{"type":"Feature","geometry":{"type":"MultiPolygon","coordinates":[[[[86.833,20.776],[86.849,20.782],[86.857,20.789],[86.872,20.794],[86.875,20.797],[86.876,20.805],[86.882,20.808],[86.885,20.794],[86.903,20.792],[86.915,20.793],[86.928,20.79],[86.942,20.792],[86.95,20.789],[86.959,20.787],[86.974,20.793],[86.98,20.822],[86.981,20.849],[86.979,20.86],[86.975,20.865],[86.973,20.871],[86.964,20.886],[86.954,20.897],[86.948,20.914],[86.94,20.922],[86.935,20.935],[86.93,20.941],[86.926,20.951],[86.919,20.962],[86.915,20.973],[86.911,20.978],[86.905,20.996],[86.898,21.009],[86.889,21.021],[86.889,21.025],[86.882,21.032],[86.875,21.044],[86.869,21.062],[86.864,21.07],[86.86,21.088],[86.855,21.094],[86.853,21.103],[86.848,21.118],[86.845,21.135],[86.843,21.157],[86.845,21.173],[86.849,21.187],[86.853,21.195],[86.863,21.212],[86.866,21.222],[86.877,21.238],[86.888,21.249],[86.893,21.255],[86.909,21.285],[86.923,21.307],[86.939,21.338],[86.947,21.352],[86.957,21.364],[86.967,21.373],[86.987,21.389],[86.997,21.395],[87.014,21.404],[87.041,21.419],[87.053,21.429],[87.065,21.441],[87.068,21.446],[87.069,21.461],[87.074,21.462],[87.088,21.459],[87.097,21.465],[87.104,21.475],[87.113,21.484],[87.129,21.495],[87.065,21.649],[87.043,21.773],[87.028,21.985],[87.021,22.167],[87.021,22.306],[87.028,22.408],[87.028,22.518],[86.984,22.642],[86.948,22.817],[86.875,23.036],[86.853,23.168],[86.787,23.248],[86.729,23.321],[86.634,23.387],[86.473,23.46],[86.327,23.489],[86.174,23.555],[86.072,23.598],[85.925,23.62],[85.809,23.642],[85.67,23.664],[85.473,23.679],[85.349,23.715],[85.217,23.715],[84.983,23.759],[84.75,23.759],[84.538,23.759],[84.428,23.759],[84.224,23.759],[84.085,23.759],[83.976,23.759],[83.859,23.737],[83.793,23.693],[83.625,23.62],[83.479,23.467],[83.362,23.35],[83.275,23.233],[83.187,23.08],[83.158,22.934],[83.158,22.81],[83.238,22.686],[83.319,22.532],[83.406,22.364],[83.508,22.218],[83.589,22.079],[83.713,21.919],[83.844,21.853],[83.983,21.758],[84.166,21.583],[84.334,21.444],[84.553,21.349],[84.867,21.24],[85.137,21.167],[85.385,21.108],[85.604,21.057],[85.845,20.962],[86.064,20.904],[86.247,20.86],[86.364,20.853],[86.568,20.809],[86.656,20.802],[86.743,20.787],[86.833,20.776]]],[[[86.881,20.773],[86.871,20.774],[86.857,20.773],[86.881,20.773]]],[[[73.958,30.418],[73.948,30.411],[73.939,30.402],[73.929,30.398],[73.922,30.393],[73.919,30.386],[73.908,30.378],[73.894,30.371],[73.885,30.363],[73.895,30.356],[73.907,30.351],[73.916,30.342],[73.928,30.325],[73.935,30.312],[73.944,30.305],[73.95,30.29],[73.957,30.276],[73.968,30.263],[73.97,30.257],[73.971,30.243],[73.974,30.233],[73.976,30.196],[73.967,30.187],[73.933,30.169],[73.905,30.151],[73.893,30.14],[73.882,30.134],[73.847,30.11],[73.815,30.084],[73.803,30.071],[73.796,30.068],[73.763,30.058],[73.718,30.049],[73.687,30.041],[73.662,30.033],[73.62,30.025],[73.57,30.008],[73.549,29.998],[73.527,29.992],[73.509,29.984],[73.484,29.977],[73.451,29.963],[73.43,29.956],[73.408,29.946],[73.4,29.941],[73.394,29.929],[73.374,29.856],[73.367,29.839],[73.362,29.82],[73.354,29.795],[73.348,29.772],[73.344,29.76],[73.336,29.735],[73.333,29.73],[73.324,29.697],[73.32,29.689],[73.305,29.636],[73.293,29.607],[73.282,29.569],[73.279,29.56],[73.271,29.546],[73.255,29.524],[73.245,29.509],[73.24,29.496],[73.229,29.482],[73.209,29.445],[73.198,29.431],[73.178,29.392],[73.164,29.371],[73.154,29.353],[73.144,29.332],[73.122,29.298],[73.116,29.286],[73.108,29.275],[73.096,29.253],[73.214,29.136],[73.311,29.048],[73.386,28.954],[73.461,28.857],[73.526,28.787],[73.6,28.703],[73.661,28.563],[73.722,28.479],[73.768,28.386],[73.801,28.316],[73.833,28.218],[73.852,28.087],[73.852,27.948],[73.852,27.845],[73.768,27.715],[73.754,27.687],[73.642,27.612],[73.572,27.579],[73.475,27.481],[73.391,27.43],[73.293,27.393],[73.19,27.388],[73.064,27.384],[72.999,27.384],[72.887,27.374],[72.785,27.37],[72.705,27.346],[72.617,27.318],[72.556,27.3],[72.477,27.276],[72.342,27.253],[72.249,27.197],[72.211,27.169],[72.113,27.104],[72.043,27.057],[72.002,27.006],[71.969,26.969],[71.913,26.917],[71.829,26.82],[71.778,26.768],[71.722,26.708],[71.661,26.642],[71.615,26.605],[71.54,26.531],[71.47,26.456],[71.447,26.363],[71.451,26.311],[71.512,26.26],[71.652,26.148],[71.806,26.083],[71.908,26.008],[72.03,25.943],[72.155,25.855],[72.225,25.831],[72.337,25.775],[72.407,25.743],[72.514,25.664],[72.631,25.584],[72.719,25.524],[72.785,25.44],[72.887,25.356],[72.971,25.267],[73.097,25.118],[73.2,25.006],[73.274,24.922],[73.349,24.824],[73.386,24.787],[73.419,24.703],[73.484,24.629],[73.512,24.549],[73.596,24.382],[73.61,24.335],[73.642,24.251],[73.698,24.13],[73.754,24.027],[73.792,23.925],[73.875,23.799],[73.927,23.738],[73.95,23.668],[74.006,23.547],[74.053,23.421],[74.09,23.323],[74.188,23.114],[74.286,22.993],[74.397,22.885],[74.439,22.801],[74.542,22.699],[74.649,22.634],[74.738,22.55],[74.873,22.498],[74.976,22.461],[75.134,22.438],[75.311,22.405],[75.432,22.405],[75.642,22.401],[75.749,22.442],[75.898,22.508],[76.034,22.545],[76.155,22.578],[76.285,22.592],[76.393,22.643],[76.509,22.694],[76.598,22.727],[76.728,22.769],[76.854,22.801],[76.943,22.82],[77.05,22.843],[77.171,22.857],[77.437,22.932],[77.721,22.993],[77.838,23.039],[78.066,23.095],[78.262,23.146],[78.388,23.198],[78.5,23.226],[78.686,23.272],[78.807,23.3],[78.914,23.323],[79.036,23.337],[79.138,23.365],[79.306,23.407],[79.474,23.449],[79.595,23.473],[79.711,23.51],[79.8,23.543],[79.926,23.575],[80.112,23.65],[80.215,23.696],[80.331,23.743],[80.476,23.794],[80.639,23.85],[80.756,23.878],[80.821,23.925],[80.965,23.976],[81.068,24.009],[81.222,24.093],[81.376,24.163],[81.487,24.205],[81.613,24.242],[81.702,24.26],[81.846,24.284],[81.944,24.335],[82.052,24.377],[82.215,24.433],[82.345,24.494],[82.42,24.535],[82.536,24.591],[82.625,24.643],[82.685,24.703],[82.765,24.797],[82.774,24.843],[82.774,24.927],[82.769,25.011],[82.751,25.099],[82.695,25.165],[82.648,25.211],[82.508,25.323],[82.396,25.393],[82.327,25.435],[82.252,25.5],[82.177,25.575],[82.065,25.626],[81.912,25.659],[81.73,25.705],[81.665,25.733],[81.585,25.775],[81.427,25.85],[81.222,25.934],[81.115,25.948],[81.035,25.971],[80.886,26.05],[80.779,26.13],[80.718,26.167],[80.616,26.232],[80.513,26.297],[80.434,26.358],[80.308,26.433],[80.154,26.545],[80.089,26.591],[79.963,26.642],[79.856,26.689],[79.707,26.754],[79.567,26.787],[79.436,26.829],[79.25,26.866],[79.157,26.885],[79.045,26.88],[78.928,26.875],[78.798,26.871],[78.705,26.871],[78.574,26.862],[78.523,26.848],[78.439,26.82],[78.252,26.801],[78.075,26.801],[77.949,26.801],[77.819,26.796],[77.586,26.782],[77.395,26.782],[77.241,26.796],[77.041,26.838],[76.929,26.885],[76.761,26.95],[76.644,27.029],[76.528,27.113],[76.435,27.211],[76.365,27.276],[76.309,27.342],[76.22,27.565],[76.206,27.612],[76.206,27.701],[76.197,27.784],[76.187,27.887],[76.187,28.055],[76.197,28.153],[76.225,28.297],[76.257,28.428],[76.285,28.53],[76.332,28.605],[76.332,28.717],[76.332,28.81],[76.309,28.88],[76.262,28.973],[76.211,29.066],[76.132,29.164],[76.043,29.248],[75.982,29.299],[75.898,29.369],[75.801,29.435],[75.619,29.588],[75.428,29.714],[75.367,29.747],[75.306,29.77],[75.223,29.821],[75.167,29.845],[74.976,29.915],[74.915,29.947],[74.756,30.027],[74.687,30.059],[74.542,30.12],[74.458,30.157],[74.388,30.19],[74.332,30.204],[74.267,30.232],[74.211,30.274],[74.146,30.33],[74.02,30.39],[73.969,30.413],[73.958,30.418]]],[[[77.691,8.16],[77.733,8.169],[77.742,8.172],[77.753,8.179],[77.757,8.187],[77.766,8.193],[77.776,8.193],[77.787,8.203],[77.787,8.209],[77.784,8.219],[77.787,8.226],[77.799,8.234],[77.814,8.246],[77.838,8.252],[77.87,8.261],[77.89,8.271],[77.9,8.282],[77.91,8.291],[77.922,8.295],[77.94,8.301],[77.948,8.306],[77.962,8.323],[77.974,8.334],[77.992,8.341],[78.041,8.358],[78.063,8.37],[78.068,8.375],[78.06,8.381],[78.065,8.409],[78.067,8.416],[78.085,8.44],[78.098,8.453],[78.105,8.463],[78.117,8.473],[78.129,8.484],[78.133,8.492],[78.133,8.499],[78.127,8.513],[78.124,8.53],[78.125,8.536],[78.135,8.553],[78.139,8.566],[78.139,8.574],[78.142,8.584],[78.142,8.591],[78.127,8.628],[78.126,8.635],[78.132,8.651],[78.135,8.667],[78.139,8.677],[78.141,8.693],[78.144,8.699],[78.152,8.705],[78.16,8.716],[78.163,8.729],[78.17,8.743],[78.183,8.751],[78.188,8.751],[78.19,8.745],[78.197,8.747],[78.206,8.767],[78.204,8.781],[78.2,8.787],[78.196,8.783],[78.196,8.775],[78.199,8.766],[78.19,8.762],[78.18,8.763],[78.175,8.766],[78.169,8.758],[78.165,8.758],[78.166,8.772],[78.165,8.793],[78.169,8.831],[78.169,8.847],[78.173,8.872],[78.172,8.88],[78.177,8.89],[78.183,8.896],[78.186,8.914],[78.192,8.928],[78.198,8.937],[78.207,8.954],[78.213,8.962],[78.221,8.969],[78.237,8.981],[78.255,8.991],[78.268,9.001],[78.267,9.007],[78.258,9.019],[78.246,9.028],[78.234,9.031],[78.224,9.027],[78.216,9.029],[78.212,9.04],[78.213,9.048],[78.219,9.045],[78.22,9.036],[78.228,9.032],[78.239,9.035],[78.259,9.026],[78.272,9.012],[78.279,9.014],[78.282,9.022],[78.286,9.024],[78.291,9.022],[78.297,9.026],[78.307,9.029],[78.309,9.039],[78.321,9.044],[78.341,9.055],[78.348,9.065],[78.37,9.079],[78.379,9.086],[78.39,9.093],[78.398,9.099],[78.422,9.113],[78.451,9.122],[78.466,9.124],[78.477,9.131],[78.484,9.131],[78.491,9.129],[78.527,9.136],[78.549,9.135],[78.556,9.134],[78.561,9.131],[78.574,9.128],[78.586,9.139],[78.6,9.148],[78.63,9.157],[78.64,9.158],[78.65,9.155],[78.652,9.157],[78.645,9.167],[78.646,9.175],[78.652,9.183],[78.658,9.187],[78.673,9.194],[78.686,9.195],[78.694,9.195],[78.721,9.187],[78.722,9.189],[78.722,9.203],[78.727,9.209],[78.741,9.211],[78.777,9.222],[78.795,9.229],[78.815,9.237],[78.868,9.255],[78.878,9.257],[78.894,9.25],[78.905,9.248],[78.913,9.253],[78.915,9.259],[78.926,9.265],[78.942,9.271],[78.966,9.275],[78.988,9.275],[78.999,9.273],[79.016,9.269],[79.05,9.262],[79.067,9.261],[79.082,9.259],[79.094,9.26],[79.129,9.269],[79.15,9.275],[79.174,9.278],[79.184,9.278],[79.192,9.286],[79.187,9.288],[79.161,9.288],[79.153,9.286],[79.148,9.288],[79.129,9.291],[79.121,9.293],[79.101,9.289],[79.096,9.29],[79.085,9.296],[79.08,9.297],[79.069,9.294],[79.063,9.295],[79.052,9.3],[79.016,9.329],[79.015,9.332],[78.988,9.354],[78.97,9.372],[78.957,9.388],[78.942,9.402],[78.939,9.408],[78.93,9.416],[78.914,9.437],[78.907,9.45],[78.9,9.457],[78.895,9.472],[78.895,9.479],[78.898,9.489],[78.908,9.497],[78.915,9.5],[78.915,9.51],[78.919,9.531],[78.92,9.547],[78.919,9.565],[78.92,9.573],[78.925,9.586],[78.936,9.603],[78.949,9.616],[78.955,9.626],[78.96,9.639],[78.967,9.652],[78.971,9.661],[78.974,9.665],[78.977,9.683],[78.983,9.697],[78.992,9.713],[79.014,9.732],[79.018,9.738],[79.025,9.744],[79.029,9.752],[79.037,9.761],[79.045,9.766],[79.056,9.771],[79.062,9.778],[79.075,9.793],[79.081,9.811],[79.09,9.823],[79.101,9.833],[79.105,9.839],[79.12,9.852],[79.123,9.858],[79.121,9.868],[79.12,9.878],[79.125,9.889],[79.144,9.904],[79.151,9.911],[79.157,9.93],[79.167,9.943],[79.183,9.955],[79.195,9.961],[79.195,9.964],[79.208,9.98],[79.213,9.991],[79.218,9.998],[79.218,10.003],[79.222,10.007],[79.251,10.029],[79.263,10.036],[79.262,10.045],[79.251,10.05],[79.251,10.06],[79.246,10.063],[79.245,10.071],[79.233,10.076],[79.228,10.091],[79.226,10.104],[79.228,10.113],[79.233,10.124],[79.233,10.13],[79.229,10.134],[79.229,10.145],[79.233,10.155],[79.238,10.161],[79.24,10.175],[79.25,10.189],[79.262,10.194],[79.268,10.2],[79.278,10.214],[79.277,10.222],[79.272,10.226],[79.276,10.238],[79.282,10.245],[79.293,10.253],[79.299,10.262],[79.299,10.264],[79.31,10.27],[79.318,10.272],[79.324,10.281],[79.329,10.286],[79.343,10.289],[79.353,10.29],[79.349,10.302],[79.358,10.299],[79.365,10.298],[79.372,10.305],[79.377,10.314],[79.388,10.322],[79.402,10.325],[79.439,10.325],[79.464,10.321],[79.482,10.317],[79.493,10.316],[79.514,10.312],[79.519,10.312],[79.528,10.317],[79.538,10.327],[79.537,10.333],[79.528,10.339],[79.507,10.348],[79.505,10.355],[79.519,10.347],[79.538,10.341],[79.527,10.355],[79.533,10.356],[79.55,10.349],[79.582,10.342],[79.586,10.343],[79.6,10.348],[79.613,10.34],[79.615,10.335],[79.611,10.33],[79.598,10.328],[79.576,10.329],[79.565,10.331],[79.556,10.33],[79.553,10.321],[79.545,10.309],[79.564,10.308],[79.579,10.306],[79.594,10.305],[79.617,10.302],[79.652,10.29],[79.666,10.291],[79.68,10.289],[79.697,10.284],[79.706,10.284],[79.72,10.28],[79.742,10.277],[79.769,10.273],[79.776,10.275],[79.773,10.282],[79.76,10.289],[79.751,10.289],[79.747,10.3],[79.738,10.298],[79.732,10.292],[79.727,10.289],[79.7,10.295],[79.681,10.307],[79.673,10.311],[79.663,10.312],[79.648,10.316],[79.632,10.316],[79.613,10.318],[79.612,10.322],[79.623,10.326],[79.627,10.331],[79.638,10.338],[79.679,10.324],[79.688,10.319],[79.706,10.312],[79.724,10.31],[79.717,10.32],[79.704,10.326],[79.708,10.331],[79.713,10.332],[79.719,10.329],[79.729,10.33],[79.735,10.324],[79.739,10.316],[79.759,10.311],[79.769,10.302],[79.786,10.29],[79.787,10.279],[79.791,10.273],[79.798,10.271],[79.82,10.277],[79.849,10.281],[79.866,10.286],[79.878,10.286],[79.879,10.29],[79.878,10.309],[79.876,10.314],[79.871,10.341],[79.868,10.376],[79.867,10.409],[79.865,10.424],[79.864,10.467],[79.862,10.493],[79.859,10.553],[79.858,10.569],[79.858,10.589],[79.857,10.669],[79.853,10.681],[79.851,10.718],[79.851,10.76],[79.85,10.789],[79.85,10.809],[79.848,10.813],[79.839,10.809],[79.836,10.813],[79.847,10.817],[79.85,10.823],[79.849,10.833],[79.85,10.848],[79.849,10.871],[79.845,10.874],[79.836,10.871],[79.838,10.877],[79.849,10.88],[79.849,10.901],[79.844,10.906],[79.85,10.909],[79.852,10.916],[79.853,10.967],[79.853,10.995],[79.857,11.013],[79.857,11.047],[79.857,11.076],[79.855,11.081],[79.858,11.091],[79.858,11.111],[79.857,11.151],[79.854,11.195],[79.846,11.247],[79.838,11.283],[79.835,11.3],[79.834,11.328],[79.84,11.346],[79.838,11.355],[79.823,11.356],[79.819,11.354],[79.817,11.345],[79.812,11.349],[79.814,11.358],[79.799,11.369],[79.801,11.376],[79.811,11.369],[79.812,11.37],[79.822,11.364],[79.825,11.367],[79.818,11.399],[79.81,11.439],[79.808,11.446],[79.793,11.474],[79.791,11.476],[79.778,11.509],[79.767,11.523],[79.763,11.538],[79.759,11.564],[79.758,11.578],[79.759,11.613],[79.762,11.629],[79.77,11.674],[79.772,11.679],[79.776,11.699],[79.784,11.722],[79.786,11.729],[79.781,11.73],[79.771,11.737],[79.767,11.742],[79.77,11.745],[79.78,11.739],[79.786,11.739],[79.793,11.756],[79.794,11.78],[79.798,11.797],[79.815,11.858],[79.818,11.876],[79.823,11.899],[79.839,11.951],[79.846,11.976],[79.848,11.98],[79.86,12.01],[79.86,12.013],[79.868,12.031],[79.872,12.037],[79.878,12.05],[79.888,12.07],[79.914,12.109],[79.918,12.118],[79.938,12.148],[79.938,12.151],[79.948,12.161],[79.948,12.163],[79.961,12.183],[79.968,12.193],[79.99,12.227],[79.99,12.23],[80,12.246],[80.003,12.254],[80.019,12.282],[80.024,12.286],[80.044,12.314],[80.055,12.331],[80.068,12.349],[80.079,12.36],[80.108,12.396],[80.122,12.411],[80.138,12.432],[80.139,12.437],[80.134,12.44],[80.131,12.447],[80.137,12.448],[80.144,12.445],[80.149,12.448],[80.141,12.456],[80.142,12.459],[80.149,12.459],[80.149,12.47],[80.159,12.469],[80.162,12.471],[80.164,12.478],[80.164,12.495],[80.163,12.508],[80.164,12.517],[80.168,12.531],[80.18,12.552],[80.188,12.572],[80.192,12.591],[80.196,12.604],[80.201,12.622],[80.208,12.642],[80.023,12.643],[79.775,12.621],[79.622,12.577],[79.395,12.519],[79.227,12.431],[79.074,12.329],[78.965,12.249],[78.855,12.081],[78.738,11.927],[78.651,11.825],[78.585,11.745],[78.534,11.657],[78.453,11.562],[78.38,11.482],[78.3,11.402],[78.212,11.372],[78.096,11.365],[78.037,11.402],[78.001,11.46],[78.001,11.577],[77.993,11.679],[78.008,11.811],[78.052,11.949],[78.074,12.132],[78.154,12.271],[78.293,12.468],[78.38,12.607],[78.439,12.701],[78.499,12.798],[78.569,12.881],[78.618,12.963],[78.643,13.024],[78.733,13.176],[78.753,13.287],[78.836,13.484],[78.901,13.608],[78.975,13.719],[79.041,13.834],[79.086,13.944],[79.131,14.023],[79.197,14.125],[79.287,14.273],[79.316,14.335],[79.345,14.413],[79.386,14.515],[79.419,14.61],[79.468,14.704],[79.522,14.828],[79.571,14.914],[79.616,14.967],[79.641,15.017],[79.657,15.054],[79.674,15.152],[79.739,15.247],[79.768,15.292],[79.842,15.497],[79.867,15.559],[79.875,15.604],[79.916,15.666],[79.924,15.735],[79.949,15.83],[79.949,15.904],[79.965,15.998],[79.973,16.187],[79.977,16.257],[79.994,16.364],[80.002,16.458],[80.006,16.532],[80.023,16.684],[80.035,16.758],[80.031,16.836],[80.031,16.955],[80.035,17.038],[80.043,17.12],[80.035,17.198],[80.014,17.321],[79.986,17.407],[79.957,17.473],[79.928,17.53],[79.908,17.58],[79.871,17.674],[79.858,17.736],[79.821,17.847],[79.821,17.917],[79.731,18.11],[79.69,18.175],[79.657,18.229],[79.583,18.397],[79.563,18.467],[79.534,18.529],[79.485,18.611],[79.448,18.656],[79.402,18.734],[79.333,18.824],[79.267,18.89],[79.226,18.927],[79.189,18.972],[79.123,19.042],[79.066,19.1],[79.02,19.149],[78.942,19.268],[78.901,19.33],[78.877,19.395],[78.86,19.519],[78.848,19.617],[78.856,19.736],[78.91,19.835],[78.955,19.896],[79,19.966],[79.066,20.028],[79.135,20.065],[79.205,20.081],[79.304,20.085],[79.468,20.085],[79.563,20.073],[79.665,20.036],[79.711,19.987],[79.826,19.888],[79.912,19.777],[80.006,19.666],[80.06,19.551],[80.166,19.408],[80.224,19.272],[80.273,19.165],[80.314,19.087],[80.331,19.03],[80.36,18.993],[80.405,18.886],[80.442,18.833],[80.503,18.705],[80.553,18.611],[80.598,18.496],[80.622,18.405],[80.659,18.303],[80.709,18.204],[80.766,18.11],[80.852,17.937],[80.918,17.826],[80.996,17.748],[81.107,17.67],[81.206,17.613],[81.354,17.518],[81.464,17.457],[81.608,17.403],[81.731,17.358],[81.851,17.321],[81.933,17.313],[82.04,17.292],[82.192,17.255],[82.29,17.235],[82.376,17.194],[82.426,17.144],[82.446,17.164],[82.462,17.175],[82.487,17.196],[82.508,17.213],[82.525,17.229],[82.539,17.239],[82.56,17.256],[82.571,17.262],[82.579,17.268],[82.604,17.282],[82.606,17.284],[82.63,17.299],[82.638,17.303],[82.657,17.314],[82.671,17.321],[82.68,17.325],[82.687,17.33],[82.697,17.335],[82.708,17.342],[82.719,17.347],[82.734,17.357],[82.753,17.366],[82.81,17.39],[82.82,17.392],[82.84,17.4],[82.855,17.408],[82.866,17.415],[82.909,17.434],[82.919,17.44],[82.932,17.445],[82.945,17.453],[82.969,17.463],[82.98,17.465],[82.993,17.471],[82.996,17.476],[83.005,17.482],[83.007,17.495],[83.014,17.501],[83.026,17.508],[83.035,17.511],[83.045,17.517],[83.074,17.525],[83.086,17.53],[83.091,17.535],[83.099,17.547],[83.111,17.551],[83.106,17.539],[83.124,17.545],[83.14,17.547],[83.156,17.553],[83.168,17.56],[83.174,17.567],[83.198,17.581],[83.207,17.585],[83.217,17.59],[83.225,17.597],[83.232,17.608],[83.231,17.616],[83.225,17.614],[83.214,17.617],[83.202,17.623],[83.197,17.627],[83.198,17.638],[83.208,17.646],[83.216,17.647],[83.223,17.639],[83.228,17.629],[83.233,17.626],[83.241,17.625],[83.26,17.643],[83.269,17.649],[83.284,17.656],[83.29,17.662],[83.295,17.671],[83.3,17.69],[83.304,17.696],[83.315,17.702],[83.33,17.707],[83.34,17.714],[83.346,17.721],[83.347,17.733],[83.353,17.749],[83.358,17.755],[83.371,17.762],[83.378,17.768],[83.388,17.781],[83.408,17.799],[83.416,17.807],[83.419,17.816],[83.419,17.825],[83.417,17.83],[83.405,17.838],[83.404,17.844],[83.407,17.846],[83.414,17.841],[83.423,17.853],[83.438,17.864],[83.453,17.88],[83.455,17.892],[83.449,17.903],[83.448,17.91],[83.446,17.92],[83.452,17.92],[83.46,17.915],[83.475,17.911],[83.516,17.935],[83.52,17.938],[83.537,17.949],[83.554,17.963],[83.561,17.973],[83.563,17.991],[83.566,18.002],[83.564,18.009],[83.557,18.012],[83.555,18.018],[83.56,18.02],[83.571,18.013],[83.582,18.012],[83.587,18.015],[83.594,18.024],[83.605,18.033],[83.619,18.044],[83.63,18.052],[83.662,18.068],[83.668,18.073],[83.666,18.077],[83.657,18.082],[83.664,18.085],[83.675,18.083],[83.68,18.084],[83.692,18.092],[83.703,18.102],[83.728,18.115],[83.739,18.118],[83.777,18.139],[83.805,18.148],[83.839,18.161],[83.856,18.165],[83.869,18.171],[83.874,18.176],[83.881,18.188],[83.898,18.197],[83.933,18.208],[83.934,18.212],[83.927,18.216],[83.926,18.224],[83.932,18.225],[83.943,18.216],[83.954,18.214],[83.965,18.223],[83.977,18.23],[83.992,18.236],[84.006,18.244],[84.03,18.252],[84.04,18.257],[84.058,18.263],[84.075,18.279],[84.093,18.288],[84.102,18.292],[84.118,18.301],[84.124,18.307],[84.126,18.313],[84.127,18.332],[84.119,18.339],[84.112,18.341],[84.091,18.336],[84.083,18.33],[84.073,18.326],[84.059,18.325],[84.05,18.328],[84.041,18.335],[84.029,18.34],[84.013,18.344],[83.993,18.35],[83.993,18.358],[83.996,18.36],[84.02,18.349],[84.039,18.345],[84.046,18.34],[84.061,18.336],[84.07,18.336],[84.085,18.341],[84.092,18.346],[84.104,18.349],[84.117,18.35],[84.13,18.349],[84.135,18.35],[84.142,18.356],[84.149,18.369],[84.175,18.395],[84.185,18.405],[84.193,18.413],[84.199,18.418],[84.222,18.442],[84.234,18.452],[84.239,18.455],[84.25,18.463],[84.252,18.467],[84.261,18.475],[84.283,18.495],[84.349,18.548],[84.344,18.551],[84.325,18.538],[84.304,18.532],[84.293,18.526],[84.28,18.512],[84.273,18.515],[84.274,18.519],[84.284,18.526],[84.289,18.531],[84.309,18.542],[84.312,18.549],[84.31,18.554],[84.315,18.561],[84.322,18.562],[84.33,18.558],[84.334,18.558],[84.333,18.569],[84.334,18.574],[84.34,18.575],[84.348,18.583],[84.351,18.575],[84.348,18.565],[84.354,18.562],[84.359,18.565],[84.363,18.576],[84.379,18.601],[84.387,18.61],[84.404,18.625],[84.412,18.636],[84.425,18.642],[84.437,18.65],[84.443,18.659],[84.437,18.664],[84.424,18.661],[84.412,18.665],[84.416,18.668],[84.429,18.67],[84.432,18.677],[84.446,18.674],[84.454,18.688],[84.466,18.7],[84.478,18.715],[84.482,18.721],[84.493,18.734],[84.517,18.756],[84.531,18.768],[84.544,18.776],[84.554,18.783],[84.555,18.786],[84.557,18.802],[84.561,18.807],[84.566,18.823],[84.569,18.829],[84.571,18.836],[84.58,18.843],[84.583,18.857],[84.581,18.867],[84.571,18.869],[84.559,18.87],[84.558,18.875],[84.569,18.876],[84.592,18.871],[84.598,18.875],[84.613,18.893],[84.616,18.898],[84.633,18.916],[84.652,18.932],[84.669,18.946],[84.673,18.952],[84.686,18.963],[84.692,18.969],[84.706,18.991],[84.711,19.002],[84.718,19.01],[84.732,19.022],[84.736,19.028],[84.743,19.035],[84.746,19.045],[84.741,19.05],[84.734,19.039],[84.733,19.031],[84.725,19.03],[84.723,19.038],[84.728,19.051],[84.733,19.055],[84.743,19.059],[84.75,19.054],[84.755,19.055],[84.76,19.067],[84.769,19.08],[84.776,19.088],[84.782,19.099],[84.794,19.122],[84.8,19.138],[84.809,19.153],[84.816,19.161],[84.825,19.174],[84.839,19.191],[84.873,19.227],[84.886,19.239],[84.891,19.244],[84.915,19.266],[84.932,19.278],[84.938,19.284],[84.967,19.304],[84.997,19.321],[85.02,19.337],[85.034,19.345],[85.039,19.349],[85.048,19.354],[85.059,19.362],[85.063,19.363],[85.076,19.371],[85.085,19.374],[85.092,19.38],[85.095,19.388],[85.096,19.395],[85.1,19.403],[85.127,19.427],[85.177,19.463],[85.186,19.472],[85.214,19.494],[85.247,19.516],[85.255,19.522],[85.303,19.553],[85.351,19.584],[85.378,19.596],[85.396,19.607],[85.426,19.622],[85.445,19.632],[85.468,19.641],[85.486,19.651],[85.503,19.657],[85.521,19.665],[85.528,19.667],[85.537,19.671],[85.563,19.682],[85.57,19.688],[85.577,19.691],[85.577,19.795],[85.535,19.878],[85.511,19.969],[85.486,20.093],[85.486,20.195],[85.473,20.289],[85.442,20.386],[85.415,20.444],[85.352,20.504],[85.3,20.554],[85.269,20.617],[85.198,20.698],[85.156,20.724],[85.074,20.8],[85.017,20.85],[84.938,20.882],[84.875,20.913],[84.797,20.968],[84.718,21.008],[84.644,21.073],[84.6,21.12],[84.503,21.157],[84.424,21.207],[84.351,21.244],[84.275,21.257],[84.193,21.257],[84.141,21.293],[84.068,21.362],[83.952,21.432],[83.845,21.516],[83.729,21.6],[83.64,21.655],[83.562,21.695],[83.486,21.731],[83.417,21.828],[83.302,21.936],[83.213,22.02],[83.132,22.111],[83.027,22.211],[82.94,22.274],[82.804,22.387],[82.704,22.489],[82.612,22.539],[82.536,22.628],[82.418,22.715],[82.295,22.806],[82.151,22.885],[82.007,22.958],[81.81,23.063],[81.632,23.126],[81.456,23.158],[81.33,23.163],[81.207,23.163],[81.102,23.155],[80.974,23.139],[80.829,23.105],[80.696,23.076],[80.578,23.034],[80.491,23.011],[80.413,22.971],[80.266,22.911],[80.184,22.872],[80.087,22.833],[80.003,22.77],[79.92,22.728],[79.865,22.675],[79.747,22.623],[79.602,22.549],[79.469,22.489],[79.343,22.416],[79.243,22.361],[79.149,22.277],[79.031,22.161],[78.963,22.114],[78.884,22.062],[78.813,22.009],[78.724,21.907],[78.58,21.776],[78.409,21.66],[78.281,21.542],[78.239,21.485],[78.171,21.406],[78.095,21.33],[78.024,21.27],[77.864,21.173],[77.738,21.091],[77.693,21.07],[77.615,21.044],[77.505,21.021],[77.413,21],[77.235,20.968],[77.148,20.942],[77.03,20.942],[76.928,20.945],[76.789,20.945],[76.715,20.953],[76.626,20.966],[76.511,21.008],[76.409,21.015],[76.299,21.023],[76.133,21.018],[76.039,21.018],[75.897,21.018],[75.785,21.018],[75.693,20.997],[75.58,20.997],[75.436,20.992],[75.355,20.992],[75.297,20.973],[75.218,20.913],[75.155,20.845],[75.113,20.79],[75.069,20.751],[75.029,20.722],[74.99,20.68],[74.961,20.614],[74.938,20.578],[74.901,20.517],[74.87,20.336],[74.87,20.284],[74.872,20.137],[74.87,20.066],[74.87,20.035],[74.875,19.995],[74.904,19.917],[74.93,19.817],[74.951,19.767],[74.953,19.725],[74.972,19.691],[75.022,19.605],[75.056,19.56],[75.119,19.505],[75.182,19.44],[75.229,19.395],[75.273,19.348],[75.315,19.29],[75.381,19.206],[75.467,19.128],[75.522,19.093],[75.58,19.052],[75.651,19.002],[75.73,18.955],[75.832,18.902],[75.905,18.852],[76.049,18.75],[76.112,18.713],[76.16,18.684],[76.243,18.642],[76.285,18.611],[76.32,18.58],[76.38,18.535],[76.453,18.407],[76.506,18.312],[76.506,18.21],[76.5,18.142],[76.49,18.058],[76.474,17.992],[76.451,17.948],[76.419,17.9],[76.364,17.809],[76.301,17.722],[76.213,17.623],[76.096,17.525],[76.078,17.478],[76.027,17.427],[75.957,17.385],[75.835,17.268],[75.789,17.203],[75.691,17.091],[75.621,17.035],[75.537,16.951],[75.444,16.872],[75.36,16.756],[75.281,16.69],[75.164,16.588],[74.959,16.359],[74.838,16.215],[74.777,16.154],[74.726,16.084],[74.647,16.005],[74.568,15.94],[74.474,15.865],[74.432,15.777],[74.404,15.688],[74.395,15.614],[74.381,15.558],[74.376,15.488],[74.386,15.381],[74.4,15.231],[74.432,15.133],[74.465,15.026],[74.493,14.966],[74.53,14.91],[74.6,14.83],[74.651,14.775],[74.707,14.686],[74.749,14.607],[74.796,14.448],[74.833,14.355],[74.843,14.304],[74.866,14.238],[74.875,14.187],[74.912,14.141],[74.973,14.052],[74.992,14.01],[75.043,13.926],[75.057,13.842],[75.09,13.758],[75.122,13.651],[75.146,13.563],[75.174,13.469],[75.202,13.344],[75.257,13.208],[75.299,13.064],[75.318,12.98],[75.341,12.896],[75.425,12.738],[75.467,12.602],[75.518,12.509],[75.546,12.462],[75.616,12.397],[75.668,12.318],[75.77,12.192],[75.807,12.146],[75.84,12.094],[75.971,11.973],[76.115,11.871],[76.157,11.824],[76.246,11.768],[76.325,11.721],[76.381,11.684],[76.446,11.656],[76.577,11.591],[76.67,11.53],[76.772,11.484],[76.903,11.442],[76.996,11.404],[77.103,11.353],[77.215,11.26],[77.253,11.223],[77.29,11.171],[77.313,11.129],[77.36,11.013],[77.374,10.943],[77.392,10.873],[77.406,10.747],[77.378,10.645],[77.369,10.551],[77.346,10.467],[77.304,10.328],[77.285,10.267],[77.285,10.202],[77.28,10.095],[77.267,10.015],[77.215,9.941],[77.197,9.866],[77.169,9.792],[77.169,9.698],[77.169,9.503],[77.211,9.405],[77.229,9.288],[77.229,9.158],[77.234,9.078],[77.248,8.971],[77.253,8.92],[77.267,8.855],[77.28,8.794],[77.313,8.696],[77.355,8.631],[77.392,8.566],[77.444,8.496],[77.5,8.416],[77.551,8.346],[77.588,8.3],[77.607,8.253],[77.677,8.188],[77.691,8.16]]],[[[79.327,9.297],[79.334,9.303],[79.333,9.313],[79.325,9.321],[79.317,9.325],[79.298,9.32],[79.29,9.316],[79.28,9.302],[79.271,9.293],[79.26,9.291],[79.247,9.294],[79.233,9.294],[79.224,9.293],[79.211,9.289],[79.206,9.285],[79.206,9.278],[79.215,9.274],[79.22,9.258],[79.228,9.257],[79.235,9.261],[79.262,9.261],[79.273,9.258],[79.309,9.243],[79.317,9.238],[79.331,9.231],[79.348,9.218],[79.362,9.208],[79.373,9.202],[79.388,9.19],[79.401,9.183],[79.417,9.176],[79.424,9.167],[79.426,9.173],[79.417,9.184],[79.388,9.207],[79.377,9.214],[79.355,9.231],[79.335,9.252],[79.322,9.27],[79.317,9.275],[79.317,9.282],[79.322,9.284],[79.327,9.297]]],[[[78.939,9.187],[78.917,9.186],[78.908,9.183],[78.905,9.177],[78.919,9.176],[78.921,9.177],[78.936,9.18],[78.939,9.187]]],[[[79.087,9.193],[79.088,9.198],[79.071,9.206],[79.063,9.204],[79.062,9.199],[79.081,9.192],[79.087,9.193]]],[[[78.577,9.099],[78.583,9.103],[78.582,9.112],[78.573,9.109],[78.567,9.102],[78.572,9.098],[78.577,9.099]]],[[[79.467,9.125],[79.469,9.131],[79.466,9.134],[79.457,9.131],[79.457,9.126],[79.467,9.125]]],[[[79.133,9.21],[79.135,9.215],[79.127,9.219],[79.122,9.213],[79.127,9.211],[79.133,9.21]]],[[[78.968,9.181],[78.973,9.183],[78.973,9.188],[78.969,9.191],[78.963,9.188],[78.963,9.183],[78.968,9.181]]],[[[78.497,9.085],[78.495,9.093],[78.488,9.092],[78.489,9.087],[78.497,9.085]]],[[[78.829,9.171],[78.82,9.169],[78.818,9.162],[78.822,9.161],[78.828,9.166],[78.829,9.171]]],[[[79.437,9.147],[79.44,9.15],[79.438,9.155],[79.429,9.153],[79.429,9.15],[79.437,9.147]]],[[[79.477,9.114],[79.481,9.119],[79.48,9.124],[79.472,9.12],[79.477,9.114]]],[[[78.217,8.831],[78.218,8.835],[78.213,8.839],[78.209,8.832],[78.217,8.831]]],[[[78.255,8.945],[78.26,8.949],[78.253,8.952],[78.251,8.947],[78.255,8.945]]],[[[78.192,8.727],[78.194,8.73],[78.193,8.736],[78.187,8.734],[78.187,8.73],[78.192,8.727]]],[[[78.233,8.861],[78.232,8.869],[78.227,8.867],[78.228,8.86],[78.233,8.861]]],[[[78.71,9.174],[78.712,9.177],[78.706,9.182],[78.704,9.176],[78.71,9.174]]],[[[78.539,9.101],[78.54,9.106],[78.537,9.111],[78.533,9.105],[78.534,9.101],[78.539,9.101]]],[[[78.762,9.156],[78.762,9.161],[78.756,9.161],[78.755,9.156],[78.762,9.156]]],[[[78.705,9.156],[78.706,9.163],[78.699,9.159],[78.705,9.156]]],[[[79.487,9.11],[79.491,9.113],[79.49,9.118],[79.483,9.114],[79.487,9.11]]]]},"properties":{"zone":"II"}},
{"type":"Feature","geometry":{"type":"MultiPolygon","coordinates":[[[[72.862,18.794],[72.86,18.782],[72.86,18.774],[72.865,18.764],[72.866,18.757],[72.861,18.738],[72.859,18.715],[72.853,18.705],[72.853,18.693],[72.86,18.685],[72.862,18.678],[72.862,18.669],[72.862,18.655],[72.862,18.639],[72.868,18.62],[72.89,18.602],[72.908,18.579],[72.912,18.571],[72.921,18.548],[72.925,18.544],[72.931,18.541],[72.933,18.534],[72.924,18.53],[72.916,18.531],[72.907,18.536],[72.904,18.529],[72.908,18.52],[72.91,18.501],[72.903,18.497],[72.901,18.489],[72.9,18.467],[72.892,18.459],[72.895,18.45],[72.901,18.442],[72.905,18.432],[72.908,18.405],[72.912,18.392],[72.926,18.384],[72.927,18.375],[72.922,18.369],[72.912,18.367],[72.913,18.359],[72.921,18.354],[72.943,18.341],[72.954,18.332],[72.962,18.316],[72.955,18.297],[72.947,18.285],[72.937,18.284],[72.933,18.281],[72.932,18.275],[72.934,18.263],[72.94,18.248],[72.942,18.236],[72.94,18.232],[72.932,18.22],[72.932,18.214],[72.938,18.211],[72.946,18.218],[72.952,18.218],[72.976,18.199],[72.982,18.183],[72.986,18.158],[72.985,18.142],[72.979,18.133],[72.973,18.133],[72.971,18.129],[72.973,18.12],[72.976,18.118],[72.982,18.105],[72.991,18.097],[73.002,18.074],[72.998,18.063],[72.992,18.059],[72.992,18.05],[72.997,18.048],[73.005,18.051],[73.012,18.046],[73.012,18.032],[73.018,18.03],[73.028,18.042],[73.036,18.048],[73.042,18.049],[73.047,18.044],[73.044,18.04],[73.036,18.038],[73.03,18.034],[73.026,18.022],[73.02,18.022],[73.016,18.025],[73.007,18.022],[73.008,18.014],[73.016,18.002],[73.02,17.991],[73.028,17.987],[73.028,17.964],[73.034,17.936],[73.045,17.93],[73.048,17.923],[73.055,17.918],[73.057,17.91],[73.055,17.906],[73.056,17.893],[73.063,17.888],[73.069,17.888],[73.075,17.896],[73.08,17.894],[73.076,17.886],[73.076,17.878],[73.083,17.855],[73.092,17.839],[73.102,17.845],[73.116,17.836],[73.116,17.831],[73.106,17.833],[73.098,17.837],[73.093,17.834],[73.096,17.823],[73.098,17.808],[73.109,17.79],[73.138,17.719],[73.139,17.709],[73.133,17.702],[73.121,17.697],[73.117,17.693],[73.118,17.682],[73.124,17.667],[73.131,17.658],[73.138,17.645],[73.131,17.643],[73.14,17.619],[73.145,17.604],[73.153,17.596],[73.16,17.591],[73.156,17.578],[73.152,17.572],[73.143,17.566],[73.141,17.557],[73.145,17.549],[73.159,17.533],[73.177,17.519],[73.184,17.508],[73.187,17.488],[73.195,17.464],[73.194,17.456],[73.187,17.453],[73.189,17.446],[73.204,17.439],[73.202,17.436],[73.193,17.436],[73.19,17.432],[73.191,17.424],[73.188,17.411],[73.177,17.406],[73.168,17.406],[73.171,17.399],[73.178,17.389],[73.188,17.384],[73.197,17.39],[73.206,17.387],[73.212,17.38],[73.212,17.372],[73.219,17.371],[73.217,17.361],[73.225,17.357],[73.225,17.353],[73.22,17.351],[73.222,17.345],[73.231,17.335],[73.224,17.331],[73.225,17.324],[73.231,17.322],[73.243,17.32],[73.246,17.317],[73.243,17.311],[73.232,17.298],[73.221,17.303],[73.206,17.302],[73.197,17.306],[73.19,17.303],[73.19,17.299],[73.202,17.293],[73.204,17.28],[73.211,17.272],[73.216,17.279],[73.22,17.275],[73.227,17.259],[73.228,17.249],[73.238,17.229],[73.249,17.22],[73.249,17.21],[73.36,17.112],[73.506,17.031],[73.652,16.973],[73.827,16.936],[73.973,16.944],[74.083,16.995],[74.17,17.097],[74.178,17.228],[74.178,17.36],[74.149,17.601],[74.068,17.732],[73.995,17.856],[73.842,18.068],[73.71,18.214],[73.513,18.331],[73.382,18.433],[73.316,18.499],[73.214,18.579],[73.097,18.66],[72.995,18.755],[72.893,18.798],[72.862,18.794]]],[[[70.621,25.715],[70.639,25.715],[70.647,25.712],[70.658,25.706],[70.668,25.689],[70.673,25.669],[70.672,25.628],[70.669,25.597],[70.669,25.544],[70.668,25.532],[70.679,25.527],[70.677,25.52],[70.676,25.498],[70.671,25.456],[70.671,25.425],[70.667,25.409],[70.665,25.403],[70.665,25.398],[70.678,25.386],[70.697,25.368],[70.714,25.353],[70.735,25.329],[70.745,25.304],[70.75,25.283],[70.758,25.273],[70.787,25.247],[70.801,25.231],[70.847,25.189],[70.852,25.183],[70.866,25.17],[70.886,25.151],[70.896,25.102],[70.903,25.065],[70.905,25.052],[70.917,25.002],[70.936,24.941],[70.947,24.921],[70.969,24.896],[70.976,24.884],[70.995,24.859],[71.003,24.842],[71.014,24.828],[71.026,24.805],[71.041,24.767],[71.053,24.745],[71.063,24.718],[71.091,24.689],[71.098,24.687],[71.076,24.667],[71.051,24.653],[71.036,24.645],[71.011,24.637],[71.007,24.629],[71,24.622],[70.991,24.605],[70.989,24.591],[70.993,24.573],[70.988,24.548],[71.005,24.529],[71.004,24.508],[71.002,24.498],[70.997,24.473],[70.997,24.453],[71,24.446],[71.028,24.436],[71.031,24.437],[71.084,24.439],[71.109,24.437],[71.114,24.433],[71.124,24.419],[71.122,24.407],[71.115,24.399],[71.11,24.396],[71.126,24.39],[71.164,24.353],[71.213,24.266],[71.294,24.148],[71.319,24.061],[71.363,23.986],[71.369,23.893],[71.375,23.787],[71.338,23.669],[71.251,23.613],[71.145,23.52],[71.039,23.383],[71.002,23.327],[70.977,23.228],[70.884,23.141],[70.772,23.048],[70.667,22.973],[70.542,22.899],[70.443,22.861],[70.339,22.831],[70.331,22.818],[70.327,22.814],[70.325,22.807],[70.318,22.805],[70.318,22.799],[70.309,22.796],[70.313,22.787],[70.306,22.782],[70.307,22.776],[70.302,22.772],[70.301,22.758],[70.293,22.749],[70.272,22.733],[70.267,22.737],[70.263,22.736],[70.255,22.726],[70.254,22.72],[70.255,22.707],[70.249,22.705],[70.249,22.712],[70.242,22.708],[70.238,22.702],[70.239,22.696],[70.252,22.695],[70.248,22.69],[70.249,22.684],[70.239,22.678],[70.245,22.67],[70.241,22.669],[70.241,22.663],[70.235,22.66],[70.236,22.656],[70.231,22.647],[70.225,22.643],[70.22,22.635],[70.22,22.63],[70.214,22.628],[70.212,22.623],[70.199,22.617],[70.198,22.613],[70.202,22.608],[70.194,22.603],[70.193,22.587],[70.184,22.58],[70.179,22.571],[70.175,22.568],[70.175,22.563],[70.163,22.552],[70.147,22.553],[70.138,22.548],[70.115,22.547],[70.084,22.547],[70.073,22.55],[70.065,22.547],[70.06,22.551],[70.048,22.554],[70.043,22.557],[70.04,22.563],[70.033,22.557],[70.028,22.55],[70.025,22.551],[70.02,22.547],[70.01,22.548],[69.999,22.547],[69.975,22.543],[69.963,22.537],[69.954,22.53],[69.946,22.528],[69.947,22.521],[69.943,22.512],[69.935,22.513],[69.923,22.503],[69.919,22.494],[69.913,22.488],[69.911,22.472],[69.908,22.462],[69.902,22.468],[69.894,22.465],[69.889,22.459],[69.883,22.458],[69.878,22.449],[69.87,22.447],[69.86,22.447],[69.851,22.453],[69.841,22.456],[69.828,22.452],[69.825,22.458],[69.821,22.451],[69.827,22.448],[69.829,22.443],[69.823,22.435],[69.824,22.431],[69.816,22.416],[69.812,22.414],[69.807,22.405],[69.793,22.403],[69.779,22.413],[69.773,22.423],[69.762,22.433],[69.755,22.432],[69.756,22.427],[69.746,22.429],[69.746,22.434],[69.74,22.44],[69.741,22.457],[69.736,22.469],[69.73,22.474],[69.723,22.468],[69.725,22.465],[69.71,22.457],[69.703,22.447],[69.7,22.455],[69.694,22.453],[69.688,22.447],[69.688,22.444],[69.697,22.443],[69.702,22.434],[69.692,22.421],[69.698,22.409],[69.699,22.396],[69.693,22.395],[69.671,22.395],[69.664,22.394],[69.66,22.388],[69.659,22.379],[69.655,22.37],[69.657,22.365],[69.655,22.359],[69.636,22.358],[69.63,22.363],[69.617,22.367],[69.618,22.35],[69.614,22.338],[69.609,22.349],[69.605,22.351],[69.6,22.349],[69.595,22.352],[69.588,22.363],[69.583,22.362],[69.581,22.367],[69.576,22.368],[69.57,22.364],[69.566,22.357],[69.56,22.363],[69.56,22.367],[69.551,22.372],[69.557,22.375],[69.556,22.389],[69.552,22.394],[69.553,22.4],[69.551,22.404],[69.539,22.41],[69.533,22.419],[69.523,22.427],[69.509,22.426],[69.51,22.418],[69.515,22.417],[69.518,22.411],[69.516,22.405],[69.516,22.395],[69.523,22.389],[69.52,22.379],[69.509,22.37],[69.501,22.367],[69.49,22.356],[69.488,22.348],[69.489,22.338],[69.48,22.334],[69.47,22.333],[69.467,22.33],[69.458,22.333],[69.455,22.336],[69.443,22.331],[69.436,22.322],[69.43,22.321],[69.419,22.316],[69.403,22.316],[69.397,22.321],[69.383,22.322],[69.367,22.317],[69.367,22.322],[69.355,22.325],[69.353,22.327],[69.34,22.33],[69.33,22.328],[69.332,22.322],[69.338,22.318],[69.338,22.312],[69.334,22.304],[69.326,22.302],[69.325,22.295],[69.318,22.291],[69.308,22.287],[69.298,22.288],[69.295,22.28],[69.289,22.275],[69.28,22.271],[69.257,22.269],[69.247,22.264],[69.242,22.265],[69.239,22.259],[69.223,22.258],[69.203,22.267],[69.171,22.293],[69.16,22.307],[69.158,22.313],[69.168,22.327],[69.17,22.337],[69.168,22.345],[69.177,22.354],[69.173,22.358],[69.177,22.368],[69.183,22.373],[69.179,22.376],[69.184,22.382],[69.2,22.391],[69.198,22.398],[69.2,22.401],[69.193,22.409],[69.191,22.422],[69.183,22.421],[69.173,22.422],[69.172,22.417],[69.165,22.413],[69.162,22.415],[69.156,22.412],[69.154,22.408],[69.148,22.403],[69.137,22.404],[69.124,22.4],[69.119,22.405],[69.114,22.405],[69.11,22.41],[69.099,22.408],[69.1,22.401],[69.094,22.396],[69.083,22.392],[69.069,22.396],[69.062,22.402],[69.062,22.407],[69.055,22.41],[69.044,22.431],[69.045,22.437],[69.052,22.44],[69.067,22.452],[69.075,22.454],[69.077,22.465],[69.085,22.474],[69.08,22.479],[69.072,22.478],[69.067,22.475],[69.06,22.468],[69.04,22.457],[69.032,22.455],[69.028,22.451],[69.018,22.447],[69.006,22.438],[68.993,22.42],[68.985,22.414],[68.969,22.39],[68.967,22.381],[68.957,22.367],[68.959,22.352],[68.956,22.346],[68.955,22.335],[68.952,22.332],[68.943,22.333],[68.936,22.312],[68.937,22.303],[68.944,22.283],[68.951,22.273],[68.957,22.261],[68.953,22.248],[68.958,22.237],[68.961,22.238],[68.969,22.232],[68.971,22.226],[68.985,22.208],[69.008,22.182],[69.022,22.169],[69.03,22.158],[69.038,22.15],[69.043,22.143],[69.058,22.126],[69.063,22.123],[69.072,22.113],[69.087,22.101],[69.103,22.081],[69.117,22.064],[69.133,22.048],[69.156,22.023],[69.17,22.008],[69.193,21.984],[69.199,21.98],[69.209,21.967],[69.225,21.951],[69.236,21.938],[69.25,21.928],[69.251,21.926],[69.27,21.907],[69.281,21.898],[69.423,21.941],[69.56,21.979],[69.672,21.991],[69.815,22.016],[69.939,22.047],[70.113,22.097],[70.275,22.14],[70.437,22.227],[70.617,22.308],[70.735,22.358],[70.909,22.488],[71.052,22.569],[71.158,22.637],[71.319,22.718],[71.437,22.799],[71.524,22.855],[71.636,22.942],[71.773,23.029],[71.878,23.122],[71.953,23.184],[72.015,23.253],[72.077,23.309],[72.146,23.402],[72.233,23.52],[72.307,23.657],[72.351,23.825],[72.388,23.98],[72.401,24.148],[72.394,24.285],[72.388,24.421],[72.32,24.552],[72.245,24.713],[72.183,24.819],[72.102,24.912],[72.021,24.987],[71.866,25.099],[71.773,25.167],[71.499,25.304],[71.412,25.378],[71.207,25.478],[71.064,25.552],[70.928,25.627],[70.797,25.702],[70.648,25.733],[70.621,25.715]]],[[[70.009,22.593],[70.004,22.593],[69.994,22.588],[69.993,22.585],[69.967,22.578],[69.962,22.575],[69.957,22.561],[69.957,22.551],[69.964,22.545],[69.975,22.548],[69.986,22.547],[69.993,22.548],[69.999,22.553],[70.008,22.554],[70.027,22.568],[70.028,22.575],[70.025,22.586],[70.009,22.593]]],[[[69.628,22.459],[69.621,22.458],[69.614,22.453],[69.593,22.445],[69.588,22.437],[69.592,22.428],[69.608,22.418],[69.633,22.407],[69.637,22.407],[69.648,22.422],[69.657,22.425],[69.654,22.431],[69.646,22.433],[69.648,22.437],[69.643,22.451],[69.635,22.454],[69.628,22.459]]],[[[69.919,22.553],[69.907,22.552],[69.9,22.545],[69.899,22.525],[69.894,22.523],[69.886,22.524],[69.867,22.531],[69.862,22.527],[69.87,22.522],[69.885,22.52],[69.895,22.512],[69.903,22.514],[69.916,22.512],[69.931,22.518],[69.942,22.518],[69.943,22.528],[69.937,22.532],[69.932,22.54],[69.932,22.545],[69.926,22.548],[69.919,22.553]]],[[[69.137,22.478],[69.126,22.476],[69.11,22.467],[69.098,22.462],[69.093,22.462],[69.092,22.456],[69.095,22.442],[69.086,22.43],[69.083,22.423],[69.096,22.432],[69.104,22.433],[69.108,22.438],[69.107,22.445],[69.109,22.452],[69.108,22.461],[69.112,22.464],[69.123,22.468],[69.127,22.465],[69.133,22.467],[69.146,22.462],[69.15,22.469],[69.148,22.474],[69.137,22.478]]],[[[69.324,22.528],[69.318,22.526],[69.316,22.52],[69.335,22.507],[69.34,22.507],[69.35,22.504],[69.363,22.514],[69.356,22.523],[69.348,22.527],[69.343,22.525],[69.324,22.528]]],[[[69.302,22.474],[69.299,22.471],[69.293,22.46],[69.304,22.453],[69.32,22.451],[69.327,22.457],[69.328,22.463],[69.325,22.47],[69.319,22.472],[69.303,22.472],[69.302,22.474]]],[[[69.952,22.551],[69.943,22.551],[69.938,22.546],[69.938,22.54],[69.945,22.536],[69.954,22.537],[69.958,22.545],[69.952,22.551]]],[[[69.335,22.389],[69.33,22.383],[69.323,22.38],[69.331,22.375],[69.34,22.38],[69.34,22.386],[69.335,22.389]]],[[[69.948,22.606],[69.949,22.599],[69.957,22.595],[69.964,22.599],[69.958,22.604],[69.948,22.606]]],[[[69.453,22.358],[69.441,22.357],[69.45,22.351],[69.458,22.352],[69.453,22.358]]],[[[69.483,22.399],[69.48,22.388],[69.486,22.388],[69.489,22.393],[69.483,22.399]]],[[[88.199,24.953],[88.205,24.956],[88.221,24.958],[88.239,24.952],[88.246,24.945],[88.252,24.936],[88.256,24.924],[88.264,24.914],[88.267,24.901],[88.266,24.888],[88.266,24.878],[88.274,24.879],[88.276,24.891],[88.281,24.893],[88.288,24.888],[88.299,24.886],[88.306,24.879],[88.312,24.878],[88.325,24.881],[88.328,24.872],[88.336,24.872],[88.347,24.886],[88.348,24.896],[88.346,24.901],[88.335,24.906],[88.332,24.916],[88.341,24.924],[88.347,24.94],[88.354,24.945],[88.364,24.948],[88.371,24.952],[88.374,24.948],[88.384,24.944],[88.394,24.942],[88.398,24.944],[88.403,24.957],[88.401,24.965],[88.403,24.971],[88.412,24.975],[88.412,24.98],[88.416,24.984],[88.417,24.99],[88.414,24.996],[88.426,25.003],[88.429,25.012],[88.438,25.008],[88.443,25.011],[88.444,25.016],[88.449,25.023],[88.452,25.035],[88.449,25.041],[88.439,25.048],[88.439,25.053],[88.452,25.07],[88.454,25.08],[88.45,25.086],[88.452,25.099],[88.446,25.11],[88.446,25.117],[88.448,25.123],[88.46,25.132],[88.462,25.145],[88.457,25.159],[88.45,25.171],[88.448,25.183],[88.443,25.201],[88.443,25.208],[88.452,25.208],[88.456,25.199],[88.467,25.196],[88.476,25.202],[88.48,25.211],[88.487,25.214],[88.495,25.209],[88.502,25.207],[88.512,25.199],[88.523,25.202],[88.53,25.197],[88.539,25.197],[88.536,25.192],[88.541,25.187],[88.554,25.193],[88.562,25.19],[88.564,25.188],[88.564,25.176],[88.568,25.175],[88.589,25.181],[88.593,25.193],[88.609,25.202],[88.625,25.206],[88.636,25.204],[88.649,25.206],[88.669,25.203],[88.675,25.207],[88.687,25.21],[88.718,25.203],[88.727,25.201],[88.735,25.196],[88.737,25.19],[88.748,25.187],[88.757,25.178],[88.761,25.184],[88.777,25.188],[88.78,25.178],[88.798,25.174],[88.809,25.174],[88.815,25.177],[88.821,25.183],[88.824,25.19],[88.833,25.194],[88.835,25.208],[88.84,25.21],[88.848,25.21],[88.853,25.202],[88.864,25.2],[88.865,25.191],[88.867,25.188],[88.874,25.191],[88.878,25.18],[88.882,25.176],[88.889,25.176],[88.895,25.183],[88.903,25.181],[88.909,25.177],[88.916,25.167],[88.92,25.166],[88.927,25.174],[88.934,25.178],[88.942,25.176],[88.949,25.181],[88.948,25.191],[88.939,25.198],[88.94,25.204],[88.957,25.206],[88.964,25.211],[88.961,25.22],[88.956,25.246],[88.958,25.25],[88.964,25.255],[88.974,25.257],[88.978,25.264],[88.988,25.27],[88.999,25.272],[89.009,25.265],[89.012,25.267],[89.008,25.286],[89.008,25.297],[89.005,25.3],[88.989,25.302],[88.984,25.306],[88.962,25.304],[88.937,25.307],[88.929,25.315],[88.917,25.315],[88.912,25.322],[88.908,25.333],[88.902,25.338],[88.893,25.334],[88.889,25.327],[88.883,25.329],[88.88,25.335],[88.873,25.339],[88.869,25.352],[88.859,25.354],[88.857,25.359],[88.85,25.362],[88.847,25.366],[88.842,25.378],[88.841,25.388],[88.846,25.388],[88.845,25.394],[88.84,25.398],[88.824,25.403],[88.819,25.407],[88.823,25.412],[88.831,25.413],[88.833,25.426],[88.837,25.428],[88.835,25.436],[88.83,25.438],[88.83,25.443],[88.836,25.448],[88.838,25.465],[88.836,25.481],[88.827,25.486],[88.82,25.487],[88.815,25.491],[88.813,25.499],[88.806,25.517],[88.802,25.522],[88.797,25.521],[88.785,25.514],[88.769,25.522],[88.763,25.521],[88.761,25.517],[88.768,25.503],[88.768,25.497],[88.758,25.493],[88.749,25.489],[88.743,25.49],[88.744,25.497],[88.742,25.501],[88.735,25.498],[88.726,25.499],[88.722,25.497],[88.71,25.496],[88.712,25.488],[88.707,25.483],[88.707,25.477],[88.701,25.473],[88.689,25.476],[88.669,25.475],[88.663,25.477],[88.66,25.481],[88.647,25.483],[88.645,25.491],[88.641,25.498],[88.635,25.497],[88.624,25.499],[88.613,25.507],[88.607,25.515],[88.602,25.513],[88.594,25.507],[88.575,25.509],[88.553,25.516],[88.55,25.511],[88.543,25.51],[88.542,25.525],[88.54,25.532],[88.535,25.538],[88.524,25.537],[88.52,25.545],[88.506,25.55],[88.498,25.559],[88.497,25.57],[88.498,25.58],[88.494,25.584],[88.487,25.585],[88.479,25.584],[88.471,25.586],[88.468,25.591],[88.461,25.594],[88.457,25.598],[88.45,25.602],[88.456,25.611],[88.455,25.62],[88.458,25.625],[88.46,25.64],[88.458,25.653],[88.459,25.658],[88.456,25.663],[88.449,25.663],[88.435,25.668],[88.421,25.663],[88.412,25.668],[88.408,25.68],[88.403,25.684],[88.398,25.683],[88.39,25.688],[88.39,25.696],[88.375,25.7],[88.378,25.707],[88.376,25.714],[88.363,25.719],[88.362,25.723],[88.354,25.725],[88.346,25.73],[88.337,25.738],[88.333,25.74],[88.326,25.735],[88.321,25.736],[88.317,25.751],[88.313,25.754],[88.301,25.759],[88.294,25.764],[88.294,25.769],[88.289,25.773],[88.282,25.773],[88.272,25.779],[88.278,25.789],[88.277,25.799],[88.275,25.806],[88.271,25.808],[88.262,25.809],[88.252,25.806],[88.246,25.806],[88.237,25.803],[88.231,25.796],[88.221,25.797],[88.212,25.794],[88.212,25.786],[88.208,25.786],[88.198,25.791],[88.194,25.795],[88.185,25.795],[88.173,25.784],[88.168,25.785],[88.158,25.783],[88.155,25.776],[88.15,25.773],[88.145,25.774],[88.144,25.791],[88.132,25.796],[88.116,25.796],[88.113,25.802],[88.116,25.809],[88.108,25.812],[88.109,25.819],[88.105,25.825],[88.108,25.833],[88.106,25.845],[88.113,25.847],[88.119,25.855],[88.115,25.863],[88.111,25.866],[88.1,25.869],[88.099,25.872],[88.103,25.884],[88.102,25.888],[88.094,25.894],[88.097,25.902],[88.095,25.915],[88.099,25.926],[88.103,25.929],[88.116,25.933],[88.117,25.938],[88.126,25.943],[88.125,25.951],[88.127,25.958],[88.125,25.968],[88.136,25.977],[88.137,25.985],[88.142,25.991],[88.149,25.997],[88.145,26.014],[88.155,26.015],[88.165,26.02],[88.179,26.022],[88.182,26.028],[88.174,26.034],[88.174,26.052],[88.186,26.063],[88.184,26.071],[88.177,26.076],[88.163,26.079],[88.164,26.093],[88.162,26.097],[88.163,26.105],[88.168,26.108],[88.176,26.118],[88.177,26.133],[88.183,26.147],[88.203,26.163],[88.211,26.162],[88.218,26.173],[88.238,26.18],[88.24,26.185],[88.253,26.193],[88.261,26.194],[88.274,26.192],[88.283,26.195],[88.29,26.201],[88.299,26.204],[88.305,26.202],[88.311,26.207],[88.326,26.205],[88.33,26.205],[88.335,26.212],[88.34,26.216],[88.354,26.222],[88.359,26.235],[88.359,26.242],[88.354,26.249],[88.351,26.258],[88.351,26.264],[88.354,26.276],[88.359,26.286],[88.364,26.293],[88.375,26.301],[88.379,26.306],[88.394,26.31],[88.398,26.318],[88.409,26.319],[88.421,26.317],[88.423,26.323],[88.417,26.326],[88.418,26.333],[88.429,26.333],[88.442,26.338],[88.452,26.36],[88.463,26.373],[88.467,26.37],[88.469,26.36],[88.478,26.355],[88.485,26.355],[88.487,26.352],[88.494,26.35],[88.495,26.357],[88.513,26.361],[88.512,26.347],[88.527,26.356],[88.523,26.363],[88.53,26.369],[88.533,26.373],[88.516,26.373],[88.523,26.383],[88.519,26.389],[88.512,26.393],[88.51,26.404],[88.5,26.407],[88.503,26.416],[88.495,26.425],[88.495,26.44],[88.494,26.444],[88.484,26.447],[88.487,26.46],[88.48,26.464],[88.464,26.466],[88.448,26.462],[88.441,26.465],[88.436,26.473],[88.429,26.47],[88.425,26.465],[88.418,26.466],[88.414,26.476],[88.409,26.482],[88.404,26.481],[88.398,26.476],[88.389,26.477],[88.378,26.485],[88.368,26.485],[88.364,26.48],[88.368,26.465],[88.364,26.459],[88.364,26.451],[88.357,26.449],[88.355,26.462],[88.346,26.468],[88.34,26.478],[88.34,26.487],[88.346,26.499],[88.359,26.51],[88.362,26.525],[88.368,26.537],[88.367,26.546],[88.373,26.563],[88.377,26.569],[88.377,26.578],[88.381,26.582],[88.384,26.594],[88.386,26.597],[88.405,26.602],[88.394,26.608],[88.395,26.616],[88.4,26.619],[88.402,26.624],[88.412,26.629],[88.421,26.627],[88.424,26.622],[88.427,26.594],[88.428,26.587],[88.429,26.567],[88.436,26.549],[88.442,26.545],[88.448,26.544],[88.454,26.538],[88.459,26.537],[88.463,26.54],[88.464,26.546],[88.47,26.549],[88.474,26.543],[88.484,26.542],[88.489,26.537],[88.495,26.527],[88.496,26.518],[88.504,26.512],[88.514,26.514],[88.518,26.511],[88.526,26.5],[88.533,26.486],[88.539,26.483],[88.553,26.483],[88.561,26.474],[88.566,26.464],[88.573,26.458],[88.581,26.457],[88.591,26.453],[88.601,26.454],[88.603,26.458],[88.6,26.464],[88.602,26.469],[88.617,26.474],[88.626,26.47],[88.633,26.455],[88.633,26.435],[88.652,26.426],[88.656,26.416],[88.667,26.417],[88.672,26.412],[88.681,26.409],[88.687,26.409],[88.692,26.401],[88.685,26.399],[88.684,26.394],[88.695,26.389],[88.702,26.39],[88.705,26.385],[88.703,26.381],[88.694,26.376],[88.696,26.365],[88.702,26.36],[88.7,26.353],[88.703,26.349],[88.706,26.337],[88.712,26.334],[88.72,26.341],[88.733,26.344],[88.738,26.351],[88.744,26.355],[88.749,26.348],[88.748,26.341],[88.742,26.33],[88.752,26.329],[88.749,26.324],[88.737,26.32],[88.726,26.312],[88.72,26.317],[88.711,26.313],[88.7,26.314],[88.696,26.316],[88.696,26.328],[88.69,26.327],[88.68,26.32],[88.681,26.315],[88.687,26.31],[88.689,26.303],[88.694,26.297],[88.706,26.29],[88.682,26.296],[88.673,26.292],[88.67,26.285],[88.676,26.265],[88.688,26.262],[88.697,26.268],[88.695,26.274],[88.7,26.279],[88.721,26.281],[88.727,26.286],[88.728,26.29],[88.735,26.292],[88.744,26.29],[88.751,26.298],[88.754,26.308],[88.76,26.311],[88.768,26.303],[88.78,26.299],[88.792,26.306],[88.801,26.309],[88.815,26.303],[88.823,26.296],[88.824,26.292],[88.821,26.281],[88.823,26.263],[88.821,26.26],[88.826,26.252],[88.84,26.25],[88.836,26.242],[88.842,26.236],[88.852,26.233],[88.867,26.236],[88.885,26.237],[88.878,26.242],[88.867,26.256],[88.868,26.269],[88.87,26.276],[88.879,26.286],[88.897,26.286],[88.907,26.288],[88.917,26.288],[88.925,26.286],[88.934,26.278],[88.956,26.251],[88.972,26.241],[88.988,26.243],[88.995,26.246],[89.003,26.247],[89.014,26.244],[89.02,26.244],[89.029,26.247],[89.037,26.247],[89.046,26.242],[89.052,26.243],[89.056,26.256],[89.064,26.255],[89.065,26.263],[89.063,26.273],[89.059,26.279],[89.063,26.283],[89.063,26.289],[89.057,26.296],[89.051,26.293],[89.053,26.283],[89.044,26.282],[89.04,26.286],[89.03,26.287],[89.027,26.291],[89.028,26.304],[89.026,26.309],[89.018,26.292],[89.015,26.293],[89.011,26.301],[89.004,26.295],[88.99,26.306],[88.99,26.318],[89,26.315],[89.003,26.33],[88.992,26.336],[88.991,26.346],[88.982,26.352],[88.978,26.347],[88.971,26.351],[88.968,26.348],[88.965,26.334],[88.959,26.333],[88.961,26.346],[88.954,26.347],[88.956,26.355],[88.953,26.361],[88.943,26.361],[88.93,26.365],[88.927,26.362],[88.921,26.363],[88.919,26.37],[88.916,26.383],[88.919,26.39],[88.917,26.406],[88.93,26.409],[88.932,26.413],[88.932,26.432],[88.95,26.432],[88.954,26.44],[88.953,26.447],[88.964,26.451],[88.968,26.459],[88.979,26.452],[88.984,26.449],[88.988,26.444],[88.985,26.43],[88.986,26.42],[88.981,26.412],[88.981,26.407],[88.996,26.408],[88.997,26.415],[89,26.418],[89.009,26.42],[89.009,26.413],[89.013,26.411],[89.023,26.412],[89.024,26.408],[89.036,26.406],[89.037,26.396],[89.047,26.398],[89.055,26.396],[89.066,26.396],[89.073,26.394],[89.08,26.398],[89.091,26.4],[89.098,26.394],[89.092,26.38],[89.094,26.362],[89.099,26.356],[89.102,26.341],[89.1,26.332],[89.091,26.326],[89.1,26.323],[89.106,26.327],[89.109,26.323],[89.117,26.324],[89.12,26.32],[89.137,26.317],[89.131,26.299],[89.126,26.293],[89.121,26.293],[89.117,26.303],[89.112,26.308],[89.106,26.306],[89.109,26.3],[89.106,26.289],[89.116,26.279],[89.12,26.271],[89.126,26.264],[89.127,26.254],[89.13,26.249],[89.14,26.242],[89.144,26.228],[89.148,26.222],[89.151,26.214],[89.151,26.207],[89.141,26.193],[89.141,26.185],[89.147,26.176],[89.154,26.17],[89.154,26.155],[89.161,26.14],[89.176,26.131],[89.19,26.13],[89.216,26.126],[89.224,26.126],[89.243,26.11],[89.25,26.102],[89.26,26.095],[89.268,26.093],[89.269,26.088],[89.264,26.084],[89.259,26.075],[89.263,26.066],[89.27,26.062],[89.281,26.065],[89.284,26.062],[89.282,26.053],[89.286,26.05],[89.301,26.05],[89.313,26.042],[89.325,26.039],[89.337,26.023],[89.345,26.017],[89.358,26.011],[89.372,26.01],[89.382,26.011],[89.393,26.009],[89.395,26.01],[89.396,26.023],[89.403,26.028],[89.405,26.036],[89.414,26.041],[89.406,26.111],[89.406,26.288],[89.406,26.433],[89.406,26.531],[89.415,26.605],[89.434,26.694],[89.448,26.768],[89.47,26.805],[89.465,26.806],[89.457,26.814],[89.459,26.83],[89.454,26.835],[89.444,26.836],[89.433,26.836],[89.427,26.839],[89.415,26.841],[89.409,26.84],[89.395,26.842],[89.394,26.854],[89.39,26.862],[89.383,26.866],[89.378,26.867],[89.366,26.863],[89.352,26.853],[89.344,26.849],[89.334,26.84],[89.33,26.849],[89.326,26.853],[89.318,26.85],[89.313,26.844],[89.296,26.834],[89.288,26.832],[89.275,26.824],[89.271,26.82],[89.258,26.816],[89.242,26.821],[89.219,26.818],[89.206,26.813],[89.196,26.808],[89.191,26.809],[89.185,26.819],[89.179,26.822],[89.167,26.818],[89.155,26.812],[89.14,26.808],[89.135,26.809],[89.131,26.819],[89.127,26.822],[89.119,26.822],[89.115,26.833],[89.108,26.836],[89.106,26.849],[89.11,26.86],[89.105,26.867],[89.097,26.87],[89.094,26.875],[89.101,26.883],[89.101,26.887],[89.092,26.897],[89.067,26.904],[89.056,26.902],[89.053,26.905],[89.055,26.914],[89.053,26.92],[89.038,26.93],[89.034,26.938],[89.027,26.939],[89.022,26.934],[89,26.924],[88.991,26.921],[88.978,26.92],[88.969,26.924],[88.948,26.938],[88.948,26.946],[88.957,26.95],[88.962,26.954],[88.96,26.968],[88.953,26.977],[88.937,26.984],[88.926,26.996],[88.918,26.994],[88.916,26.99],[88.908,26.981],[88.9,26.977],[88.896,26.961],[88.881,26.951],[88.879,26.957],[88.878,26.977],[88.877,27.011],[88.881,27.029],[88.885,27.038],[88.878,27.078],[88.879,27.092],[88.877,27.109],[88.865,27.107],[88.856,27.111],[88.85,27.117],[88.843,27.115],[88.833,27.117],[88.817,27.126],[88.807,27.137],[88.792,27.135],[88.773,27.138],[88.758,27.143],[88.761,27.152],[88.768,27.158],[88.765,27.172],[88.773,27.178],[88.786,27.18],[88.792,27.182],[88.796,27.19],[88.797,27.202],[88.802,27.208],[88.808,27.22],[88.807,27.237],[88.808,27.247],[88.826,27.255],[88.831,27.26],[88.842,27.263],[88.85,27.261],[88.871,27.262],[88.879,27.259],[88.89,27.269],[88.903,27.275],[88.906,27.275],[88.914,27.283],[88.917,27.293],[88.916,27.306],[88.919,27.309],[88.921,27.318],[88.929,27.326],[88.919,27.331],[88.915,27.33],[88.908,27.334],[88.903,27.333],[88.897,27.336],[88.892,27.347],[88.89,27.357],[88.886,27.364],[88.874,27.368],[88.872,27.38],[88.864,27.387],[88.854,27.381],[88.845,27.379],[88.838,27.389],[88.833,27.39],[88.825,27.4],[88.817,27.405],[88.813,27.414],[88.81,27.427],[88.804,27.431],[88.801,27.436],[88.802,27.447],[88.795,27.45],[88.791,27.455],[88.789,27.468],[88.79,27.482],[88.793,27.492],[88.791,27.496],[88.796,27.528],[88.787,27.532],[88.783,27.537],[88.775,27.565],[88.776,27.568],[88.79,27.573],[88.793,27.576],[88.795,27.585],[88.802,27.594],[88.813,27.603],[88.816,27.619],[88.814,27.632],[88.817,27.642],[88.83,27.643],[88.84,27.65],[88.844,27.657],[88.851,27.663],[88.854,27.669],[88.854,27.675],[88.852,27.689],[88.853,27.7],[88.849,27.703],[88.847,27.711],[88.858,27.717],[88.862,27.73],[88.87,27.739],[88.869,27.749],[88.862,27.759],[88.86,27.768],[88.86,27.778],[88.865,27.799],[88.865,27.811],[88.863,27.818],[88.881,27.827],[88.889,27.839],[88.89,27.855],[88.893,27.859],[88.892,27.865],[88.889,27.87],[88.888,27.88],[88.889,27.889],[88.888,27.895],[88.878,27.902],[88.867,27.925],[88.844,27.932],[88.844,27.947],[88.852,27.956],[88.848,27.965],[88.849,27.991],[88.843,28],[88.841,28.011],[88.837,28.015],[88.816,28.025],[88.808,28.03],[88.804,28.036],[88.795,28.043],[88.791,28.051],[88.759,28.073],[88.749,28.076],[88.723,28.075],[88.712,28.078],[88.704,28.077],[88.694,28.079],[88.685,28.077],[88.681,28.073],[88.675,28.074],[88.669,28.079],[88.663,28.09],[88.654,28.099],[88.646,28.104],[88.641,28.12],[88.63,28.131],[88.616,28.127],[88.621,28.11],[88.625,28.103],[88.605,28.097],[88.596,28.091],[88.583,28.085],[88.575,28.089],[88.567,28.087],[88.563,28.085],[88.561,28.077],[88.561,28.065],[88.551,28.05],[88.549,28.04],[88.542,28.036],[88.531,28.038],[88.525,28.044],[88.511,28.047],[88.51,28.049],[88.498,28.048],[88.49,28.045],[88.48,28.036],[88.473,28.023],[88.47,28.019],[88.459,28.015],[88.435,28.008],[88.421,27.997],[88.41,27.983],[88.397,27.977],[88.39,27.979],[88.372,27.988],[88.359,27.989],[88.346,27.988],[88.338,27.982],[88.325,27.979],[88.313,27.97],[88.302,27.968],[88.289,27.967],[88.281,27.958],[88.267,27.956],[88.252,27.948],[88.247,27.949],[88.244,27.954],[88.241,27.965],[88.238,27.967],[88.227,27.964],[88.218,27.967],[88.212,27.966],[88.208,27.96],[88.203,27.946],[88.197,27.943],[88.182,27.944],[88.162,27.957],[88.148,27.963],[88.142,27.961],[88.139,27.955],[88.133,27.95],[88.137,27.945],[88.137,27.938],[88.125,27.925],[88.122,27.917],[88.122,27.912],[88.127,27.902],[88.135,27.895],[88.139,27.881],[88.134,27.873],[88.142,27.87],[88.152,27.871],[88.179,27.866],[88.192,27.856],[88.202,27.85],[88.203,27.842],[88.198,27.834],[88.177,27.821],[88.177,27.816],[88.186,27.813],[88.19,27.803],[88.197,27.797],[88.199,27.788],[88.196,27.782],[88.19,27.774],[88.184,27.762],[88.181,27.749],[88.168,27.742],[88.16,27.736],[88.158,27.73],[88.157,27.718],[88.152,27.704],[88.155,27.685],[88.151,27.669],[88.141,27.657],[88.132,27.653],[88.126,27.647],[88.122,27.638],[88.116,27.614],[88.108,27.604],[88.094,27.597],[88.086,27.59],[88.08,27.579],[88.083,27.57],[88.083,27.562],[88.08,27.558],[88.067,27.549],[88.063,27.537],[88.07,27.534],[88.068,27.527],[88.063,27.522],[88.06,27.511],[88.052,27.502],[88.047,27.493],[88.048,27.481],[88.051,27.472],[88.06,27.462],[88.064,27.455],[88.069,27.451],[88.071,27.443],[88.07,27.433],[88.071,27.426],[88.054,27.414],[88.049,27.407],[88.044,27.383],[88.045,27.367],[88.05,27.361],[88.061,27.353],[88.065,27.338],[88.062,27.329],[88.055,27.322],[88.049,27.312],[88.044,27.301],[88.042,27.29],[88.035,27.28],[88.032,27.269],[88.033,27.248],[88.03,27.24],[88.023,27.232],[88.017,27.221],[88.017,27.216],[88.018,27.195],[88.015,27.179],[88.018,27.173],[88.015,27.162],[88.003,27.136],[87.994,27.127],[87.991,27.117],[87.993,27.108],[88.011,27.1],[88.016,27.093],[88.025,27.085],[88.024,27.067],[88.028,27.055],[88.038,27.05],[88.046,27.038],[88.057,27.033],[88.069,27.031],[88.08,27.036],[88.086,27.034],[88.089,27.015],[88.093,27.007],[88.103,27],[88.105,26.995],[88.116,26.988],[88.132,26.988],[88.135,26.981],[88.123,26.951],[88.125,26.944],[88.139,26.937],[88.144,26.928],[88.143,26.899],[88.144,26.889],[88.15,26.885],[88.161,26.878],[88.172,26.868],[88.177,26.86],[88.176,26.852],[88.17,26.844],[88.169,26.838],[88.176,26.829],[88.178,26.815],[88.182,26.811],[88.185,26.797],[88.184,26.784],[88.188,26.768],[88.189,26.729],[88.187,26.718],[88.181,26.706],[88.175,26.698],[88.167,26.681],[88.167,26.666],[88.165,26.65],[88.16,26.636],[88.154,26.63],[88.144,26.626],[88.14,26.621],[88.14,26.611],[88.133,26.604],[88.132,26.597],[88.135,26.591],[88.135,26.584],[88.132,26.574],[88.125,26.575],[88.115,26.569],[88.114,26.559],[88.107,26.555],[88.11,26.548],[88.112,26.539],[88.105,26.533],[88.109,26.525],[88.106,26.516],[88.1,26.509],[88.101,26.502],[88.107,26.49],[88.108,26.482],[88.104,26.475],[88.109,26.465],[88.097,26.454],[88.103,26.446],[88.098,26.434],[88.087,26.422],[88.061,26.399],[88.049,26.39],[88.039,26.385],[88.033,26.377],[88.033,26.364],[88.031,26.355],[88.02,26.353],[88.01,26.355],[87.999,26.363],[87.992,26.373],[87.994,26.381],[87.993,26.393],[87.991,26.393],[87.967,26.398],[87.935,26.418],[87.928,26.42],[87.926,26.429],[87.92,26.432],[87.927,26.444],[87.924,26.447],[87.901,26.449],[87.911,26.458],[87.902,26.477],[87.891,26.486],[87.887,26.476],[87.865,26.468],[87.86,26.463],[87.861,26.455],[87.865,26.452],[87.861,26.447],[87.853,26.446],[87.85,26.436],[87.829,26.44],[87.831,26.45],[87.816,26.46],[87.796,26.468],[87.792,26.463],[87.784,26.46],[87.783,26.455],[87.777,26.451],[87.78,26.434],[87.776,26.422],[87.767,26.416],[87.767,26.409],[87.754,26.408],[87.75,26.418],[87.74,26.419],[87.736,26.408],[87.724,26.412],[87.715,26.427],[87.7,26.429],[87.694,26.436],[87.683,26.436],[87.683,26.395],[87.669,26.307],[87.627,26.232],[87.599,26.185],[87.529,26.125],[87.427,26.045],[87.282,25.948],[87.212,25.906],[87.096,25.854],[86.956,25.836],[86.802,25.836],[86.723,25.836],[86.583,25.84],[86.467,25.85],[86.234,25.864],[86.061,25.929],[85.954,25.98],[85.851,26.027],[85.744,26.111],[85.632,26.227],[85.544,26.353],[85.488,26.456],[85.441,26.535],[85.376,26.637],[85.348,26.703],[85.337,26.741],[85.322,26.748],[85.308,26.752],[85.296,26.752],[85.275,26.753],[85.258,26.756],[85.249,26.761],[85.236,26.763],[85.217,26.758],[85.209,26.76],[85.197,26.775],[85.194,26.78],[85.196,26.789],[85.191,26.792],[85.185,26.798],[85.184,26.803],[85.18,26.809],[85.179,26.815],[85.192,26.83],[85.194,26.839],[85.194,26.853],[85.196,26.862],[85.196,26.869],[85.178,26.87],[85.165,26.868],[85.158,26.87],[85.141,26.87],[85.134,26.868],[85.122,26.871],[85.105,26.871],[85.097,26.867],[85.087,26.865],[85.093,26.859],[85.087,26.854],[85.071,26.853],[85.067,26.85],[85.046,26.851],[85.034,26.853],[85.027,26.856],[85.03,26.87],[85.033,26.874],[85.047,26.88],[85.053,26.879],[85.06,26.882],[85.054,26.889],[85.011,26.894],[85.002,26.899],[85.007,26.906],[85.002,26.916],[84.987,26.919],[84.971,26.92],[84.972,26.93],[84.98,26.937],[84.979,26.945],[84.966,26.96],[84.962,26.963],[84.932,26.972],[84.901,26.973],[84.894,26.979],[84.873,26.988],[84.858,26.992],[84.855,26.996],[84.858,27.008],[84.838,27.016],[84.829,27.021],[84.819,27.018],[84.816,27.012],[84.805,27.001],[84.797,26.997],[84.793,26.998],[84.792,27.008],[84.778,27.018],[84.769,27.013],[84.763,27],[84.751,27.008],[84.734,27.015],[84.726,27.015],[84.722,27.02],[84.713,27.022],[84.702,27.029],[84.679,27.034],[84.668,27.04],[84.646,27.047],[84.651,27.06],[84.648,27.066],[84.65,27.073],[84.659,27.082],[84.666,27.086],[84.671,27.091],[84.678,27.105],[84.675,27.11],[84.678,27.116],[84.678,27.123],[84.682,27.127],[84.681,27.132],[84.686,27.142],[84.688,27.155],[84.686,27.161],[84.681,27.162],[84.678,27.171],[84.686,27.181],[84.686,27.203],[84.69,27.213],[84.691,27.223],[84.687,27.235],[84.676,27.256],[84.666,27.273],[84.66,27.281],[84.659,27.286],[84.643,27.314],[84.626,27.337],[84.619,27.34],[84.607,27.338],[84.587,27.343],[84.578,27.347],[84.566,27.349],[84.553,27.349],[84.546,27.351],[84.527,27.352],[84.502,27.357],[84.497,27.357],[84.487,27.36],[84.48,27.359],[84.472,27.355],[84.46,27.363],[84.451,27.364],[84.442,27.369],[84.424,27.371],[84.409,27.369],[84.393,27.369],[84.383,27.375],[84.369,27.373],[84.341,27.375],[84.32,27.383],[84.31,27.39],[84.304,27.391],[84.294,27.385],[84.285,27.393],[84.277,27.397],[84.279,27.404],[84.277,27.419],[84.272,27.429],[84.26,27.435],[84.259,27.444],[84.255,27.45],[84.241,27.452],[84.227,27.448],[84.225,27.44],[84.218,27.44],[84.213,27.449],[84.211,27.46],[84.211,27.467],[84.201,27.47],[84.19,27.47],[84.176,27.475],[84.169,27.482],[84.163,27.482],[84.155,27.487],[84.149,27.494],[84.15,27.501],[84.157,27.512],[84.154,27.519],[84.142,27.517],[84.134,27.512],[84.124,27.512],[84.117,27.521],[84.106,27.519],[84.102,27.514],[84.102,27.498],[84.098,27.493],[84.088,27.486],[84.076,27.486],[84.07,27.481],[84.07,27.474],[84.065,27.464],[84.063,27.454],[84.054,27.45],[84.053,27.443],[84.044,27.445],[84.038,27.443],[84.03,27.436],[84.026,27.435],[84.012,27.44],[84.001,27.445],[83.99,27.443],[83.984,27.438],[83.979,27.441],[83.967,27.445],[83.962,27.441],[83.95,27.441],[83.947,27.444],[83.936,27.449],[83.915,27.44],[83.892,27.439],[83.881,27.435],[83.869,27.437],[83.856,27.445],[83.851,27.446],[83.845,27.442],[83.835,27.428],[83.837,27.422],[83.857,27.406],[83.865,27.393],[83.879,27.386],[83.886,27.376],[83.886,27.371],[83.881,27.362],[83.875,27.357],[83.867,27.345],[83.859,27.35],[83.854,27.355],[83.84,27.366],[83.823,27.375],[83.797,27.386],[83.782,27.391],[83.768,27.398],[83.752,27.403],[83.745,27.407],[83.706,27.425],[83.692,27.434],[83.651,27.453],[83.614,27.469],[83.609,27.47],[83.585,27.471],[83.571,27.47],[83.543,27.471],[83.524,27.471],[83.479,27.474],[83.458,27.475],[83.451,27.475],[83.429,27.478],[83.402,27.478],[83.394,27.475],[83.396,27.465],[83.406,27.46],[83.407,27.454],[83.401,27.446],[83.395,27.441],[83.392,27.435],[83.392,27.426],[83.405,27.415],[83.407,27.409],[83.406,27.399],[83.395,27.389],[83.392,27.384],[83.391,27.373],[83.387,27.37],[83.374,27.365],[83.374,27.355],[83.368,27.351],[83.364,27.344],[83.358,27.34],[83.341,27.334],[83.319,27.332],[83.312,27.329],[83.297,27.335],[83.279,27.347],[83.273,27.353],[83.27,27.361],[83.273,27.374],[83.272,27.381],[83.262,27.388],[83.247,27.402],[83.224,27.411],[83.216,27.417],[83.209,27.427],[83.205,27.436],[83.192,27.449],[83.184,27.453],[83.162,27.455],[83.112,27.449],[83.098,27.45],[83.053,27.448],[83.023,27.453],[83.002,27.459],[82.975,27.464],[82.953,27.471],[82.947,27.474],[82.942,27.489],[82.938,27.495],[82.926,27.5],[82.907,27.5],[82.883,27.496],[82.857,27.498],[82.841,27.501],[82.832,27.5],[82.818,27.495],[82.8,27.497],[82.782,27.5],[82.757,27.501],[82.746,27.5],[82.74,27.502],[82.737,27.51],[82.74,27.517],[82.749,27.521],[82.745,27.529],[82.745,27.537],[82.741,27.545],[82.746,27.553],[82.747,27.565],[82.755,27.583],[82.753,27.589],[82.741,27.604],[82.738,27.612],[82.74,27.627],[82.744,27.632],[82.739,27.636],[82.739,27.641],[82.733,27.641],[82.733,27.652],[82.716,27.662],[82.72,27.678],[82.72,27.688],[82.712,27.7],[82.709,27.711],[82.712,27.719],[82.708,27.724],[82.704,27.718],[82.699,27.72],[82.691,27.716],[82.685,27.718],[82.671,27.716],[82.661,27.72],[82.66,27.715],[82.645,27.71],[82.633,27.711],[82.624,27.703],[82.614,27.704],[82.604,27.702],[82.599,27.696],[82.586,27.697],[82.577,27.694],[82.566,27.689],[82.543,27.685],[82.528,27.689],[82.517,27.689],[82.504,27.686],[82.496,27.685],[82.493,27.681],[82.488,27.683],[82.477,27.676],[82.459,27.676],[82.443,27.684],[82.43,27.688],[82.421,27.695],[82.388,27.714],[82.385,27.716],[82.38,27.731],[82.371,27.739],[82.349,27.753],[82.3,27.775],[82.284,27.785],[82.277,27.795],[82.258,27.81],[82.24,27.818],[82.23,27.824],[82.223,27.834],[82.207,27.846],[82.194,27.848],[82.184,27.853],[82.16,27.865],[82.154,27.864],[82.152,27.858],[82.126,27.866],[82.121,27.874],[82.114,27.88],[82.104,27.884],[82.098,27.889],[82.093,27.897],[82.086,27.905],[82.075,27.924],[82.067,27.921],[82.053,27.922],[81.995,27.927],[81.971,27.929],[81.966,27.919],[81.958,27.908],[81.944,27.895],[81.94,27.884],[81.927,27.877],[81.929,27.86],[81.921,27.855],[81.91,27.854],[81.891,27.858],[81.882,27.865],[81.87,27.871],[81.859,27.88],[81.842,27.89],[81.835,27.897],[81.822,27.902],[81.814,27.9],[81.807,27.903],[81.781,27.92],[81.772,27.93],[81.763,27.936],[81.755,27.944],[81.742,27.953],[81.727,27.967],[81.708,27.981],[81.7,27.989],[81.672,27.99],[81.658,27.993],[81.633,28.003],[81.609,28.018],[81.581,28.028],[81.575,28.032],[81.564,28.041],[81.544,28.05],[81.536,28.054],[81.517,28.064],[81.478,28.084],[81.484,28.114],[81.474,28.123],[81.461,28.13],[81.456,28.137],[81.45,28.156],[81.439,28.165],[81.429,28.171],[81.417,28.174],[81.395,28.174],[81.381,28.173],[81.373,28.165],[81.38,28.156],[81.381,28.148],[81.377,28.144],[81.364,28.14],[81.354,28.14],[81.331,28.138],[81.325,28.134],[81.32,28.135],[81.318,28.142],[81.326,28.147],[81.329,28.154],[81.325,28.157],[81.319,28.155],[81.314,28.161],[81.307,28.164],[81.323,28.167],[81.327,28.171],[81.321,28.185],[81.323,28.192],[81.32,28.202],[81.31,28.211],[81.303,28.219],[81.293,28.223],[81.285,28.234],[81.269,28.249],[81.262,28.257],[81.254,28.265],[81.245,28.277],[81.24,28.281],[81.236,28.292],[81.237,28.31],[81.238,28.322],[81.236,28.33],[81.228,28.339],[81.221,28.35],[81.215,28.358],[81.201,28.362],[81.167,28.369],[81.139,28.372],[81.127,28.375],[81.11,28.376],[81.086,28.385],[81.054,28.407],[81.044,28.412],[81.04,28.411],[81.04,28.403],[81.037,28.4],[81.022,28.41],[81.022,28.413],[81.034,28.419],[81.04,28.425],[81.04,28.43],[81.03,28.437],[81.022,28.431],[81.017,28.433],[81.018,28.442],[81.016,28.447],[81.004,28.45],[80.999,28.448],[80.991,28.44],[80.982,28.441],[80.979,28.436],[80.972,28.435],[80.966,28.436],[80.968,28.443],[80.976,28.447],[80.977,28.452],[80.968,28.451],[80.958,28.446],[80.949,28.45],[80.939,28.451],[80.944,28.459],[80.942,28.466],[80.929,28.454],[80.921,28.455],[80.921,28.461],[80.91,28.457],[80.902,28.461],[80.9,28.469],[80.902,28.483],[80.91,28.487],[80.909,28.495],[80.897,28.499],[80.892,28.505],[80.879,28.507],[80.865,28.505],[80.868,28.497],[80.866,28.492],[80.842,28.498],[80.832,28.51],[80.824,28.516],[80.787,28.525],[80.788,28.541],[80.784,28.546],[80.772,28.551],[80.772,28.563],[80.767,28.568],[80.747,28.573],[80.742,28.572],[80.739,28.567],[80.731,28.568],[80.727,28.573],[80.714,28.571],[80.703,28.575],[80.695,28.586],[80.699,28.598],[80.698,28.603],[80.684,28.603],[80.682,28.616],[80.679,28.622],[80.671,28.627],[80.67,28.638],[80.66,28.638],[80.647,28.642],[80.638,28.637],[80.632,28.637],[80.616,28.642],[80.608,28.649],[80.597,28.645],[80.594,28.646],[80.596,28.656],[80.584,28.661],[80.591,28.679],[80.583,28.684],[80.566,28.689],[80.558,28.691],[80.546,28.69],[80.537,28.686],[80.524,28.678],[80.509,28.666],[80.509,28.642],[80.518,28.607],[80.521,28.58],[80.529,28.575],[80.533,28.569],[80.532,28.563],[80.523,28.558],[80.515,28.56],[80.512,28.564],[80.498,28.573],[80.496,28.579],[80.488,28.585],[80.48,28.585],[80.472,28.588],[80.474,28.601],[80.469,28.607],[80.466,28.62],[80.462,28.624],[80.447,28.629],[80.444,28.634],[80.433,28.639],[80.426,28.639],[80.394,28.631],[80.383,28.63],[80.372,28.633],[80.362,28.641],[80.362,28.652],[80.354,28.657],[80.34,28.662],[80.333,28.666],[80.326,28.678],[80.323,28.688],[80.323,28.697],[80.3,28.707],[80.282,28.709],[80.275,28.712],[80.273,28.718],[80.262,28.726],[80.268,28.735],[80.271,28.744],[80.262,28.753],[80.248,28.758],[80.224,28.756],[80.211,28.76],[80.199,28.766],[80.157,28.801],[80.151,28.807],[80.133,28.822],[80.119,28.826],[80.107,28.824],[80.082,28.824],[80.07,28.829],[80.065,28.84],[80.064,28.845],[80.064,28.889],[80.063,28.904],[80.067,28.919],[80.082,28.944],[80.089,28.962],[80.103,28.981],[80.121,28.985],[80.125,29.001],[80.13,29.005],[80.138,29.004],[80.141,29.01],[80.131,29.014],[80.134,29.03],[80.13,29.035],[80.144,29.059],[80.136,29.065],[80.136,29.072],[80.145,29.093],[80.152,29.105],[80.166,29.118],[80.179,29.125],[80.185,29.132],[80.19,29.133],[80.206,29.128],[80.21,29.123],[80.219,29.119],[80.23,29.12],[80.24,29.119],[80.25,29.132],[80.263,29.14],[80.272,29.143],[80.274,29.149],[80.263,29.165],[80.266,29.176],[80.263,29.19],[80.25,29.202],[80.253,29.217],[80.262,29.218],[80.265,29.211],[80.272,29.208],[80.282,29.208],[80.286,29.205],[80.292,29.196],[80.298,29.195],[80.303,29.203],[80.301,29.215],[80.298,29.221],[80.298,29.235],[80.304,29.241],[80.303,29.247],[80.305,29.264],[80.308,29.283],[80.311,29.291],[80.319,29.298],[80.32,29.305],[80.317,29.323],[80.311,29.325],[80.305,29.324],[80.297,29.327],[80.297,29.334],[80.295,29.34],[80.285,29.344],[80.284,29.357],[80.275,29.365],[80.276,29.369],[80.281,29.374],[80.278,29.394],[80.261,29.401],[80.249,29.408],[80.248,29.431],[80.246,29.437],[80.247,29.446],[80.256,29.446],[80.26,29.45],[80.269,29.45],[80.276,29.456],[80.282,29.457],[80.284,29.45],[80.288,29.448],[80.294,29.45],[80.3,29.448],[80.304,29.453],[80.302,29.46],[80.293,29.467],[80.293,29.471],[80.298,29.476],[80.303,29.486],[80.316,29.481],[80.315,29.487],[80.318,29.493],[80.325,29.498],[80.333,29.508],[80.193,29.53],[80.131,29.537],[79.95,29.586],[79.807,29.649],[79.696,29.692],[79.596,29.785],[79.503,29.86],[79.428,29.903],[79.329,29.972],[79.261,30.071],[79.242,30.133],[79.223,30.258],[79.229,30.388],[79.261,30.519],[79.292,30.587],[79.379,30.724],[79.391,30.755],[79.453,30.823],[79.497,30.873],[79.54,30.929],[79.569,30.953],[79.559,30.959],[79.546,30.969],[79.548,30.978],[79.553,30.986],[79.538,30.987],[79.535,30.99],[79.538,31.003],[79.532,31.011],[79.521,31.018],[79.518,31.022],[79.518,31.032],[79.512,31.036],[79.503,31.036],[79.495,31.033],[79.481,31.036],[79.473,31.034],[79.448,31.032],[79.437,31.03],[79.428,31.032],[79.424,31.051],[79.424,31.068],[79.422,31.072],[79.415,31.075],[79.408,31.074],[79.405,31.093],[79.402,31.104],[79.397,31.113],[79.392,31.115],[79.376,31.115],[79.369,31.116],[79.36,31.122],[79.353,31.124],[79.34,31.124],[79.339,31.13],[79.333,31.133],[79.327,31.134],[79.315,31.144],[79.311,31.152],[79.3,31.165],[79.298,31.176],[79.303,31.183],[79.304,31.19],[79.288,31.225],[79.278,31.24],[79.259,31.242],[79.249,31.249],[79.249,31.264],[79.253,31.271],[79.262,31.279],[79.265,31.284],[79.264,31.291],[79.242,31.309],[79.237,31.315],[79.237,31.332],[79.228,31.339],[79.214,31.347],[79.204,31.355],[79.193,31.367],[79.179,31.394],[79.164,31.406],[79.159,31.412],[79.152,31.425],[79.145,31.434],[79.138,31.436],[79.116,31.443],[79.105,31.45],[79.092,31.453],[79.082,31.459],[79.073,31.467],[79.064,31.465],[79.053,31.452],[79.05,31.44],[79.05,31.423],[79.037,31.409],[79.032,31.406],[79.023,31.396],[79.01,31.374],[79.009,31.362],[79.005,31.357],[78.996,31.352],[78.984,31.348],[78.977,31.347],[78.953,31.337],[78.946,31.333],[78.939,31.32],[78.941,31.309],[78.939,31.296],[78.931,31.282],[78.932,31.262],[78.928,31.256],[78.922,31.254],[78.901,31.261],[78.895,31.266],[78.887,31.284],[78.883,31.296],[78.874,31.308],[78.864,31.317],[78.853,31.324],[78.845,31.325],[78.847,31.334],[78.853,31.34],[78.856,31.349],[78.854,31.359],[78.85,31.367],[78.843,31.376],[78.837,31.378],[78.832,31.383],[78.824,31.387],[78.792,31.397],[78.792,31.402],[78.799,31.408],[78.808,31.413],[78.811,31.426],[78.813,31.44],[78.811,31.448],[78.796,31.457],[78.787,31.464],[78.777,31.47],[78.77,31.476],[78.767,31.484],[78.76,31.485],[78.739,31.481],[78.732,31.482],[78.731,31.503],[78.724,31.51],[78.723,31.516],[78.733,31.526],[78.737,31.536],[78.746,31.539],[78.766,31.544],[78.773,31.549],[78.784,31.561],[78.813,31.571],[78.839,31.596],[78.847,31.61],[78.847,31.615],[78.843,31.623],[78.833,31.632],[78.825,31.635],[78.811,31.644],[78.8,31.656],[78.797,31.668],[78.796,31.685],[78.781,31.681],[78.764,31.68],[78.75,31.687],[78.745,31.698],[78.742,31.713],[78.738,31.726],[78.73,31.732],[78.728,31.74],[78.733,31.749],[78.74,31.755],[78.741,31.759],[78.72,31.766],[78.713,31.774],[78.708,31.789],[78.707,31.802],[78.709,31.81],[78.718,31.821],[78.737,31.831],[78.74,31.842],[78.741,31.88],[78.748,31.894],[78.749,31.909],[78.762,31.921],[78.769,31.935],[78.778,31.959],[78.786,31.987],[78.788,31.995],[78.767,31.999],[78.754,32],[78.747,32.004],[78.742,32.013],[78.729,32.025],[78.713,32.036],[78.707,32.041],[78.703,32.053],[78.691,32.065],[78.678,32.074],[78.669,32.084],[78.665,32.103],[78.656,32.108],[78.645,32.111],[78.623,32.113],[78.613,32.119],[78.611,32.131],[78.605,32.143],[78.591,32.154],[78.594,32.161],[78.606,32.167],[78.611,32.178],[78.611,32.184],[78.608,32.193],[78.608,32.2],[78.612,32.207],[78.61,32.215],[78.591,32.227],[78.579,32.233],[78.56,32.245],[78.541,32.246],[78.523,32.244],[78.519,32.242],[78.5,32.239],[78.481,32.242],[78.456,32.242],[78.459,32.248],[78.476,32.265],[78.481,32.274],[78.484,32.288],[78.482,32.317],[78.478,32.333],[78.48,32.346],[78.485,32.354],[78.5,32.362],[78.509,32.369],[78.511,32.373],[78.513,32.387],[78.519,32.397],[78.534,32.409],[78.536,32.415],[78.529,32.42],[78.52,32.422],[78.501,32.421],[78.496,32.422],[78.486,32.438],[78.479,32.444],[78.456,32.453],[78.453,32.459],[78.455,32.467],[78.463,32.478],[78.466,32.486],[78.463,32.494],[78.449,32.507],[78.443,32.508],[78.427,32.508],[78.419,32.514],[78.417,32.523],[78.405,32.529],[78.427,32.531],[78.43,32.534],[78.431,32.549],[78.437,32.562],[78.444,32.57],[78.46,32.58],[78.472,32.584],[78.488,32.581],[78.496,32.581],[78.515,32.59],[78.536,32.609],[78.555,32.612],[78.559,32.614],[78.573,32.618],[78.588,32.616],[78.595,32.61],[78.609,32.606],[78.614,32.597],[78.619,32.596],[78.634,32.604],[78.639,32.61],[78.648,32.631],[78.662,32.654],[78.668,32.656],[78.68,32.658],[78.704,32.657],[78.723,32.661],[78.734,32.667],[78.742,32.674],[78.75,32.682],[78.754,32.689],[78.761,32.697],[78.769,32.697],[78.769,32.686],[78.766,32.673],[78.765,32.663],[78.763,32.655],[78.773,32.641],[78.774,32.635],[78.779,32.628],[78.793,32.618],[78.795,32.612],[78.797,32.598],[78.794,32.589],[78.79,32.583],[78.784,32.581],[78.776,32.573],[78.777,32.558],[78.782,32.547],[78.789,32.536],[78.793,32.519],[78.799,32.502],[78.805,32.49],[78.807,32.482],[78.82,32.462],[78.823,32.449],[78.827,32.439],[78.833,32.436],[78.84,32.437],[78.847,32.44],[78.859,32.441],[78.865,32.43],[78.875,32.417],[78.887,32.406],[78.903,32.393],[78.921,32.383],[78.944,32.373],[78.953,32.367],[78.96,32.367],[78.968,32.359],[78.971,32.352],[78.979,32.339],[78.985,32.338],[78.994,32.345],[79.009,32.37],[79.015,32.377],[79.033,32.385],[79.061,32.391],[79.071,32.391],[79.08,32.388],[79.103,32.386],[79.109,32.383],[79.115,32.384],[79.121,32.394],[79.123,32.41],[79.126,32.414],[79.143,32.42],[79.147,32.437],[79.147,32.443],[79.141,32.453],[79.134,32.459],[79.132,32.471],[79.137,32.477],[79.148,32.481],[79.183,32.481],[79.195,32.483],[79.212,32.492],[79.221,32.498],[79.238,32.506],[79.242,32.51],[79.246,32.525],[79.251,32.534],[79.265,32.531],[79.277,32.534],[79.295,32.55],[79.311,32.572],[79.318,32.59],[79.323,32.593],[79.34,32.592],[79.36,32.584],[79.367,32.583],[79.379,32.576],[79.395,32.572],[79.397,32.562],[79.396,32.556],[79.399,32.537],[79.407,32.53],[79.424,32.527],[79.44,32.529],[79.448,32.533],[79.456,32.542],[79.466,32.563],[79.47,32.576],[79.481,32.584],[79.49,32.588],[79.502,32.596],[79.516,32.608],[79.567,32.673],[79.578,32.679],[79.601,32.708],[79.618,32.724],[79.627,32.738],[79.615,32.764],[79.603,32.777],[79.598,32.777],[79.587,32.774],[79.582,32.781],[79.573,32.782],[79.568,32.787],[79.564,32.794],[79.553,32.805],[79.542,32.822],[79.531,32.836],[79.516,32.856],[79.506,32.867],[79.496,32.876],[79.493,32.877],[79.482,32.891],[79.464,32.92],[79.44,32.945],[79.426,32.956],[79.422,32.962],[79.409,32.97],[79.402,32.97],[79.391,32.967],[79.383,32.972],[79.386,32.982],[79.384,32.989],[79.368,32.991],[79.36,32.996],[79.355,33.003],[79.341,33.006],[79.333,33.01],[79.336,33.016],[79.347,33.02],[79.363,33.022],[79.382,33.028],[79.394,33.036],[79.396,33.044],[79.394,33.054],[79.382,33.075],[79.377,33.085],[79.381,33.098],[79.393,33.124],[79.405,33.144],[79.419,33.16],[79.427,33.173],[79.438,33.19],[79.447,33.206],[79.451,33.217],[79.453,33.242],[79.456,33.25],[79.455,33.259],[79.447,33.265],[79.426,33.268],[79.406,33.273],[79.379,33.28],[79.366,33.283],[79.358,33.282],[79.34,33.275],[79.328,33.273],[79.316,33.273],[79.297,33.281],[79.278,33.284],[79.25,33.296],[79.241,33.298],[79.209,33.292],[79.19,33.293],[79.177,33.295],[79.171,33.291],[79.144,33.293],[79.134,33.29],[79.119,33.292],[79.111,33.292],[79.097,33.295],[79.073,33.306],[79.062,33.31],[79.054,33.316],[79.043,33.32],[79.026,33.329],[79.018,33.335],[79.007,33.332],[78.993,33.331],[78.989,33.334],[78.983,33.346],[78.98,33.356],[78.973,33.36],[78.97,33.374],[78.954,33.381],[78.952,33.391],[78.95,33.408],[78.94,33.412],[78.933,33.433],[78.931,33.465],[78.931,33.474],[78.936,33.489],[78.942,33.5],[78.943,33.509],[78.941,33.527],[78.928,33.56],[78.915,33.576],[78.918,33.587],[78.916,33.603],[78.917,33.622],[78.914,33.628],[78.919,33.634],[78.928,33.631],[78.95,33.621],[78.971,33.616],[78.99,33.611],[79,33.612],[79.014,33.621],[79.03,33.626],[79.041,33.626],[79.048,33.628],[79.065,33.627],[79.074,33.622],[79.092,33.617],[79.099,33.614],[79.105,33.614],[79.105,33.622],[79.096,33.638],[79.09,33.657],[79.092,33.68],[79.091,33.687],[79.086,33.688],[79.072,33.679],[79.065,33.678],[79.054,33.678],[79.038,33.684],[79.029,33.692],[79.021,33.706],[79.026,33.723],[79.033,33.731],[79.042,33.737],[79.043,33.75],[79.06,33.753],[79.069,33.758],[79.068,33.763],[79.061,33.77],[79.06,33.78],[79.054,33.778],[79.051,33.768],[79.043,33.767],[79.037,33.782],[79.032,33.784],[79.029,33.777],[79.02,33.776],[79.014,33.783],[79.013,33.788],[79.019,33.799],[79.005,33.799],[78.995,33.815],[78.975,33.85],[78.968,33.86],[78.954,33.889],[78.955,33.894],[78.953,33.902],[78.944,33.909],[78.949,33.917],[78.946,33.924],[78.937,33.927],[78.934,33.933],[78.921,33.957],[78.908,33.967],[78.906,33.976],[78.92,33.989],[78.927,33.999],[78.933,34.012],[78.941,34.024],[78.964,34.033],[78.978,34.036],[78.987,34.041],[78.993,34.042],[79.015,34.05],[79.022,34.051],[79.028,34.048],[79.044,34.036],[79.062,34.029],[79.084,34.022],[79.095,34.02],[79.113,34.02],[79.131,34.024],[79.144,34.035],[79.147,34.046],[79.149,34.063],[79.152,34.068],[79.161,34.066],[79.167,34.068],[79.171,34.073],[79.179,34.072],[79.198,34.051],[79.207,34.05],[79.22,34.053],[79.248,34.051],[79.26,34.048],[79.274,34.039],[79.284,34.04],[79.297,34.043],[79.306,34.043],[79.353,34.037],[79.376,34.033],[79.399,34.027],[79.406,34.023],[79.412,34.016],[79.42,34.014],[79.434,34.023],[79.438,34.029],[79.436,34.035],[79.43,34.043],[79.42,34.048],[79.414,34.056],[79.414,34.063],[79.42,34.078],[79.429,34.09],[79.434,34.093],[79.45,34.097],[79.461,34.102],[79.473,34.112],[79.487,34.126],[79.495,34.136],[79.494,34.141],[79.489,34.149],[79.49,34.157],[79.495,34.18],[79.507,34.206],[79.511,34.21],[79.52,34.213],[79.526,34.212],[79.537,34.206],[79.546,34.209],[79.549,34.214],[79.565,34.218],[79.579,34.229],[79.584,34.238],[79.588,34.264],[79.592,34.282],[79.59,34.286],[79.576,34.304],[79.57,34.317],[79.563,34.324],[79.56,34.332],[79.562,34.358],[79.56,34.371],[79.554,34.388],[79.561,34.399],[79.562,34.405],[79.56,34.411],[79.543,34.41],[79.528,34.418],[79.527,34.446],[79.52,34.456],[79.509,34.468],[79.509,34.474],[79.543,34.479],[79.58,34.49],[79.593,34.501],[79.597,34.5],[79.603,34.494],[79.609,34.492],[79.629,34.49],[79.644,34.49],[79.652,34.488],[79.661,34.48],[79.673,34.484],[79.685,34.479],[79.696,34.478],[79.707,34.48],[79.733,34.478],[79.744,34.481],[79.767,34.48],[79.78,34.481],[79.794,34.485],[79.799,34.488],[79.806,34.497],[79.812,34.497],[79.815,34.508],[79.815,34.52],[79.81,34.531],[79.79,34.542],[79.782,34.544],[79.775,34.552],[79.762,34.552],[79.758,34.555],[79.759,34.566],[79.771,34.582],[79.788,34.587],[79.793,34.593],[79.784,34.606],[79.772,34.622],[79.78,34.631],[79.804,34.643],[79.817,34.643],[79.82,34.647],[79.825,34.661],[79.834,34.67],[79.844,34.676],[79.85,34.683],[79.861,34.689],[79.878,34.691],[79.9,34.691],[79.928,34.687],[79.933,34.682],[79.945,34.681],[79.965,34.687],[79.995,34.693],[79.998,34.695],[80.023,34.699],[80.044,34.704],[80.066,34.712],[80.069,34.715],[80.073,34.733],[80.073,34.746],[80.067,34.791],[80.073,34.828],[80.084,34.849],[80.107,34.868],[80.119,34.889],[80.124,34.893],[80.13,34.909],[80.137,34.919],[80.142,34.93],[80.151,34.948],[80.16,34.971],[80.171,34.989],[80.176,35.009],[80.178,35.019],[80.184,35.041],[80.186,35.063],[80.184,35.091],[80.178,35.137],[80.178,35.148],[80.184,35.167],[80.195,35.183],[80.215,35.204],[80.226,35.22],[80.229,35.228],[80.23,35.252],[80.236,35.277],[80.24,35.288],[80.248,35.301],[80.256,35.318],[80.267,35.334],[80.271,35.344],[80.275,35.363],[80.284,35.388],[80.284,35.409],[80.281,35.428],[80.281,35.441],[80.29,35.453],[80.298,35.461],[80.318,35.464],[80.326,35.467],[80.329,35.473],[80.32,35.505],[80.318,35.523],[80.311,35.554],[80.307,35.563],[80.306,35.573],[80.295,35.602],[80.276,35.622],[80.267,35.627],[80.253,35.632],[80.237,35.642],[80.215,35.649],[80.208,35.65],[80.19,35.657],[80.174,35.66],[80.142,35.669],[80.133,35.673],[80.115,35.677],[80.106,35.683],[80.1,35.698],[80.092,35.712],[80.088,35.725],[80.07,35.741],[80.058,35.75],[80.053,35.765],[80.038,35.8],[80.018,35.824],[80.01,35.831],[79.999,35.838],[79.988,35.84],[79.972,35.841],[79.954,35.837],[79.949,35.834],[79.93,35.827],[79.919,35.822],[79.905,35.813],[79.89,35.798],[79.877,35.785],[79.869,35.783],[79.838,35.789],[79.826,35.791],[79.815,35.794],[79.796,35.797],[79.777,35.798],[79.746,35.8],[79.727,35.805],[79.718,35.811],[79.716,35.817],[79.696,35.825],[79.687,35.827],[79.666,35.835],[79.644,35.839],[79.632,35.844],[79.585,35.857],[79.576,35.857],[79.56,35.862],[79.547,35.867],[79.518,35.884],[79.495,35.888],[79.449,35.891],[79.436,35.894],[79.426,35.895],[79.417,35.9],[79.406,35.913],[79.403,35.919],[79.4,35.934],[79.393,35.955],[79.392,35.971],[79.389,35.978],[79.387,35.99],[79.385,35.994],[79.378,35.995],[79.362,35.99],[79.345,35.989],[79.29,35.99],[79.242,35.987],[79.22,35.982],[79.215,35.979],[79.198,35.961],[79.19,35.947],[79.188,35.927],[79.193,35.911],[79.198,35.899],[79.194,35.887],[79.18,35.87],[79.169,35.862],[79.157,35.85],[79.139,35.839],[79.131,35.836],[79.118,35.837],[79.092,35.841],[79.082,35.844],[79.064,35.846],[79.028,35.847],[79.009,35.854],[78.99,35.867],[78.986,35.873],[78.975,35.88],[78.97,35.889],[78.964,35.893],[78.958,35.892],[78.949,35.883],[78.94,35.88],[78.914,35.876],[78.891,35.869],[78.874,35.866],[78.863,35.862],[78.824,35.856],[78.804,35.856],[78.784,35.861],[78.775,35.868],[78.769,35.87],[78.757,35.869],[78.751,35.867],[78.744,35.868],[78.719,35.868],[78.707,35.861],[78.691,35.856],[78.681,35.859],[78.665,35.857],[78.658,35.854],[78.648,35.842],[78.642,35.837],[78.635,35.828],[78.62,35.817],[78.611,35.814],[78.59,35.811],[78.581,35.808],[78.578,35.793],[78.57,35.789],[78.561,35.792],[78.551,35.784],[78.535,35.775],[78.521,35.764],[78.514,35.771],[78.506,35.773],[78.465,35.774],[78.457,35.776],[78.436,35.784],[78.423,35.785],[78.416,35.779],[78.413,35.766],[78.4,35.756],[78.398,35.746],[78.391,35.738],[78.379,35.733],[78.357,35.727],[78.339,35.721],[78.32,35.72],[78.303,35.721],[78.289,35.726],[78.273,35.722],[78.269,35.717],[78.267,35.711],[78.271,35.703],[78.269,35.697],[78.271,35.688],[78.268,35.678],[78.272,35.669],[78.269,35.663],[78.263,35.662],[78.257,35.655],[78.255,35.646],[78.236,35.649],[78.214,35.66],[78.207,35.667],[78.198,35.666],[78.2,35.654],[78.198,35.646],[78.191,35.637],[78.186,35.624],[78.179,35.622],[78.164,35.631],[78.162,35.626],[78.166,35.613],[78.159,35.594],[78.152,35.578],[78.152,35.571],[78.157,35.552],[78.147,35.55],[78.144,35.542],[78.137,35.539],[78.125,35.542],[78.111,35.552],[78.101,35.551],[78.093,35.556],[78.088,35.556],[78.084,35.551],[78.078,35.549],[78.068,35.563],[78.046,35.585],[78.042,35.587],[78.024,35.588],[78.004,35.583],[77.991,35.582],[77.985,35.584],[77.979,35.592],[77.965,35.604],[77.952,35.607],[77.966,35.588],[77.967,35.575],[77.961,35.56],[77.95,35.545],[77.938,35.532],[77.931,35.517],[77.934,35.512],[77.945,35.506],[77.96,35.501],[77.965,35.496],[77.964,35.488],[77.965,35.479],[77.969,35.474],[77.981,35.468],[77.986,35.46],[77.983,35.456],[77.972,35.458],[77.962,35.467],[77.956,35.47],[77.947,35.478],[77.94,35.482],[77.933,35.489],[77.921,35.494],[77.906,35.469],[77.901,35.468],[77.89,35.478],[77.887,35.485],[77.88,35.486],[77.869,35.48],[77.861,35.484],[77.855,35.493],[77.84,35.5],[77.826,35.51],[77.816,35.513],[77.808,35.511],[77.793,35.498],[77.787,35.495],[77.778,35.495],[77.765,35.498],[77.758,35.502],[77.741,35.519],[77.737,35.523],[77.729,35.524],[77.724,35.515],[77.723,35.499],[77.726,35.485],[77.725,35.477],[77.715,35.475],[77.695,35.478],[77.684,35.477],[77.68,35.471],[77.666,35.473],[77.654,35.483],[77.651,35.487],[77.643,35.488],[77.639,35.482],[77.624,35.472],[77.614,35.47],[77.603,35.475],[77.591,35.476],[77.582,35.475],[77.572,35.483],[77.561,35.486],[77.55,35.482],[77.54,35.481],[77.53,35.483],[77.517,35.489],[77.492,35.483],[77.465,35.472],[77.451,35.463],[77.44,35.462],[77.43,35.464],[77.415,35.473],[77.406,35.474],[77.394,35.474],[77.378,35.478],[77.374,35.481],[77.367,35.493],[77.361,35.495],[77.354,35.493],[77.349,35.494],[77.344,35.51],[77.332,35.525],[77.321,35.533],[77.322,35.537],[77.345,35.547],[77.359,35.55],[77.378,35.55],[77.392,35.546],[77.407,35.53],[77.425,35.524],[77.431,35.519],[77.44,35.518],[77.447,35.525],[77.452,35.527],[77.462,35.525],[77.472,35.521],[77.484,35.528],[77.484,35.536],[77.469,35.542],[77.461,35.548],[77.461,35.563],[77.466,35.573],[77.465,35.58],[77.457,35.594],[77.444,35.601],[77.439,35.602],[77.427,35.611],[77.432,35.618],[77.437,35.622],[77.434,35.63],[77.438,35.641],[77.437,35.646],[77.427,35.659],[77.422,35.662],[77.404,35.661],[77.397,35.67],[77.393,35.679],[77.383,35.693],[77.371,35.695],[77.369,35.704],[77.358,35.718],[77.338,35.72],[77.328,35.719],[77.317,35.7],[77.311,35.7],[77.299,35.708],[77.285,35.711],[77.278,35.72],[77.272,35.711],[77.268,35.709],[77.239,35.713],[77.228,35.712],[77.225,35.715],[77.222,35.727],[77.217,35.729],[77.211,35.726],[77.203,35.728],[77.194,35.733],[77.186,35.731],[77.175,35.732],[77.167,35.735],[77.163,35.741],[77.166,35.759],[77.164,35.767],[77.155,35.766],[77.146,35.769],[77.142,35.771],[77.136,35.782],[77.128,35.782],[77.123,35.787],[77.12,35.796],[77.106,35.799],[77.1,35.796],[77.082,35.798],[77.061,35.785],[77.033,35.776],[77.021,35.775],[77.004,35.775],[76.968,35.783],[76.935,35.784],[76.929,35.787],[76.91,35.791],[76.895,35.8],[76.876,35.815],[76.865,35.826],[76.853,35.833],[76.839,35.834],[76.831,35.836],[76.812,35.845],[76.804,35.85],[76.794,35.863],[76.786,35.89],[76.779,35.899],[76.766,35.91],[76.758,35.918],[76.753,35.921],[76.74,35.935],[76.735,35.943],[76.723,35.953],[76.729,35.963],[76.742,35.971],[76.754,35.983],[76.754,35.99],[76.768,36.008],[76.783,36.016],[76.805,36.017],[76.809,36.02],[76.801,36.033],[76.799,36.042],[76.801,36.049],[76.786,36.053],[76.78,36.057],[76.76,36.065],[76.745,36.07],[76.74,36.074],[76.726,36.078],[76.717,36.087],[76.707,36.114],[76.706,36.125],[76.697,36.136],[76.681,36.146],[76.665,36.158],[76.648,36.175],[76.644,36.184],[76.637,36.185],[76.631,36.181],[76.619,36.176],[76.601,36.166],[76.581,36.168],[76.563,36.173],[76.558,36.177],[76.554,36.185],[76.545,36.193],[76.538,36.195],[76.519,36.199],[76.505,36.207],[76.482,36.211],[76.465,36.233],[76.456,36.241],[76.432,36.252],[76.442,36.263],[76.45,36.269],[76.446,36.278],[76.437,36.288],[76.432,36.308],[76.422,36.313],[76.412,36.315],[76.401,36.322],[76.38,36.34],[76.376,36.345],[76.369,36.348],[76.352,36.36],[76.344,36.363],[76.324,36.362],[76.297,36.35],[76.292,36.349],[76.269,36.347],[76.255,36.348],[76.239,36.356],[76.22,36.37],[76.215,36.376],[76.199,36.387],[76.195,36.389],[76.181,36.387],[76.173,36.39],[76.155,36.406],[76.125,36.437],[76.107,36.451],[76.095,36.462],[76.077,36.474],[76.069,36.478],[76.043,36.482],[76.026,36.486],[76.002,36.487],[75.997,36.484],[75.977,36.489],[75.965,36.49],[75.932,36.501],[75.923,36.502],[75.878,36.526],[75.867,36.534],[75.849,36.544],[75.84,36.547],[75.824,36.549],[75.806,36.554],[75.794,36.56],[75.788,36.564],[75.769,36.573],[75.748,36.588],[75.744,36.596],[75.733,36.607],[75.72,36.631],[75.702,36.657],[75.691,36.672],[75.675,36.696],[75.652,36.722],[75.642,36.73],[75.639,36.736],[75.625,36.748],[75.616,36.762],[75.609,36.764],[75.593,36.765],[75.586,36.77],[75.571,36.776],[75.528,36.788],[75.509,36.794],[75.488,36.804],[75.479,36.807],[75.463,36.825],[75.46,36.831],[75.457,36.846],[75.453,36.855],[75.452,36.867],[75.448,36.88],[75.44,36.891],[75.43,36.891],[75.422,36.887],[75.417,36.887],[75.414,36.892],[75.415,36.903],[75.414,36.91],[75.409,36.917],[75.412,36.922],[75.422,36.932],[75.426,36.936],[75.428,36.952],[75.423,36.961],[75.414,36.968],[75.401,36.968],[75.396,36.966],[75.387,36.959],[75.374,36.961],[75.355,36.978],[75.348,36.99],[75.345,37.003],[75.344,37.033],[75.346,37.044],[75.345,37.051],[75.333,37.055],[75.294,37.052],[75.279,37.047],[75.265,37.052],[75.249,37.047],[75.226,37.037],[75.218,37.039],[75.209,37.037],[75.202,37.021],[75.193,37.014],[75.181,37.001],[75.173,36.986],[75.164,36.979],[75.151,36.967],[75.136,36.957],[75.127,36.955],[75.115,36.949],[75.096,36.943],[75.087,36.943],[75.063,36.96],[75.049,36.964],[75.043,36.969],[75.019,36.976],[75.015,36.968],[75.009,36.964],[74.998,36.965],[74.991,36.963],[74.977,36.953],[74.961,36.946],[74.957,36.942],[74.941,36.935],[74.933,36.925],[74.928,36.909],[74.922,36.906],[74.914,36.909],[74.905,36.921],[74.888,36.946],[74.867,36.967],[74.862,36.976],[74.856,36.98],[74.846,36.99],[74.841,36.999],[74.842,37.017],[74.84,37.022],[74.834,37.025],[74.819,37.023],[74.8,37.024],[74.793,37.028],[74.779,37.03],[74.771,37.029],[74.763,37.025],[74.76,37.015],[74.753,37.012],[74.74,37.016],[74.728,37.026],[74.722,37.039],[74.719,37.05],[74.718,37.063],[74.715,37.072],[74.709,37.078],[74.694,37.078],[74.685,37.075],[74.667,37.061],[74.659,37.058],[74.642,37.056],[74.62,37.052],[74.606,37.051],[74.591,37.045],[74.582,37.043],[74.581,37.039],[74.589,37.032],[74.589,37.029],[74.583,36.986],[74.583,36.978],[74.579,36.963],[74.579,36.949],[74.575,36.95],[74.56,36.951],[74.554,36.954],[74.546,36.966],[74.543,36.976],[74.534,36.986],[74.52,36.989],[74.495,36.989],[74.477,36.992],[74.45,36.992],[74.429,36.99],[74.427,36.982],[74.419,36.975],[74.406,36.97],[74.393,36.969],[74.377,36.963],[74.365,36.957],[74.351,36.943],[74.34,36.936],[74.334,36.93],[74.313,36.916],[74.305,36.913],[74.283,36.903],[74.271,36.895],[74.261,36.887],[74.248,36.887],[74.225,36.897],[74.205,36.901],[74.174,36.904],[74.166,36.9],[74.159,36.892],[74.154,36.882],[74.146,36.847],[74.143,36.84],[74.128,36.833],[74.121,36.832],[74.109,36.837],[74.093,36.839],[74.061,36.809],[74.052,36.807],[74.037,36.819],[74.026,36.826],[74.011,36.828],[74,36.824],[73.971,36.84],[73.958,36.857],[73.943,36.868],[73.938,36.874],[73.929,36.878],[73.923,36.878],[73.918,36.872],[73.913,36.871],[73.903,36.876],[73.893,36.887],[73.879,36.894],[73.857,36.899],[73.842,36.898],[73.836,36.887],[73.83,36.885],[73.818,36.886],[73.81,36.896],[73.799,36.894],[73.79,36.895],[73.784,36.9],[73.776,36.901],[73.768,36.905],[73.76,36.904],[73.749,36.897],[73.745,36.896],[73.737,36.902],[73.729,36.904],[73.711,36.913],[73.701,36.914],[73.69,36.912],[73.686,36.906],[73.685,36.896],[73.681,36.886],[73.688,36.878],[73.703,36.87],[73.719,36.857],[73.724,36.843],[73.723,36.836],[73.727,36.833],[73.744,36.833],[73.755,36.827],[73.763,36.825],[73.771,36.818],[73.786,36.814],[73.803,36.816],[73.809,36.813],[73.815,36.798],[73.821,36.793],[73.834,36.788],[73.849,36.79],[73.864,36.788],[73.872,36.779],[73.878,36.771],[73.885,36.765],[73.9,36.75],[73.905,36.736],[73.905,36.726],[73.899,36.721],[73.897,36.716],[73.901,36.707],[73.898,36.703],[73.884,36.699],[73.866,36.7],[73.857,36.703],[73.847,36.707],[73.835,36.71],[73.827,36.714],[73.815,36.717],[73.809,36.717],[73.8,36.713],[73.791,36.705],[73.783,36.702],[73.769,36.704],[73.748,36.71],[73.725,36.71],[73.719,36.704],[73.71,36.691],[73.701,36.685],[73.691,36.686],[73.684,36.69],[73.674,36.692],[73.664,36.692],[73.655,36.696],[73.639,36.69],[73.619,36.694],[73.607,36.699],[73.605,36.704],[73.606,36.716],[73.6,36.72],[73.592,36.72],[73.579,36.713],[73.569,36.713],[73.56,36.716],[73.553,36.711],[73.544,36.709],[73.538,36.712],[73.53,36.721],[73.524,36.721],[73.511,36.715],[73.5,36.723],[73.494,36.728],[73.487,36.73],[73.483,36.734],[73.472,36.731],[73.463,36.732],[73.45,36.737],[73.445,36.743],[73.436,36.745],[73.429,36.74],[73.415,36.735],[73.399,36.732],[73.39,36.732],[73.378,36.736],[73.369,36.733],[73.365,36.72],[73.361,36.715],[73.349,36.715],[73.341,36.716],[73.33,36.715],[73.323,36.713],[73.315,36.706],[73.294,36.709],[73.278,36.708],[73.268,36.709],[73.253,36.709],[73.248,36.703],[73.234,36.7],[73.215,36.7],[73.21,36.702],[73.207,36.711],[73.194,36.721],[73.187,36.721],[73.186,36.715],[73.172,36.708],[73.163,36.707],[73.145,36.7],[73.131,36.688],[73.121,36.686],[73.105,36.687],[73.097,36.69],[73.091,36.697],[73.085,36.7],[73.085,36.682],[73.094,36.667],[73.091,36.643],[73.092,36.635],[73.098,36.625],[73.109,36.616],[73.112,36.61],[73.093,36.587],[73.091,36.572],[73.085,36.566],[73.074,36.562],[73.067,36.544],[73.062,36.538],[73.045,36.534],[73.04,36.531],[73.022,36.525],[73.007,36.516],[72.995,36.513],[72.999,36.507],[72.993,36.497],[72.99,36.48],[73.002,36.48],[73.004,36.476],[72.992,36.458],[72.986,36.462],[72.977,36.465],[72.969,36.464],[72.959,36.467],[72.946,36.459],[72.932,36.459],[72.929,36.462],[72.922,36.463],[72.914,36.456],[72.9,36.449],[72.894,36.448],[72.882,36.443],[72.877,36.438],[72.88,36.434],[72.888,36.43],[72.89,36.425],[72.887,36.415],[72.89,36.398],[72.883,36.387],[72.87,36.379],[72.865,36.373],[72.852,36.373],[72.837,36.366],[72.83,36.361],[72.823,36.354],[72.816,36.338],[72.799,36.33],[72.792,36.321],[72.787,36.319],[72.779,36.31],[72.761,36.308],[72.75,36.305],[72.746,36.301],[72.736,36.296],[72.724,36.284],[72.718,36.282],[72.703,36.28],[72.692,36.276],[72.689,36.267],[72.694,36.262],[72.696,36.254],[72.692,36.25],[72.685,36.255],[72.68,36.264],[72.664,36.264],[72.657,36.268],[72.647,36.271],[72.635,36.277],[72.615,36.272],[72.597,36.264],[72.588,36.251],[72.585,36.231],[72.572,36.219],[72.564,36.217],[72.559,36.205],[72.561,36.199],[72.552,36.181],[72.564,36.17],[72.568,36.158],[72.574,36.151],[72.566,36.143],[72.553,36.137],[72.545,36.123],[72.537,36.115],[72.534,36.103],[72.535,36.089],[72.532,36.077],[72.532,36.072],[72.538,36.066],[72.544,36.065],[72.55,36.057],[72.568,36.055],[72.586,36.05],[72.593,36.041],[72.596,36.027],[72.584,36.02],[72.582,36.008],[72.573,35.996],[72.568,35.994],[72.556,35.997],[72.554,35.99],[72.555,35.98],[72.549,35.969],[72.549,35.963],[72.539,35.96],[72.531,35.953],[72.529,35.941],[72.53,35.927],[72.534,35.917],[72.538,35.915],[72.55,35.912],[72.554,35.909],[72.562,35.909],[72.57,35.906],[72.595,35.876],[72.603,35.87],[72.62,35.871],[72.629,35.869],[72.634,35.866],[72.646,35.866],[72.66,35.849],[72.678,35.841],[72.683,35.836],[72.691,35.833],[72.701,35.836],[72.723,35.854],[72.738,35.859],[72.75,35.856],[72.767,35.845],[72.777,35.844],[72.784,35.85],[72.792,35.852],[72.798,35.856],[72.799,35.867],[72.815,35.87],[72.825,35.875],[72.83,35.887],[72.835,35.887],[72.846,35.88],[72.858,35.878],[72.902,35.882],[72.905,35.865],[72.904,35.855],[72.91,35.849],[72.929,35.846],[72.947,35.846],[72.958,35.848],[72.964,35.851],[72.981,35.857],[72.988,35.861],[73.005,35.864],[73.007,35.859],[73.014,35.855],[73.029,35.854],[73.038,35.855],[73.056,35.864],[73.068,35.875],[73.073,35.883],[73.079,35.886],[73.089,35.883],[73.1,35.878],[73.108,35.869],[73.12,35.859],[73.134,35.849],[73.153,35.843],[73.154,35.838],[73.147,35.829],[73.145,35.811],[73.138,35.801],[73.135,35.785],[73.137,35.768],[73.133,35.738],[73.134,35.726],[73.139,35.719],[73.154,35.709],[73.172,35.697],[73.179,35.694],[73.186,35.687],[73.207,35.677],[73.216,35.675],[73.245,35.65],[73.273,35.63],[73.292,35.624],[73.314,35.616],[73.333,35.611],[73.343,35.611],[73.37,35.604],[73.39,35.582],[73.403,35.566],[73.407,35.564],[73.422,35.57],[73.449,35.571],[73.462,35.573],[73.482,35.577],[73.492,35.573],[73.502,35.566],[73.515,35.566],[73.524,35.571],[73.532,35.571],[73.55,35.563],[73.558,35.556],[73.571,35.555],[73.595,35.56],[73.607,35.561],[73.619,35.565],[73.625,35.571],[73.639,35.571],[73.656,35.558],[73.673,35.551],[73.698,35.55],[73.721,35.553],[73.726,35.552],[73.735,35.537],[73.764,35.528],[73.781,35.527],[73.786,35.524],[73.788,35.516],[73.787,35.499],[73.791,35.483],[73.791,35.477],[73.796,35.462],[73.791,35.456],[73.773,35.448],[73.769,35.448],[73.755,35.442],[73.739,35.428],[73.728,35.411],[73.725,35.404],[73.714,35.391],[73.71,35.383],[73.7,35.358],[73.7,35.323],[73.707,35.312],[73.717,35.292],[73.725,35.283],[73.727,35.278],[73.719,35.253],[73.718,35.241],[73.715,35.228],[73.726,35.219],[73.732,35.217],[73.738,35.221],[73.745,35.222],[73.762,35.231],[73.778,35.244],[73.796,35.246],[73.812,35.242],[73.847,35.23],[73.858,35.216],[73.865,35.211],[73.881,35.21],[73.888,35.213],[73.917,35.212],[73.933,35.203],[73.95,35.186],[73.956,35.177],[73.964,35.174],[73.981,35.182],[73.992,35.185],[74,35.184],[74.003,35.181],[74.006,35.171],[74.009,35.166],[74.021,35.16],[74.033,35.15],[74.045,35.146],[74.055,35.15],[74.063,35.15],[74.074,35.154],[74.088,35.152],[74.096,35.146],[74.102,35.146],[74.11,35.152],[74.117,35.146],[74.111,35.136],[74.111,35.13],[74.117,35.125],[74.126,35.121],[74.134,35.113],[74.13,35.106],[74.116,35.105],[74.111,35.102],[74.095,35.097],[74.092,35.091],[74.084,35.079],[74.079,35.068],[74.074,35.063],[74.066,35.049],[74.08,35.041],[74.085,35.04],[74.098,35.034],[74.104,35.025],[74.108,35.022],[74.104,35.015],[74.095,35.011],[74.091,35.006],[74.082,35.004],[74.077,34.999],[74.065,34.999],[74.06,34.992],[74.066,34.989],[74.067,34.983],[74.064,34.969],[74.068,34.955],[74.074,34.941],[74.072,34.937],[74.066,34.93],[74.059,34.929],[74.055,34.925],[74.044,34.922],[74.04,34.915],[74.038,34.903],[74.042,34.895],[74.039,34.893],[74.032,34.883],[74.03,34.878],[74.026,34.876],[74.017,34.876],[74.003,34.871],[73.999,34.869],[73.973,34.864],[73.966,34.845],[73.955,34.835],[73.939,34.835],[73.936,34.834],[73.928,34.821],[73.918,34.814],[73.909,34.816],[73.902,34.822],[73.897,34.822],[73.885,34.817],[73.875,34.818],[73.867,34.811],[73.862,34.812],[73.854,34.817],[73.844,34.816],[73.833,34.804],[73.821,34.796],[73.811,34.795],[73.799,34.798],[73.786,34.794],[73.774,34.797],[73.762,34.791],[73.75,34.787],[73.738,34.774],[73.731,34.771],[73.723,34.758],[73.707,34.725],[73.702,34.721],[73.692,34.717],[73.686,34.71],[73.681,34.696],[73.676,34.69],[73.67,34.69],[73.667,34.685],[73.664,34.671],[73.667,34.666],[73.683,34.66],[73.694,34.658],[73.696,34.654],[73.69,34.644],[73.66,34.61],[73.658,34.599],[73.661,34.589],[73.658,34.578],[73.651,34.568],[73.639,34.566],[73.629,34.575],[73.619,34.586],[73.608,34.587],[73.602,34.589],[73.593,34.59],[73.58,34.588],[73.554,34.593],[73.536,34.578],[73.523,34.575],[73.511,34.576],[73.501,34.581],[73.483,34.575],[73.469,34.574],[73.46,34.578],[73.448,34.574],[73.443,34.565],[73.441,34.538],[73.431,34.526],[73.43,34.519],[73.435,34.512],[73.437,34.504],[73.434,34.491],[73.422,34.471],[73.425,34.442],[73.42,34.418],[73.412,34.4],[73.409,34.386],[73.394,34.381],[73.391,34.375],[73.397,34.369],[73.4,34.359],[73.408,34.355],[73.426,34.349],[73.424,34.34],[73.439,34.328],[73.444,34.309],[73.45,34.305],[73.454,34.296],[73.454,34.278],[73.462,34.282],[73.468,34.296],[73.476,34.295],[73.479,34.283],[73.47,34.264],[73.47,34.252],[73.475,34.246],[73.478,34.235],[73.49,34.227],[73.493,34.22],[73.489,34.205],[73.488,34.188],[73.489,34.176],[73.492,34.157],[73.489,34.145],[73.494,34.14],[73.495,34.134],[73.493,34.12],[73.499,34.108],[73.496,34.093],[73.499,34.081],[73.504,34.076],[73.509,34.052],[73.508,34.042],[73.514,34.027],[73.516,34.018],[73.515,34.007],[73.522,33.985],[73.528,33.974],[73.537,33.952],[73.544,33.943],[73.55,33.932],[73.575,33.912],[73.579,33.911],[73.586,33.899],[73.59,33.884],[73.586,33.877],[73.586,33.865],[73.582,33.862],[73.579,33.852],[73.573,33.846],[73.571,33.828],[73.568,33.824],[73.561,33.802],[73.558,33.784],[73.561,33.777],[73.566,33.769],[73.579,33.76],[73.588,33.758],[73.591,33.754],[73.594,33.737],[73.597,33.728],[73.598,33.716],[73.592,33.7],[73.583,33.692],[73.575,33.687],[73.563,33.676],[73.562,33.664],[73.568,33.648],[73.568,33.637],[73.561,33.621],[73.564,33.617],[73.573,33.618],[73.583,33.612],[73.588,33.605],[73.596,33.605],[73.602,33.608],[73.605,33.605],[73.601,33.593],[73.605,33.588],[73.613,33.584],[73.62,33.578],[73.622,33.571],[73.618,33.546],[73.621,33.542],[73.631,33.538],[73.632,33.529],[73.625,33.529],[73.614,33.521],[73.607,33.52],[73.606,33.515],[73.61,33.501],[73.6,33.505],[73.597,33.5],[73.596,33.493],[73.6,33.488],[73.602,33.478],[73.607,33.477],[73.614,33.479],[73.615,33.472],[73.624,33.466],[73.625,33.458],[73.618,33.452],[73.612,33.452],[73.598,33.444],[73.59,33.444],[73.584,33.427],[73.591,33.426],[73.582,33.415],[73.573,33.407],[73.573,33.401],[73.568,33.398],[73.563,33.391],[73.563,33.385],[73.559,33.368],[73.562,33.363],[73.569,33.361],[73.571,33.356],[73.567,33.352],[73.566,33.343],[73.574,33.335],[73.587,33.341],[73.591,33.335],[73.583,33.329],[73.588,33.317],[73.59,33.305],[73.603,33.297],[73.604,33.293],[73.598,33.283],[73.599,33.272],[73.605,33.261],[73.606,33.252],[73.611,33.25],[73.615,33.243],[73.625,33.237],[73.627,33.231],[73.625,33.223],[73.629,33.216],[73.634,33.217],[73.636,33.226],[73.642,33.226],[73.645,33.217],[73.653,33.213],[73.658,33.205],[73.656,33.195],[73.659,33.185],[73.656,33.178],[73.656,33.169],[73.648,33.164],[73.639,33.144],[73.636,33.142],[73.628,33.142],[73.625,33.135],[73.63,33.128],[73.626,33.112],[73.625,33.1],[73.628,33.09],[73.632,33.087],[73.644,33.088],[73.653,33.085],[73.658,33.085],[73.672,33.089],[73.689,33.088],[73.703,33.082],[73.708,33.078],[73.725,33.07],[73.735,33.067],[73.739,33.063],[73.74,33.055],[73.74,33.044],[73.749,33.033],[73.756,33.029],[73.771,33.014],[73.781,33.008],[73.789,32.998],[73.79,32.994],[73.78,32.975],[73.786,32.966],[73.792,32.965],[73.8,32.971],[73.806,32.971],[73.814,32.979],[73.816,32.984],[73.818,33],[73.823,33.006],[73.83,33.007],[73.841,33.008],[73.846,33.006],[73.866,33.003],[73.893,33.003],[73.916,32.994],[73.926,32.986],[73.934,32.985],[73.942,32.988],[73.958,32.987],[73.963,32.977],[73.969,32.969],[73.983,32.964],[73.997,32.96],[73.999,32.955],[73.996,32.948],[73.988,32.939],[73.988,32.936],[74.014,32.93],[74.033,32.93],[74.041,32.932],[74.052,32.931],[74.053,32.916],[74.055,32.912],[74.07,32.906],[74.082,32.906],[74.098,32.902],[74.113,32.895],[74.122,32.896],[74.144,32.89],[74.152,32.89],[74.164,32.884],[74.178,32.883],[74.187,32.873],[74.202,32.871],[74.206,32.862],[74.213,32.859],[74.217,32.845],[74.226,32.843],[74.244,32.842],[74.255,32.838],[74.265,32.83],[74.284,32.83],[74.3,32.824],[74.305,32.815],[74.302,32.805],[74.308,32.8],[74.312,32.791],[74.319,32.792],[74.325,32.781],[74.332,32.776],[74.34,32.774],[74.355,32.763],[74.371,32.759],[74.384,32.758],[74.387,32.76],[74.388,32.769],[74.397,32.766],[74.403,32.78],[74.406,32.783],[74.416,32.784],[74.434,32.78],[74.444,32.78],[74.455,32.784],[74.458,32.783],[74.461,32.773],[74.472,32.772],[74.483,32.762],[74.496,32.762],[74.501,32.76],[74.508,32.751],[74.507,32.744],[74.515,32.744],[74.527,32.74],[74.537,32.745],[74.544,32.743],[74.554,32.756],[74.563,32.757],[74.571,32.752],[74.572,32.746],[74.58,32.745],[74.588,32.746],[74.594,32.752],[74.606,32.751],[74.617,32.755],[74.628,32.747],[74.635,32.751],[74.629,32.766],[74.63,32.772],[74.634,32.777],[74.65,32.777],[74.653,32.779],[74.65,32.787],[74.641,32.791],[74.632,32.802],[74.635,32.812],[74.649,32.825],[74.657,32.827],[74.664,32.822],[74.677,32.829],[74.689,32.833],[74.701,32.835],[74.704,32.829],[74.7,32.811],[74.695,32.801],[74.69,32.796],[74.682,32.782],[74.674,32.761],[74.671,32.747],[74.664,32.738],[74.658,32.723],[74.659,32.718],[74.65,32.698],[74.662,32.673],[74.667,32.669],[74.679,32.668],[74.684,32.662],[74.69,32.66],[74.693,32.655],[74.683,32.645],[74.67,32.641],[74.664,32.63],[74.655,32.63],[74.651,32.628],[74.649,32.613],[74.647,32.61],[74.637,32.611],[74.635,32.603],[74.638,32.595],[74.65,32.591],[74.651,32.587],[74.647,32.58],[74.648,32.571],[74.652,32.559],[74.657,32.557],[74.662,32.56],[74.668,32.559],[74.67,32.553],[74.66,32.541],[74.663,32.536],[74.678,32.529],[74.688,32.526],[74.688,32.517],[74.681,32.512],[74.68,32.504],[74.683,32.495],[74.681,32.486],[74.69,32.481],[74.699,32.486],[74.709,32.482],[74.711,32.473],[74.716,32.471],[74.724,32.471],[74.729,32.474],[74.735,32.474],[74.744,32.471],[74.752,32.47],[74.759,32.474],[74.768,32.475],[74.784,32.47],[74.796,32.469],[74.799,32.475],[74.807,32.475],[74.814,32.479],[74.816,32.488],[74.824,32.489],[74.829,32.486],[74.838,32.486],[74.847,32.482],[74.86,32.484],[74.864,32.481],[74.879,32.48],[74.877,32.474],[74.896,32.461],[74.903,32.461],[74.906,32.466],[74.911,32.465],[74.914,32.46],[74.924,32.46],[74.93,32.463],[74.936,32.463],[74.943,32.452],[74.947,32.443],[74.954,32.441],[74.963,32.45],[74.979,32.447],[74.992,32.447],[75.005,32.452],[75.018,32.466],[75.018,32.474],[75.022,32.484],[75.027,32.491],[75.033,32.493],[75.042,32.484],[75.049,32.482],[75.055,32.476],[75.065,32.476],[75.074,32.474],[75.09,32.464],[75.096,32.467],[75.102,32.474],[75.11,32.47],[75.113,32.454],[75.12,32.451],[75.122,32.44],[75.127,32.431],[75.137,32.425],[75.129,32.421],[75.13,32.406],[75.139,32.404],[75.144,32.409],[75.152,32.413],[75.163,32.415],[75.167,32.419],[75.174,32.418],[75.182,32.42],[75.19,32.42],[75.199,32.415],[75.201,32.408],[75.194,32.404],[75.192,32.399],[75.197,32.393],[75.205,32.391],[75.213,32.395],[75.22,32.393],[75.224,32.387],[75.231,32.387],[75.24,32.38],[75.249,32.385],[75.257,32.382],[75.259,32.365],[75.265,32.364],[75.273,32.367],[75.285,32.367],[75.292,32.359],[75.289,32.352],[75.303,32.344],[75.305,32.338],[75.318,32.334],[75.325,32.341],[75.34,32.342],[75.333,32.328],[75.341,32.321],[75.339,32.315],[75.335,32.311],[75.327,32.3],[75.328,32.296],[75.342,32.292],[75.352,32.287],[75.349,32.278],[75.358,32.276],[75.371,32.279],[75.382,32.269],[75.381,32.265],[75.374,32.259],[75.372,32.252],[75.373,32.246],[75.379,32.239],[75.374,32.227],[75.361,32.219],[75.348,32.22],[75.333,32.219],[75.328,32.214],[75.314,32.196],[75.32,32.192],[75.322,32.175],[75.315,32.174],[75.31,32.17],[75.303,32.153],[75.291,32.15],[75.283,32.143],[75.281,32.136],[75.287,32.132],[75.283,32.119],[75.277,32.116],[75.262,32.103],[75.254,32.102],[75.24,32.091],[75.235,32.093],[75.234,32.102],[75.224,32.104],[75.22,32.116],[75.214,32.118],[75.208,32.115],[75.208,32.101],[75.202,32.1],[75.2,32.096],[75.2,32.084],[75.186,32.08],[75.179,32.069],[75.173,32.069],[75.166,32.081],[75.159,32.084],[75.144,32.081],[75.135,32.084],[75.128,32.082],[75.123,32.076],[75.113,32.072],[75.107,32.06],[75.1,32.064],[75.083,32.059],[75.072,32.063],[75.062,32.053],[75.05,32.049],[75.044,32.044],[75.04,32.045],[75.039,32.05],[75.024,32.046],[75.013,32.035],[75.008,32.044],[74.988,32.043],[74.978,32.044],[74.981,32.052],[74.966,32.057],[74.954,32.063],[74.94,32.067],[74.929,32.067],[74.921,32.064],[74.914,32.052],[74.912,32.051],[74.894,32.053],[74.887,32.052],[74.877,32.047],[74.882,32.033],[74.879,32.025],[74.874,32.028],[74.867,32.023],[74.855,32.022],[74.86,32.015],[74.858,32.01],[74.842,32.007],[74.835,32.002],[74.832,31.995],[74.834,31.986],[74.834,31.978],[74.829,31.973],[74.824,31.958],[74.817,31.959],[74.815,31.963],[74.798,31.957],[74.783,31.953],[74.773,31.948],[74.759,31.951],[74.76,31.943],[74.748,31.938],[74.739,31.945],[74.735,31.94],[74.721,31.937],[74.72,31.931],[74.724,31.922],[74.715,31.918],[74.71,31.919],[74.703,31.924],[74.69,31.923],[74.68,31.919],[74.674,31.92],[74.673,31.915],[74.666,31.912],[74.665,31.9],[74.661,31.898],[74.652,31.899],[74.647,31.892],[74.636,31.883],[74.626,31.883],[74.618,31.886],[74.612,31.885],[74.61,31.879],[74.61,31.867],[74.599,31.861],[74.596,31.857],[74.594,31.845],[74.586,31.844],[74.578,31.834],[74.57,31.831],[74.569,31.824],[74.574,31.817],[74.571,31.81],[74.563,31.801],[74.568,31.796],[74.568,31.792],[74.561,31.786],[74.557,31.778],[74.558,31.767],[74.565,31.759],[74.564,31.754],[74.554,31.753],[74.563,31.745],[74.624,31.685],[74.689,31.615],[74.773,31.512],[74.857,31.447],[74.945,31.372],[75.015,31.298],[75.137,31.172],[75.262,31.079],[75.407,31],[75.542,30.92],[75.654,30.86],[75.766,30.78],[75.859,30.715],[75.938,30.65],[76.041,30.566],[76.148,30.482],[76.269,30.449],[76.358,30.431],[76.423,30.394],[76.54,30.352],[76.656,30.31],[76.721,30.3],[76.852,30.258],[76.964,30.193],[77.057,30.137],[77.211,30.03],[77.299,29.946],[77.374,29.839],[77.411,29.722],[77.444,29.61],[77.458,29.531],[77.467,29.447],[77.453,29.363],[77.402,29.265],[77.29,29.172],[77.257,29.126],[77.229,29.084],[77.178,29.018],[77.141,28.967],[77.076,28.893],[76.992,28.827],[76.95,28.785],[76.885,28.715],[76.805,28.594],[76.787,28.548],[76.712,28.38],[76.675,28.31],[76.633,28.226],[76.619,28.179],[76.614,28.114],[76.61,28.007],[76.61,27.9],[76.628,27.802],[76.665,27.681],[76.754,27.573],[76.838,27.49],[76.885,27.438],[76.964,27.378],[77.09,27.298],[77.192,27.266],[77.271,27.252],[77.467,27.252],[77.556,27.252],[77.649,27.28],[77.821,27.35],[77.971,27.41],[78.078,27.471],[78.157,27.531],[78.241,27.611],[78.344,27.671],[78.437,27.732],[78.516,27.806],[78.591,27.886],[78.712,27.979],[78.87,28.049],[78.987,28.091],[79.113,28.109],[79.257,28.165],[79.392,28.221],[79.532,28.24],[79.653,28.245],[79.798,28.245],[79.98,28.245],[80.059,28.245],[80.194,28.226],[80.283,28.212],[80.413,28.179],[80.558,28.1],[80.679,28.063],[80.814,27.993],[80.959,27.909],[81.122,27.797],[81.243,27.746],[81.383,27.676],[81.467,27.601],[81.63,27.466],[81.723,27.401],[81.849,27.331],[81.947,27.303],[82.082,27.228],[82.227,27.149],[82.385,27.075],[82.525,26.986],[82.604,26.967],[82.683,26.944],[82.795,26.911],[82.935,26.837],[83.089,26.739],[83.159,26.697],[83.247,26.646],[83.345,26.613],[83.462,26.59],[83.578,26.543],[83.709,26.473],[83.807,26.394],[83.928,26.31],[84.04,26.24],[84.105,26.17],[84.198,26.096],[84.301,26.03],[84.408,25.919],[84.506,25.797],[84.581,25.714],[84.646,25.625],[84.739,25.522],[84.814,25.466],[84.888,25.378],[84.958,25.271],[85.056,25.177],[85.196,25.103],[85.415,24.996],[85.569,24.926],[85.727,24.837],[85.881,24.791],[85.97,24.777],[86.119,24.753],[86.282,24.725],[86.426,24.697],[86.543,24.693],[86.669,24.688],[86.799,24.679],[86.93,24.679],[87.116,24.73],[87.284,24.791],[87.382,24.823],[87.485,24.86],[87.615,24.926],[87.727,24.977],[87.867,25.038],[87.974,25.042],[88.077,25.042],[88.174,25],[88.199,24.953]],[[75.549,34.098],[75.63,34.046],[75.636,34.049],[75.65,34.035],[75.717,33.986],[75.766,33.941],[75.797,33.909],[75.832,33.857],[75.836,33.78],[75.836,33.644],[75.759,33.539],[75.689,33.497],[75.63,33.479],[75.546,33.479],[75.472,33.483],[75.381,33.504],[75.287,33.525],[75.203,33.556],[75.095,33.626],[74.972,33.682],[74.874,33.738],[74.794,33.804],[74.728,33.864],[74.686,33.923],[74.637,33.979],[74.605,34.056],[74.591,34.126],[74.602,34.199],[74.644,34.266],[74.7,34.304],[74.745,34.318],[74.836,34.329],[74.941,34.329],[75.021,34.308],[75.133,34.287],[75.168,34.276],[75.259,34.248],[75.311,34.231],[75.392,34.196],[75.455,34.164],[75.507,34.133],[75.549,34.098]],[[77.444,31.07],[77.367,31.07],[77.234,31.081],[77.122,31.112],[77.024,31.147],[76.958,31.175],[76.909,31.203],[76.811,31.256],[76.755,31.291],[76.664,31.385],[76.545,31.487],[76.472,31.56],[76.42,31.623],[76.343,31.707],[76.29,31.773],[76.238,31.847],[76.224,31.934],[76.224,32.004],[76.234,32.06],[76.252,32.161],[76.283,32.217],[76.332,32.294],[76.36,32.329],[76.399,32.364],[76.465,32.42],[76.573,32.455],[76.65,32.458],[76.759,32.458],[76.86,32.444],[76.902,32.427],[77.042,32.389],[77.15,32.347],[77.234,32.312],[77.315,32.28],[77.378,32.242],[77.44,32.21],[77.51,32.172],[77.552,32.14],[77.601,32.109],[77.613,32.107],[77.668,32.067],[77.71,32.028],[77.759,31.972],[77.818,31.889],[77.867,31.819],[77.888,31.78],[77.961,31.668],[78,31.602],[78,31.431],[77.951,31.329],[77.884,31.266],[77.839,31.221],[77.759,31.168],[77.647,31.116],[77.542,31.084],[77.444,31.07]]],[[[88.799,26.207],[88.803,26.213],[88.799,26.226],[88.781,26.238],[88.768,26.234],[88.765,26.229],[88.766,26.22],[88.77,26.216],[88.77,26.209],[88.78,26.201],[88.782,26.195],[88.776,26.186],[88.777,26.177],[88.773,26.174],[88.764,26.174],[88.764,26.163],[88.769,26.161],[88.775,26.164],[88.778,26.159],[88.762,26.148],[88.77,26.142],[88.771,26.131],[88.779,26.13],[88.789,26.132],[88.79,26.141],[88.794,26.144],[88.793,26.154],[88.79,26.163],[88.788,26.174],[88.796,26.186],[88.802,26.192],[88.804,26.204],[88.799,26.207]]],[[[88.69,26.247],[88.684,26.253],[88.673,26.253],[88.672,26.246],[88.682,26.243],[88.68,26.232],[88.688,26.213],[88.694,26.209],[88.702,26.208],[88.712,26.204],[88.712,26.198],[88.708,26.194],[88.708,26.182],[88.718,26.176],[88.719,26.184],[88.73,26.185],[88.732,26.194],[88.723,26.198],[88.724,26.207],[88.719,26.212],[88.719,26.222],[88.722,26.233],[88.718,26.235],[88.712,26.233],[88.711,26.223],[88.708,26.222],[88.699,26.225],[88.69,26.247]]],[[[88.662,26.268],[88.659,26.273],[88.652,26.275],[88.646,26.285],[88.641,26.28],[88.644,26.27],[88.639,26.263],[88.648,26.253],[88.653,26.259],[88.658,26.26],[88.662,26.268]]],[[[88.62,26.416],[88.61,26.415],[88.607,26.408],[88.621,26.403],[88.629,26.409],[88.627,26.414],[88.62,26.416]]],[[[88.173,22.195],[88.181,22.192],[88.188,22.187],[88.203,22.166],[88.21,22.149],[88.211,22.132],[88.216,22.119],[88.217,22.113],[88.221,22.105],[88.224,22.09],[88.224,22.078],[88.222,22.068],[88.217,22.054],[88.214,22.035],[88.208,22.023],[88.195,22.004],[88.188,21.995],[88.178,21.982],[88.17,21.974],[88.163,21.97],[88.154,21.96],[88.157,21.95],[88.161,21.945],[88.174,21.934],[88.177,21.926],[88.176,21.92],[88.17,21.9],[88.165,21.891],[88.164,21.879],[88.166,21.878],[88.169,21.867],[88.178,21.849],[88.19,21.836],[88.201,21.819],[88.205,21.809],[88.209,21.801],[88.213,21.789],[88.218,21.777],[88.217,21.764],[88.23,21.763],[88.236,21.76],[88.255,21.758],[88.269,21.757],[88.274,21.752],[88.271,21.743],[88.263,21.732],[88.272,21.731],[88.273,21.738],[88.282,21.755],[88.282,21.762],[88.279,21.77],[88.272,21.775],[88.265,21.786],[88.258,21.801],[88.26,21.81],[88.269,21.818],[88.286,21.825],[88.297,21.826],[88.306,21.831],[88.313,21.845],[88.311,21.855],[88.316,21.86],[88.326,21.862],[88.339,21.861],[88.345,21.857],[88.355,21.856],[88.356,21.841],[88.354,21.829],[88.356,21.82],[88.363,21.809],[88.364,21.798],[88.374,21.796],[88.382,21.792],[88.387,21.795],[88.392,21.803],[88.392,21.813],[88.386,21.829],[88.386,21.839],[88.394,21.852],[88.393,21.864],[88.394,21.877],[88.397,21.886],[88.39,21.89],[88.384,21.897],[88.383,21.903],[88.39,21.91],[88.403,21.916],[88.404,21.913],[88.389,21.907],[88.385,21.9],[88.388,21.895],[88.4,21.889],[88.402,21.885],[88.412,21.887],[88.416,21.895],[88.416,21.901],[88.42,21.907],[88.424,21.908],[88.432,21.903],[88.442,21.911],[88.45,21.913],[88.462,21.918],[88.456,21.905],[88.458,21.898],[88.473,21.895],[88.477,21.904],[88.483,21.91],[88.493,21.913],[88.502,21.915],[88.521,21.912],[88.509,21.905],[88.505,21.897],[88.495,21.885],[88.494,21.879],[88.498,21.874],[88.508,21.868],[88.528,21.853],[88.537,21.857],[88.539,21.87],[88.548,21.882],[88.548,21.89],[88.539,21.899],[88.541,21.904],[88.545,21.906],[88.558,21.9],[88.564,21.899],[88.57,21.903],[88.578,21.889],[88.593,21.899],[88.602,21.907],[88.611,21.921],[88.609,21.932],[88.615,21.938],[88.608,21.946],[88.6,21.962],[88.598,21.968],[88.6,21.983],[88.607,22.002],[88.613,22.013],[88.614,22.02],[88.621,22.024],[88.623,22.029],[88.635,22.043],[88.636,22.046],[88.629,22.051],[88.627,22.057],[88.627,22.069],[88.619,22.105],[88.623,22.123],[88.626,22.13],[88.64,22.143],[88.638,22.155],[88.643,22.164],[88.654,22.177],[88.664,22.185],[88.671,22.198],[88.672,22.205],[88.662,22.209],[88.642,22.207],[88.633,22.212],[88.631,22.223],[88.634,22.228],[88.643,22.234],[88.657,22.25],[88.658,22.259],[88.665,22.273],[88.677,22.289],[88.679,22.294],[88.677,22.311],[88.673,22.326],[88.681,22.329],[88.679,22.32],[88.68,22.311],[88.685,22.295],[88.681,22.285],[88.671,22.273],[88.668,22.267],[88.661,22.251],[88.658,22.239],[88.65,22.233],[88.642,22.229],[88.637,22.224],[88.635,22.216],[88.639,22.213],[88.653,22.211],[88.657,22.216],[88.663,22.218],[88.671,22.216],[88.68,22.21],[88.699,22.21],[88.706,22.207],[88.715,22.201],[88.734,22.196],[88.743,22.2],[88.74,22.203],[88.745,22.21],[88.749,22.22],[88.744,22.229],[88.755,22.236],[88.76,22.242],[88.769,22.244],[88.772,22.251],[88.785,22.259],[88.791,22.26],[88.793,22.27],[88.793,22.276],[88.799,22.278],[88.805,22.284],[88.803,22.295],[88.806,22.308],[88.81,22.314],[88.809,22.32],[88.803,22.329],[88.81,22.342],[88.816,22.358],[88.823,22.361],[88.833,22.359],[88.849,22.365],[88.863,22.358],[88.86,22.366],[88.853,22.383],[88.846,22.388],[88.852,22.395],[88.856,22.408],[88.852,22.416],[88.848,22.431],[88.837,22.432],[88.832,22.43],[88.819,22.43],[88.815,22.432],[88.802,22.443],[88.8,22.459],[88.792,22.475],[88.79,22.481],[88.78,22.493],[88.78,22.503],[88.777,22.507],[88.77,22.511],[88.763,22.512],[88.755,22.515],[88.745,22.515],[88.736,22.51],[88.731,22.512],[88.725,22.517],[88.718,22.519],[88.712,22.526],[88.708,22.528],[88.702,22.525],[88.691,22.522],[88.691,22.528],[88.701,22.531],[88.708,22.529],[88.714,22.526],[88.718,22.521],[88.725,22.519],[88.733,22.511],[88.742,22.515],[88.753,22.517],[88.762,22.514],[88.772,22.513],[88.784,22.503],[88.795,22.497],[88.799,22.489],[88.811,22.482],[88.814,22.472],[88.814,22.456],[88.825,22.451],[88.829,22.447],[88.827,22.436],[88.839,22.437],[88.853,22.433],[88.854,22.44],[88.859,22.444],[88.859,22.448],[88.852,22.456],[88.855,22.463],[88.853,22.473],[88.857,22.476],[88.858,22.484],[88.865,22.486],[88.859,22.499],[88.848,22.5],[88.844,22.502],[88.842,22.507],[88.845,22.51],[88.856,22.512],[88.859,22.52],[88.867,22.523],[88.866,22.53],[88.869,22.546],[88.878,22.545],[88.886,22.554],[88.896,22.563],[88.915,22.566],[88.938,22.571],[88.936,22.58],[88.935,22.591],[88.94,22.598],[88.957,22.61],[88.956,22.616],[88.951,22.618],[88.95,22.618],[88.939,22.616],[88.931,22.622],[88.93,22.641],[88.92,22.659],[88.91,22.675],[88.906,22.677],[88.897,22.675],[88.892,22.67],[88.881,22.665],[88.875,22.665],[88.874,22.665],[88.866,22.663],[88.861,22.666],[88.86,22.673],[88.859,22.673],[88.857,22.68],[88.861,22.694],[88.853,22.69],[88.852,22.69],[88.851,22.69],[88.846,22.694],[88.847,22.707],[88.846,22.707],[88.841,22.706],[88.84,22.706],[88.839,22.706],[88.837,22.706],[88.825,22.709],[88.823,22.709],[88.822,22.709],[88.815,22.708],[88.815,22.709],[88.813,22.708],[88.809,22.709],[88.807,22.715],[88.809,22.724],[88.806,22.734],[88.81,22.741],[88.807,22.751],[88.811,22.754],[88.82,22.749],[88.815,22.742],[88.82,22.741],[88.821,22.741],[88.827,22.739],[88.834,22.747],[88.837,22.745],[88.84,22.736],[88.847,22.749],[88.845,22.751],[88.843,22.751],[88.837,22.752],[88.837,22.753],[88.833,22.753],[88.834,22.754],[88.835,22.754],[88.837,22.754],[88.84,22.753],[88.841,22.753],[88.843,22.753],[88.845,22.753],[88.848,22.749],[88.847,22.744],[88.846,22.744],[88.842,22.736],[88.839,22.735],[88.834,22.745],[88.828,22.737],[88.827,22.737],[88.826,22.738],[88.819,22.739],[88.818,22.739],[88.813,22.742],[88.818,22.748],[88.811,22.752],[88.811,22.739],[88.808,22.735],[88.811,22.72],[88.809,22.712],[88.812,22.71],[88.827,22.711],[88.832,22.71],[88.833,22.71],[88.838,22.708],[88.848,22.709],[88.85,22.693],[88.86,22.697],[88.864,22.692],[88.862,22.685],[88.863,22.678],[88.864,22.667],[88.865,22.665],[88.872,22.666],[88.873,22.666],[88.886,22.67],[88.897,22.678],[88.903,22.679],[88.904,22.679],[88.906,22.679],[88.913,22.676],[88.924,22.662],[88.932,22.646],[88.942,22.654],[88.95,22.663],[88.952,22.673],[88.956,22.683],[88.961,22.689],[88.962,22.694],[88.952,22.701],[88.942,22.712],[88.934,22.728],[88.924,22.737],[88.922,22.741],[88.924,22.75],[88.922,22.756],[88.924,22.768],[88.933,22.777],[88.935,22.784],[88.942,22.79],[88.953,22.795],[88.961,22.797],[88.962,22.809],[88.969,22.832],[88.97,22.845],[88.966,22.853],[88.959,22.86],[88.949,22.88],[88.941,22.872],[88.935,22.871],[88.918,22.877],[88.912,22.88],[88.91,22.892],[88.906,22.9],[88.907,22.907],[88.916,22.917],[88.917,22.921],[88.9,22.93],[88.899,22.936],[88.9,22.952],[88.895,22.955],[88.878,22.953],[88.87,22.955],[88.864,22.958],[88.865,22.963],[88.872,22.972],[88.872,22.983],[88.871,22.992],[88.861,23],[88.85,23.005],[88.856,23.01],[88.873,23.004],[88.877,23.013],[88.875,23.021],[88.881,23.032],[88.882,23.042],[88.878,23.049],[88.876,23.063],[88.87,23.072],[88.869,23.081],[88.874,23.087],[88.874,23.092],[88.781,23.06],[88.706,23],[88.669,22.972],[88.613,22.92],[88.557,22.846],[88.511,22.748],[88.455,22.636],[88.403,22.566],[88.338,22.463],[88.282,22.398],[88.245,22.347],[88.189,22.268],[88.173,22.195]]],[[[88.137,21.875],[88.135,21.877],[88.122,21.866],[88.113,21.849],[88.104,21.837],[88.099,21.825],[88.077,21.786],[88.072,21.778],[88.07,21.767],[88.066,21.753],[88.066,21.746],[88.061,21.734],[88.058,21.733],[88.044,21.718],[88.045,21.714],[88.039,21.691],[88.037,21.674],[88.042,21.649],[88.062,21.638],[88.072,21.635],[88.081,21.634],[88.09,21.629],[88.116,21.626],[88.124,21.629],[88.135,21.629],[88.143,21.634],[88.143,21.637],[88.152,21.646],[88.155,21.653],[88.156,21.679],[88.154,21.693],[88.158,21.71],[88.164,21.722],[88.166,21.73],[88.17,21.737],[88.171,21.745],[88.17,21.762],[88.171,21.765],[88.168,21.783],[88.164,21.792],[88.164,21.8],[88.167,21.808],[88.173,21.811],[88.17,21.817],[88.157,21.83],[88.151,21.841],[88.146,21.859],[88.137,21.875]]],[[[88.85,22.363],[88.832,22.358],[88.818,22.359],[88.813,22.349],[88.808,22.333],[88.804,22.33],[88.811,22.321],[88.812,22.314],[88.808,22.307],[88.805,22.296],[88.807,22.286],[88.815,22.283],[88.817,22.272],[88.827,22.266],[88.83,22.254],[88.828,22.242],[88.82,22.232],[88.811,22.227],[88.801,22.226],[88.805,22.221],[88.807,22.209],[88.815,22.207],[88.818,22.203],[88.821,22.196],[88.826,22.199],[88.825,22.204],[88.828,22.21],[88.834,22.209],[88.837,22.207],[88.841,22.193],[88.846,22.19],[88.849,22.194],[88.85,22.202],[88.855,22.206],[88.86,22.205],[88.867,22.196],[88.866,22.189],[88.872,22.171],[88.885,22.168],[88.892,22.176],[88.897,22.178],[88.902,22.177],[88.909,22.169],[88.918,22.165],[88.921,22.175],[88.919,22.178],[88.906,22.192],[88.906,22.201],[88.913,22.209],[88.917,22.225],[88.916,22.23],[88.921,22.233],[88.926,22.229],[88.943,22.225],[88.954,22.226],[88.951,22.243],[88.95,22.245],[88.939,22.248],[88.933,22.254],[88.93,22.264],[88.934,22.28],[88.936,22.285],[88.937,22.297],[88.934,22.303],[88.928,22.303],[88.912,22.312],[88.905,22.318],[88.9,22.332],[88.895,22.336],[88.892,22.343],[88.883,22.35],[88.869,22.358],[88.864,22.357],[88.85,22.363]]],[[[88.95,22.189],[88.944,22.182],[88.938,22.18],[88.931,22.174],[88.926,22.176],[88.926,22.168],[88.92,22.161],[88.913,22.162],[88.897,22.171],[88.895,22.163],[88.905,22.152],[88.909,22.141],[88.909,22.134],[88.923,22.122],[88.93,22.112],[88.931,22.105],[88.931,22.098],[88.921,22.086],[88.908,22.078],[88.902,22.064],[88.906,22.059],[88.911,22.044],[88.908,22.035],[88.914,22.022],[88.916,22.011],[88.913,21.994],[88.92,21.973],[88.926,21.963],[88.931,21.942],[88.936,21.936],[88.944,21.93],[88.969,21.921],[88.992,21.907],[89.004,21.903],[89.015,21.903],[89.021,21.922],[89.017,21.928],[89.009,21.935],[88.995,21.942],[88.991,21.948],[88.993,21.957],[88.998,21.964],[89.011,21.973],[89.012,21.981],[89.006,21.98],[88.994,21.97],[88.988,21.973],[88.988,21.983],[88.972,21.988],[88.971,21.995],[88.976,22.005],[88.969,22.009],[88.965,22.017],[88.977,22.038],[88.961,22.049],[88.963,22.057],[88.958,22.06],[88.939,22.062],[88.934,22.051],[88.935,22.026],[88.938,22.016],[88.944,22.006],[88.946,22],[88.931,22],[88.924,22.025],[88.924,22.033],[88.922,22.044],[88.922,22.056],[88.926,22.066],[88.936,22.072],[88.945,22.074],[88.956,22.074],[88.964,22.076],[88.97,22.084],[88.974,22.098],[88.982,22.113],[88.986,22.135],[88.985,22.148],[88.975,22.158],[88.967,22.17],[88.961,22.189],[88.95,22.189]]],[[[88.92,22.565],[88.896,22.561],[88.895,22.558],[88.902,22.546],[88.905,22.535],[88.904,22.526],[88.914,22.515],[88.914,22.509],[88.907,22.503],[88.906,22.493],[88.899,22.488],[88.896,22.484],[88.899,22.477],[88.895,22.466],[88.9,22.462],[88.903,22.455],[88.904,22.446],[88.912,22.438],[88.919,22.43],[88.919,22.422],[88.912,22.42],[88.908,22.416],[88.918,22.412],[88.926,22.406],[88.927,22.396],[88.93,22.39],[88.926,22.388],[88.916,22.392],[88.902,22.386],[88.896,22.38],[88.9,22.371],[88.902,22.357],[88.905,22.35],[88.907,22.336],[88.919,22.325],[88.928,22.314],[88.932,22.311],[88.943,22.311],[88.947,22.32],[88.946,22.331],[88.951,22.344],[88.949,22.355],[88.954,22.368],[88.957,22.365],[88.964,22.374],[88.965,22.39],[88.97,22.395],[88.963,22.406],[88.969,22.413],[88.982,22.417],[88.988,22.424],[88.997,22.429],[88.997,22.432],[88.989,22.439],[88.988,22.448],[88.992,22.453],[88.995,22.468],[88.988,22.475],[88.983,22.476],[88.978,22.483],[88.976,22.491],[88.971,22.499],[88.97,22.511],[88.965,22.534],[88.961,22.547],[88.956,22.551],[88.935,22.556],[88.92,22.565]]],[[[88.695,22.209],[88.685,22.208],[88.686,22.199],[88.684,22.192],[88.678,22.184],[88.666,22.173],[88.653,22.163],[88.65,22.147],[88.644,22.131],[88.638,22.122],[88.635,22.115],[88.634,22.106],[88.641,22.094],[88.649,22.087],[88.652,22.081],[88.656,22.066],[88.662,22.052],[88.661,22.039],[88.663,22.024],[88.674,22.023],[88.683,22.018],[88.696,22.014],[88.702,22.007],[88.714,22.009],[88.72,22.006],[88.734,22.011],[88.74,22.02],[88.736,22.032],[88.729,22.038],[88.702,22.049],[88.688,22.06],[88.683,22.07],[88.683,22.08],[88.689,22.09],[88.704,22.101],[88.717,22.108],[88.723,22.113],[88.728,22.124],[88.736,22.133],[88.754,22.145],[88.766,22.146],[88.773,22.155],[88.789,22.169],[88.782,22.176],[88.769,22.18],[88.765,22.192],[88.74,22.197],[88.732,22.194],[88.719,22.198],[88.703,22.207],[88.695,22.209]]],[[[88.221,21.762],[88.217,21.762],[88.214,21.751],[88.214,21.739],[88.211,21.726],[88.212,21.72],[88.22,21.708],[88.221,21.702],[88.216,21.695],[88.201,21.691],[88.198,21.689],[88.199,21.683],[88.203,21.677],[88.209,21.674],[88.22,21.676],[88.226,21.675],[88.233,21.669],[88.232,21.656],[88.237,21.645],[88.235,21.635],[88.223,21.626],[88.217,21.62],[88.217,21.615],[88.233,21.608],[88.243,21.597],[88.246,21.591],[88.245,21.583],[88.241,21.575],[88.244,21.568],[88.248,21.564],[88.258,21.56],[88.271,21.558],[88.288,21.564],[88.292,21.563],[88.301,21.572],[88.306,21.58],[88.305,21.586],[88.293,21.596],[88.289,21.596],[88.286,21.604],[88.289,21.605],[88.288,21.613],[88.289,21.622],[88.293,21.637],[88.303,21.656],[88.312,21.672],[88.309,21.679],[88.297,21.694],[88.284,21.707],[88.277,21.72],[88.277,21.725],[88.272,21.728],[88.265,21.728],[88.261,21.732],[88.269,21.744],[88.272,21.752],[88.267,21.756],[88.252,21.756],[88.236,21.759],[88.229,21.762],[88.221,21.762]]],[[[88.813,22.019],[88.806,22.024],[88.801,22.03],[88.79,22.024],[88.777,22.015],[88.767,22.016],[88.761,22.015],[88.761,22],[88.76,21.996],[88.75,21.982],[88.756,21.977],[88.757,21.973],[88.752,21.959],[88.753,21.956],[88.762,21.953],[88.77,21.946],[88.776,21.943],[88.781,21.951],[88.787,21.955],[88.79,21.952],[88.789,21.943],[88.793,21.941],[88.801,21.942],[88.809,21.939],[88.815,21.941],[88.825,21.94],[88.833,21.935],[88.841,21.925],[88.85,21.92],[88.857,21.919],[88.868,21.922],[88.881,21.923],[88.888,21.921],[88.897,21.923],[88.907,21.93],[88.906,21.937],[88.906,21.952],[88.908,21.969],[88.902,21.987],[88.904,22.007],[88.9,22.013],[88.886,22.011],[88.875,22.012],[88.871,22.015],[88.867,22.024],[88.855,22.019],[88.848,22.018],[88.822,22.022],[88.813,22.019]]],[[[88.985,22.382],[88.989,22.389],[88.988,22.393],[88.973,22.405],[88.974,22.397],[88.968,22.388],[88.968,22.384],[88.964,22.367],[88.955,22.361],[88.956,22.353],[88.956,22.344],[88.952,22.332],[88.952,22.316],[88.951,22.298],[88.953,22.29],[88.953,22.276],[88.947,22.256],[88.955,22.25],[88.962,22.242],[88.964,22.234],[88.968,22.215],[88.972,22.21],[88.986,22.206],[88.999,22.211],[89.008,22.211],[89.019,22.207],[89.025,22.197],[89.027,22.187],[89.024,22.165],[89.032,22.155],[89.04,22.15],[89.051,22.147],[89.06,22.137],[89.062,22.128],[89.091,22.146],[89.096,22.154],[89.092,22.157],[89.084,22.149],[89.075,22.145],[89.068,22.149],[89.061,22.167],[89.061,22.175],[89.069,22.19],[89.065,22.201],[89.04,22.222],[89.035,22.234],[89.034,22.255],[89.031,22.258],[89.018,22.251],[89.011,22.256],[89.017,22.269],[89.007,22.275],[88.996,22.283],[88.994,22.288],[88.995,22.295],[89,22.298],[89.008,22.299],[89.019,22.296],[89.022,22.299],[89.014,22.308],[89.009,22.315],[88.997,22.323],[88.987,22.322],[88.983,22.326],[88.984,22.334],[88.988,22.35],[88.985,22.357],[88.988,22.365],[88.983,22.371],[88.985,22.382]]],[[[88.837,21.918],[88.822,21.929],[88.82,21.928],[88.822,21.919],[88.826,21.913],[88.835,21.909],[88.849,21.896],[88.854,21.884],[88.854,21.87],[88.86,21.866],[88.857,21.86],[88.861,21.856],[88.878,21.854],[88.878,21.846],[88.879,21.836],[88.882,21.83],[88.881,21.82],[88.885,21.814],[88.89,21.812],[88.903,21.822],[88.914,21.828],[88.921,21.824],[88.924,21.826],[88.923,21.836],[88.931,21.838],[88.933,21.844],[88.938,21.849],[88.939,21.854],[88.946,21.842],[88.948,21.841],[88.955,21.854],[88.957,21.854],[88.964,21.863],[88.977,21.868],[88.967,21.887],[88.966,21.892],[88.972,21.899],[88.945,21.91],[88.932,21.917],[88.924,21.924],[88.915,21.928],[88.905,21.92],[88.887,21.914],[88.878,21.917],[88.873,21.917],[88.857,21.911],[88.849,21.912],[88.837,21.918]]],[[[89.016,22.051],[89.015,22.056],[89.01,22.053],[89.008,22.051],[89.005,22.054],[89.002,22.059],[88.995,22.055],[88.985,22.055],[88.986,22.049],[88.984,22.044],[88.98,22.04],[88.968,22.016],[88.977,22.008],[88.979,22.001],[88.974,21.995],[88.98,21.99],[88.99,21.986],[88.992,21.974],[89.002,21.984],[89.011,21.985],[89.016,21.984],[89.018,21.976],[89.015,21.97],[89.003,21.96],[88.999,21.95],[89.005,21.943],[89.019,21.937],[89.03,21.926],[89.047,21.929],[89.06,21.932],[89.063,21.935],[89.069,21.948],[89.073,21.971],[89.077,21.98],[89.078,21.986],[89.074,22.004],[89.068,22.014],[89.048,22.035],[89.04,22.049],[89.026,22.052],[89.016,22.051]]],[[[88.331,21.861],[88.324,21.86],[88.315,21.858],[88.312,21.854],[88.315,21.845],[88.308,21.83],[88.296,21.824],[88.285,21.823],[88.274,21.819],[88.266,21.814],[88.26,21.807],[88.261,21.797],[88.264,21.794],[88.282,21.791],[88.287,21.787],[88.293,21.776],[88.297,21.776],[88.304,21.761],[88.31,21.731],[88.306,21.718],[88.311,21.711],[88.317,21.709],[88.332,21.711],[88.345,21.722],[88.34,21.74],[88.34,21.751],[88.343,21.76],[88.349,21.765],[88.357,21.767],[88.375,21.767],[88.378,21.769],[88.378,21.779],[88.38,21.787],[88.375,21.792],[88.361,21.796],[88.361,21.806],[88.352,21.82],[88.35,21.83],[88.352,21.839],[88.351,21.855],[88.344,21.856],[88.339,21.86],[88.331,21.861]]],[[[88.446,21.905],[88.44,21.906],[88.436,21.902],[88.42,21.903],[88.42,21.894],[88.417,21.887],[88.405,21.878],[88.4,21.873],[88.401,21.857],[88.393,21.838],[88.393,21.833],[88.398,21.819],[88.403,21.798],[88.418,21.812],[88.424,21.812],[88.427,21.81],[88.431,21.8],[88.443,21.802],[88.449,21.8],[88.461,21.79],[88.464,21.795],[88.455,21.799],[88.448,21.807],[88.448,21.815],[88.454,21.822],[88.467,21.827],[88.474,21.836],[88.478,21.838],[88.488,21.838],[88.491,21.85],[88.49,21.856],[88.485,21.872],[88.484,21.885],[88.478,21.89],[88.461,21.894],[88.456,21.896],[88.452,21.905],[88.446,21.905]]],[[[88.845,22.189],[88.838,22.195],[88.836,22.206],[88.831,22.209],[88.826,22.205],[88.827,22.198],[88.831,22.195],[88.839,22.179],[88.841,22.171],[88.838,22.167],[88.833,22.165],[88.823,22.169],[88.813,22.179],[88.806,22.178],[88.791,22.16],[88.781,22.155],[88.779,22.149],[88.771,22.143],[88.749,22.135],[88.741,22.115],[88.736,22.105],[88.718,22.089],[88.709,22.085],[88.703,22.078],[88.705,22.065],[88.712,22.06],[88.726,22.056],[88.739,22.057],[88.741,22.066],[88.75,22.081],[88.758,22.088],[88.769,22.092],[88.772,22.106],[88.778,22.111],[88.788,22.114],[88.795,22.114],[88.798,22.125],[88.805,22.131],[88.81,22.131],[88.821,22.127],[88.828,22.134],[88.839,22.136],[88.85,22.143],[88.845,22.151],[88.851,22.156],[88.846,22.161],[88.843,22.168],[88.852,22.174],[88.863,22.17],[88.868,22.175],[88.864,22.186],[88.864,22.197],[88.857,22.205],[88.852,22.203],[88.851,22.194],[88.845,22.189]]],[[[89.002,22.199],[88.995,22.199],[88.981,22.194],[88.973,22.193],[88.974,22.177],[88.977,22.168],[88.987,22.159],[88.994,22.149],[88.997,22.14],[88.997,22.131],[88.995,22.123],[88.984,22.096],[88.98,22.079],[88.974,22.07],[88.963,22.061],[88.966,22.056],[88.963,22.05],[88.973,22.042],[88.978,22.04],[88.984,22.046],[88.983,22.055],[88.986,22.057],[88.994,22.056],[89.002,22.06],[89.007,22.053],[89.01,22.055],[89.011,22.06],[89.014,22.064],[89.017,22.062],[89.017,22.055],[89.019,22.051],[89.038,22.053],[89.039,22.055],[89.032,22.084],[89.031,22.094],[89.035,22.104],[89.035,22.11],[89.049,22.127],[89.049,22.133],[89.022,22.148],[89.019,22.154],[89.014,22.164],[89.013,22.176],[89.014,22.191],[89.013,22.196],[89.002,22.199]]],[[[88.898,22.549],[88.891,22.548],[88.885,22.55],[88.876,22.54],[88.873,22.532],[88.867,22.53],[88.869,22.525],[88.866,22.521],[88.86,22.518],[88.858,22.512],[88.855,22.509],[88.844,22.507],[88.846,22.502],[88.855,22.502],[88.861,22.499],[88.862,22.493],[88.867,22.486],[88.859,22.483],[88.858,22.474],[88.86,22.469],[88.857,22.455],[88.861,22.447],[88.859,22.441],[88.855,22.436],[88.856,22.423],[88.861,22.413],[88.868,22.412],[88.882,22.403],[88.877,22.388],[88.884,22.376],[88.89,22.376],[88.898,22.386],[88.907,22.392],[88.913,22.393],[88.921,22.399],[88.921,22.403],[88.916,22.407],[88.905,22.412],[88.903,22.422],[88.908,22.434],[88.901,22.445],[88.898,22.459],[88.892,22.466],[88.896,22.472],[88.893,22.487],[88.901,22.497],[88.895,22.501],[88.898,22.509],[88.903,22.508],[88.906,22.521],[88.902,22.527],[88.903,22.537],[88.898,22.549]]],[[[88.718,21.907],[88.713,21.887],[88.698,21.86],[88.697,21.85],[88.701,21.848],[88.696,21.842],[88.701,21.832],[88.704,21.819],[88.709,21.81],[88.719,21.807],[88.726,21.794],[88.737,21.799],[88.738,21.804],[88.75,21.816],[88.753,21.814],[88.751,21.801],[88.753,21.789],[88.756,21.781],[88.764,21.788],[88.769,21.803],[88.775,21.81],[88.774,21.816],[88.777,21.822],[88.766,21.826],[88.764,21.829],[88.765,21.838],[88.772,21.856],[88.781,21.859],[88.775,21.865],[88.771,21.876],[88.757,21.879],[88.757,21.885],[88.751,21.887],[88.747,21.897],[88.742,21.899],[88.727,21.899],[88.718,21.907]]],[[[88.832,21.766],[88.825,21.761],[88.813,21.751],[88.803,21.747],[88.791,21.749],[88.787,21.741],[88.793,21.739],[88.791,21.735],[88.782,21.733],[88.783,21.721],[88.778,21.712],[88.763,21.704],[88.765,21.699],[88.772,21.701],[88.784,21.71],[88.792,21.714],[88.804,21.717],[88.815,21.71],[88.819,21.703],[88.817,21.691],[88.823,21.671],[88.821,21.658],[88.809,21.64],[88.815,21.629],[88.825,21.627],[88.84,21.62],[88.846,21.623],[88.842,21.628],[88.843,21.631],[88.851,21.626],[88.86,21.637],[88.86,21.643],[88.855,21.656],[88.845,21.674],[88.841,21.689],[88.84,21.716],[88.845,21.729],[88.849,21.738],[88.857,21.748],[88.862,21.75],[88.865,21.756],[88.861,21.762],[88.848,21.763],[88.832,21.766]]],[[[88.716,21.807],[88.711,21.806],[88.712,21.8],[88.712,21.788],[88.696,21.751],[88.695,21.744],[88.698,21.741],[88.698,21.734],[88.706,21.714],[88.707,21.709],[88.711,21.69],[88.715,21.685],[88.732,21.675],[88.748,21.658],[88.754,21.661],[88.755,21.666],[88.747,21.673],[88.731,21.682],[88.729,21.685],[88.733,21.689],[88.738,21.689],[88.741,21.691],[88.744,21.689],[88.745,21.684],[88.76,21.685],[88.763,21.693],[88.758,21.698],[88.757,21.706],[88.763,21.714],[88.773,21.718],[88.776,21.724],[88.761,21.727],[88.753,21.732],[88.751,21.737],[88.752,21.749],[88.759,21.759],[88.75,21.763],[88.746,21.772],[88.735,21.775],[88.733,21.779],[88.728,21.778],[88.727,21.781],[88.727,21.792],[88.723,21.794],[88.72,21.803],[88.716,21.807]]],[[[89.059,21.722],[89.037,21.721],[89.022,21.715],[89.018,21.708],[89.011,21.708],[89.011,21.703],[89.022,21.7],[89.026,21.688],[89.024,21.68],[89.024,21.669],[89.021,21.662],[89.027,21.659],[89.029,21.652],[89.026,21.644],[89.028,21.635],[89.034,21.634],[89.049,21.62],[89.055,21.618],[89.068,21.62],[89.086,21.63],[89.093,21.637],[89.095,21.651],[89.092,21.667],[89.087,21.671],[89.085,21.678],[89.073,21.69],[89.071,21.702],[89.065,21.715],[89.059,21.722]]],[[[88.813,22.283],[88.807,22.283],[88.801,22.277],[88.795,22.276],[88.793,22.262],[88.792,22.258],[88.786,22.257],[88.774,22.251],[88.769,22.241],[88.762,22.241],[88.752,22.23],[88.752,22.22],[88.747,22.211],[88.747,22.199],[88.761,22.194],[88.766,22.195],[88.77,22.191],[88.771,22.185],[88.776,22.182],[88.789,22.178],[88.794,22.171],[88.799,22.177],[88.806,22.182],[88.815,22.181],[88.832,22.167],[88.836,22.168],[88.838,22.173],[88.827,22.196],[88.82,22.195],[88.817,22.197],[88.815,22.206],[88.806,22.208],[88.804,22.213],[88.804,22.222],[88.798,22.226],[88.801,22.228],[88.811,22.229],[88.818,22.232],[88.825,22.241],[88.828,22.257],[88.826,22.265],[88.817,22.263],[88.815,22.266],[88.815,22.277],[88.813,22.283]]],[[[88.979,21.893],[88.969,21.89],[88.975,21.877],[88.98,21.869],[88.977,21.865],[88.965,21.859],[88.951,21.842],[88.95,21.837],[88.956,21.827],[88.972,21.827],[88.977,21.825],[88.98,21.818],[88.976,21.804],[88.967,21.799],[88.956,21.804],[88.951,21.8],[88.944,21.789],[88.943,21.785],[88.959,21.783],[88.968,21.776],[88.973,21.776],[88.985,21.788],[88.992,21.801],[88.992,21.812],[88.997,21.815],[89.008,21.813],[89.02,21.818],[89.028,21.829],[89.03,21.835],[89.03,21.844],[89.022,21.848],[89.029,21.851],[89.031,21.863],[89.026,21.869],[89.014,21.877],[88.984,21.892],[88.979,21.893]]],[[[88.883,21.745],[88.877,21.729],[88.872,21.721],[88.871,21.705],[88.873,21.694],[88.879,21.689],[88.883,21.68],[88.886,21.67],[88.886,21.661],[88.894,21.653],[88.9,21.653],[88.905,21.65],[88.91,21.641],[88.922,21.633],[88.926,21.647],[88.937,21.671],[88.939,21.682],[88.942,21.69],[88.936,21.702],[88.923,21.707],[88.918,21.712],[88.914,21.726],[88.905,21.73],[88.898,21.737],[88.883,21.745]]],[[[88.141,22.026],[88.126,22.019],[88.107,22.015],[88.094,22.011],[88.085,22.004],[88.077,22],[88.07,21.991],[88.056,21.96],[88.048,21.933],[88.046,21.916],[88.048,21.911],[88.057,21.913],[88.071,21.925],[88.076,21.926],[88.081,21.932],[88.088,21.933],[88.094,21.949],[88.101,21.959],[88.111,21.972],[88.122,21.988],[88.13,22.005],[88.143,22.021],[88.141,22.026]]],[[[88.866,22.167],[88.853,22.17],[88.848,22.167],[88.85,22.162],[88.856,22.158],[88.856,22.151],[88.86,22.148],[88.857,22.14],[88.848,22.138],[88.843,22.133],[88.835,22.13],[88.832,22.126],[88.842,22.124],[88.846,22.121],[88.85,22.114],[88.85,22.108],[88.854,22.101],[88.863,22.093],[88.872,22.088],[88.883,22.086],[88.896,22.091],[88.908,22.087],[88.917,22.091],[88.923,22.1],[88.923,22.109],[88.918,22.117],[88.908,22.127],[88.902,22.137],[88.9,22.148],[88.886,22.165],[88.881,22.167],[88.866,22.167]]],[[[88.856,21.865],[88.846,21.858],[88.839,21.849],[88.838,21.836],[88.841,21.815],[88.841,21.808],[88.839,21.792],[88.835,21.782],[88.843,21.779],[88.855,21.78],[88.862,21.778],[88.875,21.769],[88.879,21.759],[88.879,21.749],[88.898,21.738],[88.906,21.731],[88.913,21.728],[88.922,21.743],[88.918,21.747],[88.899,21.747],[88.893,21.751],[88.891,21.763],[88.896,21.776],[88.897,21.782],[88.886,21.792],[88.882,21.798],[88.88,21.808],[88.883,21.814],[88.879,21.82],[88.88,21.829],[88.875,21.846],[88.877,21.852],[88.861,21.854],[88.856,21.857],[88.856,21.865]]],[[[88.545,21.81],[88.541,21.811],[88.529,21.802],[88.516,21.79],[88.51,21.783],[88.505,21.773],[88.504,21.751],[88.512,21.735],[88.516,21.73],[88.518,21.721],[88.525,21.718],[88.53,21.724],[88.533,21.731],[88.542,21.738],[88.553,21.737],[88.561,21.731],[88.573,21.736],[88.572,21.747],[88.562,21.76],[88.563,21.776],[88.573,21.786],[88.569,21.794],[88.561,21.803],[88.553,21.808],[88.545,21.81]]],[[[88.66,22.019],[88.653,22.019],[88.647,22.011],[88.647,22.006],[88.641,22],[88.635,21.996],[88.632,21.986],[88.628,21.968],[88.629,21.957],[88.632,21.953],[88.638,21.951],[88.643,21.954],[88.657,21.954],[88.663,21.952],[88.678,21.943],[88.685,21.951],[88.692,21.956],[88.694,21.964],[88.692,21.97],[88.702,21.986],[88.713,21.996],[88.716,22.001],[88.706,22.002],[88.698,22.006],[88.692,22.011],[88.681,22.015],[88.674,22.019],[88.664,22.017],[88.66,22.019]]],[[[88.412,21.731],[88.402,21.738],[88.4,21.743],[88.401,21.75],[88.395,21.755],[88.391,21.739],[88.387,21.734],[88.37,21.729],[88.371,21.724],[88.386,21.726],[88.395,21.725],[88.402,21.72],[88.404,21.711],[88.399,21.699],[88.383,21.686],[88.38,21.681],[88.382,21.665],[88.381,21.662],[88.385,21.655],[88.387,21.647],[88.384,21.637],[88.383,21.63],[88.389,21.625],[88.39,21.619],[88.387,21.613],[88.393,21.603],[88.402,21.596],[88.407,21.6],[88.406,21.608],[88.408,21.617],[88.413,21.621],[88.424,21.619],[88.43,21.623],[88.432,21.628],[88.425,21.639],[88.418,21.644],[88.413,21.654],[88.411,21.66],[88.414,21.671],[88.412,21.68],[88.413,21.691],[88.418,21.697],[88.426,21.699],[88.429,21.703],[88.424,21.711],[88.422,21.719],[88.412,21.731]]],[[[88.546,21.736],[88.535,21.732],[88.531,21.724],[88.526,21.717],[88.521,21.717],[88.517,21.712],[88.523,21.697],[88.527,21.692],[88.527,21.688],[88.531,21.677],[88.533,21.666],[88.528,21.656],[88.531,21.65],[88.541,21.64],[88.552,21.637],[88.551,21.644],[88.555,21.652],[88.568,21.665],[88.569,21.677],[88.565,21.687],[88.566,21.693],[88.577,21.693],[88.58,21.685],[88.591,21.691],[88.586,21.699],[88.588,21.705],[88.586,21.711],[88.577,21.719],[88.573,21.726],[88.571,21.733],[88.559,21.73],[88.555,21.735],[88.546,21.736]]],[[[88.537,21.639],[88.53,21.645],[88.525,21.653],[88.52,21.644],[88.52,21.636],[88.524,21.627],[88.512,21.609],[88.51,21.601],[88.514,21.598],[88.524,21.596],[88.537,21.588],[88.543,21.573],[88.544,21.567],[88.55,21.564],[88.558,21.569],[88.566,21.569],[88.576,21.574],[88.581,21.58],[88.587,21.588],[88.588,21.601],[88.584,21.611],[88.572,21.623],[88.558,21.632],[88.548,21.632],[88.537,21.639]]],[[[88.622,21.898],[88.614,21.893],[88.603,21.876],[88.595,21.856],[88.597,21.851],[88.606,21.846],[88.61,21.836],[88.619,21.834],[88.622,21.83],[88.62,21.824],[88.612,21.818],[88.619,21.806],[88.619,21.8],[88.622,21.793],[88.628,21.788],[88.639,21.785],[88.643,21.789],[88.642,21.806],[88.646,21.822],[88.649,21.833],[88.65,21.845],[88.649,21.854],[88.653,21.869],[88.646,21.871],[88.632,21.872],[88.635,21.877],[88.627,21.887],[88.627,21.894],[88.622,21.898]]],[[[88.984,21.706],[88.972,21.698],[88.966,21.7],[88.952,21.701],[88.954,21.679],[88.958,21.676],[88.963,21.663],[88.963,21.65],[88.965,21.644],[88.971,21.642],[88.978,21.645],[88.988,21.646],[88.993,21.643],[88.998,21.622],[88.998,21.605],[89,21.602],[89.017,21.602],[89.029,21.605],[89.037,21.615],[89.036,21.624],[89.025,21.632],[89.021,21.642],[89.022,21.655],[89.017,21.655],[89.011,21.651],[88.994,21.649],[88.988,21.653],[88.987,21.665],[88.993,21.671],[88.992,21.68],[88.993,21.687],[88.989,21.693],[88.989,21.702],[88.984,21.706]]],[[[88.724,21.932],[88.718,21.924],[88.717,21.919],[88.72,21.909],[88.729,21.9],[88.741,21.901],[88.751,21.896],[88.751,21.889],[88.757,21.887],[88.758,21.88],[88.772,21.878],[88.777,21.869],[88.786,21.879],[88.788,21.879],[88.793,21.878],[88.793,21.873],[88.787,21.867],[88.793,21.867],[88.797,21.877],[88.808,21.884],[88.809,21.895],[88.814,21.903],[88.808,21.909],[88.799,21.92],[88.793,21.917],[88.781,21.92],[88.775,21.924],[88.754,21.927],[88.744,21.919],[88.74,21.918],[88.732,21.92],[88.724,21.932]]],[[[88.311,21.706],[88.305,21.708],[88.301,21.702],[88.312,21.688],[88.316,21.678],[88.317,21.665],[88.313,21.65],[88.307,21.637],[88.306,21.629],[88.308,21.611],[88.312,21.608],[88.32,21.611],[88.323,21.616],[88.337,21.621],[88.348,21.636],[88.354,21.649],[88.346,21.662],[88.35,21.666],[88.351,21.678],[88.346,21.689],[88.329,21.705],[88.311,21.706]]],[[[88.459,21.789],[88.454,21.791],[88.448,21.798],[88.443,21.794],[88.441,21.786],[88.436,21.777],[88.425,21.77],[88.423,21.766],[88.427,21.755],[88.423,21.742],[88.43,21.726],[88.427,21.721],[88.427,21.715],[88.433,21.704],[88.441,21.71],[88.455,21.711],[88.457,21.713],[88.457,21.726],[88.462,21.727],[88.467,21.737],[88.466,21.748],[88.469,21.753],[88.47,21.773],[88.475,21.791],[88.467,21.793],[88.464,21.789],[88.459,21.789]]],[[[88.454,21.709],[88.443,21.709],[88.437,21.706],[88.429,21.696],[88.42,21.69],[88.419,21.683],[88.421,21.673],[88.421,21.651],[88.437,21.634],[88.442,21.623],[88.441,21.617],[88.451,21.621],[88.452,21.627],[88.459,21.642],[88.459,21.649],[88.463,21.655],[88.466,21.669],[88.471,21.674],[88.458,21.703],[88.454,21.709]]],[[[88.774,21.648],[88.77,21.656],[88.754,21.649],[88.749,21.646],[88.736,21.645],[88.73,21.641],[88.73,21.634],[88.736,21.624],[88.735,21.615],[88.738,21.61],[88.753,21.605],[88.758,21.601],[88.757,21.596],[88.75,21.592],[88.749,21.579],[88.752,21.577],[88.764,21.576],[88.776,21.58],[88.788,21.581],[88.796,21.587],[88.798,21.592],[88.794,21.6],[88.774,21.62],[88.771,21.635],[88.775,21.643],[88.774,21.648]]],[[[88.835,21.607],[88.831,21.604],[88.832,21.59],[88.828,21.577],[88.836,21.56],[88.842,21.555],[88.854,21.55],[88.875,21.549],[88.892,21.55],[88.9,21.552],[88.904,21.559],[88.893,21.579],[88.88,21.586],[88.876,21.592],[88.858,21.598],[88.842,21.601],[88.835,21.607]]],[[[88.789,21.879],[88.784,21.874],[88.777,21.865],[88.782,21.862],[88.78,21.857],[88.772,21.854],[88.766,21.831],[88.769,21.827],[88.786,21.826],[88.794,21.813],[88.796,21.802],[88.791,21.793],[88.795,21.791],[88.812,21.809],[88.821,21.825],[88.822,21.841],[88.828,21.857],[88.829,21.863],[88.825,21.865],[88.823,21.871],[88.817,21.871],[88.808,21.867],[88.804,21.867],[88.799,21.871],[88.789,21.863],[88.786,21.868],[88.792,21.873],[88.789,21.879]]],[[[88.205,21.721],[88.203,21.722],[88.188,21.708],[88.181,21.689],[88.183,21.672],[88.189,21.653],[88.193,21.644],[88.195,21.633],[88.2,21.624],[88.205,21.61],[88.21,21.613],[88.211,21.618],[88.214,21.625],[88.232,21.641],[88.227,21.66],[88.228,21.665],[88.225,21.671],[88.216,21.67],[88.204,21.673],[88.2,21.675],[88.194,21.688],[88.198,21.694],[88.217,21.701],[88.214,21.709],[88.21,21.712],[88.205,21.721]]],[[[88.803,22.085],[88.802,22.093],[88.798,22.099],[88.8,22.107],[88.796,22.109],[88.784,22.107],[88.779,22.103],[88.776,22.095],[88.771,22.086],[88.758,22.079],[88.748,22.059],[88.753,22.056],[88.764,22.053],[88.772,22.055],[88.781,22.049],[88.785,22.059],[88.79,22.061],[88.792,22.056],[88.798,22.057],[88.802,22.064],[88.806,22.066],[88.811,22.062],[88.818,22.063],[88.826,22.071],[88.836,22.07],[88.831,22.083],[88.827,22.086],[88.815,22.081],[88.807,22.082],[88.803,22.085]]],[[[88.745,21.98],[88.728,21.979],[88.725,21.978],[88.723,21.967],[88.724,21.95],[88.722,21.943],[88.733,21.925],[88.741,21.922],[88.747,21.927],[88.754,21.93],[88.762,21.931],[88.776,21.928],[88.789,21.92],[88.799,21.926],[88.805,21.932],[88.805,21.938],[88.799,21.94],[88.792,21.939],[88.787,21.943],[88.787,21.951],[88.784,21.952],[88.779,21.943],[88.776,21.941],[88.766,21.946],[88.76,21.951],[88.75,21.955],[88.749,21.959],[88.755,21.975],[88.745,21.98]]],[[[88.927,21.762],[88.926,21.757],[88.929,21.748],[88.931,21.736],[88.923,21.721],[88.947,21.706],[88.95,21.702],[88.967,21.702],[88.972,21.699],[88.984,21.706],[88.971,21.718],[88.969,21.723],[88.977,21.734],[88.987,21.74],[88.983,21.746],[88.97,21.739],[88.965,21.743],[88.965,21.75],[88.948,21.758],[88.933,21.762],[88.927,21.762]]],[[[88.422,21.811],[88.417,21.808],[88.412,21.804],[88.401,21.795],[88.395,21.789],[88.383,21.78],[88.383,21.777],[88.394,21.764],[88.396,21.756],[88.401,21.753],[88.403,21.748],[88.401,21.744],[88.404,21.738],[88.413,21.733],[88.423,21.72],[88.425,21.729],[88.421,21.744],[88.425,21.753],[88.421,21.762],[88.423,21.771],[88.434,21.78],[88.44,21.789],[88.441,21.801],[88.433,21.799],[88.427,21.804],[88.426,21.809],[88.422,21.811]]],[[[88.562,21.897],[88.548,21.904],[88.543,21.904],[88.541,21.9],[88.549,21.892],[88.55,21.881],[88.549,21.877],[88.541,21.87],[88.543,21.862],[88.543,21.856],[88.531,21.849],[88.534,21.834],[88.545,21.826],[88.548,21.818],[88.553,21.818],[88.553,21.827],[88.563,21.831],[88.567,21.845],[88.573,21.859],[88.573,21.872],[88.576,21.884],[88.574,21.894],[88.571,21.901],[88.562,21.897]]],[[[88.498,21.6],[88.493,21.598],[88.486,21.588],[88.483,21.572],[88.481,21.567],[88.481,21.555],[88.488,21.551],[88.494,21.55],[88.497,21.545],[88.504,21.544],[88.506,21.541],[88.519,21.54],[88.531,21.542],[88.529,21.555],[88.533,21.561],[88.53,21.572],[88.534,21.578],[88.53,21.583],[88.514,21.589],[88.503,21.594],[88.498,21.6]]],[[[88.787,21.745],[88.789,21.75],[88.783,21.759],[88.782,21.767],[88.785,21.773],[88.796,21.786],[88.788,21.794],[88.789,21.798],[88.794,21.802],[88.794,21.81],[88.785,21.824],[88.782,21.825],[88.776,21.816],[88.775,21.806],[88.771,21.799],[88.765,21.784],[88.759,21.78],[88.75,21.769],[88.76,21.766],[88.764,21.758],[88.756,21.75],[88.754,21.743],[88.757,21.733],[88.777,21.731],[88.786,21.736],[88.784,21.742],[88.787,21.745]]],[[[88.818,22.123],[88.809,22.126],[88.806,22.125],[88.799,22.112],[88.802,22.103],[88.8,22.099],[88.804,22.093],[88.806,22.085],[88.813,22.082],[88.828,22.088],[88.833,22.083],[88.838,22.073],[88.842,22.073],[88.851,22.079],[88.866,22.081],[88.867,22.089],[88.858,22.095],[88.85,22.103],[88.847,22.117],[88.843,22.122],[88.83,22.125],[88.818,22.123]]],[[[88.807,21.707],[88.792,21.703],[88.779,21.696],[88.765,21.693],[88.76,21.683],[88.744,21.683],[88.741,21.689],[88.737,21.688],[88.731,21.686],[88.732,21.683],[88.749,21.673],[88.759,21.663],[88.771,21.666],[88.777,21.664],[88.789,21.658],[88.797,21.656],[88.802,21.658],[88.807,21.664],[88.807,21.673],[88.81,21.683],[88.81,21.704],[88.807,21.707]]],[[[88.941,21.847],[88.935,21.845],[88.933,21.837],[88.925,21.835],[88.927,21.823],[88.937,21.823],[88.939,21.817],[88.935,21.814],[88.929,21.8],[88.92,21.792],[88.924,21.788],[88.92,21.775],[88.92,21.769],[88.926,21.767],[88.949,21.764],[88.961,21.773],[88.96,21.776],[88.945,21.779],[88.94,21.783],[88.939,21.789],[88.948,21.805],[88.954,21.808],[88.963,21.806],[88.969,21.803],[88.972,21.805],[88.975,21.823],[88.961,21.823],[88.954,21.826],[88.947,21.839],[88.941,21.847]]],[[[89,21.785],[88.99,21.789],[88.987,21.787],[88.975,21.775],[88.967,21.772],[88.963,21.766],[88.952,21.757],[88.962,21.755],[88.967,21.75],[88.966,21.743],[88.97,21.74],[88.984,21.748],[88.988,21.746],[88.989,21.74],[88.978,21.731],[88.977,21.729],[88.994,21.723],[89,21.717],[89.005,21.716],[89.015,21.719],[89.015,21.727],[89.012,21.735],[89.004,21.742],[88.999,21.752],[88.997,21.764],[88.997,21.771],[89.007,21.776],[89.012,21.78],[89.007,21.783],[89,21.785]]],[[[88.365,21.764],[88.352,21.764],[88.348,21.761],[88.343,21.754],[88.344,21.742],[88.349,21.727],[88.347,21.721],[88.339,21.714],[88.338,21.71],[88.35,21.694],[88.358,21.687],[88.366,21.687],[88.369,21.693],[88.385,21.701],[88.392,21.706],[88.398,21.713],[88.393,21.718],[88.378,21.718],[88.369,21.719],[88.365,21.722],[88.364,21.73],[88.36,21.734],[88.36,21.745],[88.366,21.756],[88.371,21.76],[88.365,21.764]]],[[[88.916,21.826],[88.903,21.821],[88.895,21.813],[88.886,21.81],[88.884,21.802],[88.891,21.792],[88.898,21.787],[88.901,21.777],[88.896,21.764],[88.895,21.755],[88.898,21.752],[88.906,21.752],[88.913,21.755],[88.912,21.763],[88.919,21.769],[88.918,21.774],[88.923,21.788],[88.918,21.792],[88.928,21.8],[88.927,21.804],[88.932,21.809],[88.933,21.814],[88.937,21.818],[88.935,21.823],[88.92,21.823],[88.916,21.826]]],[[[88.871,22.079],[88.868,22.082],[88.861,22.079],[88.854,22.079],[88.846,22.074],[88.838,22.072],[88.834,22.064],[88.829,22.07],[88.819,22.063],[88.833,22.05],[88.832,22.045],[88.835,22.026],[88.844,22.022],[88.853,22.023],[88.86,22.027],[88.853,22.035],[88.85,22.043],[88.861,22.046],[88.881,22.046],[88.889,22.047],[88.889,22.052],[88.882,22.058],[88.87,22.063],[88.868,22.07],[88.871,22.079]]],[[[88.978,21.727],[88.971,21.721],[88.975,21.717],[88.985,21.711],[88.993,21.7],[88.992,21.693],[88.993,21.683],[88.996,21.673],[88.99,21.665],[88.99,21.655],[88.993,21.651],[89.008,21.652],[89.018,21.661],[89.021,21.671],[89.021,21.679],[89.024,21.687],[89.02,21.699],[89.009,21.702],[89.009,21.709],[89.018,21.71],[89.02,21.715],[89.015,21.718],[89.006,21.715],[88.999,21.716],[88.994,21.722],[88.978,21.727]]],[[[88.729,21.637],[88.72,21.638],[88.713,21.625],[88.708,21.59],[88.714,21.578],[88.726,21.573],[88.741,21.573],[88.747,21.578],[88.747,21.589],[88.757,21.6],[88.751,21.604],[88.736,21.61],[88.733,21.618],[88.734,21.623],[88.729,21.637]]],[[[88.828,21.804],[88.831,21.808],[88.823,21.822],[88.82,21.822],[88.811,21.806],[88.797,21.791],[88.795,21.779],[88.786,21.769],[88.785,21.761],[88.791,21.75],[88.804,21.748],[88.812,21.751],[88.825,21.763],[88.83,21.767],[88.822,21.781],[88.821,21.787],[88.823,21.795],[88.828,21.804]]],[[[88.61,21.79],[88.602,21.79],[88.593,21.785],[88.589,21.78],[88.586,21.757],[88.602,21.748],[88.613,21.746],[88.621,21.74],[88.623,21.732],[88.619,21.726],[88.611,21.721],[88.601,21.718],[88.599,21.714],[88.604,21.709],[88.609,21.708],[88.619,21.717],[88.628,21.733],[88.631,21.741],[88.629,21.754],[88.624,21.766],[88.623,21.773],[88.616,21.788],[88.61,21.79]]],[[[88.932,22.225],[88.926,22.227],[88.921,22.231],[88.916,22.218],[88.918,22.213],[88.916,22.206],[88.909,22.199],[88.909,22.194],[88.924,22.179],[88.931,22.177],[88.936,22.182],[88.944,22.184],[88.94,22.19],[88.944,22.193],[88.952,22.191],[88.961,22.194],[88.961,22.2],[88.956,22.214],[88.954,22.222],[88.932,22.225]]],[[[88.966,21.642],[88.962,21.647],[88.962,21.664],[88.957,21.676],[88.954,21.677],[88.946,21.661],[88.94,21.647],[88.942,21.64],[88.947,21.638],[88.953,21.628],[88.959,21.622],[88.956,21.617],[88.971,21.613],[88.988,21.613],[88.993,21.617],[88.995,21.626],[88.993,21.642],[88.988,21.645],[88.979,21.644],[88.969,21.64],[88.966,21.642]]],[[[88.577,21.692],[88.568,21.689],[88.571,21.677],[88.571,21.666],[88.565,21.658],[88.555,21.647],[88.554,21.641],[88.558,21.635],[88.567,21.634],[88.573,21.631],[88.592,21.618],[88.603,21.621],[88.599,21.641],[88.593,21.654],[88.586,21.658],[88.584,21.673],[88.58,21.679],[88.577,21.692]]],[[[88.592,21.85],[88.586,21.847],[88.581,21.839],[88.576,21.817],[88.585,21.802],[88.589,21.799],[88.597,21.797],[88.613,21.798],[88.615,21.8],[88.612,21.809],[88.608,21.813],[88.609,21.821],[88.618,21.826],[88.616,21.831],[88.605,21.836],[88.604,21.843],[88.601,21.847],[88.592,21.85]]],[[[89.005,21.765],[89,21.764],[89.002,21.75],[89.005,21.744],[89.015,21.734],[89.018,21.727],[89.017,21.718],[89.021,21.717],[89.038,21.723],[89.058,21.725],[89.056,21.73],[89.039,21.742],[89.025,21.757],[89.013,21.765],[89.005,21.765]]],[[[88.64,21.922],[88.636,21.921],[88.632,21.912],[88.623,21.901],[88.629,21.894],[88.629,21.884],[88.636,21.879],[88.633,21.872],[88.641,21.874],[88.648,21.872],[88.653,21.873],[88.653,21.881],[88.656,21.886],[88.66,21.898],[88.665,21.904],[88.667,21.913],[88.654,21.917],[88.65,21.917],[88.64,21.922]]],[[[88.812,22.061],[88.806,22.064],[88.802,22.058],[88.798,22.055],[88.792,22.055],[88.787,22.059],[88.785,22.047],[88.781,22.043],[88.78,22.038],[88.786,22.037],[88.795,22.031],[88.806,22.033],[88.811,22.03],[88.813,22.025],[88.823,22.027],[88.832,22.027],[88.831,22.04],[88.831,22.051],[88.819,22.061],[88.812,22.061]]],[[[88.302,21.725],[88.306,21.732],[88.303,21.753],[88.299,21.767],[88.289,21.778],[88.287,21.772],[88.285,21.753],[88.277,21.739],[88.278,21.728],[88.284,21.723],[88.29,21.711],[88.295,21.707],[88.302,21.71],[88.301,21.714],[88.302,21.725]]],[[[88.697,21.713],[88.694,21.699],[88.69,21.688],[88.687,21.684],[88.696,21.674],[88.701,21.666],[88.706,21.665],[88.713,21.652],[88.725,21.638],[88.737,21.646],[88.746,21.646],[88.75,21.651],[88.741,21.654],[88.721,21.671],[88.713,21.676],[88.703,21.687],[88.7,21.695],[88.697,21.713]]],[[[88.485,21.835],[88.478,21.835],[88.471,21.825],[88.456,21.819],[88.45,21.811],[88.453,21.806],[88.46,21.801],[88.486,21.799],[88.5,21.813],[88.498,21.823],[88.492,21.829],[88.489,21.835],[88.485,21.835]]],[[[88.903,22.045],[88.903,22.05],[88.887,22.058],[88.892,22.049],[88.888,22.045],[88.875,22.043],[88.854,22.043],[88.853,22.04],[88.864,22.029],[88.871,22.028],[88.877,22.015],[88.892,22.015],[88.902,22.019],[88.902,22.025],[88.9,22.037],[88.903,22.045]]],[[[88.582,21.778],[88.578,21.777],[88.569,21.769],[88.58,21.756],[88.584,21.745],[88.58,21.726],[88.592,21.719],[88.598,21.723],[88.616,21.727],[88.62,21.731],[88.62,21.737],[88.616,21.741],[88.598,21.747],[88.587,21.752],[88.584,21.761],[88.585,21.775],[88.582,21.778]]],[[[88.862,22.399],[88.856,22.395],[88.856,22.387],[88.859,22.382],[88.861,22.371],[88.865,22.367],[88.874,22.363],[88.881,22.354],[88.893,22.346],[88.899,22.337],[88.903,22.347],[88.899,22.358],[88.898,22.364],[88.894,22.368],[88.884,22.372],[88.875,22.387],[88.868,22.39],[88.865,22.399],[88.862,22.399]]],[[[88.782,22.5],[88.781,22.494],[88.791,22.483],[88.794,22.474],[88.801,22.461],[88.804,22.444],[88.816,22.433],[88.821,22.437],[88.827,22.447],[88.825,22.449],[88.815,22.45],[88.812,22.454],[88.813,22.471],[88.81,22.481],[88.8,22.486],[88.795,22.496],[88.792,22.499],[88.782,22.5]]],[[[88.818,21.901],[88.815,21.9],[88.81,21.893],[88.809,21.882],[88.803,21.879],[88.801,21.87],[88.808,21.868],[88.819,21.872],[88.823,21.872],[88.826,21.867],[88.831,21.866],[88.839,21.878],[88.841,21.887],[88.834,21.895],[88.826,21.899],[88.818,21.901]]],[[[89,21.812],[88.994,21.811],[88.994,21.802],[88.99,21.79],[89.01,21.784],[89.013,21.779],[89.011,21.776],[88.998,21.77],[89,21.766],[89.015,21.766],[89.023,21.76],[89.018,21.773],[89.015,21.786],[89.014,21.798],[89.017,21.812],[89.008,21.811],[89,21.812]]],[[[88.764,22.052],[88.754,22.053],[88.752,22.049],[88.759,22.035],[88.762,22.021],[88.778,22.02],[88.791,22.029],[88.79,22.033],[88.78,22.037],[88.78,22.046],[88.775,22.05],[88.764,22.052]]],[[[88.385,21.764],[88.381,21.767],[88.373,21.764],[88.366,21.752],[88.361,21.747],[88.361,21.735],[88.364,21.732],[88.372,21.737],[88.381,21.737],[88.387,21.742],[88.39,21.759],[88.385,21.764]]],[[[88.751,21.795],[88.748,21.812],[88.741,21.805],[88.738,21.799],[88.731,21.796],[88.728,21.792],[88.728,21.78],[88.734,21.779],[88.736,21.775],[88.746,21.772],[88.749,21.777],[88.756,21.78],[88.752,21.788],[88.751,21.795]]],[[[88.904,22.084],[88.897,22.089],[88.892,22.089],[88.881,22.084],[88.871,22.087],[88.872,22.077],[88.87,22.066],[88.872,22.063],[88.883,22.059],[88.891,22.06],[88.893,22.073],[88.895,22.077],[88.904,22.084]]],[[[88.592,21.694],[88.592,21.691],[88.581,21.684],[88.587,21.668],[88.589,21.657],[88.597,21.663],[88.604,21.671],[88.606,21.68],[88.602,21.686],[88.592,21.694]]],[[[88.135,21.927],[88.122,21.924],[88.116,21.918],[88.117,21.914],[88.129,21.899],[88.134,21.902],[88.145,21.915],[88.135,21.927]]],[[[88.178,21.601],[88.17,21.6],[88.168,21.592],[88.171,21.585],[88.172,21.574],[88.174,21.567],[88.18,21.561],[88.187,21.56],[88.186,21.577],[88.189,21.582],[88.184,21.584],[88.178,21.592],[88.178,21.601]]],[[[88.505,21.913],[88.489,21.91],[88.478,21.903],[88.477,21.898],[88.49,21.889],[88.499,21.896],[88.509,21.91],[88.505,21.913]]],[[[88.274,21.791],[88.264,21.793],[88.265,21.788],[88.274,21.776],[88.284,21.77],[88.288,21.781],[88.283,21.789],[88.274,21.791]]],[[[88.759,21.999],[88.758,22.007],[88.752,21.999],[88.743,21.99],[88.745,21.983],[88.753,21.988],[88.759,21.999]]],[[[88.634,21.657],[88.634,21.659],[88.639,21.668],[88.641,21.677],[88.635,21.675],[88.63,21.665],[88.628,21.653],[88.634,21.652],[88.634,21.657]]],[[[88.163,21.937],[88.16,21.929],[88.165,21.916],[88.17,21.921],[88.172,21.929],[88.169,21.934],[88.163,21.937]]],[[[88.722,22.099],[88.709,22.095],[88.692,22.086],[88.695,22.079],[88.706,22.09],[88.72,22.096],[88.722,22.099]]],[[[88.52,21.855],[88.522,21.846],[88.516,21.839],[88.523,21.835],[88.528,21.84],[88.526,21.85],[88.52,21.855]]],[[[88.171,21.809],[88.167,21.807],[88.165,21.8],[88.167,21.792],[88.17,21.791],[88.174,21.801],[88.171,21.809]]],[[[88.632,22.062],[88.628,22.061],[88.63,22.052],[88.636,22.049],[88.632,22.062]]],[[[88.452,21.906],[88.457,21.913],[88.444,21.91],[88.446,21.906],[88.452,21.906]]],[[[88.201,21.769],[88.194,21.763],[88.196,21.757],[88.202,21.761],[88.201,21.769]]],[[[88.729,22.114],[88.736,22.124],[88.73,22.124],[88.729,22.114]]]]},"properties":{"zone":"IV"}}
]}