{"type":"FeatureCollection", "features": [
{"type":"Feature","geometry":{"type":"Polygon","coordinates":[[[76.684,33.136],[76.644,33.155],[76.512,33.086],[76.512,33.172],[76.397,33.125],[76.252,33.006],[76.174,32.998],[76.015,32.89],[75.867,32.898],[75.897,32.805],[75.92,32.778],[76.089,32.793],[76.143,32.896],[76.261,32.873],[76.281,32.469],[76.186,32.437],[76.192,32.343],[76.423,32.2],[76.619,32.176],[76.918,32.037],[76.801,32.2],[76.789,32.256],[76.807,32.431],[76.687,32.619],[76.714,32.745],[76.741,32.828],[76.876,32.867],[76.909,33],[76.684,33.136]],[[76.685,32.901],[76.671,32.978],[76.755,32.993],[76.831,32.939],[76.798,32.908],[76.735,32.939],[76.685,32.901]],[[76.558,32.825],[76.573,32.904],[76.659,32.864],[76.558,32.825]],[[76.652,32.374],[76.639,32.41],[76.741,32.438],[76.76,32.401],[76.652,32.374]]]},"properties":{"DOMSOI":"I"}},
{"type":"Feature","geometry":{"type":"Polygon","coordinates":[[[76.644,33.155],[76.512,33.172],[76.512,33.086],[76.644,33.155]]]},"properties":{"DOMSOI":"GL"}},
{"type":"Feature","geometry":{"type":"Polygon","coordinates":[[[77.012,32.963],[76.954,33.044],[76.761,33.159],[76.684,33.136],[76.909,33],[76.876,32.867],[76.741,32.828],[76.714,32.745],[76.888,32.83],[76.916,32.699],[77.054,32.723],[76.977,32.9],[77.012,32.963]]]},"properties":{"DOMSOI":"GL"}},
{"type":"Feature","geometry":{"type":"Polygon","coordinates":[[[76.685,32.901],[76.735,32.939],[76.798,32.908],[76.831,32.939],[76.755,32.993],[76.671,32.978],[76.685,32.901]]]},"properties":{"DOMSOI":"GL"}},
{"type":"Feature","geometry":{"type":"Polygon","coordinates":[[[78.009,32.629],[77.935,32.682],[77.805,32.879],[77.771,32.981],[77.637,32.888],[77.472,32.827],[77.275,32.842],[77.012,32.963],[76.977,32.9],[77.054,32.723],[76.916,32.699],[76.888,32.83],[76.714,32.745],[76.687,32.619],[76.845,32.565],[76.905,32.501],[77.058,32.459],[77.016,32.391],[76.807,32.431],[76.789,32.256],[76.871,32.236],[76.849,32.181],[76.801,32.2],[76.918,32.037],[77.122,32.092],[77.262,31.985],[77.268,31.893],[77.202,31.699],[77.212,31.618],[77.308,31.519],[77.464,31.492],[77.769,31.543],[77.905,31.617],[78.052,31.717],[78.01,31.84],[78.147,31.937],[78.381,31.937],[78.539,32.117],[78.499,32.156],[78.411,32.236],[78.454,32.377],[78.456,32.396],[78.368,32.471],[78.266,32.353],[78.139,32.358],[78.104,32.474],[78.305,32.559],[78.309,32.562],[78.347,32.634],[78.301,32.718],[78.107,32.647],[78.112,32.593],[78.066,32.575],[78.045,32.633],[78.041,32.631],[78.019,32.587],[77.993,32.592],[78.009,32.629]],[[77.626,32.574],[77.605,32.725],[77.771,32.645],[77.626,32.574]],[[77.55,32.339],[77.319,32.391],[77.347,32.742],[77.482,32.616],[77.473,32.511],[77.55,32.339]],[[77.92,31.897],[77.789,31.917],[77.685,32.029],[77.514,32.099],[77.405,32.085],[77.301,32.271],[77.354,32.301],[77.69,32.212],[77.873,32.089],[77.92,31.897]],[[77.92,31.774],[77.816,31.811],[77.846,31.851],[77.933,31.815],[77.92,31.774]],[[77.598,31.678],[77.62,31.853],[77.512,31.863],[77.523,31.985],[77.777,31.857],[77.807,31.729],[77.598,31.678]]]},"properties":{"DOMSOI":"Be"}},
{"type":"Feature","geometry":{"type":"Polygon","coordinates":[[[75.92,32.778],[75.898,32.594],[75.992,32.548],[76.009,32.416],[75.931,32.317],[76.088,32.279],[76.222,32.131],[76.293,32.203],[76.423,32.2],[76.192,32.343],[76.186,32.437],[76.281,32.469],[76.261,32.873],[76.143,32.896],[76.089,32.793],[75.92,32.778]]]},"properties":{"DOMSOI":"Be"}},
{"type":"Feature","geometry":{"type":"Polygon","coordinates":[[[76.558,32.825],[76.659,32.864],[76.573,32.904],[76.558,32.825]]]},"properties":{"DOMSOI":"GL"}},
{"type":"Feature","geometry":{"type":"Polygon","coordinates":[[[75.897,32.805],[75.867,32.898],[75.839,32.867],[75.897,32.805]]]},"properties":{"DOMSOI":"Be"}},
{"type":"Feature","geometry":{"type":"Polygon","coordinates":[[[78.39,32.667],[78.301,32.718],[78.347,32.634],[78.39,32.667]]]},"properties":{"DOMSOI":"I"}},
{"type":"Feature","geometry":{"type":"Polygon","coordinates":[[[77.55,32.339],[77.473,32.511],[77.482,32.616],[77.347,32.742],[77.319,32.391],[77.55,32.339]]]},"properties":{"DOMSOI":"GL"}},
{"type":"Feature","geometry":{"type":"Polygon","coordinates":[[[77.626,32.574],[77.771,32.645],[77.605,32.725],[77.626,32.574]]]},"properties":{"DOMSOI":"GL"}},
{"type":"Feature","geometry":{"type":"Polygon","coordinates":[[[78.39,32.667],[78.347,32.634],[78.309,32.562],[78.39,32.667]]]},"properties":{"DOMSOI":"GL"}},
{"type":"Feature","geometry":{"type":"Polygon","coordinates":[[[78.107,32.647],[78.045,32.633],[78.066,32.575],[78.112,32.593],[78.107,32.647]]]},"properties":{"DOMSOI":"GL"}},
{"type":"Feature","geometry":{"type":"Polygon","coordinates":[[[76.687,32.619],[76.807,32.431],[77.016,32.391],[77.058,32.459],[76.905,32.501],[76.845,32.565],[76.687,32.619]]]},"properties":{"DOMSOI":"GL"}},
{"type":"Feature","geometry":{"type":"Polygon","coordinates":[[[78.041,32.631],[78.009,32.629],[77.993,32.592],[78.019,32.587],[78.041,32.631]]]},"properties":{"DOMSOI":"GL"}},
{"type":"Feature","geometry":{"type":"Polygon","coordinates":[[[75.898,32.594],[75.768,32.468],[75.822,32.4],[75.7,32.273],[75.797,31.895],[75.888,31.891],[76.34,31.247],[76.481,30.963],[76.733,30.912],[76.858,30.857],[76.836,31.018],[76.599,31.247],[76.188,31.733],[75.899,32.143],[75.931,32.317],[76.009,32.416],[75.992,32.548],[75.898,32.594]]]},"properties":{"DOMSOI":"Lo"}},
{"type":"Feature","geometry":{"type":"Polygon","coordinates":[[[78.456,32.396],[78.408,32.518],[78.305,32.559],[78.104,32.474],[78.139,32.358],[78.266,32.353],[78.368,32.471],[78.456,32.396]]]},"properties":{"DOMSOI":"GL"}},
{"type":"Feature","geometry":{"type":"Polygon","coordinates":[[[75.358,32.303],[75.306,32.149],[74.963,32.032],[74.821,32.022],[74.543,31.82],[74.517,31.732],[74.874,31.927],[75.261,32.08],[75.7,32.273],[75.822,32.4],[75.768,32.468],[75.696,32.402],[75.448,32.332],[75.358,32.303]]]},"properties":{"DOMSOI":"Jc"}},
{"type":"Feature","geometry":{"type":"Polygon","coordinates":[[[76.652,32.374],[76.76,32.401],[76.741,32.438],[76.639,32.41],[76.652,32.374]]]},"properties":{"DOMSOI":"GL"}},
{"type":"Feature","geometry":{"type":"Polygon","coordinates":[[[77.92,31.897],[77.873,32.089],[77.69,32.212],[77.354,32.301],[77.301,32.271],[77.405,32.085],[77.514,32.099],[77.685,32.029],[77.789,31.917],[77.92,31.897]]]},"properties":{"DOMSOI":"GL"}},
{"type":"Feature","geometry":{"type":"Polygon","coordinates":[[[78.499,32.156],[78.454,32.377],[78.411,32.236],[78.499,32.156]]]},"properties":{"DOMSOI":"GL"}},
{"type":"Feature","geometry":{"type":"Polygon","coordinates":[[[75.448,32.332],[75.374,32.327],[75.358,32.303],[75.448,32.332]]]},"properties":{"DOMSOI":"Be"}},
{"type":"Feature","geometry":{"type":"Polygon","coordinates":[[[76.222,32.131],[76.088,32.279],[75.931,32.317],[75.899,32.143],[76.188,31.733],[76.599,31.247],[76.836,31.018],[76.785,31.29],[76.566,31.682],[76.473,31.883],[76.222,32.131]]]},"properties":{"DOMSOI":"Re"}},
{"type":"Feature","geometry":{"type":"Polygon","coordinates":[[[75.7,32.273],[75.261,32.08],[75.353,32.048],[75.488,31.865],[75.514,31.757],[75.638,31.443],[75.78,31.309],[76.125,31.159],[76.342,31.022],[76.098,31.383],[75.831,31.737],[75.797,31.895],[75.7,32.273]]]},"properties":{"DOMSOI":"Jc"}},
{"type":"Feature","geometry":{"type":"Polygon","coordinates":[[[76.789,32.256],[76.801,32.2],[76.849,32.181],[76.871,32.236],[76.789,32.256]]]},"properties":{"DOMSOI":"GL"}},
{"type":"Feature","geometry":{"type":"Polygon","coordinates":[[[76.423,32.2],[76.293,32.203],[76.222,32.131],[76.473,31.883],[76.566,31.682],[76.785,31.29],[76.962,31.24],[77.048,31.258],[77.119,31.359],[76.944,31.759],[76.881,31.858],[76.423,32.2]]]},"properties":{"DOMSOI":"Be"}},
{"type":"Feature","geometry":{"type":"Polygon","coordinates":[[[76.918,32.037],[76.619,32.176],[76.423,32.2],[76.881,31.858],[76.944,31.759],[77.119,31.359],[77.174,31.286],[77.265,30.83],[77.346,30.709],[77.501,30.609],[77.907,30.484],[78.144,30.321],[78.499,29.979],[78.784,29.743],[79.085,29.624],[79.263,29.44],[79.579,29.184],[79.713,29.115],[80.123,29.036],[80.257,29.145],[80.307,29.311],[80.241,29.44],[80.404,29.592],[80.374,29.744],[80.462,29.796],[80.424,29.87],[80.348,29.966],[80.188,29.908],[80.059,29.916],[79.838,30.049],[79.716,30.014],[79.548,30.029],[79.445,30.128],[79.552,30.257],[79.546,30.329],[79.302,30.387],[79.153,30.49],[79.022,30.389],[78.886,30.409],[78.67,30.679],[78.589,30.726],[78.418,30.728],[78.198,30.831],[78.158,30.919],[78.229,30.993],[77.985,31.134],[77.86,31.166],[77.845,31.291],[77.917,31.416],[77.905,31.617],[77.769,31.543],[77.464,31.492],[77.308,31.519],[77.212,31.618],[77.202,31.699],[77.268,31.893],[77.262,31.985],[77.122,32.092],[76.918,32.037]]]},"properties":{"DOMSOI":"Bd"}},
{"type":"Feature","geometry":{"type":"Polygon","coordinates":[[[78.689,31.988],[78.539,32.117],[78.381,31.937],[78.264,31.9],[78.312,31.743],[78.193,31.673],[78.052,31.717],[77.905,31.617],[77.917,31.416],[77.845,31.291],[77.86,31.166],[77.985,31.134],[78.229,30.993],[78.158,30.919],[78.198,30.831],[78.418,30.728],[78.589,30.726],[78.67,30.679],[78.886,30.409],[79.022,30.389],[79.153,30.49],[79.302,30.387],[79.546,30.329],[79.552,30.257],[79.445,30.128],[79.548,30.029],[79.716,30.014],[79.838,30.049],[80.059,29.916],[80.188,29.908],[80.348,29.966],[80.424,29.87],[80.551,29.868],[80.931,30.183],[81.003,30.198],[80.947,30.215],[80.955,30.235],[81.014,30.236],[80.799,30.329],[80.752,30.395],[80.274,30.571],[80.278,30.531],[80.468,30.283],[80.364,30.221],[80.322,30.354],[80.212,30.432],[80.196,30.6],[80.052,30.714],[79.98,30.86],[79.898,30.815],[79.91,30.916],[79.776,30.984],[79.708,30.918],[79.716,30.78],[79.637,30.732],[79.43,30.998],[79.415,31.068],[79.301,31.098],[79.008,31.119],[78.887,31.278],[78.802,31.291],[78.559,31.545],[78.579,31.675],[78.737,31.704],[78.696,31.769],[78.736,31.886],[78.65,31.946],[78.689,31.988]],[[78.768,31.198],[78.742,31.252],[78.817,31.26],[78.827,31.22],[78.768,31.198]],[[79.252,30.748],[79.121,30.791],[79.06,30.86],[79.099,30.934],[79.252,30.748]],[[79.832,30.227],[79.735,30.366],[79.881,30.396],[79.818,30.537],[79.965,30.67],[80.136,30.643],[80.049,30.559],[80.059,30.429],[79.959,30.254],[79.832,30.227]],[[80.697,30.156],[80.598,30.258],[80.68,30.32],[80.747,30.19],[80.697,30.156]]]},"properties":{"DOMSOI":"I"}},
{"type":"Feature","geometry":{"type":"Polygon","coordinates":[[[75.514,31.757],[75.488,31.865],[75.353,32.048],[75.261,32.08],[74.874,31.927],[74.517,31.732],[74.63,31.435],[74.531,31.194],[74.624,31.027],[74.529,30.995],[74.54,30.915],[74.601,30.841],[74.85,30.725],[75.187,30.474],[75.501,30.212],[76.004,29.727],[76.224,29.471],[76.362,29.262],[76.598,28.949],[76.802,28.745],[76.988,28.523],[77.076,28.57],[77.258,28.401],[77.156,28.731],[76.987,29.016],[76.944,29.154],[76.945,29.545],[76.925,29.714],[76.836,29.952],[76.733,30.106],[76.503,30.28],[76.27,30.378],[76.035,30.511],[75.816,30.755],[75.721,30.829],[75.466,30.951],[75.209,31.039],[75.129,31.151],[75.266,31.411],[75.453,31.607],[75.514,31.757]]]},"properties":{"DOMSOI":"Xk"}},
{"type":"Feature","geometry":{"type":"Polygon","coordinates":[[[78.736,31.886],[78.689,31.988],[78.65,31.946],[78.736,31.886]]]},"properties":{"DOMSOI":"GL"}},
{"type":"Feature","geometry":{"type":"Polygon","coordinates":[[[77.598,31.678],[77.807,31.729],[77.777,31.857],[77.523,31.985],[77.512,31.863],[77.62,31.853],[77.598,31.678]]]},"properties":{"DOMSOI":"GL"}},
{"type":"Feature","geometry":{"type":"Polygon","coordinates":[[[78.381,31.937],[78.147,31.937],[78.01,31.84],[78.052,31.717],[78.193,31.673],[78.312,31.743],[78.264,31.9],[78.381,31.937]]]},"properties":{"DOMSOI":"GL"}},
{"type":"Feature","geometry":{"type":"Polygon","coordinates":[[[75.797,31.895],[75.831,31.737],[76.098,31.383],[76.342,31.022],[76.481,30.963],[76.34,31.247],[75.888,31.891],[75.797,31.895]]]},"properties":{"DOMSOI":"Re"}},
{"type":"Feature","geometry":{"type":"Polygon","coordinates":[[[77.92,31.774],[77.933,31.815],[77.846,31.851],[77.816,31.811],[77.92,31.774]]]},"properties":{"DOMSOI":"GL"}},
{"type":"Feature","geometry":{"type":"Polygon","coordinates":[[[76.342,31.022],[76.125,31.159],[75.78,31.309],[75.638,31.443],[75.514,31.757],[75.453,31.607],[75.266,31.411],[75.129,31.151],[75.209,31.039],[75.466,30.951],[75.721,30.829],[75.816,30.755],[76.035,30.511],[76.27,30.378],[76.503,30.28],[76.733,30.106],[76.836,29.952],[76.925,29.714],[76.945,29.545],[76.944,29.154],[76.987,29.016],[77.156,28.731],[77.258,28.401],[77.379,28.056],[77.569,27.624],[77.681,27.445],[77.9,27.257],[78.192,27.228],[78.666,27.235],[79.019,27.327],[79.128,27.324],[78.95,27.44],[78.766,27.575],[78.62,27.733],[78.372,28.07],[78.13,28.52],[78.025,28.748],[77.823,29.268],[77.641,29.764],[77.572,29.89],[77.399,30.039],[76.949,30.13],[76.78,30.261],[76.707,30.384],[76.628,30.662],[76.529,30.819],[76.481,30.963],[76.342,31.022]]]},"properties":{"DOMSOI":"Lo"}},
{"type":"Feature","geometry":{"type":"Polygon","coordinates":[[[78.831,31.624],[78.737,31.704],[78.579,31.675],[78.559,31.545],[78.802,31.291],[78.761,31.353],[78.775,31.552],[78.831,31.624]]]},"properties":{"DOMSOI":"GL"}},
{"type":"Feature","geometry":{"type":"Polygon","coordinates":[[[78.831,31.624],[78.775,31.552],[78.841,31.6],[78.831,31.624]]]},"properties":{"DOMSOI":"I"}},
{"type":"Feature","geometry":{"type":"Polygon","coordinates":[[[77.119,31.359],[77.048,31.258],[76.962,31.24],[76.785,31.29],[76.836,31.018],[76.858,30.857],[77.452,30.489],[77.7,30.467],[77.937,30.373],[78.134,30.224],[78.249,30.036],[78.237,29.924],[78.363,29.892],[78.571,29.726],[78.99,29.501],[78.956,29.394],[79.255,29.203],[79.381,29.146],[79.579,29.184],[79.263,29.44],[79.085,29.624],[78.784,29.743],[78.499,29.979],[78.144,30.321],[77.907,30.484],[77.501,30.609],[77.346,30.709],[77.265,30.83],[77.174,31.286],[77.119,31.359]]]},"properties":{"DOMSOI":"Be"}},
{"type":"Feature","geometry":{"type":"Polygon","coordinates":[[[78.768,31.198],[78.827,31.22],[78.817,31.26],[78.742,31.252],[78.768,31.198]]]},"properties":{"DOMSOI":"GL"}},
{"type":"Feature","geometry":{"type":"Polygon","coordinates":[[[79.776,30.984],[79.599,30.936],[79.415,31.068],[79.43,30.998],[79.637,30.732],[79.716,30.78],[79.708,30.918],[79.776,30.984]]]},"properties":{"DOMSOI":"GL"}},
{"type":"Feature","geometry":{"type":"Polygon","coordinates":[[[74.54,30.915],[74.529,30.995],[74.325,30.851],[74.264,30.736],[74.001,30.528],[73.895,30.348],[74.23,30.61],[74.349,30.758],[74.54,30.915]]]},"properties":{"DOMSOI":"Jc"}},
{"type":"Feature","geometry":{"type":"Polygon","coordinates":[[[76.733,30.912],[76.481,30.963],[76.529,30.819],[76.628,30.662],[76.707,30.384],[76.78,30.261],[76.949,30.13],[77.399,30.039],[77.572,29.89],[77.641,29.764],[77.823,29.268],[78.025,28.748],[78.13,28.52],[78.372,28.07],[78.62,27.733],[78.766,27.575],[78.95,27.44],[78.96,27.507],[78.761,27.723],[78.575,28.014],[78.372,28.462],[78.268,28.659],[78.153,28.95],[78.094,29.264],[78.139,29.574],[78.226,29.844],[78.237,29.924],[78.249,30.036],[78.134,30.224],[77.937,30.373],[77.7,30.467],[77.452,30.489],[77.846,30.237],[78.009,30.107],[78.093,29.984],[77.958,29.986],[77.789,30.157],[77.451,30.36],[77.245,30.445],[77.165,30.528],[76.901,30.691],[76.72,30.866],[76.733,30.912]]]},"properties":{"DOMSOI":"Jc"}},
{"type":"Feature","geometry":{"type":"Polygon","coordinates":[[[79.252,30.748],[79.099,30.934],[79.06,30.86],[79.121,30.791],[79.252,30.748]]]},"properties":{"DOMSOI":"GL"}},
{"type":"Feature","geometry":{"type":"Polygon","coordinates":[[[79.98,30.86],[79.91,30.916],[79.898,30.815],[79.98,30.86]]]},"properties":{"DOMSOI":"GL"}},
{"type":"Feature","geometry":{"type":"Polygon","coordinates":[[[74.54,30.915],[74.349,30.758],[74.23,30.61],[73.895,30.348],[73.967,30.193],[73.85,30.108],[73.893,30.054],[73.896,29.845],[73.994,29.733],[74.296,29.617],[74.51,29.421],[74.662,29.269],[74.861,29.16],[75.042,29.015],[75.144,28.989],[75.656,29.003],[75.756,28.967],[75.922,28.835],[76.129,28.801],[76.2,28.737],[76.166,28.63],[76.236,28.577],[76.398,28.602],[76.441,28.56],[76.521,28.312],[76.446,28.214],[76.536,28.166],[76.5,27.949],[76.435,27.801],[76.302,27.794],[76.416,28.067],[76.35,28.055],[76.06,27.618],[75.958,27.335],[76.209,27.484],[76.285,27.411],[76.373,27.506],[76.503,27.742],[76.631,27.843],[76.779,27.781],[76.73,27.666],[76.547,27.385],[76.624,27.278],[76.803,27.455],[76.873,27.648],[76.866,27.853],[76.89,28.036],[76.954,28.263],[77.071,28.339],[76.988,28.523],[76.802,28.745],[76.598,28.949],[76.362,29.262],[76.224,29.471],[76.004,29.727],[75.501,30.212],[75.187,30.474],[74.85,30.725],[74.601,30.841],[74.54,30.915]]]},"properties":{"DOMSOI":"Yh"}},
{"type":"Feature","geometry":{"type":"Polygon","coordinates":[[[76.858,30.857],[76.733,30.912],[76.72,30.866],[76.901,30.691],[77.165,30.528],[77.245,30.445],[77.451,30.36],[77.789,30.157],[77.958,29.986],[78.093,29.984],[78.009,30.107],[77.846,30.237],[77.452,30.489],[76.858,30.857]]]},"properties":{"DOMSOI":"Re"}},
{"type":"Feature","geometry":{"type":"Polygon","coordinates":[[[79.832,30.227],[79.959,30.254],[80.059,30.429],[80.049,30.559],[80.136,30.643],[79.965,30.67],[79.818,30.537],[79.881,30.396],[79.735,30.366],[79.832,30.227]]]},"properties":{"DOMSOI":"GL"}},
{"type":"Feature","geometry":{"type":"Polygon","coordinates":[[[80.274,30.571],[80.196,30.6],[80.212,30.432],[80.322,30.354],[80.364,30.221],[80.468,30.283],[80.278,30.531],[80.274,30.571]]]},"properties":{"DOMSOI":"GL"}},
{"type":"Feature","geometry":{"type":"Polygon","coordinates":[[[80.697,30.156],[80.747,30.19],[80.68,30.32],[80.598,30.258],[80.697,30.156]]]},"properties":{"DOMSOI":"GL"}},
{"type":"Feature","geometry":{"type":"Polygon","coordinates":[[[81.014,30.236],[80.955,30.235],[80.947,30.215],[81.003,30.198],[81.014,30.236]]]},"properties":{"DOMSOI":"GL"}},
{"type":"Feature","geometry":{"type":"Polygon","coordinates":[[[73.85,30.108],[73.397,29.943],[73.364,29.841],[73.59,29.759],[73.628,29.609],[73.501,29.461],[73.101,29.258],[73.425,29.198],[73.702,29.337],[74.009,29.436],[74.296,29.617],[73.994,29.733],[73.896,29.845],[73.893,30.054],[73.85,30.108]]]},"properties":{"DOMSOI":"Qc"}},
{"type":"Feature","geometry":{"type":"Polygon","coordinates":[[[78.237,29.924],[78.226,29.844],[78.354,29.703],[78.704,29.494],[78.956,29.394],[78.99,29.501],[78.571,29.726],[78.363,29.892],[78.237,29.924]]]},"properties":{"DOMSOI":"Re"}},
{"type":"Feature","geometry":{"type":"Polygon","coordinates":[[[80.551,29.868],[80.424,29.87],[80.462,29.796],[80.551,29.868]]]},"properties":{"DOMSOI":"Bd"}},
{"type":"Feature","geometry":{"type":"Polygon","coordinates":[[[78.226,29.844],[78.139,29.574],[78.208,29.47],[78.316,29.495],[78.409,29.44],[78.705,29.195],[79.044,29.044],[79.688,28.888],[80.056,28.842],[80.123,29.036],[79.713,29.115],[79.579,29.184],[79.381,29.146],[79.255,29.203],[78.956,29.394],[78.704,29.494],[78.354,29.703],[78.226,29.844]]]},"properties":{"DOMSOI":"Rd"}},
{"type":"Feature","geometry":{"type":"Polygon","coordinates":[[[73.101,29.258],[73.501,29.461],[73.628,29.609],[73.59,29.759],[73.364,29.841],[73.265,29.553],[73.092,29.255],[73.101,29.258]]]},"properties":{"DOMSOI":"Yh"}},
{"type":"Feature","geometry":{"type":"Polygon","coordinates":[[[74.51,29.421],[74.296,29.617],[74.009,29.436],[73.702,29.337],[73.425,29.198],[73.101,29.258],[73.092,29.255],[73.054,29.212],[73.036,29.116],[72.955,29.053],[72.74,28.958],[72.714,28.801],[72.836,28.751],[72.984,28.787],[73.217,28.887],[73.629,29.151],[73.803,29.217],[74.202,29.403],[74.51,29.421]]]},"properties":{"DOMSOI":"Zo"}},
{"type":"Feature","geometry":{"type":"Polygon","coordinates":[[[78.208,29.47],[78.139,29.574],[78.094,29.264],[78.153,28.95],[78.268,28.659],[78.372,28.462],[78.575,28.014],[78.761,27.723],[78.96,27.507],[78.95,27.44],[79.128,27.324],[79.416,27.212],[79.564,27.268],[79.453,27.671],[79.417,27.952],[79.341,28.125],[79.226,28.291],[79.068,28.465],[78.569,28.864],[78.34,29.191],[78.208,29.47]]]},"properties":{"DOMSOI":"Lo"}},
{"type":"Feature","geometry":{"type":"Polygon","coordinates":[[[80.056,28.842],[79.688,28.888],[79.044,29.044],[78.705,29.195],[78.409,29.44],[78.316,29.495],[78.208,29.47],[78.34,29.191],[78.569,28.864],[79.068,28.465],[79.226,28.291],[79.341,28.125],[79.417,27.952],[79.453,27.671],[79.564,27.268],[79.416,27.212],[79.128,27.324],[79.019,27.327],[78.666,27.235],[78.192,27.228],[77.9,27.257],[78.081,27.148],[78.641,26.899],[79.693,26.262],[79.971,26.11],[80.677,25.769],[80.896,25.649],[81.267,25.472],[81.658,25.362],[81.857,25.384],[81.947,25.512],[81.901,25.609],[81.781,25.599],[81.177,26.102],[80.709,26.469],[80.345,26.797],[80.17,27.019],[80.053,27.219],[79.951,27.474],[79.902,27.753],[79.896,28.051],[79.932,28.53],[80.008,28.766],[80.105,28.82],[80.056,28.842]]]},"properties":{"DOMSOI":"Be"}},
{"type":"Feature","geometry":{"type":"Polygon","coordinates":[[[96.183,29.326],[96.084,29.468],[95.983,29.417],[96.156,29.312],[96.183,29.326]]]},"properties":{"DOMSOI":"I"}},
{"type":"Feature","geometry":{"type":"Polygon","coordinates":[[[74.51,29.421],[74.202,29.403],[73.803,29.217],[73.629,29.151],[73.217,28.887],[72.984,28.787],[72.836,28.751],[72.714,28.801],[72.74,28.958],[72.39,28.785],[72.292,28.68],[72.207,28.402],[71.992,28.216],[71.918,28.117],[71.897,27.962],[71.649,27.882],[71.427,27.637],[71.311,27.373],[71.314,27.165],[71.364,26.988],[71.349,26.858],[71.288,26.744],[71.159,26.659],[71.27,26.571],[71.55,26.684],[71.61,26.61],[71.565,26.514],[71.445,26.402],[71.226,26.309],[71.199,26.128],[71.079,26.08],[70.972,26.199],[70.887,26.494],[70.741,26.701],[70.775,26.76],[70.62,26.825],[70.549,26.97],[70.431,27.087],[70.41,27.19],[70.479,27.366],[70.585,27.475],[70.746,27.463],[70.861,27.518],[71.282,27.85],[71.156,27.822],[70.867,27.707],[70.727,27.746],[70.664,27.928],[70.487,28.046],[70.376,28.023],[70.12,27.816],[70.037,27.6],[69.867,27.409],[69.59,27.187],[69.51,26.992],[69.486,26.806],[69.518,26.744],[69.742,26.653],[69.842,26.585],[70.039,26.597],[70.188,26.527],[70.154,26.185],[70.101,26.104],[70.117,25.919],[70.272,25.713],[70.386,25.675],[70.675,25.685],[70.677,25.402],[70.746,25.287],[70.862,25.18],[70.944,24.931],[71.07,24.708],[71.076,24.711],[71.322,24.775],[71.484,24.677],[71.629,24.628],[71.645,24.318],[71.613,24.228],[71.732,24.13],[71.895,24.159],[71.981,24.279],[72.092,24.617],[72.099,24.715],[72.026,25.038],[72.021,25.475],[72.069,25.696],[72.197,25.902],[72.496,26.142],[72.648,26.338],[73.037,26.665],[73.478,27.002],[73.532,27.084],[73.539,27.21],[73.619,27.307],[73.859,27.343],[74.208,27.334],[74.327,27.294],[74.361,27.159],[74.04,26.947],[74.01,26.865],[74.076,26.781],[74.277,26.856],[74.484,26.991],[74.688,26.997],[74.827,27.136],[74.966,27.137],[75.009,27.178],[74.974,27.392],[75.038,27.53],[75.188,27.505],[75.308,27.587],[75.52,27.792],[75.486,27.935],[75.666,27.978],[75.763,28.099],[75.996,28.177],[76.367,28.19],[76.446,28.214],[76.521,28.312],[76.441,28.56],[76.398,28.602],[76.236,28.577],[76.166,28.63],[76.2,28.737],[76.129,28.801],[75.922,28.835],[75.756,28.967],[75.656,29.003],[75.144,28.989],[75.042,29.015],[74.861,29.16],[74.662,29.269],[74.51,29.421]],[[73.377,27.965],[73.308,28.015],[73.509,28.129],[73.525,28.043],[73.377,27.965]],[[72.995,27.952],[72.875,28.002],[72.991,28.09],[73.293,28.214],[73.385,28.142],[73.1,27.974],[72.995,27.952]],[[72.02,26.933],[71.92,26.958],[71.864,27.082],[71.941,27.268],[72.003,27.265],[72.086,27.018],[72.02,26.933]]]},"properties":{"DOMSOI":"Qc"}},
{"type":"Feature","geometry":{"type":"Polygon","coordinates":[[[96.156,29.312],[95.983,29.417],[95.89,29.398],[95.538,29.216],[95.461,29.052],[95.399,29.037],[95.502,28.98],[95.479,28.862],[95.332,28.915],[95.212,29.104],[94.881,29.182],[94.798,29.17],[94.665,29.012],[94.572,29.021],[94.365,29.117],[94.306,29.064],[94.4,28.914],[94.32,28.854],[94.446,28.779],[94.74,28.728],[95.11,28.769],[95.377,28.779],[95.532,28.746],[95.686,28.643],[95.743,28.543],[95.774,28.317],[95.806,28.277],[95.894,28.288],[96.003,28.187],[96.247,28.239],[96.177,28.339],[96.267,28.455],[96.266,28.567],[96.11,28.519],[95.931,28.548],[96.026,28.669],[96.22,28.68],[96.37,28.771],[96.304,28.825],[96.427,28.927],[96.349,29.035],[96.294,28.989],[96.229,28.889],[96.031,28.826],[95.984,28.902],[96.153,29.052],[96.207,29.126],[96.199,29.263],[96.156,29.312]]]},"properties":{"DOMSOI":"I"}},
{"type":"Feature","geometry":{"type":"Polygon","coordinates":[[[94.798,29.17],[94.7,29.307],[94.629,29.328],[94.542,29.222],[94.295,29.15],[94.134,28.968],[94.047,28.915],[94.163,28.927],[94.32,28.854],[94.4,28.914],[94.306,29.064],[94.365,29.117],[94.572,29.021],[94.665,29.012],[94.798,29.17]]]},"properties":{"DOMSOI":"I"}},
{"type":"Feature","geometry":{"type":"Polygon","coordinates":[[[96.183,29.326],[96.156,29.312],[96.199,29.263],[96.22,29.27],[96.183,29.326]]]},"properties":{"DOMSOI":"GL"}},
{"type":"Feature","geometry":{"type":"Polygon","coordinates":[[[96.384,29.273],[96.313,29.257],[96.359,29.235],[96.384,29.273]]]},"properties":{"DOMSOI":"GL"}},
{"type":"Feature","geometry":{"type":"Polygon","coordinates":[[[96.22,29.27],[96.199,29.263],[96.207,29.126],[96.338,29.175],[96.384,29.273],[96.359,29.235],[96.313,29.257],[96.22,29.27]]]},"properties":{"DOMSOI":"I"}},
{"type":"Feature","geometry":{"type":"Polygon","coordinates":[[[72.955,29.053],[73.036,29.116],[73.054,29.212],[72.955,29.053]]]},"properties":{"DOMSOI":"Yk"}},
{"type":"Feature","geometry":{"type":"Polygon","coordinates":[[[95.399,29.037],[95.212,29.104],[95.332,28.915],[95.479,28.862],[95.502,28.98],[95.399,29.037]]]},"properties":{"DOMSOI":"I"}},
{"type":"Feature","geometry":{"type":"Polygon","coordinates":[[[96.539,28.434],[96.362,28.393],[96.337,28.53],[96.589,28.726],[96.609,28.806],[96.476,28.986],[96.349,29.035],[96.427,28.927],[96.304,28.825],[96.37,28.771],[96.22,28.68],[96.026,28.669],[95.931,28.548],[96.11,28.519],[96.266,28.567],[96.267,28.455],[96.177,28.339],[96.247,28.239],[96.256,28.237],[96.342,28.361],[96.403,28.142],[96.451,28.157],[96.459,28.281],[96.539,28.434]]]},"properties":{"DOMSOI":"I"}},
{"type":"Feature","geometry":{"type":"Polygon","coordinates":[[[96.294,28.989],[96.19,28.901],[96.153,29.052],[95.984,28.902],[96.031,28.826],[96.229,28.889],[96.294,28.989]]]},"properties":{"DOMSOI":"I"}},
{"type":"Feature","geometry":{"type":"Polygon","coordinates":[[[94.32,28.854],[94.163,28.927],[94.047,28.915],[93.977,28.843],[93.95,28.776],[94.111,28.621],[94.081,28.523],[93.92,28.491],[93.778,28.557],[93.819,28.644],[93.757,28.709],[93.544,28.681],[93.547,28.528],[93.361,28.553],[93.223,28.595],[93.187,28.529],[93.523,28.417],[93.548,28.297],[93.266,28.244],[93.186,28.101],[93.015,27.987],[92.787,27.726],[92.518,27.591],[92.19,27.456],[92.114,27.548],[92.165,27.719],[92.145,27.818],[92.014,27.735],[91.762,27.765],[91.725,27.693],[91.755,27.464],[91.775,27.416],[92.008,27.472],[92.114,27.286],[92.018,27.172],[92.011,27.092],[92.316,27.121],[92.56,27.241],[92.648,27.228],[92.725,27.126],[92.888,27.135],[93.055,27.198],[93.176,27.132],[93.452,27.204],[93.82,27.379],[93.914,27.351],[94.09,27.532],[94.495,27.64],[94.731,27.718],[95.096,27.891],[95.204,28.055],[95.323,28.161],[95.617,28.338],[95.774,28.317],[95.743,28.543],[95.686,28.643],[95.532,28.746],[95.377,28.779],[95.11,28.769],[94.74,28.728],[94.446,28.779],[94.32,28.854]]]},"properties":{"DOMSOI":"Ao"}},
{"type":"Feature","geometry":{"type":"Polygon","coordinates":[[[93.977,28.843],[93.757,28.709],[93.819,28.644],[93.778,28.557],[93.92,28.491],[94.081,28.523],[94.111,28.621],[93.95,28.776],[93.977,28.843]]]},"properties":{"DOMSOI":"I"}},
{"type":"Feature","geometry":{"type":"Polygon","coordinates":[[[80.212,28.753],[80.105,28.82],[80.008,28.766],[79.932,28.53],[79.896,28.051],[79.902,27.753],[79.951,27.474],[80.053,27.219],[80.17,27.019],[80.345,26.797],[80.709,26.469],[81.177,26.102],[81.781,25.599],[81.901,25.609],[81.678,25.81],[81.739,25.919],[81.949,25.908],[82.448,25.746],[82.711,25.682],[83.13,25.541],[83.435,25.41],[83.557,25.448],[83.55,25.606],[83.753,25.624],[83.862,25.634],[84.123,25.76],[84.288,25.775],[84.526,25.745],[84.487,25.819],[84.305,25.898],[83.947,26.113],[83.406,26.547],[83.049,26.813],[83.019,26.922],[83.134,26.976],[83.407,26.903],[83.743,26.857],[83.959,26.786],[84.079,26.714],[83.995,26.865],[84.046,26.905],[83.799,27.266],[83.671,27.307],[83.356,27.316],[83.164,27.35],[82.879,27.436],[82.358,27.671],[82.091,27.817],[81.92,27.867],[81.82,27.894],[81.624,27.981],[81.358,28.137],[81.313,28.169],[81.037,28.361],[80.664,28.541],[80.521,28.584],[80.472,28.59],[80.288,28.65],[80.212,28.753]]]},"properties":{"DOMSOI":"Be"}},
{"type":"Feature","geometry":{"type":"Polygon","coordinates":[[[80.472,28.59],[80.354,28.633],[80.212,28.753],[80.288,28.65],[80.472,28.59]]]},"properties":{"DOMSOI":"Je"}},
{"type":"Feature","geometry":{"type":"Polygon","coordinates":[[[80.521,28.584],[80.664,28.541],[81.037,28.361],[81.313,28.169],[81.194,28.367],[80.944,28.439],[80.662,28.633],[80.536,28.682],[80.521,28.584]]]},"properties":{"DOMSOI":"Je"}},
{"type":"Feature","geometry":{"type":"Polygon","coordinates":[[[93.544,28.681],[93.454,28.677],[93.316,28.63],[93.361,28.553],[93.547,28.528],[93.544,28.681]]]},"properties":{"DOMSOI":"I"}},
{"type":"Feature","geometry":{"type":"Polygon","coordinates":[[[93.454,28.677],[93.238,28.639],[93.223,28.595],[93.361,28.553],[93.316,28.63],[93.454,28.677]]]},"properties":{"DOMSOI":"GL"}},
{"type":"Feature","geometry":{"type":"Polygon","coordinates":[[[77.258,28.401],[77.076,28.57],[76.988,28.523],[77.071,28.339],[76.993,28.021],[76.933,27.665],[76.873,27.648],[76.803,27.455],[76.821,27.248],[76.931,27.191],[76.9,27.04],[76.976,27.103],[77.222,27.212],[77.3,27.301],[77.302,27.413],[77.151,27.71],[77.161,27.867],[77.232,28.022],[77.379,28.056],[77.258,28.401]]]},"properties":{"DOMSOI":"Lo"}},
{"type":"Feature","geometry":{"type":"Polygon","coordinates":[[[93.187,28.529],[93.137,28.39],[92.902,28.222],[92.737,28.153],[92.719,27.974],[92.686,27.949],[92.607,27.829],[92.345,27.821],[92.297,27.819],[92.206,27.804],[92.197,27.813],[92.145,27.818],[92.165,27.719],[92.114,27.548],[92.19,27.456],[92.518,27.591],[92.787,27.726],[93.015,27.987],[93.186,28.101],[93.266,28.244],[93.548,28.297],[93.523,28.417],[93.187,28.529]],[[93.294,28.291],[93.216,28.301],[93.204,28.347],[93.278,28.348],[93.294,28.291]]]},"properties":{"DOMSOI":"I"}},
{"type":"Feature","geometry":{"type":"Polygon","coordinates":[[[97.005,28.333],[96.784,28.373],[96.654,28.467],[96.539,28.434],[96.622,28.397],[96.639,28.232],[96.814,28.299],[96.843,28.244],[96.677,28.127],[96.807,28.044],[96.854,27.946],[96.968,28.014],[96.959,28.123],[97.005,28.333]]]},"properties":{"DOMSOI":"I"}},
{"type":"Feature","geometry":{"type":"Polygon","coordinates":[[[97.294,28.247],[97.129,28.382],[97.093,28.084],[96.968,28.014],[96.854,27.946],[96.807,28.044],[96.677,28.127],[96.843,28.244],[96.814,28.299],[96.639,28.232],[96.622,28.397],[96.539,28.434],[96.459,28.281],[96.451,28.157],[96.682,27.971],[96.802,27.922],[96.964,27.861],[97.098,27.932],[97.268,28.133],[97.294,28.247]]]},"properties":{"DOMSOI":"I"}},
{"type":"Feature","geometry":{"type":"Polygon","coordinates":[[[97.129,28.382],[97.005,28.333],[96.959,28.123],[96.968,28.014],[97.093,28.084],[97.129,28.382]]]},"properties":{"DOMSOI":"Jc"}},
{"type":"Feature","geometry":{"type":"Polygon","coordinates":[[[96.403,28.142],[96.342,28.361],[96.256,28.237],[96.298,28.152],[96.403,28.142]]]},"properties":{"DOMSOI":"I"}},
{"type":"Feature","geometry":{"type":"Polygon","coordinates":[[[95.806,28.277],[95.774,28.317],[95.617,28.338],[95.323,28.161],[95.204,28.055],[95.096,27.891],[95.274,27.941],[95.308,28.072],[95.38,28.126],[95.806,28.277]]]},"properties":{"DOMSOI":"Af"}},
{"type":"Feature","geometry":{"type":"Polygon","coordinates":[[[93.294,28.291],[93.278,28.348],[93.204,28.347],[93.216,28.301],[93.294,28.291]]]},"properties":{"DOMSOI":"GL"}},
{"type":"Feature","geometry":{"type":"Polygon","coordinates":[[[77.071,28.339],[76.954,28.263],[76.89,28.036],[76.866,27.853],[76.873,27.648],[76.933,27.665],[76.993,28.021],[77.071,28.339]]]},"properties":{"DOMSOI":"I"}},
{"type":"Feature","geometry":{"type":"Polygon","coordinates":[[[96.256,28.237],[96.247,28.239],[96.003,28.187],[95.894,28.288],[95.806,28.277],[95.954,28.112],[96.055,28.049],[96.294,27.973],[96.472,27.94],[96.475,27.684],[96.79,27.659],[96.687,27.829],[96.802,27.922],[96.682,27.971],[96.451,28.157],[96.403,28.142],[96.298,28.152],[96.256,28.237]]]},"properties":{"DOMSOI":"I"}},
{"type":"Feature","geometry":{"type":"Polygon","coordinates":[[[96.294,27.973],[96.055,28.049],[95.954,28.112],[95.806,28.277],[95.38,28.126],[95.308,28.072],[95.274,27.941],[95.305,27.894],[95.555,27.981],[95.765,28.012],[95.935,28.007],[95.803,27.688],[95.712,27.665],[95.485,27.753],[95.34,27.722],[95.159,27.606],[94.977,27.426],[94.711,27.075],[94.548,26.957],[94.309,26.839],[93.974,26.756],[93.653,26.769],[93.308,26.739],[93.042,26.646],[92.911,26.573],[92.65,26.379],[92.501,26.311],[92.311,26.28],[91.98,26.262],[91.775,26.18],[91.715,26.124],[91.77,26.141],[92.176,26.136],[92.354,26.171],[92.491,26.162],[92.634,26.058],[92.834,25.864],[92.921,25.821],[93.231,25.806],[93.425,25.643],[93.915,25.914],[93.972,25.978],[94.025,26.23],[94.382,26.654],[94.713,26.836],[94.837,26.951],[94.917,26.855],[95.048,26.839],[95.089,27.003],[95.233,27.099],[95.706,27.289],[96.181,27.426],[96.368,27.513],[96.376,27.567],[96.12,27.599],[96.09,27.682],[96.256,27.703],[96.334,27.81],[96.294,27.973]],[[93.253,25.872],[93.114,25.961],[93.257,26.053],[93.181,26.173],[93.166,26.323],[92.917,26.242],[92.791,26.321],[92.93,26.461],[93.096,26.572],[93.262,26.626],[93.563,26.67],[93.729,26.639],[93.797,26.512],[93.751,26.216],[93.658,26.111],[93.407,25.979],[93.253,25.872]]]},"properties":{"DOMSOI":"Af"}},
{"type":"Feature","geometry":{"type":"Polygon","coordinates":[[[97.047,27.75],[97.249,27.907],[97.368,27.897],[97.394,28.019],[97.317,28.083],[97.294,28.247],[97.268,28.133],[97.098,27.932],[96.964,27.861],[97.047,27.75]]]},"properties":{"DOMSOI":"I"}},
{"type":"Feature","geometry":{"type":"Polygon","coordinates":[[[72.995,27.952],[73.1,27.974],[73.385,28.142],[73.293,28.214],[72.991,28.09],[72.875,28.002],[72.995,27.952]]]},"properties":{"DOMSOI":"Yk"}},
{"type":"Feature","geometry":{"type":"Polygon","coordinates":[[[92.719,27.974],[92.737,28.153],[92.902,28.222],[92.802,28.202],[92.68,28.118],[92.719,27.974]]]},"properties":{"DOMSOI":"GL"}},
{"type":"Feature","geometry":{"type":"Polygon","coordinates":[[[76.446,28.214],[76.367,28.19],[76.14,27.881],[75.996,27.872],[75.865,27.811],[75.733,27.569],[75.799,27.523],[75.933,27.541],[75.853,27.357],[75.869,27.214],[75.819,27.015],[75.755,26.922],[75.817,26.875],[75.967,27.052],[76.135,27.014],[76.288,27.094],[76.441,27.06],[76.567,27.134],[76.638,27.067],[76.758,27.159],[76.822,27.089],[76.781,26.979],[76.661,26.838],[76.488,26.696],[76.42,26.545],[76.504,26.561],[76.659,26.672],[76.833,26.893],[76.9,27.04],[76.931,27.191],[76.821,27.248],[76.803,27.455],[76.624,27.278],[76.547,27.385],[76.73,27.666],[76.779,27.781],[76.631,27.843],[76.503,27.742],[76.373,27.506],[76.285,27.411],[76.209,27.484],[75.958,27.335],[76.06,27.618],[76.35,28.055],[76.416,28.067],[76.302,27.794],[76.435,27.801],[76.5,27.949],[76.536,28.166],[76.446,28.214]]]},"properties":{"DOMSOI":"I"}},
{"type":"Feature","geometry":{"type":"Polygon","coordinates":[[[76.367,28.19],[75.996,28.177],[75.763,28.099],[75.666,27.978],[75.486,27.935],[75.52,27.792],[75.619,27.715],[75.455,27.575],[75.308,27.587],[75.188,27.505],[75.038,27.53],[74.974,27.392],[75.009,27.178],[75.287,27.449],[75.298,27.325],[75.094,27.108],[74.966,27.137],[74.827,27.136],[74.831,26.988],[74.75,26.87],[74.745,26.678],[74.692,26.524],[74.758,26.386],[74.984,26.666],[75.178,26.781],[75.617,26.872],[75.755,26.922],[75.819,27.015],[75.869,27.214],[75.853,27.357],[75.933,27.541],[75.799,27.523],[75.733,27.569],[75.865,27.811],[75.996,27.872],[76.14,27.881],[76.367,28.19]],[[75.725,27.849],[75.706,27.907],[75.822,27.997],[75.85,27.931],[75.725,27.849]],[[75.494,26.918],[75.314,26.941],[75.292,27.015],[75.483,27.105],[75.554,26.972],[75.494,26.918]],[[75.041,26.898],[74.907,26.958],[75.04,27.022],[75.041,26.898]]]},"properties":{"DOMSOI":"Qc"}},
{"type":"Feature","geometry":{"type":"Polygon","coordinates":[[[81.82,27.894],[81.706,27.973],[81.358,28.137],[81.624,27.981],[81.82,27.894]]]},"properties":{"DOMSOI":"Je"}},
{"type":"Feature","geometry":{"type":"Polygon","coordinates":[[[73.377,27.965],[73.525,28.043],[73.509,28.129],[73.308,28.015],[73.377,27.965]]]},"properties":{"DOMSOI":"Yk"}},
{"type":"Feature","geometry":{"type":"Polygon","coordinates":[[[88.836,27.951],[88.751,28.066],[88.617,28.116],[88.384,27.984],[88.271,27.949],[88.273,27.871],[88.398,27.75],[88.259,27.581],[88.112,27.601],[88.057,27.533],[88.057,27.34],[87.999,27.101],[88.05,27.15],[88.08,27.305],[88.182,27.432],[88.296,27.451],[88.336,27.318],[88.42,27.314],[88.573,27.582],[88.699,27.632],[88.681,27.425],[88.817,27.259],[88.917,27.321],[88.783,27.438],[88.763,27.543],[88.834,27.661],[88.877,27.877],[88.764,27.825],[88.836,27.951]],[[88.583,27.957],[88.546,28],[88.578,28.039],[88.624,28.037],[88.583,27.957]],[[88.682,27.795],[88.657,27.96],[88.772,27.971],[88.682,27.795]]]},"properties":{"DOMSOI":"I"}},
{"type":"Feature","geometry":{"type":"Polygon","coordinates":[[[77.9,27.257],[77.681,27.445],[77.569,27.624],[77.379,28.056],[77.232,28.022],[77.161,27.867],[77.151,27.71],[77.302,27.413],[77.3,27.301],[77.222,27.212],[76.976,27.103],[76.9,27.04],[76.833,26.893],[76.659,26.672],[76.504,26.561],[76.42,26.545],[76.483,26.46],[76.681,26.415],[77.002,26.518],[77.231,26.786],[77.374,26.833],[77.421,26.711],[77.307,26.574],[77.314,26.508],[77.466,26.441],[77.331,26.361],[76.937,26.174],[76.711,26.082],[76.626,26.008],[76.61,25.864],[76.776,25.638],[76.906,25.41],[77.011,25.094],[77.097,24.725],[77.238,24.64],[77.22,24.868],[77.127,25.477],[77.126,25.84],[77.148,25.966],[77.255,26.092],[77.427,26.188],[77.811,26.347],[77.988,26.37],[78.111,26.33],[78.28,26.17],[78.375,26.163],[78.625,26.21],[78.691,26.121],[78.471,26.05],[77.969,26.042],[77.914,25.963],[77.96,25.864],[77.912,25.622],[77.977,25.586],[78.496,25.887],[78.842,26.069],[78.993,26.222],[79.144,26.33],[79.361,26.312],[79.615,26.228],[79.693,26.262],[78.641,26.899],[78.081,27.148],[77.9,27.257]]]},"properties":{"DOMSOI":"Be"}},
{"type":"Feature","geometry":{"type":"Polygon","coordinates":[[[88.583,27.957],[88.624,28.037],[88.578,28.039],[88.546,28],[88.583,27.957]]]},"properties":{"DOMSOI":"GL"}},
{"type":"Feature","geometry":{"type":"Polygon","coordinates":[[[92.293,26.65],[92.122,26.586],[91.766,26.334],[91.2,26.266],[90.839,26.224],[90.548,26.29],[90.412,26.283],[90.147,26.194],[90.018,26.122],[89.845,25.945],[89.865,25.932],[89.97,25.966],[90.096,26.121],[90.268,26.196],[90.497,26.106],[90.572,26.121],[90.814,26.085],[91.095,26.121],[91.407,26.136],[91.715,26.124],[91.775,26.18],[91.98,26.262],[92.311,26.28],[92.501,26.311],[92.65,26.379],[92.911,26.573],[93.042,26.646],[93.308,26.739],[93.653,26.769],[93.974,26.756],[94.309,26.839],[94.548,26.957],[94.711,27.075],[94.977,27.426],[95.159,27.606],[95.34,27.722],[95.485,27.753],[95.712,27.665],[95.803,27.688],[95.935,28.007],[95.765,28.012],[95.555,27.981],[95.305,27.894],[94.999,27.743],[94.826,27.627],[94.199,27.145],[93.895,26.999],[93.163,26.804],[92.566,26.683],[92.293,26.65]]]},"properties":{"DOMSOI":"Ao"}},
{"type":"Feature","geometry":{"type":"Polygon","coordinates":[[[75.725,27.849],[75.85,27.931],[75.822,27.997],[75.706,27.907],[75.725,27.849]]]},"properties":{"DOMSOI":"I"}},
{"type":"Feature","geometry":{"type":"Polygon","coordinates":[[[88.384,27.984],[88.177,27.952],[88.131,27.88],[88.196,27.841],[88.112,27.601],[88.259,27.581],[88.398,27.75],[88.273,27.871],[88.271,27.949],[88.384,27.984]]]},"properties":{"DOMSOI":"GL"}},
{"type":"Feature","geometry":{"type":"Polygon","coordinates":[[[88.682,27.795],[88.772,27.971],[88.657,27.96],[88.682,27.795]]]},"properties":{"DOMSOI":"GL"}},
{"type":"Feature","geometry":{"type":"Polygon","coordinates":[[[96.79,27.659],[96.475,27.684],[96.472,27.94],[96.294,27.973],[96.334,27.81],[96.256,27.703],[96.09,27.682],[96.12,27.599],[96.376,27.567],[96.368,27.513],[96.181,27.426],[95.706,27.289],[95.233,27.099],[95.089,27.003],[95.048,26.839],[94.917,26.855],[94.837,26.951],[94.713,26.836],[94.382,26.654],[94.025,26.23],[93.972,25.978],[93.915,25.914],[93.425,25.643],[93.533,25.588],[93.476,25.472],[93.388,25.47],[93.174,25.589],[93.032,25.603],[92.805,25.586],[92.763,25.479],[92.81,25.363],[92.848,25.197],[92.83,25.129],[92.673,25.068],[93.171,25.071],[93.324,25.09],[93.453,25.145],[93.792,25.519],[93.939,25.568],[94.013,25.544],[94.045,25.43],[94.004,25.27],[93.773,24.954],[93.674,24.715],[93.566,24.366],[93.566,24.179],[93.664,24.075],[93.827,24.074],[93.894,23.977],[93.973,23.978],[94.043,24.097],[94.08,24.425],[94.22,24.911],[94.329,25.127],[94.721,25.617],[94.826,25.798],[94.882,25.972],[94.94,26.432],[94.985,26.58],[95.084,26.728],[95.227,26.832],[95.563,26.98],[95.647,26.898],[95.525,26.826],[95.619,26.828],[95.814,27.006],[95.962,27.08],[96.013,27.171],[96.194,27.271],[96.593,27.346],[96.689,27.448],[96.972,27.362],[96.955,27.39],[96.947,27.404],[96.907,27.487],[96.857,27.623],[96.79,27.659]],[[93.797,24.33],[93.699,24.46],[93.782,24.659],[93.858,24.72],[93.969,24.693],[93.998,24.546],[93.867,24.364],[93.797,24.33]]]},"properties":{"DOMSOI":"Ao"}},
{"type":"Feature","geometry":{"type":"Polygon","coordinates":[[[88.131,27.88],[88.177,27.952],[88.146,27.955],[88.131,27.88]]]},"properties":{"DOMSOI":"I"}},
{"type":"Feature","geometry":{"type":"Polygon","coordinates":[[[88.877,27.877],[88.836,27.951],[88.764,27.825],[88.877,27.877]]]},"properties":{"DOMSOI":"GL"}},
{"type":"Feature","geometry":{"type":"Polygon","coordinates":[[[92.686,27.949],[92.452,27.826],[92.345,27.821],[92.607,27.829],[92.686,27.949]]]},"properties":{"DOMSOI":"GL"}},
{"type":"Feature","geometry":{"type":"Polygon","coordinates":[[[95.305,27.894],[95.274,27.941],[94.759,27.699],[94.494,27.616],[94.226,27.559],[94.111,27.434],[93.98,27.345],[93.835,27.199],[93.788,27.032],[93.609,26.963],[93.157,26.894],[92.936,26.916],[92.811,26.901],[92.677,26.977],[92.586,26.962],[92.449,26.869],[92.252,26.813],[92.337,26.712],[92.293,26.65],[92.566,26.683],[93.163,26.804],[93.895,26.999],[94.199,27.145],[94.826,27.627],[94.999,27.743],[95.305,27.894]]]},"properties":{"DOMSOI":"Be"}},
{"type":"Feature","geometry":{"type":"Polygon","coordinates":[[[95.274,27.941],[95.096,27.891],[94.731,27.718],[94.495,27.64],[94.09,27.532],[93.914,27.351],[93.727,27.149],[93.537,27.06],[93.212,27.035],[92.742,27.049],[92.55,26.996],[92.586,26.962],[92.677,26.977],[92.811,26.901],[92.936,26.916],[93.157,26.894],[93.609,26.963],[93.788,27.032],[93.835,27.199],[93.98,27.345],[94.111,27.434],[94.226,27.559],[94.494,27.616],[94.759,27.699],[95.274,27.941]]]},"properties":{"DOMSOI":"Be"}},
{"type":"Feature","geometry":{"type":"Polygon","coordinates":[[[96.964,27.861],[96.802,27.922],[96.687,27.829],[96.79,27.659],[96.857,27.623],[96.907,27.487],[96.889,27.617],[97.047,27.75],[96.964,27.861]]]},"properties":{"DOMSOI":"I"}},
{"type":"Feature","geometry":{"type":"Polygon","coordinates":[[[82.004,27.921],[81.92,27.867],[82.091,27.817],[82.004,27.921]]]},"properties":{"DOMSOI":"Je"}},
{"type":"Feature","geometry":{"type":"Polygon","coordinates":[[[82.004,27.921],[82.091,27.817],[82.358,27.671],[82.54,27.646],[82.722,27.655],[82.71,27.705],[82.424,27.679],[82.171,27.857],[82.004,27.921]]]},"properties":{"DOMSOI":"Rd"}},
{"type":"Feature","geometry":{"type":"Polygon","coordinates":[[[71.649,27.882],[71.282,27.85],[70.861,27.518],[70.746,27.463],[71.049,27.411],[71.093,27.358],[71.006,27.253],[71.314,27.165],[71.311,27.373],[71.427,27.637],[71.649,27.882]]]},"properties":{"DOMSOI":"Qc"}},
{"type":"Feature","geometry":{"type":"Polygon","coordinates":[[[92.297,27.819],[92.197,27.813],[92.206,27.804],[92.297,27.819]]]},"properties":{"DOMSOI":"GL"}},
{"type":"Feature","geometry":{"type":"Polygon","coordinates":[[[75.52,27.792],[75.308,27.587],[75.455,27.575],[75.619,27.715],[75.52,27.792]]]},"properties":{"DOMSOI":"I"}},
{"type":"Feature","geometry":{"type":"Polygon","coordinates":[[[91.762,27.765],[91.658,27.765],[91.595,27.646],[91.621,27.549],[91.755,27.464],[91.725,27.693],[91.762,27.765]]]},"properties":{"DOMSOI":"I"}},
{"type":"Feature","geometry":{"type":"Polygon","coordinates":[[[82.722,27.655],[82.54,27.646],[82.358,27.671],[82.879,27.436],[83.164,27.35],[83.356,27.316],[83.671,27.307],[83.799,27.266],[83.743,27.41],[83.608,27.469],[83.396,27.479],[83.337,27.339],[83.186,27.444],[83.037,27.448],[82.926,27.494],[82.764,27.505],[82.722,27.655]]]},"properties":{"DOMSOI":"Je"}},
{"type":"Feature","geometry":{"type":"Polygon","coordinates":[[[88.275,27.2],[88.375,27.189],[88.514,27.064],[88.587,26.872],[88.638,26.837],[88.658,26.939],[88.872,26.983],[88.861,27.096],[88.762,27.184],[88.817,27.259],[88.681,27.425],[88.699,27.632],[88.573,27.582],[88.42,27.314],[88.336,27.318],[88.296,27.451],[88.182,27.432],[88.08,27.305],[88.05,27.15],[88.155,27.214],[88.275,27.2]]]},"properties":{"DOMSOI":"Bd"}},
{"type":"Feature","geometry":{"type":"Polygon","coordinates":[[[84.341,27.376],[84.106,27.518],[83.957,27.451],[84.183,27.309],[84.326,27.273],[84.365,27.354],[84.341,27.376]]]},"properties":{"DOMSOI":"Bh"}},
{"type":"Feature","geometry":{"type":"Polygon","coordinates":[[[71.314,27.165],[71.006,27.253],[71.093,27.358],[71.049,27.411],[70.746,27.463],[70.585,27.475],[70.479,27.366],[70.41,27.19],[70.431,27.087],[70.549,26.97],[70.62,26.825],[70.775,26.76],[71.098,26.708],[71.159,26.659],[71.288,26.744],[71.349,26.858],[71.364,26.988],[71.314,27.165]]]},"properties":{"DOMSOI":"Yk"}},
{"type":"Feature","geometry":{"type":"Polygon","coordinates":[[[75.009,27.178],[74.966,27.137],[75.094,27.108],[75.298,27.325],[75.287,27.449],[75.009,27.178]]]},"properties":{"DOMSOI":"I"}},
{"type":"Feature","geometry":{"type":"Polygon","coordinates":[[[83.957,27.451],[83.822,27.373],[83.909,27.305],[84.448,26.999],[84.756,26.796],[84.638,26.943],[84.596,27.05],[84.68,27.176],[84.656,27.281],[84.365,27.354],[84.326,27.273],[84.183,27.309],[83.957,27.451]]]},"properties":{"DOMSOI":"Je"}},
{"type":"Feature","geometry":{"type":"Polygon","coordinates":[[[96.972,27.362],[96.689,27.448],[96.593,27.346],[96.741,27.363],[96.82,27.324],[96.897,27.172],[97.067,27.092],[97.159,27.139],[96.972,27.362]]]},"properties":{"DOMSOI":"I"}},
{"type":"Feature","geometry":{"type":"Polygon","coordinates":[[[83.822,27.373],[83.743,27.41],[83.799,27.266],[84.046,26.905],[84.16,26.759],[84.348,26.576],[84.598,26.383],[84.751,26.24],[84.849,26.095],[85.02,25.917],[85.066,25.754],[84.944,25.74],[84.576,25.855],[84.006,26.149],[83.947,26.113],[84.305,25.898],[84.487,25.819],[84.526,25.745],[84.288,25.775],[84.123,25.76],[83.862,25.634],[83.753,25.624],[83.701,25.534],[83.808,25.47],[83.948,25.49],[84.093,25.615],[84.723,25.65],[84.756,25.57],[84.675,25.409],[84.427,25.202],[84.025,24.81],[83.878,24.64],[83.737,24.565],[83.752,24.445],[83.998,24.574],[84.307,24.911],[84.654,25.192],[84.782,25.375],[84.88,25.6],[85.022,25.652],[85.205,25.525],[85.591,25.42],[85.881,25.283],[86.158,25.219],[86.258,25.217],[86.505,25.326],[86.685,25.232],[86.814,25.208],[87.441,25.241],[87.667,25.218],[87.751,25.139],[87.832,24.951],[87.959,24.643],[88.103,24.487],[88.546,24.181],[88.699,24.091],[88.744,24.188],[88.706,24.303],[88.498,24.321],[88.366,24.412],[88.111,24.524],[88.044,24.69],[88.171,24.852],[88.168,24.934],[88.021,25.117],[87.866,25.258],[87.653,25.375],[87.358,25.436],[87.159,25.343],[86.728,25.359],[86.569,25.447],[86.442,25.451],[86.192,25.376],[85.902,25.502],[85.584,25.564],[85.364,25.642],[85.198,25.789],[84.938,26.191],[84.738,26.437],[84.519,26.601],[84.401,26.759],[83.909,27.305],[83.822,27.373]]]},"properties":{"DOMSOI":"Jc"}},
{"type":"Feature","geometry":{"type":"Polygon","coordinates":[[[96.955,27.39],[96.951,27.401],[96.947,27.404],[96.955,27.39]]]},"properties":{"DOMSOI":"I"}},
{"type":"Feature","geometry":{"type":"Polygon","coordinates":[[[93.914,27.351],[93.82,27.379],[93.452,27.204],[93.176,27.132],[93.055,27.198],[92.888,27.135],[92.725,27.126],[92.648,27.228],[92.56,27.241],[92.316,27.121],[92.011,27.092],[92.114,26.938],[92.55,26.996],[92.742,27.049],[93.212,27.035],[93.537,27.06],[93.727,27.149],[93.914,27.351]]]},"properties":{"DOMSOI":"Nd"}},
{"type":"Feature","geometry":{"type":"Polygon","coordinates":[[[84.341,27.376],[84.365,27.354],[84.656,27.281],[84.61,27.336],[84.341,27.376]]]},"properties":{"DOMSOI":"Rd"}},
{"type":"Feature","geometry":{"type":"Polygon","coordinates":[[[74.688,26.997],[74.484,26.991],[74.277,26.856],[74.076,26.781],[74.01,26.865],[74.04,26.947],[74.361,27.159],[74.327,27.294],[74.208,27.334],[73.859,27.343],[73.619,27.307],[73.539,27.21],[73.532,27.084],[73.478,27.002],[73.037,26.665],[72.648,26.338],[72.496,26.142],[72.197,25.902],[72.069,25.696],[72.021,25.475],[72.026,25.038],[72.099,24.715],[72.092,24.617],[71.981,24.279],[71.895,24.159],[71.732,24.13],[71.613,24.228],[71.645,24.318],[71.629,24.628],[71.484,24.677],[71.322,24.775],[71.076,24.711],[71.167,24.678],[71.29,24.562],[71.301,24.429],[71.272,24.226],[71.296,24],[71.156,23.865],[71.068,23.697],[71.162,23.638],[71.347,23.703],[71.394,23.703],[71.546,23.74],[71.776,23.893],[72.205,24.216],[72.325,24.266],[72.681,24.361],[72.894,24.501],[73.064,24.657],[73.258,24.918],[73.619,25.331],[73.915,25.757],[74.016,25.853],[74.182,26.013],[74.279,26.157],[74.444,26.167],[74.519,26.298],[74.524,26.599],[74.631,26.902],[74.688,26.997]],[[72.364,25.428],[72.32,25.654],[72.422,25.757],[72.534,25.66],[72.433,25.458],[72.364,25.428]],[[72.553,24.414],[72.521,24.477],[72.784,24.696],[72.776,24.556],[72.553,24.414]]]},"properties":{"DOMSOI":"Xh"}},
{"type":"Feature","geometry":{"type":"Polygon","coordinates":[[[84.756,26.796],[84.448,26.999],[83.909,27.305],[84.401,26.759],[84.519,26.601],[84.738,26.437],[84.938,26.191],[85.198,25.789],[85.344,25.715],[85.65,25.636],[86.022,25.579],[86.681,25.533],[86.579,25.608],[86.453,25.77],[86.312,25.855],[85.915,25.963],[85.781,26.024],[85.447,26.234],[85.05,26.58],[84.756,26.796]]]},"properties":{"DOMSOI":"Bk"}},
{"type":"Feature","geometry":{"type":"Polygon","coordinates":[[[72.02,26.933],[72.086,27.018],[72.003,27.265],[71.941,27.268],[71.864,27.082],[71.92,26.958],[72.02,26.933]]]},"properties":{"DOMSOI":"Yk"}},
{"type":"Feature","geometry":{"type":"Polygon","coordinates":[[[88.275,27.2],[88.155,27.214],[88.05,27.15],[87.999,27.101],[88.119,26.984],[88.194,26.746],[88.35,26.789],[88.433,26.867],[88.437,26.927],[88.406,27.03],[88.275,27.2]]]},"properties":{"DOMSOI":"Ah"}},
{"type":"Feature","geometry":{"type":"Polygon","coordinates":[[[88.275,27.2],[88.406,27.03],[88.437,26.927],[88.658,26.562],[88.802,26.409],[88.923,26.364],[89.002,26.423],[88.927,26.604],[88.935,26.692],[89.063,26.771],[88.919,26.801],[88.742,26.779],[88.638,26.837],[88.587,26.872],[88.514,27.064],[88.375,27.189],[88.275,27.2]]]},"properties":{"DOMSOI":"Rd"}},
{"type":"Feature","geometry":{"type":"Polygon","coordinates":[[[84.68,27.176],[84.596,27.05],[84.705,26.944],[85.073,26.733],[85.377,26.617],[85.568,26.733],[85.632,26.706],[85.726,26.546],[85.891,26.51],[86.099,26.58],[86.218,26.573],[86.578,26.429],[86.746,26.416],[86.842,26.424],[86.973,26.482],[87.094,26.459],[87.048,26.585],[86.822,26.436],[86.738,26.42],[86.525,26.532],[86.326,26.614],[86.22,26.588],[86.029,26.663],[85.868,26.574],[85.731,26.667],[85.726,26.802],[85.63,26.867],[85.328,26.736],[85.222,26.763],[85.167,26.871],[85.041,26.887],[84.844,27.015],[84.651,27.042],[84.68,27.176]]]},"properties":{"DOMSOI":"Je"}},
{"type":"Feature","geometry":{"type":"Polygon","coordinates":[[[76.42,26.545],[76.488,26.696],[76.661,26.838],[76.781,26.979],[76.822,27.089],[76.758,27.159],[76.638,27.067],[76.567,27.134],[76.441,27.06],[76.288,27.094],[76.135,27.014],[75.967,27.052],[75.817,26.875],[75.755,26.922],[75.617,26.872],[75.178,26.781],[74.984,26.666],[74.758,26.386],[74.59,26.127],[74.421,25.986],[74.313,25.945],[74.182,26.013],[74.016,25.853],[74.046,25.772],[73.948,25.661],[73.791,25.366],[73.696,25.226],[73.61,24.987],[73.368,24.838],[73.297,24.735],[73.44,24.64],[73.397,24.489],[73.516,24.464],[73.761,24.515],[73.949,24.483],[73.972,24.399],[74.023,24.3],[74.142,24.243],[74.413,24.199],[74.468,24.292],[74.777,24.305],[74.844,24.348],[74.966,24.536],[75.085,24.557],[74.803,24.676],[74.7,24.79],[74.669,24.942],[74.767,25.051],[74.968,25.149],[75.396,25.319],[75.391,25.395],[75.501,25.472],[75.919,25.623],[76.126,25.742],[76.45,26.038],[76.665,26.183],[76.566,26.266],[76.569,26.351],[76.681,26.415],[76.483,26.46],[76.42,26.545]],[[74.983,25.44],[74.707,25.55],[74.665,25.646],[74.722,25.819],[74.961,26.183],[75.079,26.301],[75.244,26.323],[75.37,26.268],[75.5,26.041],[75.451,25.899],[75.189,25.531],[75.057,25.44],[74.983,25.44]]]},"properties":{"DOMSOI":"Be"}},
{"type":"Feature","geometry":{"type":"Polygon","coordinates":[[[74.827,27.136],[74.688,26.997],[74.631,26.902],[74.524,26.599],[74.519,26.298],[74.444,26.167],[74.279,26.157],[74.182,26.013],[74.313,25.945],[74.421,25.986],[74.59,26.127],[74.758,26.386],[74.692,26.524],[74.745,26.678],[74.75,26.87],[74.831,26.988],[74.827,27.136]]]},"properties":{"DOMSOI":"I"}},
{"type":"Feature","geometry":{"type":"Polygon","coordinates":[[[75.494,26.918],[75.554,26.972],[75.483,27.105],[75.292,27.015],[75.314,26.941],[75.494,26.918]]]},"properties":{"DOMSOI":"Qc"}},
{"type":"Feature","geometry":{"type":"Polygon","coordinates":[[[84.596,27.05],[84.638,26.943],[84.756,26.796],[85.05,26.58],[85.447,26.234],[85.781,26.024],[85.915,25.963],[86.312,25.855],[86.453,25.77],[86.448,25.953],[86.514,26.112],[86.842,26.424],[86.746,26.416],[86.578,26.429],[86.218,26.573],[86.099,26.58],[85.891,26.51],[85.726,26.546],[85.632,26.706],[85.568,26.733],[85.377,26.617],[85.073,26.733],[84.705,26.944],[84.596,27.05]]]},"properties":{"DOMSOI":"Be"}},
{"type":"Feature","geometry":{"type":"Polygon","coordinates":[[[75.041,26.898],[75.04,27.022],[74.907,26.958],[75.041,26.898]]]},"properties":{"DOMSOI":"WR"}},
{"type":"Feature","geometry":{"type":"Polygon","coordinates":[[[92.586,26.962],[92.55,26.996],[92.114,26.938],[92.081,26.868],[92.203,26.866],[92.47,26.917],[92.586,26.962]]]},"properties":{"DOMSOI":"Rd"}},
{"type":"Feature","geometry":{"type":"Polygon","coordinates":[[[89.138,26.822],[89.053,26.903],[88.872,26.983],[88.658,26.939],[88.638,26.837],[88.742,26.779],[88.919,26.801],[89.063,26.771],[89.269,26.71],[89.612,26.668],[90.019,26.679],[90.341,26.715],[90.505,26.699],[90.819,26.632],[91.322,26.665],[91.669,26.734],[91.773,26.772],[92.252,26.813],[92.449,26.869],[92.586,26.962],[92.47,26.917],[92.203,26.866],[92.081,26.868],[91.905,26.806],[91.836,26.863],[91.719,26.802],[91.521,26.833],[91.367,26.799],[91.269,26.79],[90.914,26.737],[90.679,26.766],[90.182,26.81],[90.082,26.739],[89.842,26.701],[89.671,26.731],[89.626,26.777],[89.437,26.82],[89.138,26.822]]]},"properties":{"DOMSOI":"Rd"}},
{"type":"Feature","geometry":{"type":"Polygon","coordinates":[[[95.519,26.824],[95.525,26.826],[95.647,26.898],[95.563,26.98],[95.227,26.832],[95.084,26.728],[94.985,26.58],[94.94,26.432],[94.882,25.972],[94.826,25.798],[94.721,25.617],[94.329,25.127],[94.22,24.911],[94.08,24.425],[94.043,24.097],[93.973,23.978],[93.894,23.977],[93.827,24.074],[93.664,24.075],[93.566,24.179],[93.566,24.366],[93.674,24.715],[93.773,24.954],[94.004,25.27],[94.045,25.43],[94.013,25.544],[93.939,25.568],[93.792,25.519],[93.453,25.145],[93.374,25.044],[93.266,24.774],[93.13,24.604],[93.073,24.475],[93.015,24.018],[92.917,24.107],[92.846,24.102],[92.8,23.973],[92.778,23.782],[92.801,23.208],[92.8,22.796],[92.774,22.334],[92.797,22.167],[92.851,22.062],[92.916,21.975],[93.044,22.202],[93.191,22.248],[93.181,22.441],[93.099,22.659],[93.125,23.014],[93.268,23.004],[93.35,23.073],[93.389,23.223],[93.434,23.679],[93.384,23.921],[93.328,23.982],[93.409,24.073],[93.482,23.965],[93.621,24.016],[93.764,24.004],[93.819,23.935],[94.027,23.922],[94.295,24.45],[94.387,24.425],[94.539,24.709],[94.618,24.76],[94.729,25.136],[94.576,25.214],[94.622,25.388],[94.687,25.466],[94.876,25.567],[95.007,25.734],[95.034,25.801],[95.064,25.945],[95.083,26.222],[95.066,26.48],[95.141,26.612],[95.266,26.644],[95.519,26.824]]]},"properties":{"DOMSOI":"Bh"}},
{"type":"Feature","geometry":{"type":"Polygon","coordinates":[[[84.079,26.714],[83.959,26.786],[83.743,26.857],[83.407,26.903],[83.134,26.976],[83.019,26.922],[83.049,26.813],[83.406,26.547],[83.947,26.113],[84.006,26.149],[84.576,25.855],[84.437,25.943],[84.355,26.047],[84.357,26.305],[84.182,26.583],[84.079,26.714]]]},"properties":{"DOMSOI":"Bk"}},
{"type":"Feature","geometry":{"type":"Polygon","coordinates":[[[88.437,26.927],[88.433,26.867],[88.435,26.55],[88.681,26.42],[88.791,26.297],[88.802,26.409],[88.658,26.562],[88.437,26.927]]]},"properties":{"DOMSOI":"Bh"}},
{"type":"Feature","geometry":{"type":"Polygon","coordinates":[[[84.046,26.905],[83.995,26.865],[84.079,26.714],[84.182,26.583],[84.357,26.305],[84.355,26.047],[84.437,25.943],[84.576,25.855],[84.944,25.74],[85.066,25.754],[85.02,25.917],[84.849,26.095],[84.751,26.24],[84.598,26.383],[84.348,26.576],[84.16,26.759],[84.046,26.905]]]},"properties":{"DOMSOI":"Bk"}},
{"type":"Feature","geometry":{"type":"Polygon","coordinates":[[[90.682,26.774],[90.569,26.803],[90.392,26.904],[90.182,26.81],[90.679,26.766],[90.682,26.774]]]},"properties":{"DOMSOI":"Bd"}},
{"type":"Feature","geometry":{"type":"Polygon","coordinates":[[[91.521,26.833],[91.411,26.866],[91.367,26.799],[91.521,26.833]]]},"properties":{"DOMSOI":"Nd"}},
{"type":"Feature","geometry":{"type":"Polygon","coordinates":[[[88.433,26.867],[88.35,26.789],[88.194,26.746],[88.102,26.53],[88.096,26.439],[88.015,26.365],[87.891,26.473],[87.77,26.412],[87.588,26.381],[87.477,26.436],[87.328,26.348],[87.211,26.406],[87.35,26.279],[87.591,25.943],[87.71,25.823],[87.817,25.855],[87.871,26.031],[87.94,26.133],[88.175,26.328],[88.305,26.385],[88.398,26.481],[88.435,26.55],[88.433,26.867]]]},"properties":{"DOMSOI":"Je"}},
{"type":"Feature","geometry":{"type":"Polygon","coordinates":[[[89.437,26.82],[89.377,26.855],[89.138,26.822],[89.437,26.82]]]},"properties":{"DOMSOI":"Bd"}},
{"type":"Feature","geometry":{"type":"Polygon","coordinates":[[[76.626,26.008],[76.711,26.082],[76.937,26.174],[77.331,26.361],[77.466,26.441],[77.314,26.508],[77.307,26.574],[77.421,26.711],[77.374,26.833],[77.231,26.786],[77.002,26.518],[76.681,26.415],[76.569,26.351],[76.566,26.266],[76.665,26.183],[76.45,26.038],[76.126,25.742],[75.919,25.623],[75.501,25.472],[75.391,25.395],[75.396,25.319],[75.453,25.335],[75.719,25.447],[76.053,25.559],[76.626,26.008]]]},"properties":{"DOMSOI":"I"}},
{"type":"Feature","geometry":{"type":"Polygon","coordinates":[[[95.266,26.644],[95.45,26.716],[95.519,26.824],[95.266,26.644]]]},"properties":{"DOMSOI":"Ao"}},
{"type":"Feature","geometry":{"type":"Polygon","coordinates":[[[91.269,26.79],[91.091,26.816],[91.032,26.783],[90.682,26.774],[90.679,26.766],[90.914,26.737],[91.269,26.79]]]},"properties":{"DOMSOI":"Ao"}},
{"type":"Feature","geometry":{"type":"Polygon","coordinates":[[[92.252,26.813],[91.773,26.772],[91.669,26.734],[91.45,26.504],[91.163,26.368],[91.2,26.266],[91.766,26.334],[92.122,26.586],[92.293,26.65],[92.337,26.712],[92.252,26.813]]]},"properties":{"DOMSOI":"Ao"}},
{"type":"Feature","geometry":{"type":"Polygon","coordinates":[[[90.019,26.679],[89.612,26.668],[89.269,26.71],[89.063,26.771],[88.935,26.692],[88.927,26.604],[89.002,26.423],[89.028,26.404],[89.131,26.408],[89.378,26.223],[89.565,26.37],[89.629,26.383],[89.795,26.314],[89.976,26.192],[90.147,26.194],[90.412,26.283],[90.548,26.29],[90.839,26.224],[91.2,26.266],[91.163,26.368],[91.45,26.504],[91.669,26.734],[91.322,26.665],[90.819,26.632],[90.811,26.526],[90.73,26.475],[90.255,26.378],[90.099,26.435],[90.098,26.595],[90.019,26.679]]]},"properties":{"DOMSOI":"Be"}},
{"type":"Feature","geometry":{"type":"Polygon","coordinates":[[[71.159,26.659],[71.098,26.708],[70.775,26.76],[70.741,26.701],[70.887,26.494],[70.972,26.199],[71.079,26.08],[71.199,26.128],[71.226,26.309],[71.445,26.402],[71.565,26.514],[71.61,26.61],[71.55,26.684],[71.27,26.571],[71.159,26.659]]]},"properties":{"DOMSOI":"I"}},
{"type":"Feature","geometry":{"type":"Polygon","coordinates":[[[90.819,26.632],[90.505,26.699],[90.341,26.715],[90.019,26.679],[90.098,26.595],[90.099,26.435],[90.255,26.378],[90.73,26.475],[90.811,26.526],[90.819,26.632]]]},"properties":{"DOMSOI":"Ao"}},
{"type":"Feature","geometry":{"type":"Polygon","coordinates":[[[93.253,25.872],[93.407,25.979],[93.658,26.111],[93.751,26.216],[93.797,26.512],[93.729,26.639],[93.563,26.67],[93.262,26.626],[93.096,26.572],[92.93,26.461],[92.791,26.321],[92.917,26.242],[93.166,26.323],[93.181,26.173],[93.257,26.053],[93.114,25.961],[93.253,25.872]]]},"properties":{"DOMSOI":"Nd"}},
{"type":"Feature","geometry":{"type":"Polygon","coordinates":[[[88.425,26.476],[88.398,26.481],[88.305,26.385],[88.175,26.328],[87.94,26.133],[87.871,26.031],[87.817,25.855],[87.71,25.823],[87.591,25.943],[87.35,26.279],[87.211,26.406],[87.094,26.459],[86.973,26.482],[86.842,26.424],[86.514,26.112],[86.448,25.953],[86.453,25.77],[86.579,25.608],[86.681,25.533],[86.86,25.476],[87.182,25.462],[87.358,25.436],[87.653,25.375],[87.866,25.258],[88.021,25.117],[88.168,24.934],[88.316,24.875],[88.335,24.944],[88.177,25.05],[88.138,25.208],[88.189,25.53],[88.332,25.615],[88.342,25.734],[88.28,25.802],[88.166,25.779],[88.096,25.915],[88.183,26.034],[88.184,26.152],[88.358,26.227],[88.437,26.341],[88.425,26.476]]]},"properties":{"DOMSOI":"Be"}},
{"type":"Feature","geometry":{"type":"Polygon","coordinates":[[[88.437,26.341],[88.525,26.372],[88.425,26.476],[88.437,26.341]]]},"properties":{"DOMSOI":"Bh"}},
{"type":"Feature","geometry":{"type":"Polygon","coordinates":[[[89.976,26.192],[89.795,26.314],[89.629,26.383],[89.565,26.37],[89.378,26.223],[89.131,26.408],[89.028,26.404],[89.152,26.138],[89.37,26.002],[89.585,26.038],[89.591,26.159],[89.753,26.117],[89.976,26.192]]]},"properties":{"DOMSOI":"Ge"}},
{"type":"Feature","geometry":{"type":"Polygon","coordinates":[[[88.923,26.364],[88.802,26.409],[88.791,26.297],[88.956,26.239],[88.923,26.364]]]},"properties":{"DOMSOI":"Ge"}},
{"type":"Feature","geometry":{"type":"Polygon","coordinates":[[[77.977,25.586],[77.912,25.622],[77.96,25.864],[77.914,25.963],[77.969,26.042],[78.471,26.05],[78.691,26.121],[78.625,26.21],[78.375,26.163],[78.28,26.17],[78.111,26.33],[77.988,26.37],[77.811,26.347],[77.427,26.188],[77.459,26.116],[77.281,25.888],[77.248,25.682],[77.25,25.366],[77.27,25.258],[77.371,25.37],[77.677,25.394],[77.879,25.507],[77.977,25.586]]]},"properties":{"DOMSOI":"Lc"}},
{"type":"Feature","geometry":{"type":"Polygon","coordinates":[[[79.693,26.262],[79.615,26.228],[79.361,26.312],[79.144,26.33],[78.993,26.222],[78.842,26.069],[78.496,25.887],[77.977,25.586],[77.879,25.507],[77.978,25.486],[78.117,25.423],[78.144,25.312],[78.245,25.305],[78.361,25.402],[78.486,25.352],[78.435,25.169],[78.536,25.123],[78.712,25.244],[78.852,25.252],[79.075,25.214],[79.196,25.104],[79.488,25.184],[79.563,25.12],[79.693,25.191],[79.774,25.184],[79.915,24.897],[79.874,24.756],[80.036,24.735],[80.145,24.776],[80.271,24.886],[80.398,24.928],[80.678,25.152],[80.842,25.149],[81.198,25.251],[81.318,25.155],[81.761,25.322],[81.857,25.384],[81.658,25.362],[81.267,25.472],[80.896,25.649],[80.677,25.769],[79.971,26.11],[79.693,26.262]]]},"properties":{"DOMSOI":"Lc"}},
{"type":"Feature","geometry":{"type":"Polygon","coordinates":[[[74.983,25.44],[75.057,25.44],[75.189,25.531],[75.451,25.899],[75.5,26.041],[75.37,26.268],[75.244,26.323],[75.079,26.301],[74.961,26.183],[74.722,25.819],[74.665,25.646],[74.707,25.55],[74.983,25.44]]]},"properties":{"DOMSOI":"Be"}},
{"type":"Feature","geometry":{"type":"Polygon","coordinates":[[[95.064,25.945],[95.162,26.033],[95.083,26.222],[95.064,25.945]]]},"properties":{"DOMSOI":"Ao"}},
{"type":"Feature","geometry":{"type":"Polygon","coordinates":[[[90.497,26.106],[90.268,26.196],[90.096,26.121],[89.97,25.966],[89.865,25.932],[89.808,25.834],[89.838,25.708],[89.969,25.903],[90.104,26.023],[90.349,26.084],[90.412,26.074],[90.497,26.106]]]},"properties":{"DOMSOI":"WR"}},
{"type":"Feature","geometry":{"type":"Polygon","coordinates":[[[90.147,26.194],[89.976,26.192],[89.753,26.117],[89.845,25.945],[90.018,26.122],[90.147,26.194]]]},"properties":{"DOMSOI":"Ge"}},
{"type":"Feature","geometry":{"type":"Polygon","coordinates":[[[77.27,25.258],[77.25,25.366],[77.248,25.682],[77.281,25.888],[77.459,26.116],[77.427,26.188],[77.255,26.092],[77.148,25.966],[77.126,25.84],[77.127,25.477],[77.22,24.868],[77.238,24.64],[77.266,24.446],[77.279,23.891],[77.23,23.696],[77.339,23.634],[77.459,23.761],[77.476,23.924],[77.388,24.141],[77.351,24.396],[77.388,24.881],[77.369,25.007],[77.27,25.258]]]},"properties":{"DOMSOI":"I"}},
{"type":"Feature","geometry":{"type":"Polygon","coordinates":[[[92.634,26.058],[92.491,26.162],[92.354,26.171],[92.176,26.136],[91.77,26.141],[91.715,26.124],[91.543,25.989],[91.41,25.931],[91.091,25.91],[90.883,25.921],[90.638,25.828],[90.603,25.97],[90.545,26.026],[90.37,25.951],[90.238,25.755],[90.045,25.707],[90.121,25.314],[90.239,25.274],[90.489,25.259],[90.576,25.167],[90.669,25.169],[90.794,25.188],[90.974,25.163],[91.236,25.196],[91.174,25.269],[90.906,25.462],[90.857,25.623],[90.997,25.742],[91.221,25.814],[91.447,25.813],[91.562,25.839],[91.71,26.003],[91.843,25.903],[91.999,25.933],[92.182,26.044],[92.344,26.076],[92.334,25.855],[92.436,25.828],[92.485,25.91],[92.597,25.861],[92.634,26.058]],[[90.879,25.257],[90.679,25.349],[90.376,25.417],[90.334,25.54],[90.532,25.497],[90.874,25.331],[90.879,25.257]]]},"properties":{"DOMSOI":"Nd"}},
{"type":"Feature","geometry":{"type":"Polygon","coordinates":[[[91.715,26.124],[91.407,26.136],[91.095,26.121],[90.814,26.085],[90.603,25.97],[90.638,25.828],[90.883,25.921],[91.091,25.91],[91.41,25.931],[91.543,25.989],[91.715,26.124]]]},"properties":{"DOMSOI":"Ao"}},
{"type":"Feature","geometry":{"type":"Polygon","coordinates":[[[90.814,26.085],[90.572,26.121],[90.497,26.106],[90.412,26.074],[90.114,25.89],[89.969,25.759],[89.907,25.654],[89.83,25.399],[89.917,25.31],[90.111,25.225],[90.438,25.147],[90.576,25.167],[90.489,25.259],[90.239,25.274],[90.121,25.314],[90.045,25.707],[90.238,25.755],[90.37,25.951],[90.545,26.026],[90.603,25.97],[90.814,26.085]]]},"properties":{"DOMSOI":"Ge"}},
{"type":"Feature","geometry":{"type":"Polygon","coordinates":[[[90.412,26.074],[90.349,26.084],[90.104,26.023],[89.969,25.903],[89.838,25.708],[89.864,25.641],[89.83,25.399],[89.907,25.654],[89.969,25.759],[90.114,25.89],[90.412,26.074]]]},"properties":{"DOMSOI":"Je"}},
{"type":"Feature","geometry":{"type":"Polygon","coordinates":[[[92.597,25.861],[92.485,25.91],[92.436,25.828],[92.334,25.855],[92.344,26.076],[92.182,26.044],[91.999,25.933],[91.843,25.903],[91.71,26.003],[91.562,25.839],[91.447,25.813],[91.221,25.814],[90.997,25.742],[90.857,25.623],[90.906,25.462],[91.174,25.269],[91.217,25.312],[91.557,25.347],[91.667,25.38],[91.802,25.531],[91.944,25.64],[92.137,25.731],[92.305,25.747],[92.499,25.689],[92.59,25.493],[92.81,25.363],[92.763,25.479],[92.805,25.586],[92.672,25.624],[92.617,25.712],[92.597,25.861]]]},"properties":{"DOMSOI":"Ao"}},
{"type":"Feature","geometry":{"type":"Polygon","coordinates":[[[92.634,26.058],[92.597,25.861],[92.617,25.712],[92.672,25.624],[92.805,25.586],[93.032,25.603],[93.174,25.589],[93.388,25.47],[93.476,25.472],[93.533,25.588],[93.425,25.643],[93.231,25.806],[92.921,25.821],[92.834,25.864],[92.634,26.058]]]},"properties":{"DOMSOI":"Af"}},
{"type":"Feature","geometry":{"type":"Polygon","coordinates":[[[77.978,25.486],[77.879,25.507],[77.677,25.394],[77.371,25.37],[77.27,25.258],[77.369,25.007],[77.388,24.881],[77.351,24.396],[77.388,24.141],[77.476,23.924],[77.459,23.761],[77.339,23.634],[77.23,23.696],[77.279,23.891],[77.266,24.446],[77.238,24.64],[77.097,24.725],[77.011,25.094],[76.906,25.41],[76.776,25.638],[76.61,25.864],[76.626,26.008],[76.053,25.559],[75.719,25.447],[75.453,25.335],[75.531,25.326],[75.735,25.033],[75.761,24.874],[75.869,24.667],[75.829,24.567],[75.67,24.604],[75.637,24.392],[75.541,24.411],[75.417,24.136],[75.317,24.265],[75.377,24.412],[75.524,24.501],[75.286,24.514],[75.085,24.557],[74.966,24.536],[74.844,24.348],[74.799,23.967],[74.791,23.689],[74.911,23.396],[74.701,23.339],[74.581,23.251],[74.577,23.167],[74.671,23.071],[74.759,22.983],[74.838,22.967],[74.923,22.836],[74.909,22.668],[74.95,22.599],[75.084,22.539],[75.462,22.448],[75.575,22.471],[75.705,22.58],[75.821,22.486],[75.971,22.594],[76.019,22.504],[76.136,22.56],[76.144,22.773],[76.232,22.797],[76.32,22.648],[76.41,22.643],[77.135,22.906],[77.44,23.105],[77.511,22.963],[77.676,23.072],[77.727,23.186],[77.535,23.282],[77.503,23.482],[77.529,23.606],[77.762,23.484],[77.867,23.059],[77.995,23.067],[77.879,23.244],[77.886,23.346],[77.995,23.519],[77.977,23.718],[78.168,23.687],[78.219,23.835],[78.363,23.993],[78.422,23.896],[78.227,23.64],[78.086,23.409],[78.152,23.334],[78.421,23.411],[78.495,23.319],[78.209,23.169],[78.123,23.067],[78.236,23.098],[78.595,23.096],[78.908,23.14],[79.279,23.092],[79.793,23.38],[79.973,23.384],[80.016,23.29],[79.919,23.127],[79.583,22.915],[79.28,22.796],[78.986,22.725],[78.419,22.616],[78.391,22.624],[78.392,22.503],[78.454,22.464],[78.411,22.338],[78.506,22.289],[78.855,22.478],[78.951,22.417],[78.867,22.286],[78.728,22.196],[78.543,22.144],[78.378,22.054],[78.073,21.846],[77.915,21.712],[77.894,21.562],[78.262,21.664],[78.373,21.563],[78.249,21.474],[77.628,21.296],[76.776,21.116],[76.291,21.037],[76.115,21.096],[76.009,21.022],[75.884,20.989],[75.961,20.946],[75.998,20.81],[76.145,20.68],[76.406,20.675],[76.532,20.636],[76.664,20.508],[76.855,20.427],[77.147,20.414],[77.288,20.319],[77.135,20.274],[76.739,20.313],[76.627,20.364],[76.425,20.519],[76.264,20.578],[76.211,20.542],[76.251,20.339],[76.073,20.346],[75.954,20.453],[75.884,20.465],[75.688,20.409],[75.502,20.446],[75.393,20.343],[75.473,20.245],[75.358,20.078],[75.394,20.021],[75.55,20.021],[75.89,20.063],[76.045,20.009],[76.292,19.86],[76.239,19.772],[75.945,19.912],[75.785,19.924],[75.585,19.863],[75.222,19.909],[75.206,20.094],[75.146,20.169],[74.912,20.169],[74.706,20.083],[74.593,20.082],[74.396,20.165],[74.284,20.266],[74.12,20.314],[73.999,20.287],[73.858,20.338],[73.743,20.256],[73.877,20.131],[73.83,20.051],[73.663,20.05],[73.48,19.997],[73.552,19.936],[73.745,19.96],[73.845,19.917],[73.869,19.841],[74.037,19.917],[74.142,19.743],[74.328,19.694],[74.34,19.602],[74.516,19.597],[74.546,19.676],[74.399,19.745],[74.162,19.934],[74.142,20.04],[74.322,20.063],[74.762,19.836],[75.198,19.639],[75.414,19.564],[76.015,19.44],[76.479,19.245],[76.732,19.195],[77.067,19.227],[77.333,19.222],[77.551,19.146],[77.666,19.079],[77.538,19.279],[77.401,19.376],[77.164,19.423],[77.09,19.514],[77.208,19.689],[77.434,19.564],[77.496,19.444],[77.648,19.499],[77.718,19.445],[77.665,19.355],[77.812,19.308],[78.2,19.456],[78.281,19.517],[78.257,19.608],[78.098,19.535],[78.002,19.507],[77.692,19.659],[77.509,19.725],[77.382,19.833],[77.468,19.915],[77.393,20.062],[77.471,20.159],[77.492,20.266],[77.819,20.037],[77.804,19.943],[77.699,19.93],[77.716,19.81],[77.943,19.745],[78.078,19.848],[78.429,19.79],[78.488,19.745],[78.495,19.603],[78.557,19.571],[78.816,19.699],[78.835,19.829],[78.797,19.786],[78.634,19.822],[78.59,19.893],[78.718,19.942],[78.804,19.902],[78.767,20.047],[78.848,20.313],[78.937,20.373],[79.053,20.339],[79.168,20.181],[79.3,20.111],[79.251,20.208],[79.26,20.374],[79.112,20.595],[79.063,20.773],[79.099,20.863],[79.319,20.833],[79.442,20.872],[79.567,20.836],[79.624,20.694],[79.616,20.503],[79.515,20.289],[79.609,20.05],[79.822,20.075],[79.929,20.039],[80.059,19.815],[80.133,20.06],[80.194,20.15],[80.192,20.249],[80.099,20.368],[80.213,20.5],[80.195,20.608],[80.076,20.716],[80.087,20.823],[80.233,21.192],[80.373,21.16],[80.526,21.154],[80.595,21.258],[80.708,21.561],[80.445,21.568],[80.41,21.694],[80.206,21.856],[80.19,22.023],[80.137,22.195],[80.208,22.233],[80.368,22.093],[80.532,22.105],[80.55,21.873],[80.722,21.748],[80.748,21.625],[80.858,21.662],[81.029,22.141],[81.077,22.235],[81.028,22.348],[81.084,22.407],[81.127,22.576],[81.078,22.615],[80.907,22.534],[80.727,22.706],[80.687,22.802],[80.527,22.761],[80.518,22.903],[80.709,23.036],[80.735,23.164],[80.596,23.269],[80.326,23.315],[80.321,23.402],[80.41,23.507],[80.618,23.536],[80.492,23.665],[80.241,23.605],[80.185,23.695],[80.292,23.879],[80.411,23.969],[80.329,24.017],[80.217,23.985],[80.207,24.145],[80.088,24.165],[79.924,23.964],[79.808,24.024],[79.859,24.141],[79.753,24.192],[79.143,24.043],[79.004,24.049],[78.994,24.114],[79.166,24.192],[79.091,24.263],[78.884,24.121],[78.683,24.096],[78.665,24.222],[78.45,24.349],[78.234,24.509],[78.026,24.766],[77.944,25.032],[77.931,25.174],[77.978,25.486]],[[77.075,23.656],[77.021,23.78],[77.068,24.076],[77.151,24.121],[77.179,23.94],[77.133,23.701],[77.075,23.656]],[[79.778,20.913],[79.594,20.985],[79.54,21.066],[79.61,21.169],[79.799,21.208],[80.07,21.435],[80.152,21.427],[80.079,21.138],[80.023,21.06],[79.881,21.13],[79.829,20.944],[79.778,20.913]],[[78.592,20.53],[78.469,20.688],[78.35,20.767],[78.355,20.884],[78.576,20.846],[78.646,20.893],[78.407,21.016],[78.277,21.043],[78.21,21.17],[78.331,21.264],[78.506,21.244],[78.596,21.317],[78.592,21.456],[78.513,21.555],[78.554,21.725],[78.5,21.949],[78.621,21.978],[78.749,21.852],[79.029,21.92],[79.205,21.908],[79.582,21.962],[79.764,21.886],[79.708,21.778],[79.509,21.787],[79.376,21.703],[79.305,21.574],[79.158,21.515],[79.044,21.416],[78.915,21.539],[78.862,21.682],[78.747,21.655],[78.683,21.563],[78.722,21.472],[78.702,21.359],[78.755,21.252],[78.702,21.084],[78.754,20.953],[78.889,20.943],[78.898,20.823],[78.77,20.712],[78.613,20.709],[78.642,20.61],[78.592,20.53]],[[78.217,20.075],[78.028,20.352],[78.058,20.448],[78.193,20.456],[78.299,20.414],[78.33,20.342],[78.266,20.099],[78.217,20.075]],[[76.85,19.554],[76.663,19.608],[76.649,19.738],[76.816,19.792],[76.969,19.753],[77.042,19.621],[76.85,19.554]]]},"properties":{"DOMSOI":"Vc"}},
{"type":"Feature","geometry":{"type":"Polygon","coordinates":[[[83.948,25.49],[83.808,25.47],[83.701,25.534],[83.753,25.624],[83.55,25.606],[83.557,25.448],[83.435,25.41],[83.13,25.541],[82.711,25.682],[82.448,25.746],[81.949,25.908],[81.739,25.919],[81.678,25.81],[81.901,25.609],[81.947,25.512],[81.857,25.384],[81.761,25.322],[81.318,25.155],[81.011,25.084],[81.088,24.975],[81.479,24.925],[81.692,24.971],[81.949,24.956],[82.105,24.919],[82.241,24.786],[82.33,24.693],[82.445,24.666],[82.797,24.7],[82.998,24.689],[83.111,24.623],[83.288,24.661],[83.514,24.668],[83.61,24.737],[83.514,24.8],[83.308,24.861],[82.662,25.002],[82.324,25.017],[82.149,25.072],[82.204,25.133],[82.544,25.14],[82.885,25.079],[83.3,25.09],[83.646,25.056],[83.583,25.153],[83.671,25.27],[83.948,25.49]]]},"properties":{"DOMSOI":"Lo"}},
{"type":"Feature","geometry":{"type":"Polygon","coordinates":[[[73.972,24.399],[73.949,24.483],[73.761,24.515],[73.516,24.464],[73.397,24.489],[73.44,24.64],[73.297,24.735],[73.368,24.838],[73.61,24.987],[73.696,25.226],[73.791,25.366],[73.948,25.661],[74.046,25.772],[74.016,25.853],[73.915,25.757],[73.619,25.331],[73.258,24.918],[73.064,24.657],[72.894,24.501],[72.681,24.361],[72.615,24.227],[72.626,24.153],[72.749,24.144],[72.801,24.066],[72.943,24.138],[73.097,24.166],[73.407,24.046],[73.577,24.107],[73.883,24.303],[73.972,24.399]]]},"properties":{"DOMSOI":"I"}},
{"type":"Feature","geometry":{"type":"Polygon","coordinates":[[[95.007,25.734],[95.039,25.751],[95.034,25.801],[95.007,25.734]]]},"properties":{"DOMSOI":"Ao"}},
{"type":"Feature","geometry":{"type":"Polygon","coordinates":[[[86.681,25.533],[86.022,25.579],[85.65,25.636],[85.344,25.715],[85.198,25.789],[85.364,25.642],[85.584,25.564],[85.902,25.502],[86.192,25.376],[86.442,25.451],[86.569,25.447],[86.728,25.359],[87.159,25.343],[87.358,25.436],[87.182,25.462],[86.86,25.476],[86.681,25.533]]]},"properties":{"DOMSOI":"Lo"}},
{"type":"Feature","geometry":{"type":"Polygon","coordinates":[[[72.364,25.428],[72.433,25.458],[72.534,25.66],[72.422,25.757],[72.32,25.654],[72.364,25.428]]]},"properties":{"DOMSOI":"I"}},
{"type":"Feature","geometry":{"type":"Polygon","coordinates":[[[92.81,25.363],[92.59,25.493],[92.499,25.689],[92.305,25.747],[92.137,25.731],[91.944,25.64],[91.802,25.531],[91.667,25.38],[91.958,25.472],[92.055,25.48],[92.168,25.422],[92.123,25.291],[92.011,25.247],[92.387,25.177],[92.482,25.278],[92.688,25.272],[92.848,25.197],[92.81,25.363]]]},"properties":{"DOMSOI":"Ao"}},
{"type":"Feature","geometry":{"type":"Polygon","coordinates":[[[88.414,25.684],[88.342,25.734],[88.332,25.615],[88.499,25.464],[88.427,25.226],[88.335,24.944],[88.316,24.875],[88.396,24.938],[88.463,25.08],[88.451,25.188],[88.705,25.195],[88.745,25.462],[88.809,25.437],[88.791,25.171],[88.881,25.184],[88.883,25.326],[88.8,25.511],[88.659,25.474],[88.547,25.504],[88.455,25.588],[88.409,25.616],[88.414,25.684]]]},"properties":{"DOMSOI":"Ge"}},
{"type":"Feature","geometry":{"type":"Polygon","coordinates":[[[88.455,25.588],[88.414,25.684],[88.409,25.616],[88.455,25.588]]]},"properties":{"DOMSOI":"Be"}},
{"type":"Feature","geometry":{"type":"Polygon","coordinates":[[[87.441,25.241],[86.814,25.208],[86.685,25.232],[86.505,25.326],[86.258,25.217],[86.158,25.219],[85.881,25.283],[85.591,25.42],[85.205,25.525],[85.022,25.652],[84.88,25.6],[84.782,25.375],[84.654,25.192],[84.307,24.911],[83.998,24.574],[83.752,24.445],[83.7,24.323],[83.768,24.251],[83.899,24.215],[84.037,24.292],[84.015,24.348],[83.903,24.439],[83.95,24.493],[84.205,24.595],[84.521,24.683],[84.664,24.695],[84.916,24.611],[85.079,24.581],[85.365,24.636],[85.415,24.605],[85.596,24.669],[85.578,24.776],[85.831,24.93],[86.224,25.022],[86.198,25.104],[86.456,25.244],[86.54,25.151],[86.485,25.083],[86.548,25.037],[86.805,25.097],[87.111,25.065],[87.347,25.039],[87.465,25.076],[87.536,25.2],[87.441,25.241]],[[85.043,24.794],[84.928,24.842],[84.807,25.072],[84.82,25.176],[84.951,25.39],[85.071,25.472],[85.246,25.374],[85.326,25.266],[85.332,25.122],[85.127,24.828],[85.043,24.794]]]},"properties":{"DOMSOI":"Lo"}},
{"type":"Feature","geometry":{"type":"Polygon","coordinates":[[[83.948,25.49],[83.671,25.27],[83.583,25.153],[83.646,25.056],[83.838,25.026],[83.97,24.967],[84.025,24.81],[84.427,25.202],[84.675,25.409],[84.756,25.57],[84.723,25.65],[84.093,25.615],[83.948,25.49]],[[84.085,25.061],[83.922,25.137],[83.902,25.274],[84.056,25.393],[84.422,25.535],[84.586,25.494],[84.531,25.391],[84.085,25.061]]]},"properties":{"DOMSOI":"Lo"}},
{"type":"Feature","geometry":{"type":"Polygon","coordinates":[[[88.427,25.226],[88.499,25.464],[88.332,25.615],[88.189,25.53],[88.138,25.208],[88.233,25.239],[88.427,25.226]]]},"properties":{"DOMSOI":"Lo"}},
{"type":"Feature","geometry":{"type":"Polygon","coordinates":[[[84.085,25.061],[84.531,25.391],[84.586,25.494],[84.422,25.535],[84.056,25.393],[83.902,25.274],[83.922,25.137],[84.085,25.061]]]},"properties":{"DOMSOI":"Be"}},
{"type":"Feature","geometry":{"type":"Polygon","coordinates":[[[90.879,25.257],[90.874,25.331],[90.532,25.497],[90.334,25.54],[90.376,25.417],[90.679,25.349],[90.879,25.257]]]},"properties":{"DOMSOI":"Ao"}},
{"type":"Feature","geometry":{"type":"Polygon","coordinates":[[[79.563,25.12],[79.488,25.184],[79.196,25.104],[79.075,25.214],[78.852,25.252],[78.712,25.244],[78.536,25.123],[78.435,25.169],[78.486,25.352],[78.361,25.402],[78.245,25.305],[78.144,25.312],[78.117,25.423],[77.978,25.486],[77.931,25.174],[77.944,25.032],[78.026,24.766],[78.234,24.509],[78.45,24.349],[78.665,24.222],[78.683,24.096],[78.884,24.121],[79.091,24.263],[79.166,24.192],[78.994,24.114],[79.004,24.049],[79.143,24.043],[79.753,24.192],[79.859,24.141],[79.808,24.024],[79.924,23.964],[80.088,24.165],[80.207,24.145],[80.217,23.985],[80.329,24.017],[80.411,23.969],[80.783,24.137],[80.93,24.183],[81.585,24.452],[82.128,24.597],[82.228,24.704],[82.241,24.786],[82.105,24.919],[81.949,24.956],[81.692,24.971],[81.479,24.925],[81.088,24.975],[81.011,25.084],[81.318,25.155],[81.198,25.251],[80.842,25.149],[80.678,25.152],[80.398,24.928],[80.271,24.886],[80.145,24.776],[80.036,24.735],[79.874,24.756],[79.674,24.647],[79.496,24.584],[79.365,24.604],[79.486,24.813],[79.416,24.848],[79.289,24.725],[79.205,24.829],[79.35,25.009],[79.563,25.12]]]},"properties":{"DOMSOI":"Lc"}},
{"type":"Feature","geometry":{"type":"Polygon","coordinates":[[[91.667,25.38],[91.557,25.347],[91.217,25.312],[91.174,25.269],[91.236,25.196],[91.259,25.207],[91.533,25.23],[91.945,25.23],[92.011,25.247],[92.123,25.291],[92.168,25.422],[92.055,25.48],[91.958,25.472],[91.667,25.38]]]},"properties":{"DOMSOI":"Ao"}},
{"type":"Feature","geometry":{"type":"Polygon","coordinates":[[[88.791,25.171],[88.809,25.437],[88.745,25.462],[88.705,25.195],[88.791,25.171]]]},"properties":{"DOMSOI":"Ge"}},
{"type":"Feature","geometry":{"type":"Polygon","coordinates":[[[85.043,24.794],[85.127,24.828],[85.332,25.122],[85.326,25.266],[85.246,25.374],[85.071,25.472],[84.951,25.39],[84.82,25.176],[84.807,25.072],[84.928,24.842],[85.043,24.794]]]},"properties":{"DOMSOI":"Be"}},
{"type":"Feature","geometry":{"type":"Polygon","coordinates":[[[75.453,25.335],[75.396,25.319],[74.968,25.149],[74.767,25.051],[74.669,24.942],[74.7,24.79],[74.803,24.676],[75.085,24.557],[75.286,24.514],[75.524,24.501],[75.584,24.669],[75.67,24.604],[75.829,24.567],[75.869,24.667],[75.761,24.874],[75.735,25.033],[75.531,25.326],[75.453,25.335]]]},"properties":{"DOMSOI":"Lo"}},
{"type":"Feature","geometry":{"type":"Polygon","coordinates":[[[88.968,25.308],[88.883,25.326],[88.881,25.184],[88.964,25.245],[88.968,25.308]]]},"properties":{"DOMSOI":"Ge"}},
{"type":"Feature","geometry":{"type":"Polygon","coordinates":[[[88.964,25.245],[89.006,25.278],[88.968,25.308],[88.964,25.245]]]},"properties":{"DOMSOI":"Ge"}},
{"type":"Feature","geometry":{"type":"Polygon","coordinates":[[[92.848,25.197],[92.688,25.272],[92.482,25.278],[92.387,25.177],[92.448,25.129],[92.673,25.068],[92.83,25.129],[92.848,25.197]]]},"properties":{"DOMSOI":"Ao"}},
{"type":"Feature","geometry":{"type":"Polygon","coordinates":[[[87.441,25.241],[87.536,25.2],[87.465,25.076],[87.347,25.039],[87.463,24.984],[87.667,25.014],[87.741,24.919],[87.832,24.951],[87.751,25.139],[87.667,25.218],[87.441,25.241]]]},"properties":{"DOMSOI":"Ne"}},
{"type":"Feature","geometry":{"type":"Polygon","coordinates":[[[86.485,25.083],[86.54,25.151],[86.456,25.244],[86.198,25.104],[86.224,25.022],[86.285,25.013],[86.485,25.083]]]},"properties":{"DOMSOI":"Bc"}},
{"type":"Feature","geometry":{"type":"Polygon","coordinates":[[[92.011,25.247],[91.945,25.23],[91.533,25.23],[91.259,25.207],[91.476,25.139],[91.636,25.127],[92.021,25.188],[92.337,25.076],[92.477,24.94],[92.383,24.859],[92.276,24.908],[92.182,24.552],[92.131,24.503],[92.561,24.608],[92.896,24.719],[93.048,24.801],[93.071,24.914],[92.896,24.996],[92.532,25.028],[92.448,25.129],[92.387,25.177],[92.011,25.247]]]},"properties":{"DOMSOI":"Ge"}},
{"type":"Feature","geometry":{"type":"Polygon","coordinates":[[[88.427,25.226],[88.233,25.239],[88.138,25.208],[88.177,25.05],[88.335,24.944],[88.427,25.226]]]},"properties":{"DOMSOI":"Ne"}},
{"type":"Feature","geometry":{"type":"Polygon","coordinates":[[[79.874,24.756],[79.915,24.897],[79.774,25.184],[79.693,25.191],[79.563,25.12],[79.35,25.009],[79.205,24.829],[79.289,24.725],[79.416,24.848],[79.486,24.813],[79.365,24.604],[79.496,24.584],[79.674,24.647],[79.874,24.756]]]},"properties":{"DOMSOI":"Vc"}},
{"type":"Feature","geometry":{"type":"Polygon","coordinates":[[[90.974,25.163],[90.794,25.188],[90.669,25.169],[90.974,25.163]]]},"properties":{"DOMSOI":"Ao"}},
{"type":"Feature","geometry":{"type":"Polygon","coordinates":[[[93.453,25.145],[93.324,25.09],[93.171,25.071],[93.232,25.016],[93.231,24.885],[93.088,24.741],[93.014,24.557],[92.68,24.387],[92.573,24.236],[92.509,24.039],[92.429,24.094],[92.452,24.281],[92.522,24.467],[92.44,24.48],[92.38,24.232],[92.184,24.294],[92.245,24.113],[92.151,24.073],[92.059,24.205],[91.92,24.233],[91.77,24.237],[91.546,24.087],[91.384,24.107],[91.368,24.009],[91.464,23.904],[91.577,23.584],[91.677,23.394],[91.779,23.3],[91.845,23.41],[91.966,23.502],[91.937,23.674],[92.065,23.649],[92.141,23.73],[92.273,23.634],[92.384,23.278],[92.349,23.224],[92.375,22.942],[92.44,22.892],[92.509,22.731],[92.578,22.322],[92.601,21.991],[92.68,22.027],[92.719,22.16],[92.851,22.062],[92.797,22.167],[92.774,22.334],[92.8,22.796],[92.801,23.208],[92.778,23.782],[92.8,23.973],[92.846,24.102],[92.917,24.107],[93.015,24.018],[93.073,24.475],[93.13,24.604],[93.266,24.774],[93.374,25.044],[93.453,25.145]]]},"properties":{"DOMSOI":"Bd"}},
{"type":"Feature","geometry":{"type":"Polygon","coordinates":[[[84.025,24.81],[83.97,24.967],[83.838,25.026],[83.646,25.056],[83.3,25.09],[82.885,25.079],[82.544,25.14],[82.204,25.133],[82.149,25.072],[82.324,25.017],[82.662,25.002],[83.308,24.861],[83.514,24.8],[83.61,24.737],[83.514,24.668],[83.288,24.661],[83.111,24.623],[82.998,24.689],[82.797,24.7],[82.445,24.666],[82.33,24.693],[82.241,24.786],[82.228,24.704],[82.128,24.597],[82.379,24.627],[82.57,24.588],[82.946,24.611],[83.265,24.539],[83.737,24.565],[83.878,24.64],[84.025,24.81]]]},"properties":{"DOMSOI":"Lf"}},
{"type":"Feature","geometry":{"type":"Polygon","coordinates":[[[92.673,25.068],[92.448,25.129],[92.532,25.028],[92.896,24.996],[93.071,24.914],[93.048,24.801],[92.896,24.719],[92.561,24.608],[92.131,24.503],[92.086,24.375],[91.996,24.38],[91.92,24.233],[92.059,24.205],[92.151,24.073],[92.245,24.113],[92.184,24.294],[92.38,24.232],[92.44,24.48],[92.522,24.467],[92.452,24.281],[92.429,24.094],[92.509,24.039],[92.573,24.236],[92.68,24.387],[93.014,24.557],[93.088,24.741],[93.231,24.885],[93.232,25.016],[93.171,25.071],[92.673,25.068]]]},"properties":{"DOMSOI":"Gd"}},
{"type":"Feature","geometry":{"type":"Polygon","coordinates":[[[87.111,25.065],[86.805,25.097],[86.548,25.037],[86.498,24.952],[86.58,24.88],[86.67,24.923],[86.843,24.928],[87.017,24.908],[87.151,24.991],[87.111,25.065]]]},"properties":{"DOMSOI":"Be"}},
{"type":"Feature","geometry":{"type":"Polygon","coordinates":[[[86.548,25.037],[86.485,25.083],[86.285,25.013],[86.366,24.941],[86.377,24.774],[86.58,24.88],[86.498,24.952],[86.548,25.037]]]},"properties":{"DOMSOI":"Ne"}},
{"type":"Feature","geometry":{"type":"Polygon","coordinates":[[[87.347,25.039],[87.111,25.065],[87.151,24.991],[87.017,24.908],[86.843,24.928],[86.858,24.868],[87.038,24.77],[87.284,24.797],[87.463,24.984],[87.347,25.039]]]},"properties":{"DOMSOI":"Lo"}},
{"type":"Feature","geometry":{"type":"Polygon","coordinates":[[[87.741,24.919],[87.667,25.014],[87.463,24.984],[87.284,24.797],[87.348,24.747],[87.495,24.85],[87.741,24.919]]]},"properties":{"DOMSOI":"Bc"}},
{"type":"Feature","geometry":{"type":"Polygon","coordinates":[[[86.285,25.013],[86.224,25.022],[85.831,24.93],[85.578,24.776],[85.596,24.669],[85.944,24.839],[86.095,24.833],[86.098,24.667],[86.221,24.606],[86.302,24.635],[86.377,24.774],[86.366,24.941],[86.285,25.013]]]},"properties":{"DOMSOI":"Lo"}},
{"type":"Feature","geometry":{"type":"Polygon","coordinates":[[[87.832,24.951],[87.741,24.919],[87.742,24.844],[87.664,24.662],[87.756,24.576],[87.888,24.512],[87.852,24.293],[87.984,24.329],[88.047,24.247],[88.009,24.04],[87.927,23.923],[87.806,23.915],[87.747,23.997],[87.73,23.843],[87.763,23.691],[87.863,23.663],[87.78,23.581],[87.777,23.512],[87.856,23.451],[87.751,23.367],[87.819,23.276],[88.156,23.204],[88.199,23.29],[88.138,23.64],[88.176,23.847],[88.265,24.096],[88.266,24.193],[88.112,24.375],[88.103,24.487],[87.959,24.643],[87.832,24.951]]]},"properties":{"DOMSOI":"Lo"}},
{"type":"Feature","geometry":{"type":"Polygon","coordinates":[[[86.843,24.928],[86.67,24.923],[86.58,24.88],[86.377,24.774],[86.302,24.635],[86.221,24.606],[86.098,24.667],[86.095,24.833],[85.944,24.839],[85.596,24.669],[85.415,24.605],[85.389,24.549],[85.055,24.483],[85.031,24.416],[84.911,24.378],[84.936,24.297],[85.052,24.302],[85.405,24.398],[85.64,24.403],[85.939,24.433],[86.509,24.609],[86.592,24.715],[86.858,24.868],[86.843,24.928]]]},"properties":{"DOMSOI":"Bc"}},
{"type":"Feature","geometry":{"type":"Polygon","coordinates":[[[87.742,24.844],[87.741,24.919],[87.495,24.85],[87.348,24.747],[87.233,24.656],[87.124,24.634],[87.038,24.77],[86.858,24.868],[86.592,24.715],[86.509,24.609],[85.939,24.433],[85.64,24.403],[85.491,24.36],[85.503,24.227],[85.677,24.163],[85.664,24.078],[85.487,24.116],[85.579,23.931],[85.386,23.864],[85.343,23.837],[85.273,23.734],[85.151,23.731],[85.15,23.671],[85.475,23.567],[85.587,23.485],[85.765,23.753],[85.911,23.791],[85.868,23.879],[85.999,23.993],[86.115,24.043],[86.335,24.038],[86.442,24.007],[86.6,23.987],[86.634,23.89],[86.951,23.932],[87.103,24.058],[87.167,24.173],[87.286,24.293],[87.387,24.456],[87.389,24.662],[87.521,24.762],[87.742,24.844]],[[86.961,24.169],[86.891,24.194],[86.804,24.447],[86.816,24.503],[87.004,24.496],[87.065,24.432],[87.008,24.181],[86.961,24.169]],[[86.611,24.055],[86.366,24.085],[86.08,24.091],[85.881,24.191],[85.956,24.304],[86.308,24.233],[86.614,24.199],[86.693,24.126],[86.611,24.055]]]},"properties":{"DOMSOI":"Ne"}},
{"type":"Feature","geometry":{"type":"Polygon","coordinates":[[[87.664,24.662],[87.742,24.844],[87.521,24.762],[87.389,24.662],[87.387,24.456],[87.534,24.429],[87.581,24.589],[87.664,24.662]]]},"properties":{"DOMSOI":"Bc"}},
{"type":"Feature","geometry":{"type":"Polygon","coordinates":[[[87.284,24.797],[87.038,24.77],[87.124,24.634],[87.233,24.656],[87.348,24.747],[87.284,24.797]]]},"properties":{"DOMSOI":"Lo"}},
{"type":"Feature","geometry":{"type":"Polygon","coordinates":[[[93.797,24.33],[93.867,24.364],[93.998,24.546],[93.969,24.693],[93.858,24.72],[93.782,24.659],[93.699,24.46],[93.797,24.33]]]},"properties":{"DOMSOI":"Gh"}},
{"type":"Feature","geometry":{"type":"Polygon","coordinates":[[[71.076,24.711],[71.07,24.708],[70.978,24.603],[70.969,24.374],[70.791,24.239],[70.593,24.272],[70.556,24.435],[70.338,24.37],[70.224,24.311],[70.108,24.284],[70.071,24.197],[69.961,24.173],[69.825,24.151],[69.702,24.167],[69.62,24.198],[69.606,24.265],[69.489,24.28],[69.273,24.286],[69.325,24.195],[69.613,24.145],[69.728,24.069],[69.787,23.949],[69.878,23.888],[69.945,23.836],[69.943,23.723],[69.841,23.703],[69.871,23.618],[69.72,23.544],[69.568,23.55],[69.274,23.62],[69.169,23.596],[69.337,23.489],[69.649,23.434],[69.977,23.516],[70.181,23.43],[70.347,23.527],[70.519,23.667],[70.634,23.869],[70.82,23.81],[70.881,23.701],[71.07,23.547],[71.066,23.425],[70.768,23.235],[70.668,23.194],[70.329,23.162],[70.422,23.073],[70.531,23.007],[70.942,23.134],[71.131,23.148],[71.465,23.128],[71.678,23.09],[71.689,23.239],[71.506,23.443],[71.485,23.382],[71.448,23.411],[71.474,23.471],[71.347,23.703],[71.162,23.638],[71.068,23.697],[71.156,23.865],[71.296,24],[71.272,24.226],[71.301,24.429],[71.29,24.562],[71.167,24.678],[71.076,24.711]],[[70.409,23.879],[70.447,23.79],[70.305,23.743],[70.159,23.803],[70.198,23.874],[70.409,23.879]]]},"properties":{"DOMSOI":"Zg"}},
{"type":"Feature","geometry":{"type":"Polygon","coordinates":[[[72.553,24.414],[72.776,24.556],[72.784,24.696],[72.521,24.477],[72.553,24.414]]]},"properties":{"DOMSOI":"I"}},
{"type":"Feature","geometry":{"type":"Polygon","coordinates":[[[84.71,24.579],[85.055,24.483],[85.389,24.549],[85.415,24.605],[85.365,24.636],[85.079,24.581],[84.916,24.611],[84.664,24.695],[84.521,24.683],[84.205,24.595],[83.95,24.493],[83.903,24.439],[83.997,24.442],[84.28,24.524],[84.387,24.562],[84.629,24.618],[84.71,24.579]]]},"properties":{"DOMSOI":"Lo"}},
{"type":"Feature","geometry":{"type":"Polygon","coordinates":[[[75.67,24.604],[75.584,24.669],[75.524,24.501],[75.377,24.412],[75.317,24.265],[75.417,24.136],[75.541,24.411],[75.637,24.392],[75.67,24.604]]]},"properties":{"DOMSOI":"WR"}},
{"type":"Feature","geometry":{"type":"Polygon","coordinates":[[[87.756,24.576],[87.664,24.662],[87.581,24.589],[87.534,24.429],[87.59,24.206],[87.421,24.084],[87.436,23.998],[87.521,23.988],[87.606,24.032],[87.683,24.141],[87.756,24.576]]]},"properties":{"DOMSOI":"Lo"}},
{"type":"Feature","geometry":{"type":"Polygon","coordinates":[[[82.57,24.588],[82.379,24.627],[82.128,24.597],[81.585,24.452],[80.93,24.183],[80.783,24.137],[80.411,23.969],[80.292,23.879],[80.185,23.695],[80.241,23.605],[80.492,23.665],[80.618,23.536],[80.666,23.417],[80.782,23.447],[80.792,23.323],[81.039,23.324],[81.195,23.291],[81.141,23.362],[81.26,23.458],[81.475,23.426],[81.454,23.548],[81.577,23.602],[81.754,23.76],[81.935,23.981],[81.94,24.1],[81.817,24.183],[81.557,24.229],[81.503,24.289],[81.707,24.392],[81.889,24.364],[82.137,24.482],[82.586,24.509],[82.57,24.588]]]},"properties":{"DOMSOI":"Vc"}},
{"type":"Feature","geometry":{"type":"Polygon","coordinates":[[[84.71,24.579],[84.629,24.618],[84.387,24.562],[84.422,24.479],[84.582,24.481],[84.71,24.579]]]},"properties":{"DOMSOI":"Bc"}},
{"type":"Feature","geometry":{"type":"Polygon","coordinates":[[[83.737,24.565],[83.265,24.539],[82.946,24.611],[82.57,24.588],[82.586,24.509],[82.784,24.527],[82.949,24.505],[83.01,24.437],[83.043,24.26],[83.164,24.365],[83.277,24.219],[83.532,24.187],[83.732,24.09],[83.993,24.029],[84.377,23.975],[84.558,24.063],[84.335,24.175],[84.064,24.199],[83.899,24.215],[83.768,24.251],[83.7,24.323],[83.472,24.263],[83.314,24.284],[83.254,24.416],[83.466,24.45],[83.752,24.445],[83.737,24.565]]]},"properties":{"DOMSOI":"Be"}},
{"type":"Feature","geometry":{"type":"Polygon","coordinates":[[[87.852,24.293],[87.888,24.512],[87.756,24.576],[87.683,24.141],[87.606,24.032],[87.521,23.988],[87.409,23.948],[87.153,23.762],[87.13,23.716],[87.378,23.784],[87.491,23.71],[87.413,23.637],[87.508,23.47],[87.691,23.388],[87.777,23.512],[87.78,23.581],[87.763,23.691],[87.73,23.843],[87.747,23.997],[87.852,24.293]]]},"properties":{"DOMSOI":"Lf"}},
{"type":"Feature","geometry":{"type":"Polygon","coordinates":[[[84.387,24.562],[84.28,24.524],[84.229,24.403],[84.015,24.348],[84.037,24.292],[83.899,24.215],[84.064,24.199],[84.174,24.328],[84.498,24.418],[84.612,24.343],[84.521,24.253],[84.335,24.175],[84.558,24.063],[84.377,23.975],[84.445,23.92],[84.625,23.847],[84.802,23.93],[84.936,23.96],[85.175,23.841],[85.273,23.734],[85.343,23.837],[85.119,23.928],[85.17,23.994],[85.356,23.991],[85.386,23.864],[85.579,23.931],[85.487,24.116],[85.664,24.078],[85.677,24.163],[85.503,24.227],[85.491,24.36],[85.64,24.403],[85.405,24.398],[85.052,24.302],[84.936,24.297],[84.911,24.378],[85.031,24.416],[85.055,24.483],[84.71,24.579],[84.582,24.481],[84.422,24.479],[84.387,24.562]]]},"properties":{"DOMSOI":"Lf"}},
{"type":"Feature","geometry":{"type":"Polygon","coordinates":[[[83.043,24.26],[83.01,24.437],[82.949,24.505],[82.784,24.527],[82.586,24.509],[82.137,24.482],[81.889,24.364],[81.707,24.392],[81.503,24.289],[81.557,24.229],[81.817,24.183],[81.94,24.1],[82.021,24.033],[82.153,24.072],[82.225,24.201],[82.545,24.154],[82.789,24.172],[82.98,24.227],[83.043,24.26]]]},"properties":{"DOMSOI":"Lf"}},
{"type":"Feature","geometry":{"type":"Polygon","coordinates":[[[84.28,24.524],[83.997,24.442],[83.903,24.439],[84.015,24.348],[84.229,24.403],[84.28,24.524]]]},"properties":{"DOMSOI":"Bc"}},
{"type":"Feature","geometry":{"type":"Polygon","coordinates":[[[86.961,24.169],[87.008,24.181],[87.065,24.432],[87.004,24.496],[86.816,24.503],[86.804,24.447],[86.891,24.194],[86.961,24.169]]]},"properties":{"DOMSOI":"Ne"}},
{"type":"Feature","geometry":{"type":"Polygon","coordinates":[[[94.027,23.922],[94.144,23.848],[94.209,23.988],[94.316,24.328],[94.387,24.425],[94.295,24.45],[94.027,23.922]]]},"properties":{"DOMSOI":"Bf"}},
{"type":"Feature","geometry":{"type":"Polygon","coordinates":[[[88.103,24.487],[88.112,24.375],[88.266,24.193],[88.429,23.982],[88.54,23.788],[88.547,23.698],[88.476,23.494],[88.419,23.415],[88.547,23.216],[88.615,22.963],[88.722,22.826],[88.897,22.745],[88.971,22.847],[88.865,22.961],[88.88,23.099],[88.987,23.196],[88.721,23.252],[88.749,23.467],[88.564,23.652],[88.606,23.866],[88.737,23.919],[88.699,24.091],[88.546,24.181],[88.103,24.487]]]},"properties":{"DOMSOI":"Gc"}},
{"type":"Feature","geometry":{"type":"Polygon","coordinates":[[[87.534,24.429],[87.387,24.456],[87.286,24.293],[87.167,24.173],[87.103,24.058],[87.241,24.06],[87.436,23.998],[87.421,24.084],[87.59,24.206],[87.534,24.429]]]},"properties":{"DOMSOI":"Ne"}},
{"type":"Feature","geometry":{"type":"Polygon","coordinates":[[[83.7,24.323],[83.752,24.445],[83.466,24.45],[83.254,24.416],[83.314,24.284],[83.472,24.263],[83.7,24.323]]]},"properties":{"DOMSOI":"Bc"}},
{"type":"Feature","geometry":{"type":"Polygon","coordinates":[[[84.335,24.175],[84.521,24.253],[84.612,24.343],[84.498,24.418],[84.174,24.328],[84.064,24.199],[84.335,24.175]]]},"properties":{"DOMSOI":"Bc"}},
{"type":"Feature","geometry":{"type":"Polygon","coordinates":[[[73.883,24.303],[73.577,24.107],[73.407,24.046],[73.097,24.166],[72.943,24.138],[72.801,24.066],[72.749,23.946],[72.864,23.821],[73.025,23.739],[73.195,23.526],[73.331,23.59],[73.373,23.467],[73.504,23.571],[73.658,23.532],[73.689,23.38],[73.795,23.583],[73.897,23.427],[73.96,23.485],[73.908,23.646],[74.077,23.662],[74.087,23.841],[74.031,23.978],[74.141,24.016],[74.315,24.005],[74.426,24.088],[74.413,24.199],[74.142,24.243],[74.023,24.3],[73.972,24.399],[73.883,24.303]],[[73.883,24.303],[74.017,24.257],[73.959,24.206],[73.883,24.303]]]},"properties":{"DOMSOI":"Lc"}},
{"type":"Feature","geometry":{"type":"Polygon","coordinates":[[[70.108,24.284],[70.224,24.311],[70.338,24.37],[70.108,24.284]]]},"properties":{"DOMSOI":"Qc"}},
{"type":"Feature","geometry":{"type":"Polygon","coordinates":[[[83.043,24.26],[82.98,24.227],[82.775,23.993],[82.609,24.082],[82.789,24.172],[82.545,24.154],[82.225,24.201],[82.153,24.072],[82.021,24.033],[81.94,24.1],[81.935,23.981],[81.754,23.76],[81.577,23.602],[81.752,23.654],[82.06,23.7],[82.305,23.911],[82.467,23.92],[82.595,23.867],[82.867,23.699],[83.207,23.607],[83.171,23.498],[82.891,23.502],[82.682,23.426],[82.504,23.242],[82.439,23.109],[82.298,23.025],[82.179,23.143],[82.276,23.264],[82.098,23.457],[81.823,23.364],[81.756,23.416],[81.716,23.542],[81.475,23.426],[81.26,23.458],[81.141,23.362],[81.195,23.291],[81.494,23.063],[81.806,22.918],[81.87,22.836],[82.121,22.721],[82.491,22.7],[82.598,22.677],[82.799,22.696],[83.102,22.814],[83.136,22.933],[83.365,22.939],[83.414,22.855],[83.363,22.715],[83.138,22.714],[83.005,22.472],[82.855,22.42],[82.693,22.477],[82.609,22.487],[82.315,22.402],[82.128,22.432],[81.84,22.399],[81.786,22.414],[81.557,22.423],[81.3,22.332],[81.271,22.269],[81.248,22.203],[80.999,21.785],[80.915,21.586],[81.009,21.618],[81.308,21.619],[82.027,21.803],[82.221,21.807],[82.372,21.761],[82.542,21.605],[82.731,21.608],[83.027,21.571],[83.268,21.672],[83.313,21.528],[83.424,21.564],[83.511,21.649],[83.543,21.756],[83.622,21.747],[83.804,21.621],[83.973,21.629],[83.962,21.527],[83.798,21.514],[83.767,21.49],[84.001,21.402],[84.046,21.303],[83.98,21.175],[83.987,21.079],[84.248,21.085],[84.163,21.271],[84.246,21.386],[84.234,21.458],[84.064,21.559],[84.073,21.615],[84.217,21.634],[84.401,21.473],[84.562,21.393],[84.919,21.307],[85.025,21.192],[84.798,21.194],[84.72,21.099],[84.82,21.051],[84.868,20.96],[84.98,20.942],[84.996,20.844],[85.098,20.695],[85.406,20.596],[85.47,20.475],[85.607,20.574],[85.746,20.622],[85.961,20.625],[86.075,20.749],[85.917,20.885],[85.984,20.975],[85.93,21.073],[85.845,21.019],[85.612,21.092],[85.515,21.157],[85.264,21.465],[85.112,21.52],[84.738,21.49],[84.596,21.511],[84.411,21.594],[84.416,21.701],[84.555,21.756],[84.495,21.843],[84.577,21.928],[84.425,22.06],[84.724,22.191],[84.764,22.067],[84.87,22.029],[84.993,22.202],[85.156,22.274],[85.001,22.6],[84.716,22.688],[84.328,22.674],[84.192,22.688],[84.035,22.8],[84.049,22.942],[83.979,22.993],[83.816,22.842],[83.863,22.632],[83.724,22.637],[83.622,22.955],[83.602,22.739],[83.536,22.741],[83.458,23.036],[83.405,23.156],[83.501,23.208],[83.524,23.294],[83.833,23.243],[83.998,23.108],[84.039,23.212],[84.141,23.257],[84.178,23.109],[84.173,22.85],[84.275,22.775],[84.377,22.801],[84.511,22.912],[84.616,22.913],[84.55,22.983],[84.413,22.997],[84.251,23.212],[84.201,23.485],[84.284,23.518],[84.377,23.409],[84.455,23.451],[84.452,23.569],[84.778,23.749],[84.743,23.606],[84.834,23.545],[84.919,23.586],[84.853,23.65],[84.934,23.767],[85.175,23.841],[84.936,23.96],[84.802,23.93],[84.625,23.847],[84.445,23.92],[84.395,23.864],[84.207,23.819],[83.987,23.799],[83.804,23.864],[83.634,23.852],[83.602,23.938],[83.732,24.09],[83.532,24.187],[83.277,24.219],[83.164,24.365],[83.043,24.26]],[[84.201,23.626],[83.858,23.681],[83.975,23.75],[84.369,23.736],[84.363,23.648],[84.201,23.626]],[[83.62,23.358],[83.542,23.454],[83.613,23.542],[83.711,23.456],[83.62,23.358]],[[83.929,23.285],[83.78,23.328],[83.752,23.387],[83.864,23.482],[83.855,23.59],[83.964,23.603],[84.072,23.499],[84.038,23.324],[83.929,23.285]],[[83.246,22.141],[83.195,22.156],[83.186,22.347],[83.242,22.475],[83.367,22.652],[83.543,22.664],[83.635,22.556],[83.696,22.406],[83.602,22.349],[83.489,22.478],[83.406,22.461],[83.349,22.367],[83.303,22.183],[83.246,22.141]],[[85.286,21.221],[85.206,21.254],[85.127,21.363],[85.166,21.414],[85.301,21.321],[85.286,21.221]]]},"properties":{"DOMSOI":"Lf"}},
{"type":"Feature","geometry":{"type":"Polygon","coordinates":[[[72.801,24.066],[72.749,24.144],[72.626,24.153],[72.615,24.227],[72.681,24.361],[72.325,24.266],[72.205,24.216],[71.776,23.893],[71.546,23.74],[71.445,23.662],[71.394,23.703],[71.347,23.703],[71.474,23.471],[71.506,23.443],[71.689,23.239],[71.678,23.09],[71.465,23.128],[71.131,23.148],[70.942,23.134],[70.531,23.007],[70.454,22.942],[70.388,22.737],[70.261,22.588],[70.15,22.508],[69.815,22.354],[69.409,22.24],[69.25,22.236],[69.129,22.251],[69.037,22.048],[69.179,21.908],[69.635,21.525],[69.697,21.625],[69.633,21.674],[69.604,21.794],[69.438,21.859],[69.438,21.947],[69.674,22.157],[70.255,22.475],[70.605,22.719],[70.759,22.796],[71.035,22.881],[71.415,22.939],[71.852,22.96],[71.95,23.007],[71.887,23.113],[71.884,23.339],[72.017,23.491],[72.176,23.501],[72.458,23.382],[72.58,23.161],[72.75,23.144],[73.155,23.443],[73.195,23.526],[73.025,23.739],[72.864,23.821],[72.749,23.946],[72.801,24.066]]]},"properties":{"DOMSOI":"Be"}},
{"type":"Feature","geometry":{"type":"Polygon","coordinates":[[[74.844,24.348],[74.777,24.305],[74.468,24.292],[74.413,24.199],[74.426,24.088],[74.315,24.005],[74.28,23.866],[74.4,23.548],[74.376,23.308],[74.408,22.997],[74.529,22.967],[74.671,23.071],[74.577,23.167],[74.581,23.251],[74.701,23.339],[74.911,23.396],[74.791,23.689],[74.799,23.967],[74.844,24.348]]]},"properties":{"DOMSOI":"Vc"}},
{"type":"Feature","geometry":{"type":"Polygon","coordinates":[[[69.047,24.279],[68.825,24.333],[68.746,24.261],[69.143,24.148],[69.056,24.267],[69.047,24.279]]]},"properties":{"DOMSOI":"Yk"}},
{"type":"Feature","geometry":{"type":"Polygon","coordinates":[[[87.852,24.293],[87.747,23.997],[87.806,23.915],[87.927,23.923],[88.009,24.04],[88.047,24.247],[87.984,24.329],[87.852,24.293]]]},"properties":{"DOMSOI":"Ne"}},
{"type":"Feature","geometry":{"type":"Polygon","coordinates":[[[73.883,24.303],[73.959,24.206],[74.017,24.257],[73.883,24.303]]]},"properties":{"DOMSOI":"WR"}},
{"type":"Feature","geometry":{"type":"Polygon","coordinates":[[[86.611,24.055],[86.693,24.126],[86.614,24.199],[86.308,24.233],[85.956,24.304],[85.881,24.191],[86.08,24.091],[86.366,24.085],[86.611,24.055]]]},"properties":{"DOMSOI":"Bc"}},
{"type":"Feature","geometry":{"type":"Polygon","coordinates":[[[69.117,24.286],[69.047,24.279],[69.056,24.267],[69.117,24.286]]]},"properties":{"DOMSOI":"Qc"}},
{"type":"Feature","geometry":{"type":"Polygon","coordinates":[[[69.117,24.286],[69.056,24.267],[69.143,24.148],[69.467,24.064],[69.622,23.977],[69.666,23.9],[69.644,23.792],[69.57,23.752],[69.25,23.761],[69.016,23.731],[69.169,23.596],[69.274,23.62],[69.568,23.55],[69.72,23.544],[69.871,23.618],[69.841,23.703],[69.751,23.85],[69.878,23.888],[69.787,23.949],[69.728,24.069],[69.613,24.145],[69.325,24.195],[69.273,24.286],[69.117,24.286]]]},"properties":{"DOMSOI":"Xh"}},
{"type":"Feature","geometry":{"type":"Polygon","coordinates":[[[69.489,24.28],[69.606,24.265],[69.617,24.265],[69.489,24.28]]]},"properties":{"DOMSOI":"Qc"}},
{"type":"Feature","geometry":{"type":"Polygon","coordinates":[[[69.617,24.265],[69.606,24.265],[69.62,24.198],[69.702,24.167],[69.825,24.151],[69.961,24.173],[69.724,24.171],[69.617,24.265]]]},"properties":{"DOMSOI":"Xh"}},
{"type":"Feature","geometry":{"type":"Polygon","coordinates":[[[69.143,24.148],[68.746,24.261],[68.747,23.97],[68.391,23.967],[68.291,23.944],[68.207,23.844],[68.188,23.695],[68.115,23.577],[68.29,23.556],[68.389,23.712],[68.51,23.726],[68.663,23.71],[68.78,23.77],[69.016,23.731],[69.25,23.761],[69.57,23.752],[69.644,23.792],[69.666,23.9],[69.622,23.977],[69.467,24.064],[69.143,24.148]]]},"properties":{"DOMSOI":"Zg"}},
{"type":"Feature","geometry":{"type":"Polygon","coordinates":[[[82.98,24.227],[82.789,24.172],[82.609,24.082],[82.775,23.993],[82.98,24.227]]]},"properties":{"DOMSOI":"WR"}},
{"type":"Feature","geometry":{"type":"Polygon","coordinates":[[[88.419,23.415],[88.476,23.494],[88.547,23.698],[88.54,23.788],[88.429,23.982],[88.266,24.193],[88.265,24.096],[88.176,23.847],[88.138,23.64],[88.199,23.29],[88.156,23.204],[88.378,23.112],[88.446,23.198],[88.35,23.314],[88.419,23.415]]]},"properties":{"DOMSOI":"Lo"}},
{"type":"Feature","geometry":{"type":"Polygon","coordinates":[[[77.075,23.656],[77.133,23.701],[77.179,23.94],[77.151,24.121],[77.068,24.076],[77.021,23.78],[77.075,23.656]]]},"properties":{"DOMSOI":"I"}},
{"type":"Feature","geometry":{"type":"Polygon","coordinates":[[[84.377,23.975],[83.993,24.029],[83.732,24.09],[83.602,23.938],[83.634,23.852],[83.804,23.864],[83.987,23.799],[84.207,23.819],[84.395,23.864],[84.445,23.92],[84.377,23.975]]]},"properties":{"DOMSOI":"I"}},
{"type":"Feature","geometry":{"type":"Polygon","coordinates":[[[87.436,23.998],[87.241,24.06],[87.103,24.058],[86.951,23.932],[86.634,23.89],[86.533,23.873],[86.121,23.737],[85.911,23.791],[85.765,23.753],[85.587,23.485],[85.649,23.41],[85.877,23.55],[86.063,23.462],[86.023,23.399],[85.897,23.441],[85.863,23.292],[85.915,23.255],[85.963,23.293],[86.182,23.25],[86.205,23.065],[86.267,22.965],[86.445,22.834],[86.54,22.721],[86.652,22.812],[86.715,22.91],[86.838,22.866],[87.006,22.911],[87.087,23.099],[87.276,23.247],[87.223,23.294],[87.278,23.516],[87.138,23.644],[87.13,23.716],[87.153,23.762],[87.409,23.948],[87.521,23.988],[87.436,23.998]],[[86.8,22.977],[86.693,23.072],[86.628,23.194],[86.679,23.233],[86.828,23.15],[86.872,23.062],[86.8,22.977]]]},"properties":{"DOMSOI":"Lf"}},
{"type":"Feature","geometry":{"type":"Polygon","coordinates":[[[86.442,24.007],[86.335,24.038],[86.115,24.043],[85.999,23.993],[85.868,23.879],[85.911,23.791],[86.121,23.737],[86.533,23.873],[86.381,23.929],[86.442,24.007]],[[86.213,23.853],[86.111,23.883],[86.185,23.969],[86.296,23.898],[86.213,23.853]]]},"properties":{"DOMSOI":"Bc"}},
{"type":"Feature","geometry":{"type":"Polygon","coordinates":[[[73.195,23.526],[73.155,23.443],[73.112,23.078],[73.138,23.01],[73.256,22.972],[73.454,23.064],[73.572,22.968],[73.461,22.787],[73.418,22.61],[73.47,22.182],[73.418,22.091],[73.641,22.141],[73.845,22.127],[73.96,22.314],[74.112,22.392],[74.181,22.289],[74.12,22.21],[73.914,22.118],[73.971,22.067],[74.216,22.203],[74.311,22.31],[74.319,22.405],[74.159,22.479],[74.004,22.451],[73.902,22.372],[73.813,22.407],[73.673,22.289],[73.591,22.352],[73.713,22.465],[73.725,22.612],[73.972,22.664],[74.019,22.875],[73.847,22.84],[73.95,23.018],[73.833,23.077],[73.848,23.202],[73.75,23.263],[73.815,23.344],[74.006,23.346],[74.113,23.425],[74.217,23.558],[74.271,23.487],[74.172,23.323],[74.124,23.05],[74.218,22.855],[74.24,22.718],[74.497,22.683],[74.433,22.544],[74.528,22.486],[74.575,22.357],[74.431,22.352],[74.525,22.217],[74.642,22.217],[74.693,22.318],[74.645,22.714],[74.788,22.776],[74.734,22.911],[74.759,22.983],[74.671,23.071],[74.529,22.967],[74.408,22.997],[74.376,23.308],[74.4,23.548],[74.28,23.866],[74.315,24.005],[74.141,24.016],[74.031,23.978],[74.087,23.841],[74.077,23.662],[73.908,23.646],[73.96,23.485],[73.897,23.427],[73.795,23.583],[73.689,23.38],[73.658,23.532],[73.504,23.571],[73.373,23.467],[73.331,23.59],[73.195,23.526]]]},"properties":{"DOMSOI":"Vc"}},
{"type":"Feature","geometry":{"type":"Polygon","coordinates":[[[91.368,24.009],[91.334,23.995],[91.246,23.865],[91.191,23.751],[91.177,23.695],[91.166,23.618],[91.245,23.485],[91.303,23.314],[91.377,23.207],[91.493,23.187],[91.572,22.978],[91.714,22.99],[91.821,23.098],[91.779,23.3],[91.677,23.394],[91.577,23.584],[91.464,23.904],[91.368,24.009]]]},"properties":{"DOMSOI":"Af"}},
{"type":"Feature","geometry":{"type":"Polygon","coordinates":[[[86.634,23.89],[86.6,23.987],[86.442,24.007],[86.381,23.929],[86.533,23.873],[86.634,23.89]]]},"properties":{"DOMSOI":"I"}},
{"type":"Feature","geometry":{"type":"Polygon","coordinates":[[[91.246,23.865],[91.334,23.995],[91.27,23.971],[91.246,23.865]]]},"properties":{"DOMSOI":"Ge"}},
{"type":"Feature","geometry":{"type":"Polygon","coordinates":[[[85.343,23.837],[85.386,23.864],[85.356,23.991],[85.17,23.994],[85.119,23.928],[85.343,23.837]]]},"properties":{"DOMSOI":"I"}},
{"type":"Feature","geometry":{"type":"Polygon","coordinates":[[[78.123,23.067],[78.209,23.169],[78.495,23.319],[78.421,23.411],[78.152,23.334],[78.086,23.409],[78.227,23.64],[78.422,23.896],[78.363,23.993],[78.219,23.835],[78.168,23.687],[77.977,23.718],[77.995,23.519],[77.886,23.346],[77.879,23.244],[77.995,23.067],[77.867,23.059],[77.762,23.484],[77.529,23.606],[77.503,23.482],[77.535,23.282],[77.727,23.186],[77.676,23.072],[77.511,22.963],[77.44,23.105],[77.135,22.906],[76.41,22.643],[76.32,22.648],[76.232,22.797],[76.144,22.773],[76.136,22.56],[76.019,22.504],[75.971,22.594],[75.821,22.486],[75.705,22.58],[75.575,22.471],[75.462,22.448],[75.084,22.539],[74.95,22.599],[74.909,22.668],[74.923,22.836],[74.838,22.967],[74.759,22.983],[74.734,22.911],[74.788,22.776],[74.645,22.714],[74.693,22.318],[74.642,22.217],[74.525,22.217],[74.431,22.352],[74.319,22.405],[74.311,22.31],[74.216,22.203],[73.971,22.067],[73.43,21.829],[73.426,21.785],[73.887,21.808],[74.104,21.893],[74.353,22.018],[74.507,22.063],[74.758,22.025],[74.781,21.883],[74.664,21.788],[74.443,21.704],[74.141,21.654],[73.419,21.608],[73.381,21.533],[73.412,21.394],[73.285,21.422],[73.162,21.355],[73.21,21.252],[73.7,21.224],[73.81,21.246],[73.815,21.328],[73.544,21.438],[73.506,21.525],[73.627,21.555],[74.038,21.537],[74.664,21.645],[74.737,21.574],[74.569,21.528],[74.598,21.453],[74.945,21.453],[75.01,21.42],[75.019,21.303],[75.662,21.247],[76.027,21.266],[76.281,21.4],[76.48,21.467],[76.937,21.571],[76.999,21.467],[77.078,21.471],[77.415,21.564],[77.894,21.562],[77.915,21.712],[78.073,21.846],[78.378,22.054],[78.543,22.144],[78.728,22.196],[78.867,22.286],[78.951,22.417],[78.855,22.478],[78.506,22.289],[78.411,22.338],[78.424,22.159],[78.253,22.109],[78.083,22.117],[77.98,22.234],[78.045,22.302],[78.03,22.417],[78.178,22.502],[78.392,22.503],[78.391,22.624],[78.139,22.577],[77.778,22.432],[77.636,22.33],[77.117,22.038],[76.913,21.881],[76.801,21.693],[76.69,21.597],[76.495,21.552],[76.135,21.587],[75.895,21.59],[75.524,21.541],[75.148,21.583],[74.926,21.726],[74.918,21.821],[75.008,21.845],[75.218,21.771],[75.229,21.892],[75.039,21.943],[74.897,22.081],[74.856,22.184],[74.894,22.254],[75.101,22.312],[75.447,22.273],[75.814,22.269],[76.098,22.409],[76.226,22.447],[76.393,22.438],[76.294,22.335],[76.134,22.305],[76.206,22.213],[76.404,22.243],[76.579,22.138],[76.642,22.182],[76.627,22.279],[76.503,22.503],[76.541,22.57],[76.675,22.635],[77.299,22.8],[77.546,22.815],[77.552,22.708],[77.781,22.738],[78.123,23.067]]]},"properties":{"DOMSOI":"Bv"}},
{"type":"Feature","geometry":{"type":"Polygon","coordinates":[[[86.213,23.853],[86.296,23.898],[86.185,23.969],[86.111,23.883],[86.213,23.853]]]},"properties":{"DOMSOI":"I"}},
{"type":"Feature","geometry":{"type":"Polygon","coordinates":[[[81.577,23.602],[81.454,23.548],[81.475,23.426],[81.716,23.542],[81.756,23.416],[81.823,23.364],[82.098,23.457],[82.276,23.264],[82.179,23.143],[82.298,23.025],[82.439,23.109],[82.504,23.242],[82.682,23.426],[82.891,23.502],[83.171,23.498],[83.207,23.607],[82.867,23.699],[82.595,23.867],[82.467,23.92],[82.305,23.911],[82.06,23.7],[81.752,23.654],[81.577,23.602]]]},"properties":{"DOMSOI":"I"}},
{"type":"Feature","geometry":{"type":"Polygon","coordinates":[[[69.878,23.888],[69.751,23.85],[69.841,23.703],[69.943,23.723],[69.945,23.836],[69.878,23.888]]]},"properties":{"DOMSOI":"I"}},
{"type":"Feature","geometry":{"type":"Polygon","coordinates":[[[70.409,23.879],[70.198,23.874],[70.258,23.814],[70.409,23.879]]]},"properties":{"DOMSOI":"I"}},
{"type":"Feature","geometry":{"type":"Polygon","coordinates":[[[70.409,23.879],[70.258,23.814],[70.198,23.874],[70.159,23.803],[70.305,23.743],[70.447,23.79],[70.409,23.879]]]},"properties":{"DOMSOI":"Xh"}},
{"type":"Feature","geometry":{"type":"Polygon","coordinates":[[[69.016,23.731],[68.78,23.77],[68.663,23.71],[68.51,23.726],[68.444,23.625],[68.503,23.435],[68.631,23.286],[68.689,23.153],[68.786,23.052],[68.962,22.956],[69.28,22.848],[69.618,22.825],[69.894,22.908],[70.08,23.042],[70.158,23.053],[70.329,23.162],[70.668,23.194],[70.768,23.235],[71.066,23.425],[71.07,23.547],[70.881,23.701],[70.82,23.81],[70.634,23.869],[70.519,23.667],[70.347,23.527],[70.181,23.43],[69.977,23.516],[69.649,23.434],[69.337,23.489],[69.169,23.596],[69.016,23.731]],[[68.935,23.59],[68.846,23.637],[68.845,23.698],[68.987,23.674],[68.935,23.59]],[[70.585,23.323],[70.413,23.396],[70.422,23.481],[70.742,23.55],[70.837,23.468],[70.838,23.352],[70.585,23.323]],[[69.905,23.24],[69.973,23.236],[70.384,23.32],[70.387,23.238],[69.897,23.147],[69.867,23.029],[69.713,23.008],[69.679,22.917],[69.442,22.907],[69.103,22.964],[68.802,23.152],[68.993,23.242],[68.897,23.405],[68.609,23.509],[68.668,23.602],[68.786,23.599],[68.97,23.434],[69.076,23.548],[69.187,23.445],[69.437,23.418],[69.616,23.36],[69.768,23.345],[69.958,23.378],[70.02,23.325],[69.905,23.24]]]},"properties":{"DOMSOI":"Xh"}},
{"type":"Feature","geometry":{"type":"Polygon","coordinates":[[[85.273,23.734],[85.175,23.841],[84.934,23.767],[84.853,23.65],[84.919,23.586],[85.068,23.72],[85.151,23.731],[85.273,23.734]]]},"properties":{"DOMSOI":"I"}},
{"type":"Feature","geometry":{"type":"Polygon","coordinates":[[[87.13,23.716],[87.138,23.644],[87.413,23.637],[87.491,23.71],[87.378,23.784],[87.13,23.716]]]},"properties":{"DOMSOI":"Be"}},
{"type":"Feature","geometry":{"type":"Polygon","coordinates":[[[71.546,23.74],[71.394,23.703],[71.445,23.662],[71.546,23.74]]]},"properties":{"DOMSOI":"WR"}},
{"type":"Feature","geometry":{"type":"Polygon","coordinates":[[[84.834,23.545],[84.743,23.606],[84.778,23.749],[84.452,23.569],[84.455,23.451],[84.377,23.409],[84.284,23.518],[84.201,23.485],[84.251,23.212],[84.413,22.997],[84.55,22.983],[84.47,23.136],[84.525,23.303],[84.728,23.504],[84.834,23.545]]]},"properties":{"DOMSOI":"I"}},
{"type":"Feature","geometry":{"type":"Polygon","coordinates":[[[91.177,23.695],[91.191,23.751],[91.157,23.732],[91.177,23.695]]]},"properties":{"DOMSOI":"Ge"}},
{"type":"Feature","geometry":{"type":"Polygon","coordinates":[[[84.201,23.626],[84.363,23.648],[84.369,23.736],[83.975,23.75],[83.858,23.681],[84.201,23.626]]]},"properties":{"DOMSOI":"I"}},
{"type":"Feature","geometry":{"type":"Polygon","coordinates":[[[85.15,23.671],[85.151,23.731],[85.068,23.72],[84.919,23.586],[84.834,23.545],[84.728,23.504],[84.525,23.303],[84.47,23.136],[84.55,22.983],[84.616,22.913],[84.716,22.688],[85.001,22.6],[85.104,22.731],[85.277,22.803],[85.301,22.893],[85.387,22.92],[85.801,22.944],[85.977,22.897],[86.009,22.836],[86.09,22.949],[86.037,23.103],[85.926,23.188],[85.915,23.255],[85.863,23.292],[85.762,23.226],[85.639,23.253],[85.649,23.41],[85.587,23.485],[85.498,23.431],[85.307,23.479],[85.133,23.577],[85.15,23.671]],[[85.399,22.967],[85.392,23.074],[85.58,23.133],[85.625,23.017],[85.399,22.967]]]},"properties":{"DOMSOI":"Nd"}},
{"type":"Feature","geometry":{"type":"Polygon","coordinates":[[[68.935,23.59],[68.987,23.674],[68.845,23.698],[68.846,23.637],[68.935,23.59]]]},"properties":{"DOMSOI":"I"}},
{"type":"Feature","geometry":{"type":"Polygon","coordinates":[[[87.78,23.581],[87.863,23.663],[87.763,23.691],[87.78,23.581]]]},"properties":{"DOMSOI":"Lf"}},
{"type":"Feature","geometry":{"type":"Polygon","coordinates":[[[85.587,23.485],[85.475,23.567],[85.15,23.671],[85.133,23.577],[85.307,23.479],[85.498,23.431],[85.587,23.485]]]},"properties":{"DOMSOI":"I"}},
{"type":"Feature","geometry":{"type":"Polygon","coordinates":[[[87.413,23.637],[87.138,23.644],[87.278,23.516],[87.599,23.341],[87.819,23.276],[87.751,23.367],[87.691,23.388],[87.508,23.47],[87.413,23.637]]]},"properties":{"DOMSOI":"Lo"}},
{"type":"Feature","geometry":{"type":"Polygon","coordinates":[[[70.158,23.053],[70.08,23.042],[69.894,22.908],[69.618,22.825],[69.28,22.848],[68.962,22.956],[68.786,23.052],[68.689,23.153],[68.631,23.286],[68.503,23.435],[68.444,23.625],[68.361,23.549],[68.432,23.49],[68.369,23.406],[68.56,23.316],[68.49,23.261],[68.585,23.168],[68.912,22.935],[69.166,22.82],[69.3,22.808],[69.446,22.747],[69.625,22.729],[69.924,22.87],[70.119,22.919],[70.086,22.956],[70.163,23.037],[70.158,23.053]]]},"properties":{"DOMSOI":"Jc"}},
{"type":"Feature","geometry":{"type":"Polygon","coordinates":[[[68.97,23.434],[68.786,23.599],[68.668,23.602],[68.609,23.509],[68.897,23.405],[68.993,23.242],[68.802,23.152],[69.103,22.964],[69.442,22.907],[69.679,22.917],[69.713,23.008],[69.222,23.016],[69.079,23.08],[69.138,23.192],[69.044,23.292],[68.97,23.434]]]},"properties":{"DOMSOI":"Vc"}},
{"type":"Feature","geometry":{"type":"Polygon","coordinates":[[[83.929,23.285],[84.038,23.324],[84.072,23.499],[83.964,23.603],[83.855,23.59],[83.864,23.482],[83.752,23.387],[83.78,23.328],[83.929,23.285]]]},"properties":{"DOMSOI":"I"}},
{"type":"Feature","geometry":{"type":"Polygon","coordinates":[[[74.319,22.405],[74.431,22.352],[74.575,22.357],[74.528,22.486],[74.433,22.544],[74.497,22.683],[74.24,22.718],[74.218,22.855],[74.124,23.05],[74.172,23.323],[74.271,23.487],[74.217,23.558],[74.113,23.425],[74.006,23.346],[73.815,23.344],[73.75,23.263],[73.848,23.202],[73.833,23.077],[73.95,23.018],[73.847,22.84],[74.019,22.875],[73.972,22.664],[73.725,22.612],[73.713,22.465],[73.591,22.352],[73.673,22.289],[73.813,22.407],[73.902,22.372],[74.004,22.451],[74.159,22.479],[74.319,22.405]]]},"properties":{"DOMSOI":"Ao"}},
{"type":"Feature","geometry":{"type":"Polygon","coordinates":[[[70.585,23.323],[70.838,23.352],[70.837,23.468],[70.742,23.55],[70.422,23.481],[70.413,23.396],[70.585,23.323]]]},"properties":{"DOMSOI":"I"}},
{"type":"Feature","geometry":{"type":"Polygon","coordinates":[[[83.62,23.358],[83.711,23.456],[83.613,23.542],[83.542,23.454],[83.62,23.358]]]},"properties":{"DOMSOI":"I"}},
{"type":"Feature","geometry":{"type":"Polygon","coordinates":[[[81.195,23.291],[81.039,23.324],[80.792,23.323],[80.782,23.447],[80.666,23.417],[80.618,23.536],[80.41,23.507],[80.321,23.402],[80.326,23.315],[80.596,23.269],[80.735,23.164],[80.709,23.036],[80.518,22.903],[80.527,22.761],[80.687,22.802],[80.727,22.706],[80.907,22.534],[81.078,22.615],[81.127,22.576],[81.084,22.407],[81.028,22.348],[81.077,22.235],[81.164,22.314],[81.271,22.269],[81.3,22.332],[81.557,22.423],[81.786,22.414],[81.742,22.531],[81.87,22.712],[81.87,22.836],[81.806,22.918],[81.494,23.063],[81.195,23.291]],[[81.327,22.668],[81.133,22.829],[80.928,22.831],[80.868,22.992],[80.945,23.015],[81.191,22.955],[81.428,22.869],[81.327,22.668]]]},"properties":{"DOMSOI":"I"}},
{"type":"Feature","geometry":{"type":"Polygon","coordinates":[[[85.863,23.292],[85.897,23.441],[86.023,23.399],[86.063,23.462],[85.877,23.55],[85.649,23.41],[85.639,23.253],[85.762,23.226],[85.863,23.292]]]},"properties":{"DOMSOI":"I"}},
{"type":"Feature","geometry":{"type":"Polygon","coordinates":[[[69.905,23.24],[70.02,23.325],[69.958,23.378],[69.768,23.345],[69.616,23.36],[69.437,23.418],[69.187,23.445],[69.076,23.548],[68.97,23.434],[69.044,23.292],[69.138,23.192],[69.079,23.08],[69.222,23.016],[69.713,23.008],[69.867,23.029],[69.897,23.147],[69.573,23.155],[69.404,23.204],[69.41,23.28],[69.812,23.23],[69.905,23.24]]]},"properties":{"DOMSOI":"I"}},
{"type":"Feature","geometry":{"type":"Polygon","coordinates":[[[87.777,23.512],[87.691,23.388],[87.751,23.367],[87.856,23.451],[87.777,23.512]]]},"properties":{"DOMSOI":"Lf"}},
{"type":"Feature","geometry":{"type":"Polygon","coordinates":[[[87.819,23.276],[87.599,23.341],[87.278,23.516],[87.223,23.294],[87.276,23.247],[87.442,23.224],[87.582,23.183],[87.87,23.14],[87.954,23.028],[87.86,22.829],[87.799,22.626],[87.839,22.51],[87.997,22.465],[87.957,22.492],[87.978,22.667],[87.943,22.763],[88.014,22.853],[88.184,22.829],[88.352,22.922],[88.529,22.85],[88.648,22.736],[88.642,22.672],[88.957,22.599],[88.941,22.715],[88.897,22.745],[88.722,22.826],[88.615,22.963],[88.547,23.216],[88.419,23.415],[88.35,23.314],[88.446,23.198],[88.378,23.112],[88.156,23.204],[87.819,23.276]]]},"properties":{"DOMSOI":"Je"}},
{"type":"Feature","geometry":{"type":"Polygon","coordinates":[[[73.155,23.443],[72.75,23.144],[72.58,23.161],[72.458,23.382],[72.176,23.501],[72.017,23.491],[71.884,23.339],[71.887,23.113],[71.95,23.007],[71.97,22.864],[72.03,22.734],[72.049,22.589],[72.236,22.486],[72.943,22.465],[73.071,22.375],[73.041,22.218],[73.085,22.107],[73.223,22.05],[73.418,22.091],[73.47,22.182],[73.418,22.61],[73.461,22.787],[73.572,22.968],[73.454,23.064],[73.256,22.972],[73.138,23.01],[73.112,23.078],[73.155,23.443]]]},"properties":{"DOMSOI":"Be"}},
{"type":"Feature","geometry":{"type":"Polygon","coordinates":[[[71.506,23.443],[71.474,23.471],[71.448,23.411],[71.485,23.382],[71.506,23.443]]]},"properties":{"DOMSOI":"WR"}},
{"type":"Feature","geometry":{"type":"Polygon","coordinates":[[[78.123,23.067],[77.781,22.738],[77.552,22.708],[77.353,22.679],[77.011,22.596],[76.825,22.513],[76.71,22.414],[76.627,22.279],[76.642,22.182],[76.738,22.079],[76.916,22.031],[77.117,22.038],[77.636,22.33],[77.778,22.432],[78.139,22.577],[78.391,22.624],[78.419,22.616],[78.986,22.725],[79.28,22.796],[79.583,22.915],[79.919,23.127],[80.016,23.29],[79.973,23.384],[79.793,23.38],[79.279,23.092],[78.908,23.14],[78.595,23.096],[78.236,23.098],[78.123,23.067]]]},"properties":{"DOMSOI":"Vp"}},
{"type":"Feature","geometry":{"type":"Polygon","coordinates":[[[69.897,23.147],[70.387,23.238],[70.384,23.32],[69.973,23.236],[69.905,23.24],[69.812,23.23],[69.41,23.28],[69.404,23.204],[69.573,23.155],[69.897,23.147]]]},"properties":{"DOMSOI":"Vc"}},
{"type":"Feature","geometry":{"type":"Polygon","coordinates":[[[85.915,23.255],[85.926,23.188],[86.037,23.103],[86.09,22.949],[86.114,22.896],[86.335,22.771],[86.481,22.647],[86.54,22.721],[86.445,22.834],[86.267,22.965],[86.205,23.065],[86.182,23.25],[85.963,23.293],[85.915,23.255]]]},"properties":{"DOMSOI":"I"}},
{"type":"Feature","geometry":{"type":"Polygon","coordinates":[[[84.716,22.688],[84.616,22.913],[84.511,22.912],[84.377,22.801],[84.275,22.775],[84.173,22.85],[84.178,23.109],[84.141,23.257],[84.039,23.212],[83.998,23.108],[83.833,23.243],[83.524,23.294],[83.501,23.208],[83.405,23.156],[83.458,23.036],[83.536,22.741],[83.602,22.739],[83.622,22.955],[83.724,22.637],[83.863,22.632],[83.816,22.842],[83.979,22.993],[84.049,22.942],[84.035,22.8],[84.192,22.688],[84.328,22.674],[84.716,22.688]]]},"properties":{"DOMSOI":"I"}},
{"type":"Feature","geometry":{"type":"Polygon","coordinates":[[[87.442,23.224],[87.276,23.247],[87.087,23.099],[87.006,22.911],[86.838,22.866],[86.785,22.647],[86.656,22.59],[86.652,22.812],[86.54,22.721],[86.481,22.647],[86.423,22.595],[86.404,22.44],[86.553,22.434],[86.573,22.282],[86.49,22.107],[86.637,22.062],[86.666,21.913],[86.562,21.664],[86.576,21.494],[86.843,21.518],[87.057,21.722],[87.22,21.764],[87.188,21.79],[87.13,22.036],[87.292,22.164],[87.333,22.343],[87.463,22.434],[87.374,22.609],[87.392,22.729],[87.376,23.009],[87.277,23.011],[87.21,23.124],[87.278,23.158],[87.388,23.092],[87.442,23.224]],[[87.043,22.535],[86.977,22.622],[87.082,22.699],[87.107,22.569],[87.043,22.535]]]},"properties":{"DOMSOI":"Lf"}},
{"type":"Feature","geometry":{"type":"Polygon","coordinates":[[[86.8,22.977],[86.872,23.062],[86.828,23.15],[86.679,23.233],[86.628,23.194],[86.693,23.072],[86.8,22.977]]]},"properties":{"DOMSOI":"I"}},
{"type":"Feature","geometry":{"type":"Polygon","coordinates":[[[87.442,23.224],[87.388,23.092],[87.376,23.009],[87.392,22.729],[87.464,22.787],[87.56,22.695],[87.705,22.742],[87.706,22.346],[87.817,22.42],[87.839,22.51],[87.799,22.626],[87.86,22.829],[87.954,23.028],[87.87,23.14],[87.582,23.183],[87.442,23.224]],[[87.59,22.871],[87.539,22.981],[87.598,23.012],[87.643,22.922],[87.59,22.871]]]},"properties":{"DOMSOI":"Be"}},
{"type":"Feature","geometry":{"type":"Polygon","coordinates":[[[70.422,23.073],[70.329,23.162],[70.158,23.053],[70.163,23.037],[70.209,23.062],[70.223,22.954],[70.324,22.9],[70.392,22.937],[70.422,23.073]]]},"properties":{"DOMSOI":"Jt"}},
{"type":"Feature","geometry":{"type":"Polygon","coordinates":[[[87.376,23.009],[87.388,23.092],[87.278,23.158],[87.21,23.124],[87.277,23.011],[87.376,23.009]]]},"properties":{"DOMSOI":"Lf"}},
{"type":"Feature","geometry":{"type":"Polygon","coordinates":[[[85.399,22.967],[85.625,23.017],[85.58,23.133],[85.392,23.074],[85.399,22.967]]]},"properties":{"DOMSOI":"I"}},
{"type":"Feature","geometry":{"type":"Polygon","coordinates":[[[70.147,22.921],[70.203,22.942],[70.187,23.044],[70.119,22.959],[70.147,22.921]]]},"properties":{"DOMSOI":"Jc"}},
{"type":"Feature","geometry":{"type":"Polygon","coordinates":[[[81.327,22.668],[81.428,22.869],[81.191,22.955],[80.945,23.015],[80.868,22.992],[80.928,22.831],[81.133,22.829],[81.327,22.668]]]},"properties":{"DOMSOI":"Lc"}},
{"type":"Feature","geometry":{"type":"Polygon","coordinates":[[[71.95,23.007],[71.852,22.96],[71.874,22.858],[71.954,22.851],[71.97,22.864],[71.95,23.007]]]},"properties":{"DOMSOI":"Zg"}},
{"type":"Feature","geometry":{"type":"Polygon","coordinates":[[[87.59,22.871],[87.643,22.922],[87.598,23.012],[87.539,22.981],[87.59,22.871]]]},"properties":{"DOMSOI":"Lf"}},
{"type":"Feature","geometry":{"type":"Polygon","coordinates":[[[82.693,22.477],[82.855,22.42],[83.005,22.472],[83.138,22.714],[83.363,22.715],[83.414,22.855],[83.365,22.939],[83.136,22.933],[83.102,22.814],[82.799,22.696],[82.68,22.564],[82.693,22.477]]]},"properties":{"DOMSOI":"I"}},
{"type":"Feature","geometry":{"type":"Polygon","coordinates":[[[71.954,22.851],[71.874,22.858],[71.852,22.96],[71.415,22.939],[71.035,22.881],[70.759,22.796],[70.605,22.719],[70.255,22.475],[69.674,22.157],[69.438,21.947],[69.438,21.859],[69.604,21.794],[69.633,21.674],[69.697,21.625],[69.771,21.618],[70.132,21.593],[70.338,21.5],[70.408,21.375],[70.431,21.212],[70.501,21.261],[70.729,21.276],[70.894,21.316],[70.928,21.142],[71.198,21.191],[71.288,21.074],[71.188,20.96],[71.323,21.001],[71.713,21.163],[71.896,21.262],[72.079,21.402],[72.027,21.511],[72.118,21.601],[71.992,21.727],[71.944,21.959],[72.013,22.224],[72.08,22.382],[72.236,22.486],[72.049,22.589],[72.03,22.734],[71.954,22.851]],[[70.241,21.951],[69.94,22.066],[70.072,22.101],[70.235,22.214],[70.342,22.128],[70.366,22.037],[70.241,21.951]],[[71.394,21.896],[71.338,21.917],[71.184,22.204],[71.002,22.249],[70.973,22.396],[70.905,22.539],[70.984,22.592],[71.146,22.511],[71.292,22.589],[71.36,22.525],[71.275,22.419],[71.264,22.305],[71.493,22.149],[71.523,22.063],[71.394,21.896]],[[69.753,21.716],[69.71,21.835],[69.841,21.796],[69.753,21.716]],[[70.001,21.694],[69.999,21.782],[70.066,21.831],[70.108,21.733],[70.001,21.694]],[[70.547,21.42],[70.452,21.497],[70.568,21.558],[70.643,21.472],[70.547,21.42]],[[71.495,21.191],[71.466,21.305],[71.641,21.342],[71.715,21.474],[71.876,21.426],[71.84,21.323],[71.662,21.231],[71.495,21.191]]]},"properties":{"DOMSOI":"Vc"}},
{"type":"Feature","geometry":{"type":"Polygon","coordinates":[[[86.09,22.949],[86.009,22.836],[85.893,22.734],[85.719,22.642],[85.794,22.573],[85.649,22.46],[85.619,22.594],[85.448,22.533],[85.385,22.45],[85.437,22.343],[85.767,22.358],[85.906,22.323],[86.06,22.234],[86.077,22.13],[86.258,22.227],[86.322,22.393],[86.194,22.384],[86.026,22.443],[86.012,22.553],[86.177,22.518],[86.362,22.628],[86.423,22.595],[86.481,22.647],[86.335,22.771],[86.114,22.896],[86.09,22.949]]]},"properties":{"DOMSOI":"Vc"}},
{"type":"Feature","geometry":{"type":"Polygon","coordinates":[[[85.893,22.734],[86.009,22.836],[85.977,22.897],[85.801,22.944],[85.387,22.92],[85.301,22.893],[85.277,22.803],[85.104,22.731],[85.001,22.6],[85.156,22.274],[84.993,22.202],[84.87,22.029],[84.764,22.067],[84.724,22.191],[84.425,22.06],[84.577,21.928],[84.495,21.843],[84.555,21.756],[84.416,21.701],[84.411,21.594],[84.596,21.511],[84.738,21.49],[85.112,21.52],[85.264,21.465],[85.515,21.157],[85.612,21.092],[85.845,21.019],[85.93,21.073],[86.132,21.235],[86.292,21.207],[86.477,21.328],[86.729,21.34],[86.843,21.518],[86.576,21.494],[86.562,21.664],[86.666,21.913],[86.637,22.062],[86.49,22.107],[86.573,22.282],[86.553,22.434],[86.404,22.44],[86.423,22.595],[86.362,22.628],[86.177,22.518],[86.012,22.553],[86.026,22.443],[86.194,22.384],[86.322,22.393],[86.258,22.227],[86.077,22.13],[86.06,22.234],[85.906,22.323],[85.873,22.279],[85.988,22.043],[86.107,22.024],[86.358,22.207],[86.355,22.089],[86.34,21.944],[86.537,21.82],[86.456,21.689],[86.335,21.607],[86.225,21.686],[86.193,21.966],[86.065,21.799],[86.205,21.533],[86.132,21.499],[85.974,21.507],[85.858,21.371],[85.92,21.28],[85.887,21.191],[85.625,21.258],[85.568,21.328],[85.605,21.494],[85.554,21.694],[85.475,21.764],[85.275,21.731],[85.408,21.907],[85.465,22.049],[85.437,22.343],[85.385,22.45],[85.448,22.533],[85.49,22.653],[85.648,22.8],[85.854,22.794],[85.893,22.734]],[[84.663,21.622],[84.671,21.75],[84.834,21.785],[84.924,21.95],[85.045,21.982],[85.032,21.773],[84.967,21.672],[84.663,21.622]]]},"properties":{"DOMSOI":"I"}},
{"type":"Feature","geometry":{"type":"Polygon","coordinates":[[[69.25,22.236],[69.409,22.24],[69.815,22.354],[70.15,22.508],[70.261,22.588],[70.388,22.737],[70.454,22.942],[70.343,22.877],[70.258,22.671],[70.109,22.515],[69.947,22.525],[69.783,22.391],[69.691,22.436],[69.619,22.333],[69.535,22.355],[69.25,22.236]]]},"properties":{"DOMSOI":"Jc"}},
{"type":"Feature","geometry":{"type":"Polygon","coordinates":[[[88.642,22.672],[88.648,22.736],[88.529,22.85],[88.352,22.922],[88.184,22.829],[88.014,22.853],[87.943,22.763],[87.978,22.667],[87.957,22.492],[87.997,22.465],[88.283,22.499],[88.526,22.593],[88.642,22.672]]]},"properties":{"DOMSOI":"Be"}},
{"type":"Feature","geometry":{"type":"Polygon","coordinates":[[[86.838,22.866],[86.715,22.91],[86.652,22.812],[86.656,22.59],[86.785,22.647],[86.838,22.866]]]},"properties":{"DOMSOI":"I"}},
{"type":"Feature","geometry":{"type":"Polygon","coordinates":[[[71.97,22.864],[71.954,22.851],[72.03,22.734],[71.97,22.864]]]},"properties":{"DOMSOI":"WR"}},
{"type":"Feature","geometry":{"type":"Polygon","coordinates":[[[88.971,22.847],[88.897,22.745],[88.941,22.715],[88.971,22.847]]]},"properties":{"DOMSOI":"Ge"}},
{"type":"Feature","geometry":{"type":"Polygon","coordinates":[[[82.799,22.696],[82.598,22.677],[82.491,22.7],[82.121,22.721],[81.87,22.836],[81.87,22.712],[81.742,22.531],[81.786,22.414],[81.84,22.399],[82.128,22.432],[82.315,22.402],[82.609,22.487],[82.693,22.477],[82.68,22.564],[82.799,22.696]]]},"properties":{"DOMSOI":"Lf"}},
{"type":"Feature","geometry":{"type":"Polygon","coordinates":[[[76.627,22.279],[76.71,22.414],[76.825,22.513],[77.011,22.596],[77.353,22.679],[77.552,22.708],[77.546,22.815],[77.299,22.8],[76.675,22.635],[76.541,22.57],[76.503,22.503],[76.627,22.279]]]},"properties":{"DOMSOI":"Vc"}},
{"type":"Feature","geometry":{"type":"Polygon","coordinates":[[[85.719,22.642],[85.893,22.734],[85.854,22.794],[85.648,22.8],[85.49,22.653],[85.448,22.533],[85.619,22.594],[85.719,22.642]]]},"properties":{"DOMSOI":"Nd"}},
{"type":"Feature","geometry":{"type":"Polygon","coordinates":[[[87.56,22.695],[87.464,22.787],[87.392,22.729],[87.374,22.609],[87.463,22.434],[87.528,22.515],[87.56,22.695]]]},"properties":{"DOMSOI":"Lf"}},
{"type":"Feature","geometry":{"type":"Polygon","coordinates":[[[87.56,22.695],[87.528,22.515],[87.463,22.434],[87.333,22.343],[87.527,22.121],[87.495,22.028],[87.319,22.042],[87.305,21.934],[87.393,21.923],[87.407,21.811],[87.505,21.862],[87.755,22.102],[87.706,22.346],[87.705,22.742],[87.56,22.695]]]},"properties":{"DOMSOI":"Lo"}},
{"type":"Feature","geometry":{"type":"Polygon","coordinates":[[[87.043,22.535],[87.107,22.569],[87.082,22.699],[86.977,22.622],[87.043,22.535]]]},"properties":{"DOMSOI":"Lf"}},
{"type":"Feature","geometry":{"type":"Polygon","coordinates":[[[88.957,22.599],[88.642,22.672],[88.526,22.593],[88.283,22.499],[87.997,22.465],[87.839,22.51],[87.817,22.42],[87.706,22.346],[87.755,22.102],[87.838,22.21],[88.129,22.19],[88.226,22.156],[88.413,22.162],[88.54,22.247],[88.606,22.092],[88.674,22.179],[88.645,22.29],[88.703,22.333],[88.865,22.322],[88.925,22.273],[89.006,22.311],[88.957,22.599]]]},"properties":{"DOMSOI":"Ge"}},
{"type":"Feature","geometry":{"type":"Polygon","coordinates":[[[83.246,22.141],[83.303,22.183],[83.349,22.367],[83.406,22.461],[83.489,22.478],[83.602,22.349],[83.696,22.406],[83.635,22.556],[83.543,22.664],[83.367,22.652],[83.242,22.475],[83.186,22.347],[83.195,22.156],[83.246,22.141]]]},"properties":{"DOMSOI":"Ne"}},
{"type":"Feature","geometry":{"type":"Polygon","coordinates":[[[85.719,22.642],[85.619,22.594],[85.649,22.46],[85.794,22.573],[85.719,22.642]]]},"properties":{"DOMSOI":"I"}},
{"type":"Feature","geometry":{"type":"Polygon","coordinates":[[[71.394,21.896],[71.523,22.063],[71.493,22.149],[71.264,22.305],[71.275,22.419],[71.36,22.525],[71.292,22.589],[71.146,22.511],[70.984,22.592],[70.905,22.539],[70.973,22.396],[71.002,22.249],[71.184,22.204],[71.338,21.917],[71.394,21.896]]]},"properties":{"DOMSOI":"I"}},
{"type":"Feature","geometry":{"type":"Polygon","coordinates":[[[78.411,22.338],[78.454,22.464],[78.392,22.503],[78.178,22.502],[78.03,22.417],[78.045,22.302],[77.98,22.234],[78.083,22.117],[78.253,22.109],[78.424,22.159],[78.411,22.338]]]},"properties":{"DOMSOI":"I"}},
{"type":"Feature","geometry":{"type":"Polygon","coordinates":[[[73.041,22.218],[73.071,22.375],[72.943,22.465],[72.236,22.486],[72.08,22.382],[72.013,22.224],[71.944,21.959],[71.992,21.727],[72.118,21.601],[72.159,21.521],[72.079,21.402],[72.025,21.266],[72.041,21.149],[72.098,21.185],[72.127,21.328],[72.218,21.433],[72.296,21.626],[72.17,21.803],[72.143,21.945],[72.196,22.008],[72.329,22.046],[72.362,22.146],[72.45,22.22],[72.545,22.202],[72.471,22.039],[72.493,21.904],[72.547,21.861],[72.481,21.672],[72.811,21.692],[72.818,21.866],[72.917,22.108],[73.041,22.218]]]},"properties":{"DOMSOI":"Jc"}},
{"type":"Feature","geometry":{"type":"Polygon","coordinates":[[[69.037,22.048],[69.129,22.251],[69.16,22.406],[68.879,22.303],[68.889,22.22],[69.037,22.048]]]},"properties":{"DOMSOI":"Rc"}},
{"type":"Feature","geometry":{"type":"Polygon","coordinates":[[[77.117,22.038],[76.916,22.031],[76.738,22.079],[76.642,22.182],[76.579,22.138],[76.404,22.243],[76.206,22.213],[76.134,22.305],[76.294,22.335],[76.393,22.438],[76.226,22.447],[76.098,22.409],[75.814,22.269],[75.447,22.273],[75.101,22.312],[74.894,22.254],[74.856,22.184],[74.897,22.081],[75.039,21.943],[75.229,21.892],[75.218,21.771],[75.008,21.845],[74.918,21.821],[74.926,21.726],[75.148,21.583],[75.524,21.541],[75.895,21.59],[76.135,21.587],[76.495,21.552],[76.69,21.597],[76.801,21.693],[76.913,21.881],[77.117,22.038]]]},"properties":{"DOMSOI":"Vc"}},
{"type":"Feature","geometry":{"type":"Polygon","coordinates":[[[73.914,22.118],[74.12,22.21],[74.181,22.289],[74.112,22.392],[73.96,22.314],[73.845,22.127],[73.914,22.118]]]},"properties":{"DOMSOI":"Ao"}},
{"type":"Feature","geometry":{"type":"Polygon","coordinates":[[[85.906,22.323],[85.767,22.358],[85.437,22.343],[85.465,22.049],[85.408,21.907],[85.275,21.731],[85.475,21.764],[85.554,21.694],[85.605,21.494],[85.568,21.328],[85.625,21.258],[85.887,21.191],[85.92,21.28],[85.858,21.371],[85.974,21.507],[86.132,21.499],[86.205,21.533],[86.065,21.799],[86.193,21.966],[86.355,22.089],[86.358,22.207],[86.107,22.024],[85.988,22.043],[85.873,22.279],[85.906,22.323]]]},"properties":{"DOMSOI":"Nd"}},
{"type":"Feature","geometry":{"type":"Polygon","coordinates":[[[87.407,21.811],[87.393,21.923],[87.305,21.934],[87.319,22.042],[87.495,22.028],[87.527,22.121],[87.333,22.343],[87.292,22.164],[87.13,22.036],[87.188,21.79],[87.22,21.764],[87.407,21.811]]]},"properties":{"DOMSOI":"Lf"}},
{"type":"Feature","geometry":{"type":"Polygon","coordinates":[[[88.925,22.273],[88.865,22.322],[88.703,22.333],[88.645,22.29],[88.674,22.179],[88.657,22.126],[88.889,22.183],[88.925,22.273]]]},"properties":{"DOMSOI":"Zo"}},
{"type":"Feature","geometry":{"type":"Polygon","coordinates":[[[81.271,22.269],[81.164,22.314],[81.077,22.235],[81.029,22.141],[80.858,21.662],[80.748,21.625],[80.722,21.748],[80.55,21.873],[80.532,22.105],[80.368,22.093],[80.208,22.233],[80.137,22.195],[80.19,22.023],[80.206,21.856],[80.41,21.694],[80.445,21.568],[80.708,21.561],[80.595,21.258],[80.701,21.217],[80.789,21.256],[80.849,21.361],[80.915,21.586],[80.999,21.785],[81.248,22.203],[81.271,22.269]]]},"properties":{"DOMSOI":"I"}},
{"type":"Feature","geometry":{"type":"Polygon","coordinates":[[[89.006,22.311],[88.925,22.273],[88.889,22.183],[88.657,22.126],[88.668,22.028],[88.787,21.911],[89.074,21.934],[89.046,22.091],[89.075,22.19],[89.006,22.311]]]},"properties":{"DOMSOI":"Jt"}},
{"type":"Feature","geometry":{"type":"Polygon","coordinates":[[[88.606,22.092],[88.54,22.247],[88.413,22.162],[88.548,22.008],[88.568,22.07],[88.606,22.092]]]},"properties":{"DOMSOI":"Zo"}},
{"type":"Feature","geometry":{"type":"Polygon","coordinates":[[[70.241,21.951],[70.366,22.037],[70.342,22.128],[70.235,22.214],[70.072,22.101],[69.94,22.066],[70.241,21.951]]]},"properties":{"DOMSOI":"I"}},
{"type":"Feature","geometry":{"type":"Polygon","coordinates":[[[73.914,22.118],[73.845,22.127],[73.641,22.141],[73.418,22.091],[73.223,22.05],[73.085,22.107],[73.041,22.218],[72.917,22.108],[72.818,21.866],[72.811,21.692],[72.811,21.655],[72.769,21.446],[72.763,21.259],[72.901,20.946],[72.95,20.74],[72.916,20.56],[72.854,20.495],[72.753,20.347],[72.778,20.328],[72.868,20.284],[72.998,20.077],[73.077,20.133],[73.038,20.313],[73.159,20.589],[73.241,20.776],[73.43,21.001],[73.671,21.098],[73.83,21.158],[74.077,21.295],[74.33,21.387],[74.538,21.33],[74.836,21.199],[75.103,21.123],[75.317,21.097],[75.799,20.993],[75.884,20.989],[76.009,21.022],[76.115,21.096],[76.16,21.146],[76.423,21.233],[76.855,21.437],[76.999,21.467],[76.937,21.571],[76.48,21.467],[76.281,21.4],[76.027,21.266],[75.662,21.247],[75.019,21.303],[75.01,21.42],[74.945,21.453],[74.598,21.453],[74.569,21.528],[74.737,21.574],[74.664,21.645],[74.038,21.537],[73.627,21.555],[73.506,21.525],[73.544,21.438],[73.815,21.328],[73.81,21.246],[73.7,21.224],[73.21,21.252],[73.162,21.355],[73.285,21.422],[73.412,21.394],[73.381,21.533],[73.419,21.608],[73.208,21.652],[73.206,21.729],[73.426,21.785],[73.43,21.829],[73.971,22.067],[73.914,22.118]],[[76.455,21.324],[76.435,21.384],[76.524,21.394],[76.55,21.351],[76.455,21.324]]]},"properties":{"DOMSOI":"Vc"}},
{"type":"Feature","geometry":{"type":"Polygon","coordinates":[[[88.129,22.19],[87.838,22.21],[87.755,22.102],[87.809,22.077],[88.063,22.077],[88.155,22.05],[88.129,22.19]]]},"properties":{"DOMSOI":"Zo"}},
{"type":"Feature","geometry":{"type":"Polygon","coordinates":[[[88.413,22.162],[88.226,22.156],[88.234,22.069],[88.166,21.943],[88.221,21.768],[88.46,21.603],[88.486,21.89],[88.548,22.008],[88.413,22.162]]]},"properties":{"DOMSOI":"Jt"}},
{"type":"Feature","geometry":{"type":"Polygon","coordinates":[[[88.155,22.05],[88.063,22.077],[87.809,22.077],[87.755,22.102],[87.505,21.862],[87.543,21.794],[87.511,21.617],[87.79,21.678],[87.938,21.818],[88.012,21.935],[88.155,22.05]]]},"properties":{"DOMSOI":"Jt"}},
{"type":"Feature","geometry":{"type":"Polygon","coordinates":[[[86.355,22.089],[86.193,21.966],[86.225,21.686],[86.335,21.607],[86.456,21.689],[86.537,21.82],[86.34,21.944],[86.355,22.089]]]},"properties":{"DOMSOI":"I"}},
{"type":"Feature","geometry":{"type":"Polygon","coordinates":[[[88.512,21.846],[88.633,22.084],[88.576,22.068],[88.535,21.969],[88.512,21.846]]]},"properties":{"DOMSOI":"Jt"}},
{"type":"Feature","geometry":{"type":"Polygon","coordinates":[[[73.419,21.608],[74.141,21.654],[74.443,21.704],[74.664,21.788],[74.781,21.883],[74.758,22.025],[74.507,22.063],[74.353,22.018],[74.104,21.893],[73.887,21.808],[73.426,21.785],[73.206,21.729],[73.208,21.652],[73.419,21.608]]]},"properties":{"DOMSOI":"Bv"}},
{"type":"Feature","geometry":{"type":"Polygon","coordinates":[[[72.272,21.9],[72.404,21.934],[72.36,22.023],[72.262,21.985],[72.272,21.9]]]},"properties":{"DOMSOI":"Jc"}},
{"type":"Feature","geometry":{"type":"Polygon","coordinates":[[[84.663,21.622],[84.967,21.672],[85.032,21.773],[85.045,21.982],[84.924,21.95],[84.834,21.785],[84.671,21.75],[84.663,21.622]]]},"properties":{"DOMSOI":"Lf"}},
{"type":"Feature","geometry":{"type":"Polygon","coordinates":[[[78.592,20.53],[78.642,20.61],[78.613,20.709],[78.77,20.712],[78.898,20.823],[78.889,20.943],[78.754,20.953],[78.702,21.084],[78.755,21.252],[78.702,21.359],[78.722,21.472],[78.683,21.563],[78.747,21.655],[78.862,21.682],[78.915,21.539],[79.044,21.416],[79.158,21.515],[79.305,21.574],[79.376,21.703],[79.509,21.787],[79.708,21.778],[79.764,21.886],[79.582,21.962],[79.205,21.908],[79.029,21.92],[78.749,21.852],[78.621,21.978],[78.5,21.949],[78.554,21.725],[78.513,21.555],[78.592,21.456],[78.596,21.317],[78.506,21.244],[78.331,21.264],[78.21,21.17],[78.277,21.043],[78.407,21.016],[78.646,20.893],[78.576,20.846],[78.355,20.884],[78.35,20.767],[78.469,20.688],[78.592,20.53]]]},"properties":{"DOMSOI":"I"}},
{"type":"Feature","geometry":{"type":"Polygon","coordinates":[[[72.272,21.9],[72.203,21.959],[72.166,21.917],[72.198,21.844],[72.272,21.9]]]},"properties":{"DOMSOI":"Jc"}},
{"type":"Feature","geometry":{"type":"Polygon","coordinates":[[[88.641,21.778],[88.67,21.893],[88.625,21.919],[88.569,21.817],[88.641,21.778]]]},"properties":{"DOMSOI":"Jt"}},
{"type":"Feature","geometry":{"type":"Polygon","coordinates":[[[89.011,21.581],[89.074,21.624],[89.005,21.868],[88.822,21.911],[88.831,21.878],[88.837,21.764],[88.895,21.633],[89.011,21.581]]]},"properties":{"DOMSOI":"Jt"}},
{"type":"Feature","geometry":{"type":"Polygon","coordinates":[[[88.825,21.627],[88.789,21.75],[88.827,21.861],[88.794,21.904],[88.726,21.904],[88.705,21.735],[88.825,21.627]]]},"properties":{"DOMSOI":"Jt"}},
{"type":"Feature","geometry":{"type":"Polygon","coordinates":[[[69.753,21.716],[69.841,21.796],[69.71,21.835],[69.753,21.716]]]},"properties":{"DOMSOI":"I"}},
{"type":"Feature","geometry":{"type":"Polygon","coordinates":[[[88.151,21.607],[88.193,21.724],[88.136,21.865],[88.052,21.708],[88.151,21.607]]]},"properties":{"DOMSOI":"Jt"}},
{"type":"Feature","geometry":{"type":"Polygon","coordinates":[[[87.505,21.862],[87.407,21.811],[87.22,21.764],[87.057,21.722],[86.843,21.518],[86.729,21.34],[86.65,21.183],[86.608,20.935],[86.613,20.784],[86.419,20.595],[86.333,20.344],[86.207,20.179],[86.209,20.026],[86.288,20.037],[86.409,19.971],[86.501,20.089],[86.494,20.149],[86.771,20.27],[86.748,20.381],[86.803,20.501],[87.039,20.676],[86.936,20.91],[86.814,21.115],[86.884,21.264],[87.048,21.469],[87.177,21.544],[87.511,21.617],[87.543,21.794],[87.505,21.862]]]},"properties":{"DOMSOI":"Je"}},
{"type":"Feature","geometry":{"type":"Polygon","coordinates":[[[70.001,21.694],[70.108,21.733],[70.066,21.831],[69.999,21.782],[70.001,21.694]]]},"properties":{"DOMSOI":"I"}},
{"type":"Feature","geometry":{"type":"Polygon","coordinates":[[[82.542,21.605],[82.372,21.761],[82.221,21.807],[82.027,21.803],[81.308,21.619],[81.009,21.618],[80.915,21.586],[80.849,21.361],[80.789,21.256],[80.701,21.217],[80.687,21.117],[80.876,20.992],[81.047,20.943],[81.482,20.938],[81.764,21.049],[81.961,21.061],[82.148,21.03],[82.107,21.13],[82.15,21.261],[82.309,21.465],[82.542,21.605]]]},"properties":{"DOMSOI":"Lf"}},
{"type":"Feature","geometry":{"type":"Polygon","coordinates":[[[88.565,21.559],[88.637,21.733],[88.54,21.802],[88.517,21.6],[88.565,21.559]]]},"properties":{"DOMSOI":"Jt"}},
{"type":"Feature","geometry":{"type":"Polygon","coordinates":[[[83.798,21.514],[83.962,21.527],[83.973,21.629],[83.804,21.621],[83.622,21.747],[83.543,21.756],[83.511,21.649],[83.685,21.652],[83.798,21.514]]]},"properties":{"DOMSOI":"WR"}},
{"type":"Feature","geometry":{"type":"Polygon","coordinates":[[[88.289,21.516],[88.31,21.645],[88.181,21.667],[88.289,21.516]]]},"properties":{"DOMSOI":"Jt"}},
{"type":"Feature","geometry":{"type":"Polygon","coordinates":[[[88.75,21.538],[88.795,21.576],[88.731,21.617],[88.696,21.544],[88.75,21.538]]]},"properties":{"DOMSOI":"Jt"}},
{"type":"Feature","geometry":{"type":"Polygon","coordinates":[[[83.511,21.649],[83.424,21.564],[83.313,21.528],[83.268,21.672],[83.027,21.571],[82.731,21.608],[82.542,21.605],[82.309,21.465],[82.15,21.261],[82.107,21.13],[82.148,21.03],[82.199,21.06],[82.306,21.264],[82.408,21.273],[82.528,21.124],[82.553,20.933],[82.662,20.925],[83.008,21.104],[83.192,21.129],[83.31,21.363],[83.393,21.475],[83.607,21.522],[83.767,21.49],[83.798,21.514],[83.685,21.652],[83.511,21.649]]]},"properties":{"DOMSOI":"Lc"}},
{"type":"Feature","geometry":{"type":"Polygon","coordinates":[[[72.654,21.606],[72.652,21.653],[72.584,21.66],[72.572,21.625],[72.654,21.606]]]},"properties":{"DOMSOI":"Jc"}},
{"type":"Feature","geometry":{"type":"Polygon","coordinates":[[[77.894,21.562],[77.415,21.564],[77.078,21.471],[76.999,21.467],[76.855,21.437],[76.423,21.233],[76.16,21.146],[76.115,21.096],[76.291,21.037],[76.776,21.116],[77.628,21.296],[78.249,21.474],[78.373,21.563],[78.262,21.664],[77.894,21.562]]]},"properties":{"DOMSOI":"Bv"}},
{"type":"Feature","geometry":{"type":"Polygon","coordinates":[[[72.854,20.495],[72.916,20.56],[72.95,20.74],[72.901,20.946],[72.763,21.259],[72.769,21.446],[72.811,21.655],[72.579,21.489],[72.512,21.359],[72.547,21.313],[72.578,21.083],[72.667,21.094],[72.702,20.922],[72.749,20.861],[72.874,20.548],[72.854,20.495]]]},"properties":{"DOMSOI":"Jc"}},
{"type":"Feature","geometry":{"type":"Polygon","coordinates":[[[84.237,20.948],[84.255,21.027],[84.45,21.009],[84.591,20.965],[84.507,20.847],[84.57,20.685],[84.527,20.613],[84.428,20.624],[84.313,20.704],[84.267,20.62],[84.152,20.694],[83.968,20.663],[83.829,20.518],[83.741,20.372],[83.642,20.283],[83.523,20.096],[83.314,19.967],[83.112,19.809],[82.958,19.615],[82.898,19.482],[82.784,19.239],[82.691,18.996],[82.577,18.746],[82.428,18.544],[82.263,18.368],[82.015,18.148],[81.743,18.01],[81.623,17.856],[81.478,17.782],[81.471,17.703],[81.357,17.599],[81.267,17.396],[81.31,17.292],[81.417,17.231],[81.65,17.309],[81.762,17.248],[81.812,17.325],[81.913,17.33],[82.012,17.42],[82.078,17.304],[82.153,17.316],[82.191,17.509],[82.316,17.609],[82.344,17.479],[82.281,17.362],[82.178,17.301],[82.285,17.266],[82.317,17.174],[82.367,17.239],[82.387,17.362],[82.498,17.555],[82.539,17.693],[82.647,17.778],[82.754,17.756],[82.839,17.787],[82.803,17.868],[83.104,18.018],[83.227,18.145],[83.306,18.165],[83.247,18.322],[83.248,18.474],[83.361,18.734],[83.391,18.998],[83.479,19.012],[83.658,18.626],[83.758,18.662],[83.849,18.551],[83.986,18.688],[84.111,18.518],[84.152,18.566],[84.196,18.679],[84.43,18.879],[84.505,19.008],[84.53,19.232],[84.696,19.197],[84.711,19.303],[84.601,19.384],[84.655,19.541],[84.546,19.769],[84.527,19.895],[84.618,19.901],[84.722,19.673],[84.804,19.64],[85.049,19.677],[85.334,19.962],[85.366,20.058],[85.28,20.22],[85.198,20.311],[84.893,20.441],[84.896,20.527],[85.027,20.509],[85.226,20.438],[85.39,20.437],[85.47,20.475],[85.406,20.596],[85.098,20.695],[84.996,20.844],[84.98,20.942],[84.868,20.96],[84.82,21.051],[84.72,21.099],[84.798,21.194],[85.025,21.192],[84.919,21.307],[84.562,21.393],[84.401,21.473],[84.217,21.634],[84.073,21.615],[84.064,21.559],[84.234,21.458],[84.246,21.386],[84.163,21.271],[84.248,21.085],[83.987,21.079],[84.058,20.986],[84.237,20.948]],[[84.031,19.753],[83.94,19.845],[84.02,20.012],[84.19,20.077],[84.279,20.004],[84.187,19.936],[84.093,19.786],[84.031,19.753]],[[84.135,18.74],[83.991,18.883],[83.935,19.022],[83.922,19.17],[84.033,19.408],[84.141,19.471],[84.376,19.421],[84.431,19.263],[84.406,19.038],[84.356,18.907],[84.233,18.787],[84.135,18.74]]]},"properties":{"DOMSOI":"Ne"}},
{"type":"Feature","geometry":{"type":"Polygon","coordinates":[[[69.771,21.618],[69.697,21.625],[69.635,21.525],[69.729,21.441],[69.828,21.498],[69.771,21.618]]]},"properties":{"DOMSOI":"Zo"}},
{"type":"Feature","geometry":{"type":"Polygon","coordinates":[[[69.771,21.618],[69.828,21.498],[69.729,21.441],[70.059,21.084],[70.224,20.951],[70.489,20.795],[70.774,20.673],[71.082,20.705],[71.477,20.876],[71.638,20.967],[72.041,21.149],[72.025,21.266],[72.079,21.402],[71.896,21.262],[71.713,21.163],[71.323,21.001],[71.188,20.96],[70.916,20.883],[70.693,20.954],[70.549,21.033],[70.577,21.094],[70.44,21.144],[70.431,21.212],[70.408,21.375],[70.338,21.5],[70.132,21.593],[69.771,21.618]]]},"properties":{"DOMSOI":"Jc"}},
{"type":"Feature","geometry":{"type":"Polygon","coordinates":[[[88.834,21.519],[88.903,21.527],[88.862,21.594],[88.812,21.577],[88.834,21.519]]]},"properties":{"DOMSOI":"Jt"}},
{"type":"Feature","geometry":{"type":"Polygon","coordinates":[[[72.079,21.402],[72.159,21.521],[72.118,21.601],[72.027,21.511],[72.079,21.402]]]},"properties":{"DOMSOI":"I"}},
{"type":"Feature","geometry":{"type":"Polygon","coordinates":[[[70.547,21.42],[70.643,21.472],[70.568,21.558],[70.452,21.497],[70.547,21.42]]]},"properties":{"DOMSOI":"I"}},
{"type":"Feature","geometry":{"type":"Polygon","coordinates":[[[83.767,21.49],[83.607,21.522],[83.393,21.475],[83.31,21.363],[83.192,21.129],[83.406,20.968],[83.778,20.872],[84.152,20.694],[84.267,20.62],[84.313,20.704],[84.428,20.624],[84.527,20.613],[84.57,20.685],[84.507,20.847],[84.394,20.926],[84.237,20.948],[84.058,20.986],[83.987,21.079],[83.98,21.175],[84.046,21.303],[84.001,21.402],[83.767,21.49]]]},"properties":{"DOMSOI":"Vc"}},
{"type":"Feature","geometry":{"type":"Polygon","coordinates":[[[71.495,21.191],[71.662,21.231],[71.84,21.323],[71.876,21.426],[71.715,21.474],[71.641,21.342],[71.466,21.305],[71.495,21.191]]]},"properties":{"DOMSOI":"I"}},
{"type":"Feature","geometry":{"type":"Polygon","coordinates":[[[79.778,20.913],[79.829,20.944],[79.881,21.13],[80.023,21.06],[80.079,21.138],[80.152,21.427],[80.07,21.435],[79.799,21.208],[79.61,21.169],[79.54,21.066],[79.594,20.985],[79.778,20.913]]]},"properties":{"DOMSOI":"I"}},
{"type":"Feature","geometry":{"type":"Polygon","coordinates":[[[85.286,21.221],[85.301,21.321],[85.166,21.414],[85.127,21.363],[85.206,21.254],[85.286,21.221]]]},"properties":{"DOMSOI":"I"}},
{"type":"Feature","geometry":{"type":"Polygon","coordinates":[[[76.455,21.324],[76.55,21.351],[76.524,21.394],[76.435,21.384],[76.455,21.324]]]},"properties":{"DOMSOI":"Bv"}},
{"type":"Feature","geometry":{"type":"Polygon","coordinates":[[[74.538,21.33],[74.33,21.387],[74.077,21.295],[74.089,21.184],[73.948,21.087],[74.03,21.017],[73.922,20.851],[74.035,20.867],[74.091,20.799],[74.021,20.671],[73.893,20.555],[73.928,20.484],[74.04,20.462],[74.015,20.349],[73.769,20.433],[73.741,20.52],[73.706,20.346],[73.743,20.256],[73.858,20.338],[73.999,20.287],[74.12,20.314],[74.179,20.361],[74.147,20.464],[74.083,20.561],[74.352,20.615],[74.312,20.726],[74.419,20.778],[74.678,20.746],[74.601,20.845],[74.236,20.905],[74.226,20.994],[74.403,20.979],[74.264,21.203],[74.326,21.254],[74.513,21.267],[74.538,21.33]]]},"properties":{"DOMSOI":"Hh"}},
{"type":"Feature","geometry":{"type":"Polygon","coordinates":[[[86.729,21.34],[86.477,21.328],[86.292,21.207],[86.132,21.235],[85.93,21.073],[85.984,20.975],[85.917,20.885],[86.075,20.749],[85.961,20.625],[85.746,20.622],[85.607,20.574],[85.47,20.475],[85.39,20.437],[85.226,20.438],[85.027,20.509],[84.896,20.527],[84.893,20.441],[85.198,20.311],[85.28,20.22],[85.366,20.058],[85.334,19.962],[85.429,19.942],[85.595,19.968],[85.644,19.868],[85.613,19.795],[85.843,19.9],[86.013,19.948],[86.167,19.951],[86.253,19.885],[86.352,19.939],[86.209,20.026],[86.207,20.179],[86.333,20.344],[86.419,20.595],[86.613,20.784],[86.608,20.935],[86.65,21.183],[86.729,21.34]]]},"properties":{"DOMSOI":"Lf"}},
{"type":"Feature","geometry":{"type":"Polygon","coordinates":[[[75.799,20.993],[75.317,21.097],[75.103,21.123],[74.836,21.199],[74.538,21.33],[74.513,21.267],[74.326,21.254],[74.264,21.203],[74.403,20.979],[74.226,20.994],[74.236,20.905],[74.601,20.845],[74.678,20.746],[74.419,20.778],[74.312,20.726],[74.352,20.615],[74.083,20.561],[74.147,20.464],[74.329,20.429],[74.684,20.235],[74.894,20.343],[75.114,20.359],[75.198,20.408],[75.306,20.558],[75.429,20.54],[75.659,20.612],[75.903,20.587],[75.979,20.686],[75.808,20.836],[75.799,20.993]]]},"properties":{"DOMSOI":"Vc"}},
{"type":"Feature","geometry":{"type":"Polygon","coordinates":[[[71.188,20.96],[71.288,21.074],[71.198,21.191],[70.928,21.142],[70.894,21.316],[70.729,21.276],[70.501,21.261],[70.431,21.212],[70.44,21.144],[70.577,21.094],[70.549,21.033],[70.693,20.954],[70.916,20.883],[71.188,20.96]]]},"properties":{"DOMSOI":"I"}},
{"type":"Feature","geometry":{"type":"Polygon","coordinates":[[[80.701,21.217],[80.595,21.258],[80.526,21.154],[80.373,21.16],[80.353,20.807],[80.515,20.534],[80.572,20.494],[80.747,20.587],[80.718,20.238],[80.646,20.115],[80.525,20.163],[80.445,20.131],[80.358,20.01],[80.244,19.925],[80.205,19.774],[80.152,19.73],[80.3,19.666],[80.433,19.455],[80.43,19.516],[80.598,19.619],[80.693,19.844],[80.844,20.12],[80.898,20.269],[80.942,20.539],[81.035,20.5],[80.938,20.089],[80.919,19.903],[81.023,19.784],[81.133,19.956],[81.222,19.977],[81.334,19.844],[81.246,19.675],[81.364,19.498],[81.417,19.322],[81.371,19.149],[81.286,19.083],[81.021,19.027],[80.847,18.855],[80.854,18.747],[81.081,18.532],[81.11,18.715],[81.04,18.911],[81.148,18.867],[81.266,18.9],[81.438,18.825],[81.486,18.984],[81.585,18.985],[81.68,18.91],[81.849,18.841],[82.021,18.817],[82.218,18.852],[82.336,18.958],[82.405,18.962],[82.48,18.837],[82.587,18.878],[82.471,19.057],[82.591,19.155],[82.674,19.092],[82.691,18.996],[82.784,19.239],[82.746,19.289],[82.611,19.245],[82.541,19.31],[82.399,19.231],[82.345,19.333],[82.441,19.662],[82.395,19.756],[82.229,19.776],[82.113,20.062],[82.195,20.109],[82.32,20.396],[82.333,20.654],[82.465,20.706],[82.546,20.626],[82.64,20.657],[82.873,20.913],[83.13,20.961],[83.194,20.86],[83.152,20.759],[83.266,20.707],[83.259,20.584],[83.392,20.472],[83.255,20.41],[83.28,20.334],[83.451,20.298],[83.698,20.412],[83.741,20.372],[83.829,20.518],[83.968,20.663],[84.152,20.694],[83.778,20.872],[83.406,20.968],[83.192,21.129],[83.008,21.104],[82.662,20.925],[82.553,20.933],[82.528,21.124],[82.408,21.273],[82.306,21.264],[82.199,21.06],[82.148,21.03],[81.961,21.061],[81.764,21.049],[81.482,20.938],[81.047,20.943],[80.876,20.992],[80.687,21.117],[80.701,21.217]],[[82.126,20.22],[82.106,20.423],[82.173,20.506],[82.247,20.447],[82.171,20.247],[82.126,20.22]],[[81.41,20.072],[81.353,20.09],[81.317,20.266],[81.312,20.576],[81.389,20.644],[81.688,20.552],[81.964,20.495],[81.999,20.39],[81.954,20.185],[81.911,20.13],[81.716,20.1],[81.574,20.249],[81.467,20.233],[81.41,20.072]]]},"properties":{"DOMSOI":"Lf"}},
{"type":"Feature","geometry":{"type":"Polygon","coordinates":[[[74.077,21.295],[73.83,21.158],[73.671,21.098],[73.775,21.026],[73.948,21.087],[74.089,21.184],[74.077,21.295]]]},"properties":{"DOMSOI":"Lc"}},
{"type":"Feature","geometry":{"type":"Polygon","coordinates":[[[80.373,21.16],[80.233,21.192],[80.087,20.823],[80.076,20.716],[80.195,20.608],[80.213,20.5],[80.099,20.368],[80.192,20.249],[80.194,20.15],[80.133,20.06],[80.059,19.815],[80.152,19.73],[80.205,19.774],[80.244,19.925],[80.358,20.01],[80.445,20.131],[80.525,20.163],[80.646,20.115],[80.718,20.238],[80.747,20.587],[80.572,20.494],[80.515,20.534],[80.353,20.807],[80.373,21.16]]]},"properties":{"DOMSOI":"I"}},
{"type":"Feature","geometry":{"type":"Polygon","coordinates":[[[73.948,21.087],[73.775,21.026],[73.671,21.098],[73.43,21.001],[73.479,20.861],[73.244,20.55],[73.159,20.589],[73.038,20.313],[73.077,20.133],[73.307,20.027],[73.48,19.997],[73.663,20.05],[73.83,20.051],[73.877,20.131],[73.743,20.256],[73.706,20.346],[73.741,20.52],[73.793,20.671],[73.922,20.851],[74.03,21.017],[73.948,21.087]]]},"properties":{"DOMSOI":"Ne"}},
{"type":"Feature","geometry":{"type":"Polygon","coordinates":[[[84.507,20.847],[84.591,20.965],[84.45,21.009],[84.255,21.027],[84.237,20.948],[84.394,20.926],[84.507,20.847]]]},"properties":{"DOMSOI":"Lf"}},
{"type":"Feature","geometry":{"type":"Polygon","coordinates":[[[73.43,21.001],[73.241,20.776],[73.159,20.589],[73.244,20.55],[73.479,20.861],[73.43,21.001]]]},"properties":{"DOMSOI":"Lc"}},
{"type":"Feature","geometry":{"type":"Polygon","coordinates":[[[75.884,20.989],[75.799,20.993],[75.808,20.836],[75.979,20.686],[75.903,20.587],[75.659,20.612],[75.429,20.54],[75.306,20.558],[75.198,20.408],[75.114,20.359],[74.894,20.343],[74.684,20.235],[74.329,20.429],[74.147,20.464],[74.179,20.361],[74.12,20.314],[74.284,20.266],[74.396,20.165],[74.593,20.082],[74.706,20.083],[74.912,20.169],[75.146,20.169],[75.206,20.094],[75.222,19.909],[75.585,19.863],[75.785,19.924],[75.945,19.912],[76.239,19.772],[76.292,19.86],[76.045,20.009],[75.89,20.063],[75.55,20.021],[75.394,20.021],[75.358,20.078],[75.473,20.245],[75.393,20.343],[75.502,20.446],[75.688,20.409],[75.884,20.465],[75.954,20.453],[76.073,20.346],[76.251,20.339],[76.211,20.542],[76.264,20.578],[76.425,20.519],[76.627,20.364],[76.739,20.313],[77.135,20.274],[77.288,20.319],[77.147,20.414],[76.855,20.427],[76.664,20.508],[76.532,20.636],[76.406,20.675],[76.145,20.68],[75.998,20.81],[75.961,20.946],[75.884,20.989]]]},"properties":{"DOMSOI":"Bv"}},
{"type":"Feature","geometry":{"type":"Polygon","coordinates":[[[82.958,19.615],[83.112,19.809],[83.314,19.967],[83.523,20.096],[83.642,20.283],[83.741,20.372],[83.698,20.412],[83.451,20.298],[83.28,20.334],[83.255,20.41],[83.392,20.472],[83.259,20.584],[83.266,20.707],[83.152,20.759],[83.194,20.86],[83.13,20.961],[82.873,20.913],[82.64,20.657],[82.546,20.626],[82.465,20.706],[82.333,20.654],[82.32,20.396],[82.195,20.109],[82.113,20.062],[82.229,19.776],[82.395,19.756],[82.441,19.662],[82.345,19.333],[82.399,19.231],[82.541,19.31],[82.611,19.245],[82.746,19.289],[82.784,19.239],[82.898,19.482],[82.73,19.488],[82.637,19.785],[82.484,19.831],[82.505,19.951],[82.685,20.016],[82.756,19.906],[82.908,19.935],[82.978,19.844],[82.958,19.615]],[[82.611,20.118],[82.581,20.146],[82.617,20.485],[82.682,20.527],[82.745,20.374],[82.837,20.417],[82.887,20.584],[83.028,20.571],[83.037,20.494],[82.954,20.369],[82.927,20.254],[82.793,20.301],[82.655,20.127],[82.611,20.118]]]},"properties":{"DOMSOI":"Lc"}},
{"type":"Feature","geometry":{"type":"Polygon","coordinates":[[[79.609,20.05],[79.515,20.289],[79.616,20.503],[79.624,20.694],[79.567,20.836],[79.442,20.872],[79.319,20.833],[79.099,20.863],[79.063,20.773],[79.112,20.595],[79.26,20.374],[79.251,20.208],[79.3,20.111],[79.609,20.05]]]},"properties":{"DOMSOI":"I"}},
{"type":"Feature","geometry":{"type":"Polygon","coordinates":[[[73.922,20.851],[73.793,20.671],[73.741,20.52],[73.769,20.433],[74.015,20.349],[74.04,20.462],[73.928,20.484],[73.893,20.555],[74.021,20.671],[74.091,20.799],[74.035,20.867],[73.922,20.851]]]},"properties":{"DOMSOI":"Be"}},
{"type":"Feature","geometry":{"type":"Polygon","coordinates":[[[81.41,20.072],[81.467,20.233],[81.574,20.249],[81.716,20.1],[81.911,20.13],[81.954,20.185],[81.999,20.39],[81.964,20.495],[81.688,20.552],[81.389,20.644],[81.312,20.576],[81.317,20.266],[81.353,20.09],[81.41,20.072]]]},"properties":{"DOMSOI":"Lf"}},
{"type":"Feature","geometry":{"type":"Polygon","coordinates":[[[82.611,20.118],[82.655,20.127],[82.793,20.301],[82.927,20.254],[82.954,20.369],[83.037,20.494],[83.028,20.571],[82.887,20.584],[82.837,20.417],[82.745,20.374],[82.682,20.527],[82.617,20.485],[82.581,20.146],[82.611,20.118]]]},"properties":{"DOMSOI":"Lf"}},
{"type":"Feature","geometry":{"type":"Polygon","coordinates":[[[80.468,19.393],[80.633,19.272],[80.793,19.225],[80.963,19.042],[81.021,19.027],[81.286,19.083],[81.371,19.149],[81.417,19.322],[81.364,19.498],[81.246,19.675],[81.334,19.844],[81.222,19.977],[81.133,19.956],[81.023,19.784],[80.919,19.903],[80.938,20.089],[81.035,20.5],[80.942,20.539],[80.898,20.269],[80.844,20.12],[80.693,19.844],[80.598,19.619],[80.43,19.516],[80.433,19.455],[80.468,19.393]]]},"properties":{"DOMSOI":"I"}},
{"type":"Feature","geometry":{"type":"Polygon","coordinates":[[[82.126,20.22],[82.171,20.247],[82.247,20.447],[82.173,20.506],[82.106,20.423],[82.126,20.22]]]},"properties":{"DOMSOI":"Lc"}},
{"type":"Feature","geometry":{"type":"Polygon","coordinates":[[[78.217,20.075],[78.266,20.099],[78.33,20.342],[78.299,20.414],[78.193,20.456],[78.058,20.448],[78.028,20.352],[78.217,20.075]]]},"properties":{"DOMSOI":"Lc"}},
{"type":"Feature","geometry":{"type":"Polygon","coordinates":[[[79.609,20.05],[79.3,20.111],[79.168,20.181],[79.053,20.339],[78.937,20.373],[78.848,20.313],[78.767,20.047],[78.804,19.902],[78.835,19.829],[78.816,19.699],[79.021,19.718],[79.273,19.64],[79.488,19.525],[79.547,19.404],[79.408,19.354],[79.36,19.287],[79.511,19.005],[79.482,18.857],[79.409,18.821],[79.291,18.872],[79.18,19.014],[79.049,19.092],[78.862,19.08],[78.725,19.11],[78.475,19.078],[78.216,19.215],[77.945,19.228],[77.868,19.156],[77.92,19.074],[77.862,18.967],[77.979,18.872],[77.983,18.729],[77.996,18.604],[78.08,18.615],[78.244,18.418],[78.455,18.356],[78.595,18.366],[78.901,18.549],[79.165,18.568],[79.568,18.468],[79.972,18.413],[80.254,18.254],[80.372,18.233],[80.561,18.037],[80.688,17.974],[80.783,17.867],[80.794,17.724],[80.768,17.548],[80.71,17.4],[80.618,17.307],[80.373,17.204],[80.294,17.045],[80.266,16.888],[80.188,16.665],[80.28,16.702],[80.434,16.665],[80.436,16.728],[80.464,16.958],[80.505,17.022],[80.666,17.133],[81.153,17.285],[80.906,17.293],[80.857,17.382],[81.019,17.525],[81.139,17.528],[81.165,17.389],[81.233,17.356],[81.267,17.396],[81.357,17.599],[81.471,17.703],[81.478,17.782],[81.296,17.678],[80.983,17.998],[80.92,18.14],[80.778,18.12],[80.518,18.428],[80.382,18.66],[80.391,18.764],[80.381,18.915],[80.276,18.912],[80.2,18.772],[79.975,18.922],[79.793,19.301],[79.824,19.439],[79.909,19.443],[79.992,19.309],[80.11,19.432],[80.156,19.303],[80.08,19.108],[80.194,19.088],[80.245,19.231],[80.24,19.354],[80.319,19.367],[80.435,19.161],[80.472,19.045],[80.633,19.009],[80.673,19.115],[80.516,19.237],[80.468,19.393],[80.433,19.455],[80.3,19.666],[80.152,19.73],[80.059,19.815],[79.929,20.039],[79.822,20.075],[79.609,20.05]],[[79.724,18.63],[79.64,18.723],[79.593,18.858],[79.655,18.891],[79.747,18.758],[79.724,18.63]]]},"properties":{"DOMSOI":"Vp"}},
{"type":"Feature","geometry":{"type":"Polygon","coordinates":[[[72.778,20.328],[72.753,20.347],[72.685,20.225],[72.657,20.071],[72.671,19.66],[72.732,19.54],[72.782,19.327],[72.888,19.293],[72.856,19.577],[72.811,19.764],[72.989,19.984],[72.947,20.032],[72.775,20.027],[72.795,20.184],[72.778,20.328]]]},"properties":{"DOMSOI":"Je"}},
{"type":"Feature","geometry":{"type":"Polygon","coordinates":[[[73.077,20.133],[72.998,20.077],[72.868,20.284],[72.778,20.328],[72.795,20.184],[72.775,20.027],[72.947,20.032],[72.989,19.984],[72.811,19.764],[72.856,19.577],[72.888,19.293],[72.971,19.279],[72.955,19.442],[73.221,19.398],[73.395,19.477],[73.534,19.344],[73.52,19.189],[73.416,19.002],[73.318,19.048],[73.265,19.183],[73.14,19.151],[73.271,18.932],[73.206,18.892],[73.06,18.954],[73.086,18.734],[73.034,18.666],[73.292,18.328],[73.311,18.2],[73.255,18.123],[73.615,18.011],[73.64,18.054],[73.429,18.437],[73.382,18.71],[73.427,18.858],[73.566,19.104],[73.719,19.37],[73.659,19.563],[73.702,19.656],[73.835,19.754],[73.869,19.841],[73.845,19.917],[73.745,19.96],[73.552,19.936],[73.48,19.997],[73.307,20.027],[73.077,20.133]],[[73.249,19.544],[73.169,19.56],[72.982,19.686],[72.967,19.766],[73.076,19.865],[73.204,19.755],[73.292,19.603],[73.249,19.544]]]},"properties":{"DOMSOI":"Ne"}},
{"type":"Feature","geometry":{"type":"Polygon","coordinates":[[[77.716,19.81],[77.699,19.93],[77.804,19.943],[77.819,20.037],[77.492,20.266],[77.471,20.159],[77.393,20.062],[77.468,19.915],[77.382,19.833],[77.509,19.725],[77.59,19.832],[77.716,19.81]]]},"properties":{"DOMSOI":"Lc"}},
{"type":"Feature","geometry":{"type":"Polygon","coordinates":[[[74.516,19.476],[74.863,19.504],[75.137,19.495],[75.54,19.324],[76.079,19.193],[76.365,19.033],[76.593,18.93],[76.918,18.907],[77.234,18.967],[77.4,19.064],[77.455,19.086],[77.539,19.021],[77.619,19.001],[77.656,18.939],[77.567,18.926],[77.542,18.971],[77.432,19.029],[77.532,18.885],[77.983,18.729],[77.979,18.872],[77.862,18.967],[77.666,19.079],[77.551,19.146],[77.333,19.222],[77.067,19.227],[76.732,19.195],[76.479,19.245],[76.015,19.44],[75.414,19.564],[75.198,19.639],[74.762,19.836],[74.322,20.063],[74.142,20.04],[74.162,19.934],[74.399,19.745],[74.546,19.676],[74.516,19.597],[74.34,19.602],[74.204,19.607],[74.135,19.535],[74.263,19.475],[74.516,19.476]]]},"properties":{"DOMSOI":"Vc"}},
{"type":"Feature","geometry":{"type":"Polygon","coordinates":[[[84.031,19.753],[84.093,19.786],[84.187,19.936],[84.279,20.004],[84.19,20.077],[84.02,20.012],[83.94,19.845],[84.031,19.753]]]},"properties":{"DOMSOI":"Ao"}},
{"type":"Feature","geometry":{"type":"Polygon","coordinates":[[[82.898,19.482],[82.958,19.615],[82.978,19.844],[82.908,19.935],[82.756,19.906],[82.685,20.016],[82.505,19.951],[82.484,19.831],[82.637,19.785],[82.73,19.488],[82.898,19.482]]]},"properties":{"DOMSOI":"Lf"}},
{"type":"Feature","geometry":{"type":"Polygon","coordinates":[[[85.613,19.795],[85.644,19.868],[85.595,19.968],[85.429,19.942],[85.372,19.785],[85.475,19.871],[85.587,19.782],[85.613,19.795]]]},"properties":{"DOMSOI":"Zo"}},
{"type":"Feature","geometry":{"type":"Polygon","coordinates":[[[85.429,19.942],[85.334,19.962],[85.049,19.677],[84.804,19.64],[84.722,19.673],[84.618,19.901],[84.527,19.895],[84.546,19.769],[84.655,19.541],[84.601,19.384],[84.711,19.303],[84.696,19.197],[84.741,19.091],[84.759,19.079],[84.838,19.137],[84.801,19.236],[84.847,19.299],[85.157,19.542],[85.244,19.681],[85.372,19.785],[85.429,19.942]]]},"properties":{"DOMSOI":"Lf"}},
{"type":"Feature","geometry":{"type":"Polygon","coordinates":[[[86.253,19.885],[86.167,19.951],[86.013,19.948],[85.843,19.9],[85.613,19.795],[85.587,19.782],[85.684,19.697],[85.965,19.801],[86.253,19.885]]]},"properties":{"DOMSOI":"Rd"}},
{"type":"Feature","geometry":{"type":"Polygon","coordinates":[[[78.835,19.829],[78.804,19.902],[78.718,19.942],[78.59,19.893],[78.634,19.822],[78.797,19.786],[78.835,19.829]]]},"properties":{"DOMSOI":"Lc"}},
{"type":"Feature","geometry":{"type":"Polygon","coordinates":[[[73.869,19.841],[73.835,19.754],[73.988,19.733],[73.94,19.624],[73.773,19.583],[73.817,19.426],[73.968,19.4],[73.952,19.328],[73.827,19.26],[73.718,19.104],[73.566,19.104],[73.427,18.858],[73.382,18.71],[73.429,18.437],[73.64,18.054],[73.804,18.111],[73.914,18.077],[73.942,18.127],[73.927,18.215],[74.089,18.207],[74.139,18.295],[74.073,18.424],[74.273,18.417],[74.339,18.495],[74.173,18.534],[73.83,18.531],[73.76,18.626],[73.841,18.813],[74.085,18.743],[74.138,18.876],[73.951,19.03],[73.911,19.159],[73.938,19.243],[74.127,19.228],[74.304,19.081],[74.442,18.876],[74.559,18.748],[74.633,18.799],[74.596,18.954],[74.615,19.077],[74.382,19.212],[74.368,19.316],[74.531,19.359],[74.516,19.476],[74.263,19.475],[74.135,19.535],[74.204,19.607],[74.34,19.602],[74.328,19.694],[74.142,19.743],[74.037,19.917],[73.869,19.841]]]},"properties":{"DOMSOI":"Hh"}},
{"type":"Feature","geometry":{"type":"Polygon","coordinates":[[[85.587,19.782],[85.475,19.871],[85.372,19.785],[85.244,19.681],[85.157,19.542],[85.392,19.575],[85.562,19.651],[85.684,19.697],[85.587,19.782]]]},"properties":{"DOMSOI":"WR"}},
{"type":"Feature","geometry":{"type":"Polygon","coordinates":[[[73.249,19.544],[73.292,19.603],[73.204,19.755],[73.076,19.865],[72.967,19.766],[72.982,19.686],[73.169,19.56],[73.249,19.544]]]},"properties":{"DOMSOI":"Bc"}},
{"type":"Feature","geometry":{"type":"Polygon","coordinates":[[[78.816,19.699],[78.557,19.571],[78.495,19.603],[78.488,19.745],[78.429,19.79],[78.078,19.848],[77.943,19.745],[78.121,19.612],[78.098,19.535],[78.257,19.608],[78.281,19.517],[78.2,19.456],[77.812,19.308],[77.665,19.355],[77.718,19.445],[77.648,19.499],[77.496,19.444],[77.434,19.564],[77.208,19.689],[77.09,19.514],[77.164,19.423],[77.401,19.376],[77.538,19.279],[77.666,19.079],[77.862,18.967],[77.92,19.074],[77.868,19.156],[77.945,19.228],[78.216,19.215],[78.475,19.078],[78.725,19.11],[78.862,19.08],[79.049,19.092],[79.18,19.014],[79.291,18.872],[79.409,18.821],[79.482,18.857],[79.511,19.005],[79.36,19.287],[79.408,19.354],[79.547,19.404],[79.488,19.525],[79.273,19.64],[79.021,19.718],[78.816,19.699]]]},"properties":{"DOMSOI":"Lc"}},
{"type":"Feature","geometry":{"type":"Polygon","coordinates":[[[77.943,19.745],[77.716,19.81],[77.59,19.832],[77.509,19.725],[77.692,19.659],[78.002,19.507],[78.098,19.535],[78.121,19.612],[77.943,19.745]]]},"properties":{"DOMSOI":"Lc"}},
{"type":"Feature","geometry":{"type":"Polygon","coordinates":[[[76.85,19.554],[77.042,19.621],[76.969,19.753],[76.816,19.792],[76.649,19.738],[76.663,19.608],[76.85,19.554]]]},"properties":{"DOMSOI":"Lc"}},
{"type":"Feature","geometry":{"type":"Polygon","coordinates":[[[73.835,19.754],[73.702,19.656],[73.659,19.563],[73.719,19.37],[73.566,19.104],[73.718,19.104],[73.827,19.26],[73.952,19.328],[73.968,19.4],[73.817,19.426],[73.773,19.583],[73.94,19.624],[73.988,19.733],[73.835,19.754]]]},"properties":{"DOMSOI":"Be"}},
{"type":"Feature","geometry":{"type":"Polygon","coordinates":[[[85.562,19.651],[85.392,19.575],[85.157,19.542],[84.847,19.299],[84.801,19.236],[84.838,19.137],[84.967,19.273],[85.084,19.325],[85.187,19.435],[85.562,19.651]]]},"properties":{"DOMSOI":"Rd"}},
{"type":"Feature","geometry":{"type":"Polygon","coordinates":[[[76.593,18.93],[76.365,19.033],[76.079,19.193],[75.54,19.324],[75.137,19.495],[74.863,19.504],[74.516,19.476],[74.531,19.359],[74.368,19.316],[74.382,19.212],[74.615,19.077],[74.596,18.954],[74.633,18.799],[74.559,18.748],[74.613,18.65],[74.565,18.568],[74.99,18.35],[75.065,18.29],[75.268,17.917],[75.52,17.697],[75.752,17.5],[76.061,17.355],[76.34,17.196],[76.659,17.11],[76.74,17.161],[76.858,17.095],[77.135,16.773],[77.105,16.872],[77.205,16.969],[77.34,16.94],[77.465,16.977],[77.5,17.105],[77.612,17.178],[77.661,17.078],[77.581,16.978],[77.56,16.863],[77.693,16.824],[77.773,16.89],[77.937,17.144],[77.963,17.219],[78.056,17.611],[78.05,18.065],[77.916,18.086],[77.926,18.189],[78.046,18.09],[77.973,18.4],[77.996,18.604],[77.983,18.729],[77.532,18.885],[77.502,18.835],[77.279,18.87],[77.27,18.815],[77.515,18.666],[77.541,18.496],[77.675,18.421],[77.705,18.348],[77.854,18.311],[77.894,18.206],[77.764,18.163],[77.572,18.313],[77.588,18.162],[77.446,18.17],[77.053,18.426],[76.856,18.529],[76.658,18.669],[76.412,18.781],[76.209,18.799],[75.951,18.769],[75.697,18.809],[75.45,18.89],[75.362,18.838],[75.576,18.628],[75.811,18.534],[75.912,18.348],[76.048,18.239],[76.124,18.117],[76.091,18.028],[75.944,18.145],[75.784,18.31],[75.551,18.503],[75.349,18.633],[75.273,18.75],[75.052,18.944],[74.831,19.105],[74.765,19.241],[74.802,19.287],[74.948,19.242],[75.033,19.176],[75.345,19.133],[75.477,19.248],[75.547,19.034],[75.685,18.999],[76.165,18.963],[76.389,18.897],[76.567,18.87],[76.593,18.93]],[[77.906,17.604],[77.647,17.679],[77.529,17.738],[77.417,17.912],[77.457,17.987],[77.585,17.994],[77.772,17.919],[77.876,17.846],[77.989,17.696],[77.906,17.604]],[[77.902,17.296],[77.762,17.39],[77.575,17.337],[77.437,17.428],[77.262,17.351],[77.142,17.387],[76.97,17.582],[76.925,17.693],[76.771,17.67],[76.743,17.785],[76.791,17.858],[76.958,17.834],[77.158,17.691],[77.294,17.622],[77.701,17.563],[77.714,17.484],[77.848,17.485],[77.934,17.378],[77.902,17.296]],[[76.51,17.227],[76.417,17.276],[76.336,17.461],[76.39,17.516],[76.663,17.53],[76.715,17.351],[76.51,17.227]],[[76.968,17.17],[76.887,17.312],[76.961,17.355],[77.046,17.276],[76.968,17.17]]]},"properties":{"DOMSOI":"Vc"}},
{"type":"Feature","geometry":{"type":"Polygon","coordinates":[[[72.967,19.261],[72.947,19.211],[73.058,19.156],[73.06,18.954],[73.206,18.892],[73.271,18.932],[73.14,19.151],[73.265,19.183],[73.318,19.048],[73.416,19.002],[73.52,19.189],[73.534,19.344],[73.395,19.477],[73.221,19.398],[72.955,19.442],[72.971,19.279],[72.967,19.261]]]},"properties":{"DOMSOI":"Bc"}},
{"type":"Feature","geometry":{"type":"Polygon","coordinates":[[[84.135,18.74],[84.233,18.787],[84.356,18.907],[84.406,19.038],[84.431,19.263],[84.376,19.421],[84.141,19.471],[84.033,19.408],[83.922,19.17],[83.935,19.022],[83.991,18.883],[84.135,18.74]]]},"properties":{"DOMSOI":"Ne"}},
{"type":"Feature","geometry":{"type":"Polygon","coordinates":[[[81.021,19.027],[80.963,19.042],[80.793,19.225],[80.633,19.272],[80.468,19.393],[80.516,19.237],[80.673,19.115],[80.633,19.009],[80.472,19.045],[80.435,19.161],[80.319,19.367],[80.24,19.354],[80.245,19.231],[80.194,19.088],[80.08,19.108],[80.156,19.303],[80.11,19.432],[79.992,19.309],[79.909,19.443],[79.824,19.439],[79.793,19.301],[79.975,18.922],[80.2,18.772],[80.276,18.912],[80.381,18.915],[80.391,18.764],[80.549,18.775],[80.688,18.663],[80.836,18.433],[80.92,18.14],[80.983,17.998],[81.296,17.678],[81.478,17.782],[81.333,17.957],[81.427,18.106],[81.302,18.151],[81.338,18.227],[81.514,18.234],[81.519,18.41],[81.649,18.489],[81.783,18.619],[81.896,18.544],[81.821,18.381],[81.574,18.127],[81.728,18.145],[81.836,18.299],[81.95,18.239],[81.743,18.01],[82.015,18.148],[82.263,18.368],[82.428,18.544],[82.577,18.746],[82.691,18.996],[82.674,19.092],[82.591,19.155],[82.471,19.057],[82.587,18.878],[82.48,18.837],[82.405,18.962],[82.336,18.958],[82.218,18.852],[82.021,18.817],[81.849,18.841],[81.68,18.91],[81.585,18.985],[81.486,18.984],[81.438,18.825],[81.266,18.9],[81.148,18.867],[81.04,18.911],[81.11,18.715],[81.081,18.532],[80.854,18.747],[80.847,18.855],[81.021,19.027]],[[82.155,18.386],[82.103,18.463],[82.124,18.572],[82.258,18.602],[82.247,18.461],[82.155,18.386]]]},"properties":{"DOMSOI":"Lc"}},
{"type":"Feature","geometry":{"type":"Polygon","coordinates":[[[72.885,19.274],[72.768,19.294],[72.805,19.104],[72.801,18.914],[72.909,18.973],[72.897,18.772],[73.034,18.666],[73.086,18.734],[73.06,18.954],[73.058,19.156],[72.947,19.211],[72.885,19.274]]]},"properties":{"DOMSOI":"Je"}},
{"type":"Feature","geometry":{"type":"Polygon","coordinates":[[[77.4,19.064],[77.234,18.967],[76.918,18.907],[76.593,18.93],[76.567,18.87],[76.389,18.897],[76.165,18.963],[75.685,18.999],[75.547,19.034],[75.477,19.248],[75.345,19.133],[75.033,19.176],[74.948,19.242],[74.802,19.287],[74.765,19.241],[74.831,19.105],[75.052,18.944],[75.273,18.75],[75.349,18.633],[75.551,18.503],[75.784,18.31],[75.944,18.145],[76.091,18.028],[76.124,18.117],[76.048,18.239],[75.912,18.348],[75.811,18.534],[75.576,18.628],[75.362,18.838],[75.45,18.89],[75.697,18.809],[75.951,18.769],[76.209,18.799],[76.412,18.781],[76.658,18.669],[76.856,18.529],[77.053,18.426],[77.446,18.17],[77.588,18.162],[77.572,18.313],[77.764,18.163],[77.894,18.206],[77.854,18.311],[77.705,18.348],[77.675,18.421],[77.541,18.496],[77.515,18.666],[77.27,18.815],[77.279,18.87],[77.502,18.835],[77.532,18.885],[77.432,19.029],[77.4,19.064]],[[77.132,18.511],[77.087,18.517],[76.788,18.699],[76.791,18.76],[77.223,18.726],[77.309,18.695],[77.35,18.604],[77.132,18.511]]]},"properties":{"DOMSOI":"Bv"}},
{"type":"Feature","geometry":{"type":"Polygon","coordinates":[[[72.885,19.274],[72.947,19.211],[72.967,19.261],[72.885,19.274]]]},"properties":{"DOMSOI":"Ne"}},
{"type":"Feature","geometry":{"type":"Polygon","coordinates":[[[74.559,18.748],[74.442,18.876],[74.304,19.081],[74.127,19.228],[73.938,19.243],[73.911,19.159],[73.951,19.03],[74.138,18.876],[74.085,18.743],[74.169,18.644],[74.339,18.639],[74.565,18.568],[74.613,18.65],[74.559,18.748]]]},"properties":{"DOMSOI":"Lc"}},
{"type":"Feature","geometry":{"type":"Polygon","coordinates":[[[84.741,19.091],[84.696,19.197],[84.53,19.232],[84.505,19.008],[84.43,18.879],[84.196,18.679],[84.152,18.566],[84.311,18.702],[84.561,19],[84.741,19.091]]]},"properties":{"DOMSOI":"Ne"}},
{"type":"Feature","geometry":{"type":"Polygon","coordinates":[[[77.4,19.064],[77.432,19.029],[77.542,18.971],[77.567,18.926],[77.656,18.939],[77.619,19.001],[77.539,19.021],[77.455,19.086],[77.4,19.064]]]},"properties":{"DOMSOI":"WR"}},
{"type":"Feature","geometry":{"type":"Polygon","coordinates":[[[84.759,19.079],[84.741,19.091],[84.561,19],[84.311,18.702],[84.152,18.566],[84.111,18.518],[83.935,18.357],[83.804,18.266],[83.598,18.104],[83.373,17.904],[83.438,17.823],[83.595,18],[83.94,18.214],[84.109,18.287],[84.228,18.429],[84.272,18.592],[84.406,18.612],[84.577,18.778],[84.605,18.86],[84.767,19.031],[84.759,19.079]]]},"properties":{"DOMSOI":"Rd"}},
{"type":"Feature","geometry":{"type":"Polygon","coordinates":[[[83.658,18.626],[83.479,19.012],[83.391,18.998],[83.361,18.734],[83.248,18.474],[83.247,18.322],[83.306,18.165],[83.421,18.144],[83.534,18.238],[83.591,18.181],[83.598,18.104],[83.804,18.266],[83.673,18.509],[83.658,18.626]]]},"properties":{"DOMSOI":"Ne"}},
{"type":"Feature","geometry":{"type":"Polygon","coordinates":[[[74.169,18.644],[74.085,18.743],[73.841,18.813],[73.76,18.626],[73.83,18.531],[74.173,18.534],[74.169,18.644]]]},"properties":{"DOMSOI":"Vc"}},
{"type":"Feature","geometry":{"type":"Polygon","coordinates":[[[79.724,18.63],[79.747,18.758],[79.655,18.891],[79.593,18.858],[79.64,18.723],[79.724,18.63]]]},"properties":{"DOMSOI":"Lc"}},
{"type":"Feature","geometry":{"type":"Polygon","coordinates":[[[80.92,18.14],[80.836,18.433],[80.688,18.663],[80.549,18.775],[80.391,18.764],[80.382,18.66],[80.518,18.428],[80.778,18.12],[80.92,18.14]]]},"properties":{"DOMSOI":"I"}},
{"type":"Feature","geometry":{"type":"Polygon","coordinates":[[[73.034,18.666],[72.897,18.772],[72.867,18.639],[73.006,18.583],[73,18.468],[72.99,18.463],[72.905,18.466],[72.983,18.233],[72.977,18.117],[73.047,18.049],[73.255,18.123],[73.311,18.2],[73.292,18.328],[73.034,18.666]]]},"properties":{"DOMSOI":"Ne"}},
{"type":"Feature","geometry":{"type":"Polygon","coordinates":[[[77.132,18.511],[77.35,18.604],[77.309,18.695],[77.223,18.726],[76.791,18.76],[76.788,18.699],[77.087,18.517],[77.132,18.511]]]},"properties":{"DOMSOI":"Vc"}},
{"type":"Feature","geometry":{"type":"Polygon","coordinates":[[[84.111,18.518],[83.986,18.688],[83.849,18.551],[83.935,18.357],[84.111,18.518]]]},"properties":{"DOMSOI":"Ne"}},
{"type":"Feature","geometry":{"type":"Polygon","coordinates":[[[83.849,18.551],[83.758,18.662],[83.658,18.626],[83.673,18.509],[83.804,18.266],[83.935,18.357],[83.849,18.551]]]},"properties":{"DOMSOI":"Je"}},
{"type":"Feature","geometry":{"type":"Polygon","coordinates":[[[73,18.468],[73.006,18.583],[72.867,18.639],[72.924,18.55],[72.978,18.527],[73,18.468]]]},"properties":{"DOMSOI":"Je"}},
{"type":"Feature","geometry":{"type":"Polygon","coordinates":[[[74.565,18.568],[74.339,18.639],[74.169,18.644],[74.173,18.534],[74.339,18.495],[74.479,18.458],[74.945,18.288],[75.037,18.23],[74.997,18.098],[74.961,17.983],[74.87,17.991],[74.455,18.126],[74.418,18.202],[74.272,18.191],[74.239,18.1],[74.338,18.05],[74.508,18.026],[74.67,17.97],[74.896,17.828],[75.069,17.679],[75.312,17.603],[75.496,17.602],[75.52,17.697],[75.268,17.917],[75.065,18.29],[74.99,18.35],[74.565,18.568]]]},"properties":{"DOMSOI":"Vc"}},
{"type":"Feature","geometry":{"type":"Polygon","coordinates":[[[82.155,18.386],[82.247,18.461],[82.258,18.602],[82.124,18.572],[82.103,18.463],[82.155,18.386]]]},"properties":{"DOMSOI":"Lf"}},
{"type":"Feature","geometry":{"type":"Polygon","coordinates":[[[84.406,18.612],[84.272,18.592],[84.228,18.429],[84.406,18.612]]]},"properties":{"DOMSOI":"Rd"}},
{"type":"Feature","geometry":{"type":"Polygon","coordinates":[[[77.996,18.604],[77.973,18.4],[78.046,18.09],[78.05,18.065],[78.056,17.611],[77.963,17.219],[78.004,17.211],[78.01,16.921],[78.032,16.757],[78.117,16.532],[78.229,16.343],[78.252,16.189],[78.531,16.169],[78.748,16.428],[78.957,16.571],[79.162,16.634],[79.323,16.721],[79.464,16.801],[79.739,16.867],[79.936,16.886],[80.064,16.856],[80.122,16.742],[80.116,16.608],[80.055,16.446],[79.991,16.388],[79.893,16.328],[79.708,16.101],[79.612,16.153],[79.745,16.287],[79.664,16.318],[79.541,16.194],[79.399,16.191],[79.138,15.983],[79.103,15.887],[79.156,15.799],[78.924,15.568],[78.851,15.256],[78.887,14.963],[78.86,14.851],[78.759,14.871],[78.696,15.01],[78.681,15.196],[78.503,15.082],[78.506,15.026],[78.657,14.869],[78.741,14.651],[78.862,14.566],[78.835,14.641],[78.933,14.795],[78.983,14.781],[79.032,14.572],[79.098,14.552],[79.125,14.771],[79.075,15.202],[79.084,15.413],[79.265,15.573],[79.329,15.555],[79.259,15.272],[79.361,15.186],[79.459,15.199],[79.575,14.699],[79.678,14.704],[79.665,14.919],[79.703,15.002],[79.813,14.948],[79.852,14.693],[80.048,14.718],[79.992,15.022],[79.897,15.09],[79.868,15.236],[80.027,15.706],[80.136,15.956],[80.137,16.025],[80.035,16.079],[79.974,16.016],[79.913,15.818],[79.817,15.629],[79.833,15.469],[79.815,15.222],[79.745,15.096],[79.685,15.133],[79.596,15.465],[79.593,15.58],[79.659,15.973],[79.873,16.097],[80.243,16.196],[80.378,16.311],[80.375,16.391],[80.202,16.593],[80.188,16.665],[80.266,16.888],[80.294,17.045],[80.373,17.204],[80.618,17.307],[80.71,17.4],[80.768,17.548],[80.794,17.724],[80.783,17.867],[80.688,17.974],[80.561,18.037],[80.372,18.233],[80.254,18.254],[79.972,18.413],[79.568,18.468],[79.165,18.568],[78.901,18.549],[78.595,18.366],[78.455,18.356],[78.244,18.418],[78.08,18.615],[77.996,18.604]],[[79.098,18.036],[78.951,18.106],[78.866,18.253],[78.959,18.308],[79.142,18.119],[79.098,18.036]]]},"properties":{"DOMSOI":"Lc"}},
{"type":"Feature","geometry":{"type":"Polygon","coordinates":[[[81.478,17.782],[81.623,17.856],[81.743,18.01],[81.95,18.239],[81.836,18.299],[81.728,18.145],[81.574,18.127],[81.821,18.381],[81.896,18.544],[81.783,18.619],[81.649,18.489],[81.519,18.41],[81.514,18.234],[81.338,18.227],[81.302,18.151],[81.427,18.106],[81.333,17.957],[81.478,17.782]]]},"properties":{"DOMSOI":"Lf"}},
{"type":"Feature","geometry":{"type":"Polygon","coordinates":[[[72.905,18.466],[72.99,18.463],[72.96,18.523],[72.905,18.466]]]},"properties":{"DOMSOI":"Je"}},
{"type":"Feature","geometry":{"type":"Polygon","coordinates":[[[74.339,18.495],[74.273,18.417],[74.073,18.424],[74.139,18.295],[74.089,18.207],[73.927,18.215],[73.942,18.127],[74.143,18.055],[74.372,17.919],[74.565,17.917],[74.668,17.881],[74.936,17.707],[74.937,17.583],[74.54,17.815],[74.447,17.717],[74.33,17.818],[74.247,17.819],[74.327,17.635],[74.325,17.377],[74.204,17.45],[74.21,17.711],[74.179,17.779],[74.101,17.772],[74.136,17.641],[74.111,17.405],[74.161,17.102],[74.356,16.968],[74.303,16.862],[74.462,16.794],[74.466,16.748],[74.568,16.768],[74.586,16.877],[74.44,17.144],[74.396,17.462],[74.352,17.658],[74.433,17.686],[74.479,17.59],[74.532,17.295],[74.662,17.002],[74.719,16.982],[74.732,17.061],[74.637,17.224],[74.632,17.539],[74.697,17.563],[74.851,17.35],[75.043,17.199],[75.096,17.046],[74.934,17.11],[74.819,17.064],[74.815,16.881],[74.732,16.84],[74.767,16.78],[74.694,16.681],[74.554,16.635],[74.24,16.652],[74.264,16.575],[74.148,16.469],[74.274,16.426],[74.52,16.502],[74.589,16.422],[74.505,16.36],[74.285,16.272],[74.184,16.175],[74.237,16.102],[74.353,16.158],[74.433,16.13],[74.263,16.005],[74.217,15.836],[74.282,15.864],[74.432,16.019],[74.683,15.984],[74.9,16.183],[74.888,16.244],[74.961,16.397],[74.861,16.556],[74.866,16.621],[74.996,16.66],[75.118,16.608],[75.258,16.611],[75.396,16.568],[75.826,16.367],[76.152,16.234],[76.304,16.253],[76.311,16.388],[76.235,16.528],[76.102,16.62],[75.882,16.705],[75.891,16.782],[76.051,16.78],[76.186,16.719],[76.287,16.63],[76.456,16.353],[76.654,16.433],[76.713,16.508],[76.779,16.649],[76.835,16.665],[76.78,16.74],[76.834,16.868],[76.705,16.944],[76.628,16.871],[76.59,16.757],[76.511,16.696],[76.434,16.795],[76.341,16.99],[76.223,16.971],[76.104,17.047],[76.031,17.161],[75.803,17.283],[75.507,17.502],[75.312,17.603],[75.069,17.679],[74.896,17.828],[74.67,17.97],[74.508,18.026],[74.338,18.05],[74.239,18.1],[74.272,18.191],[74.418,18.202],[74.57,18.207],[74.997,18.098],[75.037,18.23],[74.945,18.288],[74.479,18.458],[74.339,18.495]]]},"properties":{"DOMSOI":"Vc"}},
{"type":"Feature","geometry":{"type":"Polygon","coordinates":[[[79.098,18.036],[79.142,18.119],[78.959,18.308],[78.866,18.253],[78.951,18.106],[79.098,18.036]]]},"properties":{"DOMSOI":"I"}},
{"type":"Feature","geometry":{"type":"Polygon","coordinates":[[[83.591,18.181],[83.534,18.238],[83.421,18.144],[83.591,18.181]]]},"properties":{"DOMSOI":"I"}},
{"type":"Feature","geometry":{"type":"Polygon","coordinates":[[[78.05,18.065],[78.046,18.09],[77.926,18.189],[77.916,18.086],[78.05,18.065]]]},"properties":{"DOMSOI":"WR"}},
{"type":"Feature","geometry":{"type":"Polygon","coordinates":[[[74.997,18.098],[74.57,18.207],[74.418,18.202],[74.455,18.126],[74.87,17.991],[74.961,17.983],[74.997,18.098]]]},"properties":{"DOMSOI":"Vc"}},
{"type":"Feature","geometry":{"type":"Polygon","coordinates":[[[83.421,18.144],[83.306,18.165],[83.227,18.145],[83.104,18.018],[82.803,17.868],[82.839,17.787],[82.975,17.688],[83.075,17.727],[82.982,17.794],[83.076,17.937],[83.25,17.968],[83.373,17.904],[83.598,18.104],[83.591,18.181],[83.421,18.144]]]},"properties":{"DOMSOI":"Lf"}},
{"type":"Feature","geometry":{"type":"Polygon","coordinates":[[[73.942,18.127],[73.914,18.077],[74.127,17.962],[74.33,17.818],[74.447,17.717],[74.54,17.815],[74.937,17.583],[74.936,17.707],[74.668,17.881],[74.565,17.917],[74.372,17.919],[74.143,18.055],[73.942,18.127]]]},"properties":{"DOMSOI":"I"}},
{"type":"Feature","geometry":{"type":"Polygon","coordinates":[[[73.255,18.123],[73.047,18.049],[73.018,17.998],[73.108,17.817],[73.146,17.564],[73.2,17.413],[73.321,17.347],[73.338,17.257],[73.237,17.225],[73.29,17.057],[73.408,16.974],[73.298,16.921],[73.304,16.818],[73.407,16.759],[73.328,16.708],[73.361,16.615],[73.438,16.528],[73.336,16.497],[73.423,16.252],[73.571,16.185],[73.527,16.022],[73.648,16.131],[73.777,16.13],[73.85,16.333],[73.851,16.51],[73.793,16.869],[73.801,17.094],[73.796,17.199],[73.716,17.388],[73.695,17.621],[73.593,17.75],[73.569,17.88],[73.615,18.011],[73.255,18.123]]]},"properties":{"DOMSOI":"Nd"}},
{"type":"Feature","geometry":{"type":"Polygon","coordinates":[[[73.914,18.077],[73.804,18.111],[73.64,18.054],[73.615,18.011],[73.569,17.88],[73.593,17.75],[73.695,17.621],[73.716,17.388],[73.796,17.199],[73.801,17.094],[73.862,17.091],[73.984,17.251],[73.988,17.578],[73.903,17.834],[73.974,17.87],[74.101,17.772],[74.179,17.779],[74.247,17.819],[74.33,17.818],[74.127,17.962],[73.914,18.077]]]},"properties":{"DOMSOI":"Nd"}},
{"type":"Feature","geometry":{"type":"Polygon","coordinates":[[[77.906,17.604],[77.989,17.696],[77.876,17.846],[77.772,17.919],[77.585,17.994],[77.457,17.987],[77.417,17.912],[77.529,17.738],[77.647,17.679],[77.906,17.604]]]},"properties":{"DOMSOI":"Lp"}},
{"type":"Feature","geometry":{"type":"Polygon","coordinates":[[[83.438,17.823],[83.373,17.904],[83.25,17.968],[83.076,17.937],[82.982,17.794],[83.075,17.727],[83.158,17.72],[83.168,17.853],[83.256,17.829],[83.202,17.711],[83.253,17.694],[83.328,17.68],[83.438,17.823]]]},"properties":{"DOMSOI":"I"}},
{"type":"Feature","geometry":{"type":"Polygon","coordinates":[[[74.101,17.772],[73.974,17.87],[73.903,17.834],[73.988,17.578],[73.984,17.251],[73.862,17.091],[73.905,17.013],[74.08,16.932],[74.303,16.862],[74.356,16.968],[74.161,17.102],[74.111,17.405],[74.136,17.641],[74.101,17.772]]]},"properties":{"DOMSOI":"Hh"}},
{"type":"Feature","geometry":{"type":"Polygon","coordinates":[[[77.902,17.296],[77.934,17.378],[77.848,17.485],[77.714,17.484],[77.701,17.563],[77.294,17.622],[77.158,17.691],[76.958,17.834],[76.791,17.858],[76.743,17.785],[76.771,17.67],[76.925,17.693],[76.97,17.582],[77.142,17.387],[77.262,17.351],[77.437,17.428],[77.575,17.337],[77.762,17.39],[77.902,17.296]]]},"properties":{"DOMSOI":"Bv"}},
{"type":"Feature","geometry":{"type":"Polygon","coordinates":[[[83.202,17.711],[83.256,17.829],[83.168,17.853],[83.158,17.72],[83.202,17.711]]]},"properties":{"DOMSOI":"Lf"}},
{"type":"Feature","geometry":{"type":"Polygon","coordinates":[[[74.247,17.819],[74.179,17.779],[74.21,17.711],[74.204,17.45],[74.325,17.377],[74.327,17.635],[74.247,17.819]]]},"properties":{"DOMSOI":"Hh"}},
{"type":"Feature","geometry":{"type":"Polygon","coordinates":[[[82.839,17.787],[82.754,17.756],[82.768,17.668],[82.702,17.587],[82.618,17.608],[82.498,17.555],[82.387,17.362],[82.507,17.338],[82.749,17.49],[82.975,17.688],[82.839,17.787]]]},"properties":{"DOMSOI":"I"}},
{"type":"Feature","geometry":{"type":"Polygon","coordinates":[[[82.498,17.555],[82.618,17.608],[82.702,17.587],[82.768,17.668],[82.754,17.756],[82.647,17.778],[82.539,17.693],[82.498,17.555]]]},"properties":{"DOMSOI":"Je"}},
{"type":"Feature","geometry":{"type":"Polygon","coordinates":[[[83.158,17.72],[83.075,17.727],[82.975,17.688],[82.749,17.49],[82.507,17.338],[82.387,17.362],[82.367,17.239],[82.514,17.21],[82.734,17.35],[83.23,17.571],[83.253,17.694],[83.202,17.711],[83.158,17.72]]]},"properties":{"DOMSOI":"Rd"}},
{"type":"Feature","geometry":{"type":"Polygon","coordinates":[[[74.719,16.982],[74.662,17.002],[74.532,17.295],[74.479,17.59],[74.433,17.686],[74.352,17.658],[74.396,17.462],[74.44,17.144],[74.586,16.877],[74.568,16.768],[74.466,16.748],[74.183,16.727],[74.24,16.652],[74.554,16.635],[74.694,16.681],[74.767,16.78],[74.732,16.84],[74.719,16.982]]]},"properties":{"DOMSOI":"Vc"}},
{"type":"Feature","geometry":{"type":"Polygon","coordinates":[[[75.52,17.697],[75.496,17.602],[75.312,17.603],[75.507,17.502],[75.803,17.283],[76.031,17.161],[76.104,17.047],[76.223,16.971],[76.341,16.99],[76.434,16.795],[76.511,16.696],[76.59,16.757],[76.628,16.871],[76.705,16.944],[76.834,16.868],[76.78,16.74],[76.835,16.665],[76.916,16.593],[76.811,16.442],[76.759,16.367],[76.576,16.304],[76.456,16.353],[76.287,16.63],[76.186,16.719],[76.051,16.78],[75.891,16.782],[75.882,16.705],[76.102,16.62],[76.235,16.528],[76.311,16.388],[76.304,16.253],[76.152,16.234],[75.826,16.367],[75.396,16.568],[75.258,16.611],[75.118,16.608],[74.996,16.66],[74.866,16.621],[74.861,16.556],[74.961,16.397],[74.888,16.244],[74.9,16.183],[75.142,16.258],[75.305,16.239],[75.684,16.125],[76.048,16.066],[76.234,16.09],[76.561,16.17],[76.673,16.114],[76.896,16.229],[77.02,16.168],[76.852,16.072],[76.693,16.059],[76.696,15.752],[76.659,15.588],[76.969,15.868],[77.094,15.956],[77.33,16.012],[77.61,15.998],[77.967,15.917],[78.115,15.807],[78.43,16.048],[78.531,16.169],[78.252,16.189],[78.09,16.265],[78.028,16.474],[77.909,16.551],[77.521,16.706],[77.27,16.7],[77.135,16.773],[76.858,17.095],[76.74,17.161],[76.659,17.11],[76.34,17.196],[76.061,17.355],[75.752,17.5],[75.52,17.697]],[[75.335,16.398],[75.263,16.413],[75.283,16.462],[75.372,16.461],[75.335,16.398]],[[75.569,16.25],[75.475,16.293],[75.516,16.337],[75.569,16.25]],[[75.82,16.19],[75.711,16.208],[75.743,16.25],[75.847,16.234],[75.82,16.19]]]},"properties":{"DOMSOI":"Vp"}},
{"type":"Feature","geometry":{"type":"Polygon","coordinates":[[[82.178,17.301],[82.281,17.362],[82.344,17.479],[82.316,17.609],[82.191,17.509],[82.153,17.316],[82.178,17.301]]]},"properties":{"DOMSOI":"Vc"}},
{"type":"Feature","geometry":{"type":"Polygon","coordinates":[[[74.732,16.84],[74.815,16.881],[74.819,17.064],[74.934,17.11],[75.096,17.046],[75.043,17.199],[74.851,17.35],[74.697,17.563],[74.632,17.539],[74.637,17.224],[74.732,17.061],[74.719,16.982],[74.732,16.84]]]},"properties":{"DOMSOI":"Bv"}},
{"type":"Feature","geometry":{"type":"Polygon","coordinates":[[[81.233,17.356],[81.165,17.389],[81.139,17.528],[81.019,17.525],[80.857,17.382],[80.906,17.293],[81.153,17.285],[81.233,17.356]]]},"properties":{"DOMSOI":"I"}},
{"type":"Feature","geometry":{"type":"Polygon","coordinates":[[[76.51,17.227],[76.715,17.351],[76.663,17.53],[76.39,17.516],[76.336,17.461],[76.417,17.276],[76.51,17.227]]]},"properties":{"DOMSOI":"Bv"}},
{"type":"Feature","geometry":{"type":"Polygon","coordinates":[[[82.078,17.304],[82.012,17.42],[81.913,17.33],[81.825,17.164],[81.89,17.128],[82.006,17.214],[82.078,17.304]]]},"properties":{"DOMSOI":"Ap"}},
{"type":"Feature","geometry":{"type":"Polygon","coordinates":[[[73.237,17.225],[73.338,17.257],[73.321,17.347],[73.2,17.413],[73.237,17.225]]]},"properties":{"DOMSOI":"Je"}},
{"type":"Feature","geometry":{"type":"Polygon","coordinates":[[[81.267,17.396],[81.233,17.356],[81.153,17.285],[80.666,17.133],[80.505,17.022],[80.464,16.958],[80.436,16.728],[80.519,16.798],[80.57,16.967],[80.641,16.895],[80.529,16.606],[80.798,16.526],[80.925,16.586],[81.087,16.749],[81.349,16.942],[81.628,17.063],[81.738,17.042],[81.762,17.248],[81.65,17.309],[81.417,17.231],[81.31,17.292],[81.267,17.396]],[[81.285,17.012],[81.024,17.058],[81.123,17.143],[81.292,17.125],[81.494,17.169],[81.47,17.063],[81.285,17.012]],[[80.697,16.605],[80.648,16.656],[80.805,16.991],[80.867,16.871],[80.803,16.705],[80.697,16.605]]]},"properties":{"DOMSOI":"Ne"}},
{"type":"Feature","geometry":{"type":"Polygon","coordinates":[[[76.968,17.17],[77.046,17.276],[76.961,17.355],[76.887,17.312],[76.968,17.17]]]},"properties":{"DOMSOI":"Bv"}},
{"type":"Feature","geometry":{"type":"Polygon","coordinates":[[[81.913,17.33],[81.812,17.325],[81.762,17.248],[81.738,17.042],[81.6,16.896],[81.565,16.748],[81.684,16.633],[81.855,16.616],[81.841,16.533],[82.138,16.678],[82.28,16.851],[82.252,16.912],[82.097,16.865],[81.994,16.937],[82.079,17.143],[82.006,17.214],[81.89,17.128],[81.825,17.164],[81.913,17.33]]]},"properties":{"DOMSOI":"Jc"}},
{"type":"Feature","geometry":{"type":"Polygon","coordinates":[[[82.153,17.316],[82.078,17.304],[82.006,17.214],[82.079,17.143],[81.994,16.937],[82.097,16.865],[82.252,16.912],[82.311,17.004],[82.317,17.174],[82.285,17.266],[82.178,17.301],[82.153,17.316]]]},"properties":{"DOMSOI":"Ne"}},
{"type":"Feature","geometry":{"type":"Polygon","coordinates":[[[82.514,17.21],[82.367,17.239],[82.317,17.174],[82.311,17.004],[82.514,17.21]]]},"properties":{"DOMSOI":"Rd"}},
{"type":"Feature","geometry":{"type":"Polygon","coordinates":[[[77.963,17.219],[77.937,17.144],[77.773,16.89],[77.693,16.824],[77.56,16.863],[77.581,16.978],[77.661,17.078],[77.612,17.178],[77.5,17.105],[77.465,16.977],[77.34,16.94],[77.205,16.969],[77.105,16.872],[77.135,16.773],[77.27,16.7],[77.521,16.706],[77.909,16.551],[78.028,16.474],[78.09,16.265],[78.252,16.189],[78.229,16.343],[78.117,16.532],[78.032,16.757],[78.01,16.921],[78.004,17.211],[77.963,17.219]]]},"properties":{"DOMSOI":"Bv"}},
{"type":"Feature","geometry":{"type":"Polygon","coordinates":[[[81.285,17.012],[81.47,17.063],[81.494,17.169],[81.292,17.125],[81.285,17.012]]]},"properties":{"DOMSOI":"Vp"}},
{"type":"Feature","geometry":{"type":"Polygon","coordinates":[[[81.285,17.012],[81.292,17.125],[81.123,17.143],[81.024,17.058],[81.285,17.012]]]},"properties":{"DOMSOI":"I"}},
{"type":"Feature","geometry":{"type":"Polygon","coordinates":[[[73.862,17.091],[73.801,17.094],[73.793,16.869],[73.851,16.51],[73.85,16.333],[73.777,16.13],[73.775,15.989],[73.988,15.757],[74.093,15.608],[74.249,15.471],[74.294,15.382],[74.291,15.221],[74.239,15.188],[74.025,15.175],[73.954,15.09],[74.045,15.006],[74.127,14.843],[74.109,14.788],[74.281,14.665],[74.379,14.562],[74.426,14.467],[74.499,14.249],[74.505,14.228],[74.606,13.956],[74.855,13.731],[74.993,13.534],[75.105,13.267],[75.2,13.121],[75.403,13.008],[75.541,12.817],[75.597,12.68],[75.424,12.7],[75.36,12.669],[75.219,12.5],[75.249,12.371],[75.444,12.204],[75.568,12.058],[75.624,11.874],[75.79,11.668],[75.818,11.518],[75.901,11.425],[76.018,11.428],[76.094,11.289],[76.191,11.255],[76.273,11.386],[76.373,11.325],[76.354,11.124],[76.543,10.979],[76.618,10.957],[76.889,11.17],[76.835,11.24],[76.654,11.116],[76.502,11.107],[76.455,11.233],[76.525,11.305],[76.49,11.389],[76.415,11.493],[76.051,11.658],[75.931,11.812],[75.91,11.949],[75.867,12.152],[75.807,12.228],[75.738,12.265],[75.635,12.223],[75.541,12.317],[75.466,12.459],[75.603,12.485],[75.677,12.555],[75.717,12.762],[75.68,12.933],[75.596,13.055],[75.484,13.138],[75.213,13.238],[75.241,13.328],[75.372,13.338],[75.555,13.222],[75.663,13.247],[75.603,13.31],[75.593,13.481],[75.704,13.493],[75.807,13.581],[75.94,13.632],[75.933,13.693],[75.843,13.722],[75.533,13.594],[75.491,13.681],[75.527,13.846],[75.416,13.805],[75.237,13.814],[75.093,13.866],[74.923,14.056],[74.873,14.227],[74.697,14.415],[74.691,14.476],[74.785,14.819],[74.764,14.893],[74.634,14.945],[74.667,15.133],[74.512,15.455],[74.402,15.579],[74.334,15.726],[74.217,15.836],[74.263,16.005],[74.433,16.13],[74.353,16.158],[74.237,16.102],[74.184,16.175],[74.285,16.272],[74.505,16.36],[74.589,16.422],[74.52,16.502],[74.274,16.426],[74.148,16.469],[74.264,16.575],[74.24,16.652],[74.183,16.727],[74.466,16.748],[74.462,16.794],[74.303,16.862],[74.08,16.932],[73.905,17.013],[73.862,17.091]],[[75.932,11.527],[75.854,11.673],[75.931,11.674],[75.932,11.527]],[[76.128,11.39],[76.085,11.412],[76.049,11.531],[76.126,11.519],[76.128,11.39]]]},"properties":{"DOMSOI":"Ap"}},
{"type":"Feature","geometry":{"type":"Polygon","coordinates":[[[81.738,17.042],[81.628,17.063],[81.349,16.942],[81.087,16.749],[80.925,16.586],[81.032,16.564],[81.045,16.486],[80.968,16.334],[81.077,16.292],[81.185,16.323],[81.363,16.475],[81.714,16.479],[81.841,16.533],[81.855,16.616],[81.684,16.633],[81.565,16.748],[81.6,16.896],[81.738,17.042]],[[81.132,16.533],[81.144,16.602],[81.271,16.624],[81.309,16.712],[81.36,16.67],[81.279,16.593],[81.132,16.533]]]},"properties":{"DOMSOI":"Vp"}},
{"type":"Feature","geometry":{"type":"Polygon","coordinates":[[[73.298,16.921],[73.408,16.974],[73.29,17.057],[73.298,16.921]]]},"properties":{"DOMSOI":"Je"}},
{"type":"Feature","geometry":{"type":"Polygon","coordinates":[[[80.697,16.605],[80.803,16.705],[80.867,16.871],[80.805,16.991],[80.648,16.656],[80.697,16.605]]]},"properties":{"DOMSOI":"I"}},
{"type":"Feature","geometry":{"type":"Polygon","coordinates":[[[80.436,16.728],[80.434,16.665],[80.529,16.606],[80.641,16.895],[80.57,16.967],[80.519,16.798],[80.436,16.728]]]},"properties":{"DOMSOI":"I"}},
{"type":"Feature","geometry":{"type":"Polygon","coordinates":[[[82.28,16.851],[82.138,16.678],[81.841,16.533],[81.714,16.479],[81.765,16.328],[82.294,16.55],[82.376,16.831],[82.28,16.851]]]},"properties":{"DOMSOI":"Rd"}},
{"type":"Feature","geometry":{"type":"Polygon","coordinates":[[[80.122,16.742],[80.064,16.856],[79.936,16.886],[79.739,16.867],[79.464,16.801],[79.323,16.721],[79.286,16.507],[79.365,16.418],[79.146,16.339],[78.911,16.389],[78.843,16.286],[79.028,16.283],[79.154,16.204],[79.306,16.231],[79.613,16.399],[79.833,16.413],[79.893,16.328],[79.991,16.388],[79.956,16.427],[80.005,16.692],[80.122,16.742]]]},"properties":{"DOMSOI":"Vp"}},
{"type":"Feature","geometry":{"type":"Polygon","coordinates":[[[73.328,16.708],[73.407,16.759],[73.304,16.818],[73.328,16.708]]]},"properties":{"DOMSOI":"Je"}},
{"type":"Feature","geometry":{"type":"Polygon","coordinates":[[[81.132,16.533],[81.279,16.593],[81.36,16.67],[81.309,16.712],[81.271,16.624],[81.144,16.602],[81.132,16.533]]]},"properties":{"DOMSOI":"WR"}},
{"type":"Feature","geometry":{"type":"Polygon","coordinates":[[[79.991,16.388],[80.055,16.446],[80.116,16.608],[80.122,16.742],[80.005,16.692],[79.956,16.427],[79.991,16.388]]]},"properties":{"DOMSOI":"I"}},
{"type":"Feature","geometry":{"type":"Polygon","coordinates":[[[79.154,16.204],[79.028,16.283],[78.843,16.286],[78.911,16.389],[79.146,16.339],[79.365,16.418],[79.286,16.507],[79.323,16.721],[79.162,16.634],[78.957,16.571],[78.748,16.428],[78.531,16.169],[78.43,16.048],[78.51,15.993],[78.678,15.966],[78.853,16.131],[79,16.193],[79.154,16.204]]]},"properties":{"DOMSOI":"I"}},
{"type":"Feature","geometry":{"type":"Polygon","coordinates":[[[80.434,16.665],[80.28,16.702],[80.188,16.665],[80.202,16.593],[80.375,16.391],[80.479,16.429],[80.596,16.373],[80.687,16.232],[80.712,16.066],[80.694,15.951],[80.684,15.873],[81.013,15.808],[81.095,15.905],[81.067,16.079],[81.185,16.323],[81.077,16.292],[80.968,16.334],[81.045,16.486],[81.032,16.564],[80.925,16.586],[80.798,16.526],[80.529,16.606],[80.434,16.665]]]},"properties":{"DOMSOI":"Jc"}},
{"type":"Feature","geometry":{"type":"Polygon","coordinates":[[[76.835,16.665],[76.779,16.649],[76.713,16.508],[76.811,16.442],[76.916,16.593],[76.835,16.665]]]},"properties":{"DOMSOI":"Bv"}},
{"type":"Feature","geometry":{"type":"Polygon","coordinates":[[[73.336,16.497],[73.438,16.528],[73.361,16.615],[73.336,16.497]]]},"properties":{"DOMSOI":"Je"}},
{"type":"Feature","geometry":{"type":"Polygon","coordinates":[[[76.811,16.442],[76.713,16.508],[76.654,16.433],[76.456,16.353],[76.576,16.304],[76.759,16.367],[76.811,16.442]]]},"properties":{"DOMSOI":"Vp"}},
{"type":"Feature","geometry":{"type":"Polygon","coordinates":[[[81.765,16.328],[81.714,16.479],[81.363,16.475],[81.185,16.323],[81.067,16.079],[81.207,16.162],[81.346,16.372],[81.765,16.328]]]},"properties":{"DOMSOI":"Rd"}},
{"type":"Feature","geometry":{"type":"Polygon","coordinates":[[[75.335,16.398],[75.372,16.461],[75.283,16.462],[75.263,16.413],[75.335,16.398]]]},"properties":{"DOMSOI":"Bv"}},
{"type":"Feature","geometry":{"type":"Polygon","coordinates":[[[80.694,15.951],[80.712,16.066],[80.687,16.232],[80.596,16.373],[80.479,16.429],[80.375,16.391],[80.378,16.311],[80.243,16.196],[79.873,16.097],[79.659,15.973],[79.593,15.58],[79.596,15.465],[79.685,15.133],[79.745,15.096],[79.815,15.222],[79.833,15.469],[79.817,15.629],[79.913,15.818],[79.974,16.016],[80.035,16.079],[80.137,16.025],[80.136,15.956],[80.027,15.706],[79.868,15.236],[79.897,15.09],[79.992,15.022],[80.034,15.337],[80.259,15.776],[80.447,15.956],[80.694,15.951]]]},"properties":{"DOMSOI":"Vp"}},
{"type":"Feature","geometry":{"type":"Polygon","coordinates":[[[79.893,16.328],[79.833,16.413],[79.613,16.399],[79.306,16.231],[79.154,16.204],[79,16.193],[78.853,16.131],[78.678,15.966],[78.764,15.878],[78.695,15.637],[78.681,15.196],[78.696,15.01],[78.759,14.871],[78.86,14.851],[78.887,14.963],[78.851,15.256],[78.924,15.568],[79.156,15.799],[79.103,15.887],[79.138,15.983],[79.399,16.191],[79.541,16.194],[79.664,16.318],[79.745,16.287],[79.612,16.153],[79.708,16.101],[79.893,16.328]]]},"properties":{"DOMSOI":"I"}},
{"type":"Feature","geometry":{"type":"Polygon","coordinates":[[[75.569,16.25],[75.516,16.337],[75.475,16.293],[75.569,16.25]]]},"properties":{"DOMSOI":"Bv"}},
{"type":"Feature","geometry":{"type":"Polygon","coordinates":[[[76.673,16.114],[76.561,16.17],[76.234,16.09],[76.048,16.066],[75.684,16.125],[75.305,16.239],[75.142,16.258],[74.9,16.183],[74.683,15.984],[74.598,15.881],[74.678,15.893],[74.825,15.824],[75.044,15.652],[75.139,15.549],[75.18,15.365],[75.139,15.072],[75.257,15.016],[75.491,15.049],[75.573,15.13],[75.634,15.269],[75.667,15.441],[75.767,15.587],[75.864,15.663],[75.99,15.645],[76.06,15.576],[76.131,15.39],[76.174,15.275],[76.284,15.29],[76.31,15.188],[76.466,15.151],[76.46,15.226],[76.64,15.192],[76.743,15.081],[76.858,15.028],[76.957,15.132],[76.958,15.263],[76.912,15.375],[76.748,15.435],[76.556,15.346],[76.467,15.384],[76.659,15.588],[76.696,15.752],[76.693,16.059],[76.673,16.114]],[[75.387,15.324],[75.307,15.36],[75.242,15.647],[75.309,15.765],[75.259,15.85],[75.368,15.978],[75.549,16.016],[75.669,15.993],[75.791,15.898],[75.777,15.78],[75.615,15.679],[75.507,15.569],[75.387,15.324]]]},"properties":{"DOMSOI":"Lc"}},
{"type":"Feature","geometry":{"type":"Polygon","coordinates":[[[73.527,16.022],[73.571,16.185],[73.423,16.252],[73.503,15.993],[73.527,16.022]]]},"properties":{"DOMSOI":"Je"}},
{"type":"Feature","geometry":{"type":"Polygon","coordinates":[[[75.82,16.19],[75.847,16.234],[75.743,16.25],[75.711,16.208],[75.82,16.19]]]},"properties":{"DOMSOI":"Bv"}},
{"type":"Feature","geometry":{"type":"Polygon","coordinates":[[[76.693,16.059],[76.852,16.072],[77.02,16.168],[76.896,16.229],[76.673,16.114],[76.693,16.059]]]},"properties":{"DOMSOI":"Bv"}},
{"type":"Feature","geometry":{"type":"Polygon","coordinates":[[[81.207,16.162],[81.067,16.079],[81.095,15.905],[81.189,15.971],[81.207,16.162]]]},"properties":{"DOMSOI":"Jt"}},
{"type":"Feature","geometry":{"type":"Polygon","coordinates":[[[73.777,16.13],[73.648,16.131],[73.527,16.022],[73.503,15.993],[73.603,15.884],[73.657,15.732],[73.816,15.729],[73.997,15.589],[74.019,15.421],[73.98,15.276],[74.025,15.175],[74.239,15.188],[74.291,15.221],[74.294,15.382],[74.249,15.471],[74.093,15.608],[73.988,15.757],[73.775,15.989],[73.777,16.13]]]},"properties":{"DOMSOI":"Nd"}},
{"type":"Feature","geometry":{"type":"Polygon","coordinates":[[[78.678,15.966],[78.51,15.993],[78.43,16.048],[78.115,15.807],[78.221,15.78],[78.355,15.643],[78.391,15.564],[78.168,15.255],[77.995,15.229],[77.954,15.159],[78.162,15.041],[78.386,14.828],[78.343,14.739],[78.404,14.602],[78.43,14.535],[78.567,14.402],[78.741,14.363],[78.864,14.396],[78.862,14.566],[78.741,14.651],[78.657,14.869],[78.506,15.026],[78.503,15.082],[78.681,15.196],[78.695,15.637],[78.764,15.878],[78.678,15.966]]]},"properties":{"DOMSOI":"Vc"}},
{"type":"Feature","geometry":{"type":"Polygon","coordinates":[[[74.598,15.881],[74.683,15.984],[74.432,16.019],[74.282,15.864],[74.217,15.836],[74.334,15.726],[74.464,15.765],[74.598,15.881]]]},"properties":{"DOMSOI":"Bv"}},
{"type":"Feature","geometry":{"type":"Polygon","coordinates":[[[75.387,15.324],[75.507,15.569],[75.615,15.679],[75.777,15.78],[75.791,15.898],[75.669,15.993],[75.549,16.016],[75.368,15.978],[75.259,15.85],[75.309,15.765],[75.242,15.647],[75.307,15.36],[75.387,15.324]]]},"properties":{"DOMSOI":"Vc"}},
{"type":"Feature","geometry":{"type":"Polygon","coordinates":[[[78.115,15.807],[77.967,15.917],[77.61,15.998],[77.33,16.012],[77.094,15.956],[76.969,15.868],[76.659,15.588],[76.467,15.384],[76.556,15.346],[76.748,15.435],[76.938,15.596],[77.057,15.754],[77.208,15.853],[77.568,15.827],[77.798,15.77],[78.014,15.758],[78.115,15.807]]]},"properties":{"DOMSOI":"Vp"}},
{"type":"Feature","geometry":{"type":"Polygon","coordinates":[[[80.684,15.873],[80.694,15.951],[80.447,15.956],[80.259,15.776],[80.034,15.337],[79.992,15.022],[80.048,14.718],[80.101,14.523],[80.177,14.578],[80.117,14.756],[80.066,15.009],[80.126,15.345],[80.223,15.453],[80.244,15.573],[80.335,15.723],[80.505,15.821],[80.684,15.873]]]},"properties":{"DOMSOI":"Rd"}},
{"type":"Feature","geometry":{"type":"Polygon","coordinates":[[[74.598,15.881],[74.464,15.765],[74.334,15.726],[74.402,15.579],[74.512,15.455],[74.667,15.133],[74.634,14.945],[74.764,14.893],[74.785,14.819],[74.691,14.476],[74.697,14.415],[74.873,14.227],[74.923,14.056],[75.093,13.866],[75.237,13.814],[75.416,13.805],[75.527,13.846],[75.491,13.681],[75.533,13.594],[75.843,13.722],[75.933,13.693],[75.978,13.96],[75.777,14.315],[75.619,14.396],[75.303,14.434],[75.075,14.524],[74.953,14.655],[75.12,14.931],[75.139,15.072],[75.18,15.365],[75.139,15.549],[75.044,15.652],[74.825,15.824],[74.678,15.893],[74.598,15.881]]]},"properties":{"DOMSOI":"Ne"}},
{"type":"Feature","geometry":{"type":"Polygon","coordinates":[[[78.355,15.643],[78.221,15.78],[78.115,15.807],[78.014,15.758],[77.798,15.77],[77.568,15.827],[77.208,15.853],[77.057,15.754],[76.938,15.596],[76.748,15.435],[76.912,15.375],[77.144,15.294],[77.376,15.317],[77.578,15.488],[77.697,15.531],[77.89,15.467],[77.925,15.379],[78.065,15.48],[78.355,15.643]]]},"properties":{"DOMSOI":"Vp"}},
{"type":"Feature","geometry":{"type":"Polygon","coordinates":[[[80.959,15.724],[80.992,15.762],[80.928,15.802],[80.909,15.763],[80.959,15.724]]]},"properties":{"DOMSOI":"Jc"}},
{"type":"Feature","geometry":{"type":"Polygon","coordinates":[[[74.025,15.175],[73.98,15.276],[74.019,15.421],[73.997,15.589],[73.816,15.729],[73.657,15.732],[73.757,15.496],[73.87,15.448],[73.954,15.09],[74.025,15.175]]]},"properties":{"DOMSOI":"Rd"}},
{"type":"Feature","geometry":{"type":"Polygon","coordinates":[[[76.131,15.39],[76.06,15.576],[75.99,15.645],[75.864,15.663],[75.767,15.587],[75.667,15.441],[75.687,15.366],[75.844,15.138],[75.948,15.21],[75.967,15.305],[76.131,15.39]]]},"properties":{"DOMSOI":"Vc"}},
{"type":"Feature","geometry":{"type":"Polygon","coordinates":[[[78.355,15.643],[78.065,15.48],[77.925,15.379],[77.78,15.189],[77.851,15.078],[78.343,14.739],[78.386,14.828],[78.162,15.041],[77.954,15.159],[77.995,15.229],[78.168,15.255],[78.391,15.564],[78.355,15.643]]]},"properties":{"DOMSOI":"I"}},
{"type":"Feature","geometry":{"type":"Polygon","coordinates":[[[79.259,15.272],[79.329,15.555],[79.265,15.573],[79.084,15.413],[79.075,15.202],[79.125,14.771],[79.098,14.552],[79.092,14.454],[79.344,14.424],[79.44,14.284],[79.477,14.159],[79.529,13.742],[79.618,13.764],[79.517,14.221],[79.413,14.469],[79.346,14.543],[79.268,14.624],[79.315,14.704],[79.231,14.817],[79.182,14.978],[79.183,15.191],[79.259,15.272]]]},"properties":{"DOMSOI":"I"}},
{"type":"Feature","geometry":{"type":"Polygon","coordinates":[[[77.925,15.379],[77.89,15.467],[77.697,15.531],[77.578,15.488],[77.376,15.317],[77.373,15.203],[77.53,15.268],[77.55,15.198],[77.367,14.946],[77.363,14.852],[77.529,14.818],[77.593,14.755],[77.6,14.546],[77.724,14.416],[77.907,14.361],[78.096,14.037],[78.192,14.03],[78.19,14.196],[78.259,14.216],[78.353,14.125],[78.41,13.927],[78.487,13.863],[78.566,13.891],[78.532,14.012],[78.631,14.108],[78.642,14.255],[78.461,14.255],[78.206,14.309],[78.093,14.367],[78.068,14.468],[78.333,14.379],[78.567,14.402],[78.43,14.535],[78.382,14.512],[78.238,14.637],[78.289,14.711],[78.404,14.602],[78.343,14.739],[77.851,15.078],[77.78,15.189],[77.925,15.379]],[[77.936,14.716],[77.718,14.785],[77.699,14.86],[77.822,14.951],[77.967,14.784],[77.936,14.716]]]},"properties":{"DOMSOI":"Lc"}},
{"type":"Feature","geometry":{"type":"Polygon","coordinates":[[[76.466,15.151],[76.31,15.188],[76.232,15.133],[76.256,14.968],[76.176,14.891],[76.067,14.916],[75.902,15.072],[75.844,15.138],[75.687,15.366],[75.667,15.441],[75.634,15.269],[75.573,15.13],[75.491,15.049],[75.632,15.07],[75.729,15.006],[75.767,14.809],[75.901,14.575],[75.937,14.439],[75.867,14.385],[75.653,14.501],[75.604,14.568],[75.606,14.772],[75.572,14.858],[75.465,14.877],[75.336,14.786],[75.222,14.797],[75.201,14.866],[75.257,15.016],[75.139,15.072],[75.12,14.931],[74.953,14.655],[75.075,14.524],[75.303,14.434],[75.619,14.396],[75.777,14.315],[75.978,13.96],[75.933,13.693],[75.94,13.632],[75.866,13.423],[75.964,13.405],[76.052,13.259],[76.26,13.278],[76.337,13.176],[76.32,13.061],[76.23,12.953],[76.11,12.877],[76.025,12.698],[76.02,12.603],[76.077,12.509],[76.084,12.383],[75.959,12.249],[75.807,12.228],[75.867,12.152],[75.91,11.949],[76.062,12],[76.216,11.918],[76.366,11.94],[76.423,11.845],[76.398,11.768],[76.46,11.762],[76.554,11.863],[76.698,11.746],[76.944,11.743],[77.074,11.784],[77.158,12.069],[77.27,11.995],[77.349,12.055],[77.504,12.036],[77.581,12.155],[77.497,12.212],[77.383,12.178],[77.303,12.358],[77.259,12.425],[77.2,12.852],[77.218,12.961],[77.175,13.383],[77.285,13.282],[77.456,13.404],[77.666,13.463],[77.692,13.569],[77.809,13.493],[77.907,13.511],[78.053,13.467],[78.056,13.412],[77.937,13.269],[77.966,13.095],[77.907,12.987],[77.759,12.883],[77.617,12.852],[77.656,12.492],[77.733,12.419],[77.957,12.482],[77.999,12.609],[78.081,12.603],[78.082,12.457],[78.002,12.427],[77.981,12.297],[77.834,12.158],[77.749,11.965],[77.833,11.898],[77.796,11.828],[77.805,11.752],[77.819,11.568],[77.872,11.434],[78.044,11.233],[78.118,11.046],[78.196,11.092],[78.384,11.05],[78.425,11.105],[78.583,11.171],[78.725,11.185],[78.538,11.3],[78.495,11.418],[78.624,11.518],[78.793,11.359],[78.829,11.197],[78.962,11.211],[79.209,11.132],[79.159,11.219],[79.272,11.357],[79.352,11.338],[79.372,11.465],[79.43,11.525],[79.334,11.619],[79.378,11.726],[79.347,11.86],[79.197,11.937],[79.197,12.024],[79.498,12.054],[79.741,12.273],[79.842,12.468],[79.891,12.778],[79.867,13.166],[79.876,13.302],[79.778,13.301],[79.823,13.673],[79.893,13.69],[79.951,13.531],[80.066,13.607],[80.061,13.809],[79.96,13.857],[79.885,13.965],[79.779,14.19],[79.84,14.294],[80.025,14.062],[80.033,14.231],[79.796,14.48],[79.659,14.545],[79.516,14.531],[79.413,14.469],[79.517,14.221],[79.618,13.764],[79.723,13.736],[79.766,13.604],[79.662,13.389],[79.4,13.014],[79.329,12.995],[79.189,13.124],[79.052,13.329],[79.062,13.485],[79.154,13.712],[79.154,13.87],[78.992,14.068],[78.768,14.248],[78.642,14.255],[78.631,14.108],[78.719,13.92],[78.628,13.776],[78.62,13.69],[78.717,13.618],[78.8,13.657],[78.941,13.833],[78.995,13.804],[78.796,13.36],[78.701,13.346],[78.601,13.436],[78.49,13.368],[78.371,13.383],[78.216,13.837],[78.095,13.907],[78.018,13.865],[77.969,13.727],[77.907,13.732],[77.849,13.998],[77.779,14.038],[77.671,14.006],[77.558,14.092],[77.51,14.351],[77.465,14.449],[77.376,14.641],[77.291,14.679],[77.065,14.501],[76.887,14.548],[76.828,14.408],[76.798,14.213],[76.908,14.039],[76.866,13.99],[76.658,14.001],[76.549,13.946],[76.391,13.801],[76.299,13.85],[76.249,14.026],[76.225,14.335],[76.255,14.508],[76.313,14.575],[76.569,14.643],[76.789,14.776],[76.882,14.936],[76.858,15.028],[76.743,15.081],[76.678,14.981],[76.576,15.025],[76.466,15.151]],[[76.586,13.648],[76.537,13.741],[76.629,13.743],[76.586,13.648]],[[77.153,13.625],[77.129,13.654],[77.275,13.806],[77.25,13.678],[77.153,13.625]],[[76.69,13.398],[76.669,13.6],[76.751,13.623],[76.729,13.423],[76.69,13.398]],[[76.618,12.691],[76.568,12.739],[76.543,12.889],[76.602,12.94],[76.705,12.91],[76.733,12.84],[76.618,12.691]],[[76.502,12.422],[76.447,12.447],[76.459,12.494],[76.524,12.483],[76.502,12.422]],[[78.254,12.305],[78.222,12.357],[78.225,12.504],[78.312,12.429],[78.254,12.305]],[[78.821,12.66],[78.72,12.71],[78.674,12.833],[78.536,12.708],[78.49,12.779],[78.57,12.882],[78.625,13.027],[78.743,13.045],[78.94,12.946],[79.226,12.959],[79.265,12.871],[79.377,12.793],[79.138,12.513],[78.752,12.294],[78.646,12.287],[78.629,12.41],[78.665,12.497],[78.806,12.584],[78.821,12.66]],[[78.121,12.176],[78.08,12.368],[78.168,12.318],[78.121,12.176]],[[78.678,12.1],[78.848,12.08],[78.906,12.026],[78.835,11.782],[78.726,11.709],[78.656,11.722],[78.37,11.784],[78.273,11.763],[78.148,11.871],[78.216,11.964],[78.395,11.966],[78.571,12.113],[78.678,12.1]],[[78.343,11.231],[78.226,11.516],[78.109,11.526],[78.165,11.674],[78.258,11.648],[78.373,11.511],[78.432,11.351],[78.343,11.231]]]},"properties":{"DOMSOI":"Lc"}},
{"type":"Feature","geometry":{"type":"Polygon","coordinates":[[[76.174,15.275],[76.131,15.39],[75.967,15.305],[75.948,15.21],[76.174,15.275]]]},"properties":{"DOMSOI":"Vc"}},
{"type":"Feature","geometry":{"type":"Polygon","coordinates":[[[77.376,15.317],[77.144,15.294],[76.912,15.375],[76.958,15.263],[76.957,15.132],[76.858,15.028],[76.882,14.936],[76.789,14.776],[76.569,14.643],[76.313,14.575],[76.255,14.508],[76.225,14.335],[76.249,14.026],[76.366,14.208],[76.338,14.395],[76.414,14.453],[76.516,14.105],[76.299,13.85],[76.391,13.801],[76.549,13.946],[76.658,14.001],[76.866,13.99],[76.908,14.039],[76.798,14.213],[76.828,14.408],[76.887,14.548],[77.065,14.501],[77.291,14.679],[77.376,14.641],[77.465,14.449],[77.551,14.458],[77.6,14.546],[77.593,14.755],[77.529,14.818],[77.363,14.852],[77.367,14.946],[77.55,15.198],[77.53,15.268],[77.373,15.203],[77.376,15.317]]]},"properties":{"DOMSOI":"Vc"}},
{"type":"Feature","geometry":{"type":"Polygon","coordinates":[[[76.174,15.275],[75.948,15.21],[75.844,15.138],[75.902,15.072],[76.232,15.133],[76.31,15.188],[76.284,15.29],[76.174,15.275]]]},"properties":{"DOMSOI":"WR"}},
{"type":"Feature","geometry":{"type":"Polygon","coordinates":[[[79.361,15.186],[79.259,15.272],[79.183,15.191],[79.182,14.978],[79.231,14.817],[79.315,14.704],[79.268,14.624],[79.346,14.543],[79.389,14.614],[79.412,14.686],[79.377,14.918],[79.361,15.186]]]},"properties":{"DOMSOI":"Vc"}},
{"type":"Feature","geometry":{"type":"Polygon","coordinates":[[[76.743,15.081],[76.64,15.192],[76.46,15.226],[76.466,15.151],[76.576,15.025],[76.678,14.981],[76.743,15.081]]]},"properties":{"DOMSOI":"I"}},
{"type":"Feature","geometry":{"type":"Polygon","coordinates":[[[79.575,14.699],[79.459,15.199],[79.361,15.186],[79.377,14.918],[79.412,14.686],[79.389,14.614],[79.575,14.699]]]},"properties":{"DOMSOI":"Lo"}},
{"type":"Feature","geometry":{"type":"Polygon","coordinates":[[[76.232,15.133],[75.902,15.072],[76.067,14.916],[76.176,14.891],[76.256,14.968],[76.232,15.133]]]},"properties":{"DOMSOI":"Vc"}},
{"type":"Feature","geometry":{"type":"Polygon","coordinates":[[[75.491,15.049],[75.257,15.016],[75.201,14.866],[75.222,14.797],[75.336,14.786],[75.465,14.877],[75.572,14.858],[75.606,14.772],[75.604,14.568],[75.653,14.501],[75.867,14.385],[75.937,14.439],[75.901,14.575],[75.767,14.809],[75.729,15.006],[75.632,15.07],[75.491,15.049]]]},"properties":{"DOMSOI":"Vc"}},
{"type":"Feature","geometry":{"type":"Polygon","coordinates":[[[79.852,14.693],[79.813,14.948],[79.703,15.002],[79.665,14.919],[79.678,14.704],[79.852,14.693]]]},"properties":{"DOMSOI":"Ap"}},
{"type":"Feature","geometry":{"type":"Polygon","coordinates":[[[77.936,14.716],[77.967,14.784],[77.822,14.951],[77.699,14.86],[77.718,14.785],[77.936,14.716]]]},"properties":{"DOMSOI":"I"}},
{"type":"Feature","geometry":{"type":"Polygon","coordinates":[[[79.092,14.454],[79.098,14.552],[79.032,14.572],[78.983,14.781],[78.933,14.795],[78.835,14.641],[78.862,14.566],[78.864,14.396],[78.741,14.363],[78.567,14.402],[78.333,14.379],[78.068,14.468],[78.093,14.367],[78.206,14.309],[78.461,14.255],[78.642,14.255],[78.768,14.248],[78.992,14.068],[79.154,13.87],[79.154,13.712],[79.062,13.485],[79.194,13.433],[79.49,13.468],[79.603,13.375],[79.662,13.389],[79.766,13.604],[79.723,13.736],[79.692,13.628],[79.545,13.558],[79.395,13.598],[79.376,13.663],[79.252,13.797],[79.397,13.77],[79.43,13.708],[79.529,13.742],[79.477,14.159],[79.44,14.284],[79.344,14.424],[79.092,14.454]],[[79.092,14.454],[79.112,14.348],[78.986,14.398],[78.986,14.474],[79.092,14.454]],[[79.411,13.867],[79.269,13.952],[79.092,14.183],[79.12,14.29],[79.227,14.375],[79.29,14.359],[79.382,14.163],[79.44,13.922],[79.411,13.867]]]},"properties":{"DOMSOI":"I"}},
{"type":"Feature","geometry":{"type":"Polygon","coordinates":[[[78.43,14.535],[78.404,14.602],[78.289,14.711],[78.238,14.637],[78.382,14.512],[78.43,14.535]]]},"properties":{"DOMSOI":"I"}},
{"type":"Feature","geometry":{"type":"Polygon","coordinates":[[[79.678,14.704],[79.575,14.699],[79.389,14.614],[79.346,14.543],[79.413,14.469],[79.516,14.531],[79.659,14.545],[79.796,14.48],[80.033,14.231],[80.097,14.489],[80.101,14.523],[80.048,14.718],[79.852,14.693],[79.678,14.704]],[[79.878,14.547],[79.839,14.607],[79.908,14.609],[79.878,14.547]]]},"properties":{"DOMSOI":"Je"}},
{"type":"Feature","geometry":{"type":"Polygon","coordinates":[[[74.379,14.562],[74.281,14.665],[74.341,14.522],[74.379,14.562]]]},"properties":{"DOMSOI":"Rd"}},
{"type":"Feature","geometry":{"type":"Polygon","coordinates":[[[79.878,14.547],[79.908,14.609],[79.839,14.607],[79.878,14.547]]]},"properties":{"DOMSOI":"WR"}},
{"type":"Feature","geometry":{"type":"Polygon","coordinates":[[[80.097,14.489],[80.033,14.231],[80.025,14.062],[80.106,13.887],[80.223,13.809],[80.182,13.649],[80.315,13.467],[80.246,13.642],[80.263,13.783],[80.126,14.094],[80.189,14.351],[80.198,14.547],[80.097,14.489]]]},"properties":{"DOMSOI":"Rd"}},
{"type":"Feature","geometry":{"type":"Polygon","coordinates":[[[77.6,14.546],[77.551,14.458],[77.465,14.449],[77.51,14.351],[77.558,14.092],[77.671,14.006],[77.779,14.038],[77.849,13.998],[77.907,13.732],[77.969,13.727],[78.018,13.865],[78.095,13.907],[78.216,13.837],[78.371,13.383],[78.49,13.368],[78.601,13.436],[78.701,13.346],[78.796,13.36],[78.995,13.804],[78.941,13.833],[78.8,13.657],[78.717,13.618],[78.62,13.69],[78.628,13.776],[78.719,13.92],[78.631,14.108],[78.532,14.012],[78.566,13.891],[78.487,13.863],[78.41,13.927],[78.353,14.125],[78.259,14.216],[78.19,14.196],[78.192,14.03],[78.096,14.037],[77.907,14.361],[77.724,14.416],[77.6,14.546]]]},"properties":{"DOMSOI":"Lc"}},
{"type":"Feature","geometry":{"type":"Polygon","coordinates":[[[74.499,14.249],[74.426,14.467],[74.41,14.278],[74.499,14.249]]]},"properties":{"DOMSOI":"Rd"}},
{"type":"Feature","geometry":{"type":"Polygon","coordinates":[[[76.299,13.85],[76.516,14.105],[76.414,14.453],[76.338,14.395],[76.366,14.208],[76.249,14.026],[76.299,13.85]]]},"properties":{"DOMSOI":"I"}},
{"type":"Feature","geometry":{"type":"Polygon","coordinates":[[[79.092,14.454],[78.986,14.474],[78.986,14.398],[79.112,14.348],[79.092,14.454]]]},"properties":{"DOMSOI":"Vc"}},
{"type":"Feature","geometry":{"type":"Polygon","coordinates":[[[79.411,13.867],[79.44,13.922],[79.382,14.163],[79.29,14.359],[79.227,14.375],[79.12,14.29],[79.092,14.183],[79.269,13.952],[79.411,13.867]]]},"properties":{"DOMSOI":"Vc"}},
{"type":"Feature","geometry":{"type":"Polygon","coordinates":[[[80.106,13.887],[80.025,14.062],[79.84,14.294],[79.779,14.19],[79.885,13.965],[79.96,13.857],[80.061,13.809],[80.106,13.887]]]},"properties":{"DOMSOI":"Ap"}},
{"type":"Feature","geometry":{"type":"Polygon","coordinates":[[[74.606,13.956],[74.505,14.228],[74.458,14.197],[74.486,14.046],[74.616,13.86],[74.673,13.73],[74.606,13.956]]]},"properties":{"DOMSOI":"Rd"}},
{"type":"Feature","geometry":{"type":"Polygon","coordinates":[[[74.606,13.956],[74.673,13.73],[74.693,13.635],[74.714,13.465],[74.729,13.387],[74.802,13.108],[74.897,12.859],[74.9,12.851],[75.053,12.466],[75.139,12.292],[75.359,11.972],[75.367,11.96],[75.576,11.676],[75.795,11.331],[75.958,11.169],[76.038,10.998],[76.021,10.755],[76.038,10.677],[76.109,10.525],[76.177,10.535],[76.258,10.452],[76.154,10.408],[76.191,10.259],[76.21,10.135],[76.324,10.049],[76.414,9.889],[76.484,9.685],[76.526,9.383],[76.532,9.29],[76.725,8.872],[76.903,8.604],[77.157,8.372],[77.313,8.266],[77.434,8.218],[77.612,8.271],[77.529,8.422],[77.493,8.387],[77.458,8.386],[77.168,8.544],[76.957,8.85],[76.937,9.034],[76.741,9.355],[76.741,9.485],[76.843,9.531],[76.669,9.796],[76.671,9.923],[76.797,9.902],[76.756,10.044],[76.475,10.274],[76.304,10.54],[76.216,10.713],[76.219,10.828],[76.28,10.873],[76.442,10.799],[76.578,10.857],[76.618,10.957],[76.543,10.979],[76.354,11.124],[76.373,11.325],[76.273,11.386],[76.191,11.255],[76.094,11.289],[76.018,11.428],[75.901,11.425],[75.818,11.518],[75.79,11.668],[75.624,11.874],[75.568,12.058],[75.444,12.204],[75.249,12.371],[75.219,12.5],[75.36,12.669],[75.424,12.7],[75.597,12.68],[75.541,12.817],[75.403,13.008],[75.2,13.121],[75.105,13.267],[74.993,13.534],[74.855,13.731],[74.606,13.956]]]},"properties":{"DOMSOI":"Nd"}},
{"type":"Feature","geometry":{"type":"Polygon","coordinates":[[[80.106,13.887],[80.061,13.809],[80.066,13.607],[80.131,13.488],[80.285,13.408],[80.347,13.372],[80.315,13.467],[80.182,13.649],[80.223,13.809],[80.106,13.887]]]},"properties":{"DOMSOI":"WR"}},
{"type":"Feature","geometry":{"type":"Polygon","coordinates":[[[76.586,13.648],[76.629,13.743],[76.537,13.741],[76.586,13.648]]]},"properties":{"DOMSOI":"I"}},
{"type":"Feature","geometry":{"type":"Polygon","coordinates":[[[79.43,13.708],[79.397,13.77],[79.252,13.797],[79.376,13.663],[79.43,13.708]]]},"properties":{"DOMSOI":"Bv"}},
{"type":"Feature","geometry":{"type":"Polygon","coordinates":[[[77.153,13.625],[77.25,13.678],[77.275,13.806],[77.129,13.654],[77.153,13.625]]]},"properties":{"DOMSOI":"I"}},
{"type":"Feature","geometry":{"type":"Polygon","coordinates":[[[79.723,13.736],[79.618,13.764],[79.529,13.742],[79.43,13.708],[79.376,13.663],[79.395,13.598],[79.545,13.558],[79.692,13.628],[79.723,13.736]]]},"properties":{"DOMSOI":"Vc"}},
{"type":"Feature","geometry":{"type":"Polygon","coordinates":[[[79.951,13.531],[79.893,13.69],[79.823,13.673],[79.778,13.301],[79.876,13.302],[79.951,13.531]]]},"properties":{"DOMSOI":"I"}},
{"type":"Feature","geometry":{"type":"Polygon","coordinates":[[[76.69,13.398],[76.729,13.423],[76.751,13.623],[76.669,13.6],[76.69,13.398]]]},"properties":{"DOMSOI":"I"}},
{"type":"Feature","geometry":{"type":"Polygon","coordinates":[[[74.714,13.465],[74.693,13.635],[74.676,13.472],[74.714,13.465]]]},"properties":{"DOMSOI":"Rd"}},
{"type":"Feature","geometry":{"type":"Polygon","coordinates":[[[75.866,13.423],[75.94,13.632],[75.807,13.581],[75.704,13.493],[75.593,13.481],[75.603,13.31],[75.663,13.247],[75.866,13.423]]]},"properties":{"DOMSOI":"Ne"}},
{"type":"Feature","geometry":{"type":"Polygon","coordinates":[[[80.066,13.607],[79.951,13.531],[79.876,13.302],[79.867,13.166],[79.891,12.778],[79.842,12.468],[79.741,12.273],[79.498,12.054],[79.197,12.024],[79.197,11.937],[79.347,11.86],[79.378,11.726],[79.606,11.712],[79.625,11.615],[79.48,11.527],[79.509,11.422],[79.592,11.502],[79.68,11.486],[79.7,11.819],[79.778,12.035],[79.983,12.348],[80.062,12.502],[80.071,12.521],[80.14,12.743],[80.285,13.408],[80.131,13.488],[80.066,13.607]]]},"properties":{"DOMSOI":"Lo"}},
{"type":"Feature","geometry":{"type":"Polygon","coordinates":[[[77.283,12.915],[77.529,12.951],[77.617,12.852],[77.759,12.883],[77.907,12.987],[77.966,13.095],[77.937,13.269],[78.056,13.412],[78.053,13.467],[77.907,13.511],[77.809,13.493],[77.692,13.569],[77.666,13.463],[77.456,13.404],[77.285,13.282],[77.321,12.97],[77.283,12.915]]]},"properties":{"DOMSOI":"Ne"}},
{"type":"Feature","geometry":{"type":"Polygon","coordinates":[[[92.879,12.873],[92.936,13.063],[93.038,13.037],[93.055,13.175],[92.992,13.301],[93.077,13.362],[92.982,13.51],[92.908,13.444],[92.83,13.044],[92.879,12.873]]]},"properties":{"DOMSOI":"Bf"}},
{"type":"Feature","geometry":{"type":"Polygon","coordinates":[[[79.662,13.389],[79.603,13.375],[79.49,13.468],[79.194,13.433],[79.062,13.485],[79.052,13.329],[79.189,13.124],[79.329,12.995],[79.4,13.014],[79.662,13.389]]]},"properties":{"DOMSOI":"Vc"}},
{"type":"Feature","geometry":{"type":"Polygon","coordinates":[[[74.897,12.859],[74.802,13.108],[74.729,13.387],[74.717,13.303],[74.818,12.857],[74.897,12.859]]]},"properties":{"DOMSOI":"Rd"}},
{"type":"Feature","geometry":{"type":"Polygon","coordinates":[[[75.866,13.423],[75.663,13.247],[75.555,13.222],[75.751,12.99],[75.861,12.826],[75.934,12.563],[75.915,12.425],[75.738,12.265],[75.807,12.228],[75.959,12.249],[76.084,12.383],[76.077,12.509],[76.02,12.603],[76.025,12.698],[76.11,12.877],[76.23,12.953],[76.32,13.061],[76.337,13.176],[76.26,13.278],[76.052,13.259],[75.964,13.405],[75.866,13.423]]]},"properties":{"DOMSOI":"Ne"}},
{"type":"Feature","geometry":{"type":"Polygon","coordinates":[[[77.285,13.282],[77.175,13.383],[77.218,12.961],[77.283,12.915],[77.321,12.97],[77.285,13.282]]]},"properties":{"DOMSOI":"I"}},
{"type":"Feature","geometry":{"type":"Polygon","coordinates":[[[80.347,13.372],[80.285,13.408],[80.14,12.743],[80.071,12.521],[80.166,12.483],[80.262,12.756],[80.283,13.009],[80.358,13.327],[80.347,13.372]]]},"properties":{"DOMSOI":"Rd"}},
{"type":"Feature","geometry":{"type":"Polygon","coordinates":[[[75.738,12.265],[75.915,12.425],[75.934,12.563],[75.861,12.826],[75.751,12.99],[75.555,13.222],[75.372,13.338],[75.241,13.328],[75.213,13.238],[75.484,13.138],[75.596,13.055],[75.68,12.933],[75.717,12.762],[75.677,12.555],[75.603,12.485],[75.466,12.459],[75.541,12.317],[75.635,12.223],[75.738,12.265]]]},"properties":{"DOMSOI":"Ne"}},
{"type":"Feature","geometry":{"type":"Polygon","coordinates":[[[78.821,12.66],[78.806,12.584],[78.665,12.497],[78.629,12.41],[78.646,12.287],[78.752,12.294],[79.138,12.513],[79.377,12.793],[79.265,12.871],[79.226,12.959],[78.94,12.946],[78.743,13.045],[78.625,13.027],[78.57,12.882],[78.49,12.779],[78.536,12.708],[78.674,12.833],[78.72,12.71],[78.821,12.66]],[[78.821,12.66],[78.787,12.777],[78.859,12.861],[78.953,12.855],[78.918,12.715],[78.821,12.66]]]},"properties":{"DOMSOI":"I"}},
{"type":"Feature","geometry":{"type":"Polygon","coordinates":[[[92.696,12.77],[92.752,12.878],[92.732,12.971],[92.677,12.829],[92.696,12.77]]]},"properties":{"DOMSOI":"Vc"}},
{"type":"Feature","geometry":{"type":"Polygon","coordinates":[[[77.283,12.915],[77.218,12.961],[77.2,12.852],[77.259,12.425],[77.303,12.358],[77.366,12.423],[77.571,12.422],[77.656,12.492],[77.617,12.852],[77.529,12.951],[77.283,12.915]]]},"properties":{"DOMSOI":"Lc"}},
{"type":"Feature","geometry":{"type":"Polygon","coordinates":[[[76.618,12.691],[76.733,12.84],[76.705,12.91],[76.602,12.94],[76.543,12.889],[76.568,12.739],[76.618,12.691]]]},"properties":{"DOMSOI":"Ne"}},
{"type":"Feature","geometry":{"type":"Polygon","coordinates":[[[92.816,12.695],[92.814,12.577],[92.763,12.619],[92.735,12.561],[92.712,12.303],[92.88,12.338],[92.838,12.383],[92.881,12.462],[92.948,12.412],[92.997,12.469],[92.978,12.756],[92.953,12.855],[92.848,12.881],[92.751,12.807],[92.761,12.693],[92.78,12.718],[92.816,12.695]],[[92.798,12.396],[92.74,12.467],[92.802,12.542],[92.817,12.436],[92.798,12.396]]]},"properties":{"DOMSOI":"Bf"}},
{"type":"Feature","geometry":{"type":"Polygon","coordinates":[[[78.821,12.66],[78.918,12.715],[78.953,12.855],[78.859,12.861],[78.787,12.777],[78.821,12.66]]]},"properties":{"DOMSOI":"Vc"}},
{"type":"Feature","geometry":{"type":"Polygon","coordinates":[[[75.359,11.972],[75.139,12.292],[75.053,12.466],[74.9,12.851],[74.838,12.782],[75.201,12.021],[75.359,11.972]]]},"properties":{"DOMSOI":"Rd"}},
{"type":"Feature","geometry":{"type":"Polygon","coordinates":[[[92.816,12.695],[92.78,12.718],[92.761,12.693],[92.816,12.695]]]},"properties":{"DOMSOI":"Gd"}},
{"type":"Feature","geometry":{"type":"Polygon","coordinates":[[[92.763,12.619],[92.814,12.577],[92.804,12.623],[92.763,12.619]]]},"properties":{"DOMSOI":"Gd"}},
{"type":"Feature","geometry":{"type":"Polygon","coordinates":[[[78.002,12.427],[78.082,12.457],[78.081,12.603],[77.999,12.609],[77.957,12.482],[78.002,12.427]]]},"properties":{"DOMSOI":"Vc"}},
{"type":"Feature","geometry":{"type":"Polygon","coordinates":[[[76.502,12.422],[76.524,12.483],[76.459,12.494],[76.447,12.447],[76.502,12.422]]]},"properties":{"DOMSOI":"WR"}},
{"type":"Feature","geometry":{"type":"Polygon","coordinates":[[[92.798,12.396],[92.817,12.436],[92.802,12.542],[92.74,12.467],[92.798,12.396]]]},"properties":{"DOMSOI":"Fr"}},
{"type":"Feature","geometry":{"type":"Polygon","coordinates":[[[78.254,12.305],[78.312,12.429],[78.225,12.504],[78.222,12.357],[78.254,12.305]]]},"properties":{"DOMSOI":"Vc"}},
{"type":"Feature","geometry":{"type":"Polygon","coordinates":[[[80.062,12.502],[79.983,12.348],[79.778,12.035],[79.7,11.819],[79.68,11.486],[79.755,11.491],[79.743,11.592],[79.844,11.981],[80.133,12.43],[80.062,12.502]]]},"properties":{"DOMSOI":"Rd"}},
{"type":"Feature","geometry":{"type":"Polygon","coordinates":[[[78.002,12.427],[77.957,12.482],[77.733,12.419],[77.656,12.492],[77.571,12.422],[77.366,12.423],[77.303,12.358],[77.383,12.178],[77.497,12.212],[77.581,12.155],[77.685,12.131],[77.654,11.993],[77.749,11.965],[77.834,12.158],[77.981,12.297],[78.002,12.427]]]},"properties":{"DOMSOI":"I"}},
{"type":"Feature","geometry":{"type":"Polygon","coordinates":[[[92.948,12.412],[92.881,12.462],[92.838,12.383],[92.88,12.338],[92.948,12.412]]]},"properties":{"DOMSOI":"Gd"}},
{"type":"Feature","geometry":{"type":"Polygon","coordinates":[[[78.121,12.176],[78.168,12.318],[78.08,12.368],[78.121,12.176]]]},"properties":{"DOMSOI":"Vc"}},
{"type":"Feature","geometry":{"type":"Polygon","coordinates":[[[92.797,12.051],[92.901,12.17],[92.817,12.279],[92.76,12.087],[92.797,12.051]]]},"properties":{"DOMSOI":"Bf"}},
{"type":"Feature","geometry":{"type":"Polygon","coordinates":[[[92.721,12.165],[92.679,12.191],[92.643,12.055],[92.721,12.165]]]},"properties":{"DOMSOI":"Qa"}},
{"type":"Feature","geometry":{"type":"Polygon","coordinates":[[[77.581,12.155],[77.504,12.036],[77.461,11.781],[77.405,11.686],[77.286,11.626],[77.332,11.534],[77.433,11.553],[77.581,11.692],[77.638,11.953],[77.654,11.993],[77.685,12.131],[77.581,12.155]]]},"properties":{"DOMSOI":"I"}},
{"type":"Feature","geometry":{"type":"Polygon","coordinates":[[[92.721,12.165],[92.643,12.055],[92.635,11.87],[92.553,11.901],[92.568,11.72],[92.683,11.508],[92.774,11.588],[92.767,11.691],[92.749,11.859],[92.762,12.038],[92.721,12.165]]]},"properties":{"DOMSOI":"Bf"}},
{"type":"Feature","geometry":{"type":"Polygon","coordinates":[[[78.678,12.1],[78.571,12.113],[78.395,11.966],[78.216,11.964],[78.148,11.871],[78.273,11.763],[78.37,11.784],[78.656,11.722],[78.688,11.782],[78.556,11.846],[78.561,11.927],[78.678,12.1]]]},"properties":{"DOMSOI":"I"}},
{"type":"Feature","geometry":{"type":"Polygon","coordinates":[[[77.27,11.995],[77.158,12.069],[77.074,11.784],[77.044,11.646],[77.116,11.575],[77.232,11.658],[77.306,11.813],[77.27,11.995]]]},"properties":{"DOMSOI":"I"}},
{"type":"Feature","geometry":{"type":"Polygon","coordinates":[[[78.678,12.1],[78.561,11.927],[78.556,11.846],[78.688,11.782],[78.656,11.722],[78.726,11.709],[78.835,11.782],[78.906,12.026],[78.848,12.08],[78.678,12.1]]]},"properties":{"DOMSOI":"I"}},
{"type":"Feature","geometry":{"type":"Polygon","coordinates":[[[77.504,12.036],[77.349,12.055],[77.27,11.995],[77.306,11.813],[77.232,11.658],[77.286,11.626],[77.405,11.686],[77.461,11.781],[77.504,12.036]]]},"properties":{"DOMSOI":"I"}},
{"type":"Feature","geometry":{"type":"Polygon","coordinates":[[[93.054,11.867],[93.062,11.944],[93.037,12.006],[92.982,12.03],[92.954,11.99],[93.032,11.947],[93.054,11.867]]]},"properties":{"DOMSOI":"Bf"}},
{"type":"Feature","geometry":{"type":"Polygon","coordinates":[[[76.423,11.845],[76.366,11.94],[76.216,11.918],[76.062,12],[75.91,11.949],[75.931,11.812],[76.051,11.658],[76.415,11.493],[76.49,11.389],[76.511,11.533],[76.645,11.578],[76.899,11.59],[76.963,11.503],[77.04,11.429],[77.116,11.575],[77.044,11.646],[77.074,11.784],[76.944,11.743],[76.698,11.746],[76.554,11.863],[76.46,11.762],[76.398,11.768],[76.296,11.682],[76.258,11.808],[76.362,11.876],[76.423,11.845]]]},"properties":{"DOMSOI":"Ne"}},
{"type":"Feature","geometry":{"type":"Polygon","coordinates":[[[77.749,11.965],[77.654,11.993],[77.638,11.953],[77.796,11.828],[77.833,11.898],[77.749,11.965]]]},"properties":{"DOMSOI":"WR"}},
{"type":"Feature","geometry":{"type":"Polygon","coordinates":[[[75.795,11.331],[75.576,11.676],[75.367,11.96],[75.409,11.819],[75.553,11.628],[75.61,11.453],[75.661,11.448],[75.737,11.253],[75.795,11.331]]]},"properties":{"DOMSOI":"Rd"}},
{"type":"Feature","geometry":{"type":"Polygon","coordinates":[[[77.796,11.828],[77.638,11.953],[77.581,11.692],[77.659,11.748],[77.749,11.673],[77.805,11.752],[77.796,11.828]]]},"properties":{"DOMSOI":"I"}},
{"type":"Feature","geometry":{"type":"Polygon","coordinates":[[[92.749,11.859],[92.767,11.691],[92.809,11.85],[92.749,11.859]]]},"properties":{"DOMSOI":"Rd"}},
{"type":"Feature","geometry":{"type":"Polygon","coordinates":[[[76.398,11.768],[76.423,11.845],[76.362,11.876],[76.258,11.808],[76.296,11.682],[76.398,11.768]]]},"properties":{"DOMSOI":"I"}},
{"type":"Feature","geometry":{"type":"Polygon","coordinates":[[[77.805,11.752],[77.749,11.673],[77.659,11.748],[77.581,11.692],[77.433,11.553],[77.332,11.534],[77.286,11.626],[77.232,11.658],[77.116,11.575],[77.04,11.429],[76.835,11.24],[76.889,11.17],[76.927,11.144],[76.926,10.873],[76.955,10.703],[77.065,10.715],[77.04,10.827],[77.054,11],[77.198,10.997],[77.237,10.774],[77.3,10.718],[77.296,10.62],[77.658,10.585],[77.668,10.49],[77.784,10.473],[77.81,10.397],[77.737,10.285],[77.571,10.227],[77.396,10.105],[77.241,10.044],[77.257,9.997],[77.188,9.728],[77.276,9.658],[77.422,9.793],[77.438,9.869],[77.602,9.96],[77.668,10.078],[77.827,10.143],[77.904,10.074],[77.955,9.913],[78.135,9.635],[78.092,9.407],[78.218,9.423],[78.352,9.569],[78.4,9.841],[78.583,9.758],[78.645,9.826],[78.763,10.055],[78.789,10.198],[78.733,10.247],[78.8,10.443],[78.775,10.58],[78.683,10.777],[78.611,10.857],[78.367,10.922],[78.174,10.936],[78.118,11.046],[78.044,11.233],[77.872,11.434],[77.819,11.568],[77.805,11.752]],[[77.061,11.172],[77.037,11.295],[77.19,11.381],[77.228,11.309],[77.061,11.172]],[[78.4,10.355],[78.343,10.227],[78.246,10.162],[77.946,10.206],[77.989,10.335],[78.144,10.34],[78.177,10.539],[78.095,10.631],[78.192,10.699],[78.287,10.631],[78.4,10.703],[78.478,10.599],[78.54,10.44],[78.502,10.361],[78.4,10.355]]]},"properties":{"DOMSOI":"Lc"}},
{"type":"Feature","geometry":{"type":"Polygon","coordinates":[[[79.48,11.527],[79.625,11.615],[79.606,11.712],[79.378,11.726],[79.334,11.619],[79.43,11.525],[79.48,11.527]]]},"properties":{"DOMSOI":"Ap"}},
{"type":"Feature","geometry":{"type":"Polygon","coordinates":[[[75.932,11.527],[75.931,11.674],[75.854,11.673],[75.932,11.527]]]},"properties":{"DOMSOI":"Ah"}},
{"type":"Feature","geometry":{"type":"Polygon","coordinates":[[[78.343,11.231],[78.432,11.351],[78.373,11.511],[78.258,11.648],[78.165,11.674],[78.109,11.526],[78.226,11.516],[78.343,11.231]]]},"properties":{"DOMSOI":"I"}},
{"type":"Feature","geometry":{"type":"Polygon","coordinates":[[[76.963,11.503],[76.899,11.59],[76.645,11.578],[76.511,11.533],[76.49,11.389],[76.525,11.305],[76.455,11.233],[76.502,11.107],[76.525,11.185],[76.814,11.37],[76.963,11.503]]]},"properties":{"DOMSOI":"Ah"}},
{"type":"Feature","geometry":{"type":"Polygon","coordinates":[[[92.774,11.588],[92.683,11.508],[92.753,11.499],[92.774,11.588]]]},"properties":{"DOMSOI":"Qa"}},
{"type":"Feature","geometry":{"type":"Polygon","coordinates":[[[76.128,11.39],[76.126,11.519],[76.049,11.531],[76.085,11.412],[76.128,11.39]]]},"properties":{"DOMSOI":"Ah"}},
{"type":"Feature","geometry":{"type":"Polygon","coordinates":[[[79.48,11.527],[79.43,11.525],[79.372,11.465],[79.352,11.338],[79.34,11.229],[79.209,11.132],[78.962,11.211],[78.829,11.197],[78.725,11.185],[78.583,11.171],[78.425,11.105],[78.384,11.05],[78.663,10.974],[78.874,10.968],[79.067,10.988],[79.268,11.061],[79.404,11.16],[79.509,11.422],[79.48,11.527]]]},"properties":{"DOMSOI":"Vp"}},
{"type":"Feature","geometry":{"type":"Polygon","coordinates":[[[78.829,11.197],[78.793,11.359],[78.624,11.518],[78.495,11.418],[78.538,11.3],[78.725,11.185],[78.829,11.197]]]},"properties":{"DOMSOI":"I"}},
{"type":"Feature","geometry":{"type":"Polygon","coordinates":[[[79.755,11.491],[79.68,11.486],[79.592,11.502],[79.509,11.422],[79.404,11.16],[79.268,11.061],[79.067,10.988],[78.874,10.968],[78.663,10.974],[78.384,11.05],[78.196,11.092],[78.118,11.046],[78.174,10.936],[78.367,10.922],[78.611,10.857],[78.788,10.798],[79.055,10.828],[79.172,10.789],[79.278,10.582],[79.283,10.406],[79.399,10.448],[79.601,10.431],[79.753,10.449],[79.764,10.741],[79.839,10.781],[79.84,11.213],[79.8,11.429],[79.755,11.491]]]},"properties":{"DOMSOI":"Je"}},
{"type":"Feature","geometry":{"type":"Polygon","coordinates":[[[77.04,11.429],[76.963,11.503],[76.814,11.37],[76.525,11.185],[76.502,11.107],[76.654,11.116],[76.835,11.24],[77.04,11.429]]]},"properties":{"DOMSOI":"I"}},
{"type":"Feature","geometry":{"type":"Polygon","coordinates":[[[92.638,11.324],[92.723,11.349],[92.683,11.475],[92.64,11.475],[92.638,11.324]]]},"properties":{"DOMSOI":"Bf"}},
{"type":"Feature","geometry":{"type":"Polygon","coordinates":[[[77.061,11.172],[77.228,11.309],[77.19,11.381],[77.037,11.295],[77.061,11.172]]]},"properties":{"DOMSOI":"Vp"}},
{"type":"Feature","geometry":{"type":"Polygon","coordinates":[[[79.209,11.132],[79.34,11.229],[79.352,11.338],[79.272,11.357],[79.159,11.219],[79.209,11.132]]]},"properties":{"DOMSOI":"Ap"}},
{"type":"Feature","geometry":{"type":"Polygon","coordinates":[[[75.795,11.331],[75.737,11.253],[75.823,11.059],[75.878,10.818],[75.935,10.811],[76.021,10.755],[76.038,10.998],[75.958,11.169],[75.795,11.331]]]},"properties":{"DOMSOI":"Rd"}},
{"type":"Feature","geometry":{"type":"Polygon","coordinates":[[[76.927,11.144],[76.889,11.17],[76.618,10.957],[76.578,10.857],[76.826,10.841],[76.766,11.025],[76.927,11.144]]]},"properties":{"DOMSOI":"Nd"}},
{"type":"Feature","geometry":{"type":"Polygon","coordinates":[[[76.927,11.144],[76.766,11.025],[76.826,10.841],[76.578,10.857],[76.442,10.799],[76.444,10.561],[76.565,10.53],[76.665,10.596],[76.813,10.601],[76.85,10.509],[77.056,10.533],[77.175,10.481],[77.245,10.385],[77.345,10.475],[77.559,10.45],[77.668,10.49],[77.658,10.585],[77.296,10.62],[77.177,10.616],[77.065,10.715],[76.955,10.703],[76.926,10.873],[76.927,11.144]]]},"properties":{"DOMSOI":"Nd"}},
{"type":"Feature","geometry":{"type":"Polygon","coordinates":[[[77.296,10.62],[77.3,10.718],[77.237,10.774],[77.198,10.997],[77.054,11],[77.04,10.827],[77.065,10.715],[77.177,10.616],[77.296,10.62]]]},"properties":{"DOMSOI":"Vp"}},
{"type":"Feature","geometry":{"type":"Polygon","coordinates":[[[92.468,10.521],[92.541,10.494],[92.647,10.672],[92.596,10.851],[92.55,10.884],[92.404,10.777],[92.395,10.658],[92.448,10.609],[92.468,10.521]]]},"properties":{"DOMSOI":"Bf"}},
{"type":"Feature","geometry":{"type":"Polygon","coordinates":[[[76.85,10.509],[76.813,10.601],[76.665,10.596],[76.565,10.53],[76.444,10.561],[76.442,10.799],[76.28,10.873],[76.219,10.828],[76.216,10.713],[76.304,10.54],[76.475,10.274],[76.756,10.044],[76.797,9.902],[76.671,9.923],[76.669,9.796],[76.843,9.531],[76.741,9.485],[76.741,9.355],[76.937,9.034],[76.957,8.85],[77.168,8.544],[77.458,8.386],[77.493,8.387],[77.44,8.501],[77.373,8.502],[77.203,8.681],[77.168,8.866],[77.235,8.906],[77.195,9.108],[77.242,9.23],[77.133,9.248],[77.087,9.464],[76.92,9.678],[76.915,9.799],[77.001,9.86],[77.02,9.711],[77.11,9.773],[77.123,9.889],[77.049,10.066],[76.958,10.074],[76.85,10.509]]]},"properties":{"DOMSOI":"Ap"}},
{"type":"Feature","geometry":{"type":"Polygon","coordinates":[[[78.611,10.857],[78.683,10.777],[78.775,10.58],[78.8,10.443],[78.892,10.613],[78.999,10.573],[78.985,10.427],[78.902,10.258],[78.789,10.198],[78.763,10.055],[78.645,9.826],[78.583,9.758],[78.4,9.841],[78.352,9.569],[78.218,9.423],[78.092,9.407],[78.064,9.324],[78.057,9.1],[77.939,8.804],[77.861,8.818],[77.912,8.68],[78.002,8.64],[78.067,8.925],[78.173,9.081],[78.518,9.273],[78.711,9.342],[78.771,9.422],[78.791,9.602],[78.93,9.835],[79.089,10.044],[79.174,10.259],[79.283,10.406],[79.278,10.582],[79.172,10.789],[79.055,10.828],[78.788,10.798],[78.611,10.857]]]},"properties":{"DOMSOI":"Lo"}},
{"type":"Feature","geometry":{"type":"Polygon","coordinates":[[[76.021,10.755],[75.935,10.811],[75.948,10.659],[76.038,10.677],[76.021,10.755]]]},"properties":{"DOMSOI":"Je"}},
{"type":"Feature","geometry":{"type":"Polygon","coordinates":[[[79.839,10.781],[79.764,10.741],[79.753,10.449],[79.85,10.448],[79.839,10.781]]]},"properties":{"DOMSOI":"Rd"}},
{"type":"Feature","geometry":{"type":"Polygon","coordinates":[[[78.4,10.355],[78.502,10.361],[78.54,10.44],[78.478,10.599],[78.4,10.703],[78.287,10.631],[78.363,10.509],[78.325,10.373],[78.4,10.355]]]},"properties":{"DOMSOI":"Vc"}},
{"type":"Feature","geometry":{"type":"Polygon","coordinates":[[[78.4,10.355],[78.325,10.373],[78.363,10.509],[78.287,10.631],[78.192,10.699],[78.095,10.631],[78.177,10.539],[78.144,10.34],[77.989,10.335],[77.946,10.206],[78.246,10.162],[78.343,10.227],[78.4,10.355]]]},"properties":{"DOMSOI":"I"}},
{"type":"Feature","geometry":{"type":"Polygon","coordinates":[[[76.038,10.677],[75.948,10.659],[76.059,10.47],[76.15,10.191],[76.191,10.259],[76.154,10.408],[76.109,10.525],[76.038,10.677]]]},"properties":{"DOMSOI":"Rd"}},
{"type":"Feature","geometry":{"type":"Polygon","coordinates":[[[92.468,10.521],[92.448,10.609],[92.395,10.658],[92.468,10.521]]]},"properties":{"DOMSOI":"Qa"}},
{"type":"Feature","geometry":{"type":"Polygon","coordinates":[[[78.789,10.198],[78.902,10.258],[78.985,10.427],[78.999,10.573],[78.892,10.613],[78.8,10.443],[78.733,10.247],[78.789,10.198]]]},"properties":{"DOMSOI":"Ap"}},
{"type":"Feature","geometry":{"type":"Polygon","coordinates":[[[76.109,10.525],[76.154,10.408],[76.258,10.452],[76.177,10.535],[76.109,10.525]]]},"properties":{"DOMSOI":"Je"}},
{"type":"Feature","geometry":{"type":"Polygon","coordinates":[[[77.245,10.385],[77.175,10.481],[77.056,10.533],[76.85,10.509],[76.958,10.074],[77.049,10.066],[77.241,10.044],[77.234,10.141],[77.512,10.274],[77.245,10.385]]]},"properties":{"DOMSOI":"Ah"}},
{"type":"Feature","geometry":{"type":"Polygon","coordinates":[[[77.668,10.49],[77.559,10.45],[77.345,10.475],[77.245,10.385],[77.512,10.274],[77.234,10.141],[77.241,10.044],[77.396,10.105],[77.571,10.227],[77.737,10.285],[77.81,10.397],[77.784,10.473],[77.668,10.49]]]},"properties":{"DOMSOI":"I"}},
{"type":"Feature","geometry":{"type":"Polygon","coordinates":[[[79.85,10.448],[79.753,10.449],[79.601,10.431],[79.399,10.448],[79.283,10.406],[79.318,10.279],[79.387,10.318],[79.621,10.344],[79.865,10.285],[79.85,10.448]]]},"properties":{"DOMSOI":"Rd"}},
{"type":"Feature","geometry":{"type":"Polygon","coordinates":[[[79.318,10.279],[79.283,10.406],[79.174,10.259],[79.089,10.044],[78.93,9.835],[78.791,9.602],[78.771,9.422],[78.711,9.342],[78.518,9.273],[78.173,9.081],[78.067,8.925],[78.002,8.64],[77.899,8.506],[77.612,8.271],[77.434,8.218],[77.313,8.266],[77.157,8.372],[76.903,8.604],[76.725,8.872],[76.532,9.29],[76.526,9.383],[76.436,9.308],[76.587,9.013],[76.564,8.901],[76.808,8.573],[77.013,8.372],[77.288,8.145],[77.534,8.085],[77.604,8.173],[77.734,8.202],[77.792,8.268],[78.028,8.387],[78.092,8.487],[78.052,8.657],[78.161,8.761],[78.166,8.935],[78.367,9.097],[78.812,9.247],[79.01,9.276],[78.868,9.466],[78.91,9.653],[79.23,10.033],[79.202,10.13],[79.318,10.279]]]},"properties":{"DOMSOI":"Rd"}},
{"type":"Feature","geometry":{"type":"Polygon","coordinates":[[[77.904,10.074],[77.827,10.143],[77.668,10.078],[77.602,9.96],[77.438,9.869],[77.422,9.793],[77.426,9.637],[77.535,9.596],[77.633,9.604],[77.685,9.725],[77.757,9.767],[77.716,9.91],[77.797,9.925],[77.904,10.074]]]},"properties":{"DOMSOI":"I"}},
{"type":"Feature","geometry":{"type":"Polygon","coordinates":[[[76.402,9.506],[76.436,9.308],[76.526,9.383],[76.484,9.685],[76.414,9.889],[76.324,10.049],[76.21,10.135],[76.288,9.916],[76.36,9.86],[76.398,9.669],[76.402,9.506]]]},"properties":{"DOMSOI":"Je"}},
{"type":"Feature","geometry":{"type":"Polygon","coordinates":[[[77.904,10.074],[77.797,9.925],[77.716,9.91],[77.757,9.767],[77.685,9.725],[77.633,9.604],[77.546,9.436],[77.579,9.238],[77.72,9.089],[77.861,8.818],[77.939,8.804],[78.057,9.1],[78.064,9.324],[78.092,9.407],[78.135,9.635],[77.955,9.913],[77.904,10.074]]]},"properties":{"DOMSOI":"Vc"}},
{"type":"Feature","geometry":{"type":"Polygon","coordinates":[[[77.241,10.044],[77.049,10.066],[77.123,9.889],[77.11,9.773],[77.02,9.711],[77.001,9.86],[76.915,9.799],[76.92,9.678],[77.087,9.464],[77.133,9.248],[77.242,9.23],[77.271,9.313],[77.21,9.432],[77.298,9.554],[77.276,9.658],[77.188,9.728],[77.257,9.997],[77.241,10.044]]]},"properties":{"DOMSOI":"Nd"}},
{"type":"Feature","geometry":{"type":"Polygon","coordinates":[[[76.334,9.556],[76.344,9.767],[76.264,9.769],[76.286,9.536],[76.334,9.556]]]},"properties":{"DOMSOI":"Rd"}},
{"type":"Feature","geometry":{"type":"Polygon","coordinates":[[[77.422,9.793],[77.276,9.658],[77.298,9.554],[77.21,9.432],[77.271,9.313],[77.38,9.437],[77.535,9.596],[77.426,9.637],[77.422,9.793]]]},"properties":{"DOMSOI":"Ah"}},
{"type":"Feature","geometry":{"type":"Polygon","coordinates":[[[77.633,9.604],[77.535,9.596],[77.38,9.437],[77.392,9.375],[77.338,9.169],[77.28,9.1],[77.39,8.753],[77.558,8.613],[77.529,8.422],[77.612,8.271],[77.899,8.506],[78.002,8.64],[77.912,8.68],[77.861,8.818],[77.72,9.089],[77.579,9.238],[77.546,9.436],[77.633,9.604]]]},"properties":{"DOMSOI":"Lc"}},
{"type":"Feature","geometry":{"type":"Polygon","coordinates":[[[76.334,9.556],[76.286,9.536],[76.358,9.311],[76.436,9.308],[76.402,9.506],[76.334,9.556]]]},"properties":{"DOMSOI":"Od"}},
{"type":"Feature","geometry":{"type":"Polygon","coordinates":[[[77.38,9.437],[77.271,9.313],[77.242,9.23],[77.195,9.108],[77.235,8.906],[77.287,8.755],[77.43,8.569],[77.44,8.501],[77.493,8.387],[77.529,8.422],[77.558,8.613],[77.39,8.753],[77.28,9.1],[77.338,9.169],[77.392,9.375],[77.38,9.437]]]},"properties":{"DOMSOI":"I"}},
{"type":"Feature","geometry":{"type":"Polygon","coordinates":[[[79.384,9.171],[79.323,9.262],[79.294,9.236],[79.384,9.171]]]},"properties":{"DOMSOI":"Rd"}},
{"type":"Feature","geometry":{"type":"Polygon","coordinates":[[[76.436,9.308],[76.358,9.311],[76.413,9.173],[76.469,9.172],[76.488,8.965],[76.587,9.013],[76.436,9.308]]]},"properties":{"DOMSOI":"Rd"}},
{"type":"Feature","geometry":{"type":"Polygon","coordinates":[[[92.76,9.105],[92.854,9.166],[92.797,9.233],[92.736,9.183],[92.76,9.105]]]},"properties":{"DOMSOI":"Bf"}},
{"type":"Feature","geometry":{"type":"Polygon","coordinates":[[[77.44,8.501],[77.43,8.569],[77.287,8.755],[77.235,8.906],[77.168,8.866],[77.203,8.681],[77.373,8.502],[77.44,8.501]]]},"properties":{"DOMSOI":"Nd"}},
{"type":"Feature","geometry":{"type":"Polygon","coordinates":[[[93.206,8.182],[93.203,8.213],[93.137,8.257],[93.158,8.322],[93.097,8.312],[93.09,8.249],[93.14,8.202],[93.206,8.182]]]},"properties":{"DOMSOI":"Vc"}},
{"type":"Feature","geometry":{"type":"Polygon","coordinates":[[[93.496,7.988],[93.559,8.057],[93.509,8.122],[93.546,8.164],[93.499,8.194],[93.46,8.147],[93.487,8.067],[93.526,8.048],[93.496,7.988]]]},"properties":{"DOMSOI":"Bf"}},
{"type":"Feature","geometry":{"type":"Polygon","coordinates":[[[93.476,7.861],[93.387,8.011],[93.332,7.903],[93.476,7.861]]]},"properties":{"DOMSOI":"Bf"}},
{"type":"Feature","geometry":{"type":"Polygon","coordinates":[[[93.657,7.237],[93.736,7.301],[93.723,7.393],[93.636,7.341],[93.657,7.237]]]},"properties":{"DOMSOI":"Bf"}},
{"type":"Feature","geometry":{"type":"Polygon","coordinates":[[[93.839,6.74],[93.91,6.795],[93.949,6.948],[93.858,7.227],[93.659,7.12],[93.663,7.006],[93.831,6.8],[93.839,6.74]],[[93.822,6.958],[93.772,7.095],[93.836,7.148],[93.87,6.981],[93.822,6.958]]]},"properties":{"DOMSOI":"Bf"}},
{"type":"Feature","geometry":{"type":"Polygon","coordinates":[[[93.822,6.958],[93.87,6.981],[93.836,7.148],[93.772,7.095],[93.822,6.958]]]},"properties":{"DOMSOI":"Rd"}}
]}